"sku_id","product_name","category","brand","initial_price","current_price","week","units_sold","initial_stock","cumulative_sold","web_visits","competitor_price"
"SKU-0001","TrailBlaze Headlamp","Hiking","TrailBlaze",250.76,250.76,1,23,115,23,260,276
"SKU-0001","TrailBlaze Headlamp","Hiking","TrailBlaze",250.76,250.76,2,30,115,53,441,284.61
"SKU-0001","TrailBlaze Headlamp","Hiking","TrailBlaze",250.76,250.76,3,24,115,77,286,284.6
"SKU-0001","TrailBlaze Headlamp","Hiking","TrailBlaze",250.76,250.76,4,31,115,108,354,295.09
"SKU-0001","TrailBlaze Headlamp","Hiking","TrailBlaze",250.76,250.76,5,7,115,115,362,267.45
"SKU-0001","TrailBlaze Headlamp","Hiking","TrailBlaze",250.76,250.76,6,0,115,115,279,289.12
"SKU-0001","TrailBlaze Headlamp","Hiking","TrailBlaze",250.76,250.76,7,0,115,115,397,292.98
"SKU-0001","TrailBlaze Headlamp","Hiking","TrailBlaze",250.76,250.76,8,0,115,115,280,293.61
"SKU-0001","TrailBlaze Headlamp","Hiking","TrailBlaze",250.76,250.76,9,0,115,115,346,302.64
"SKU-0001","TrailBlaze Headlamp","Hiking","TrailBlaze",250.76,250.76,10,0,115,115,400,294.32
"SKU-0001","TrailBlaze Headlamp","Hiking","TrailBlaze",250.76,250.76,11,0,115,115,287,275.04
"SKU-0001","TrailBlaze Headlamp","Hiking","TrailBlaze",250.76,250.76,12,0,115,115,265,297.57
"SKU-0002","TrailBlaze Headlamp II","Hiking","TrailBlaze",178.23,178.23,1,22,99,22,242,154.7
"SKU-0002","TrailBlaze Headlamp II","Hiking","TrailBlaze",178.23,178.23,2,26,99,48,439,164.84
"SKU-0002","TrailBlaze Headlamp II","Hiking","TrailBlaze",178.23,178.23,3,27,99,75,343,154.05
"SKU-0002","TrailBlaze Headlamp II","Hiking","TrailBlaze",178.23,178.23,4,24,99,99,345,160.58
"SKU-0002","TrailBlaze Headlamp II","Hiking","TrailBlaze",178.23,178.23,5,0,99,99,460,157.23
"SKU-0002","TrailBlaze Headlamp II","Hiking","TrailBlaze",178.23,178.23,6,0,99,99,472,154.14
"SKU-0002","TrailBlaze Headlamp II","Hiking","TrailBlaze",178.23,178.23,7,0,99,99,399,158.21
"SKU-0002","TrailBlaze Headlamp II","Hiking","TrailBlaze",178.23,178.23,8,0,99,99,536,164.63
"SKU-0002","TrailBlaze Headlamp II","Hiking","TrailBlaze",178.23,178.23,9,0,99,99,380,165.4
"SKU-0002","TrailBlaze Headlamp II","Hiking","TrailBlaze",178.23,178.23,10,0,99,99,426,157.6
"SKU-0002","TrailBlaze Headlamp II","Hiking","TrailBlaze",178.23,178.23,11,0,99,99,270,147.35
"SKU-0002","TrailBlaze Headlamp II","Hiking","TrailBlaze",178.23,178.23,12,0,99,99,154,154.54
"SKU-0003","TerraFirm Headlamp","Hiking","TerraFirm",202.18,202.18,1,15,112,15,272,172.68
"SKU-0003","TerraFirm Headlamp","Hiking","TerraFirm",202.18,202.18,2,15,112,30,312,176.05
"SKU-0003","TerraFirm Headlamp","Hiking","TerraFirm",202.18,202.18,3,16,112,46,269,177.63
"SKU-0003","TerraFirm Headlamp","Hiking","TerraFirm",202.18,202.18,4,15,112,61,197,182.29
"SKU-0003","TerraFirm Headlamp","Hiking","TerraFirm",202.18,202.18,5,17,112,78,324,178.75
"SKU-0003","TerraFirm Headlamp","Hiking","TerraFirm",202.18,202.18,6,13,112,91,166,176.56
"SKU-0003","TerraFirm Headlamp","Hiking","TerraFirm",202.18,178.32,7,21,112,112,294,194.16
"SKU-0003","TerraFirm Headlamp","Hiking","TerraFirm",202.18,178.32,8,0,112,112,256,173.6
"SKU-0003","TerraFirm Headlamp","Hiking","TerraFirm",202.18,178.32,9,0,112,112,194,168.5
"SKU-0003","TerraFirm Headlamp","Hiking","TerraFirm",202.18,178.32,10,0,112,112,153,179.78
"SKU-0003","TerraFirm Headlamp","Hiking","TerraFirm",202.18,178.32,11,0,112,112,248,170.15
"SKU-0003","TerraFirm Headlamp","Hiking","TerraFirm",202.18,178.32,12,0,112,112,197,170.93
"SKU-0004","TerraFirm Hammock","Camping","TerraFirm",299.28,299.28,1,13,115,13,272,295.11
"SKU-0004","TerraFirm Hammock","Camping","TerraFirm",299.28,299.28,2,11,115,24,161,294.78
"SKU-0004","TerraFirm Hammock","Camping","TerraFirm",299.28,218.55,3,24,115,48,320,278.95
"SKU-0004","TerraFirm Hammock","Camping","TerraFirm",299.28,218.55,4,24,115,72,228,282.95
"SKU-0004","TerraFirm Hammock","Camping","TerraFirm",299.28,218.55,5,21,115,93,182,306.37
"SKU-0004","TerraFirm Hammock","Camping","TerraFirm",299.28,218.55,6,22,115,115,209,287.75
"SKU-0004","TerraFirm Hammock","Camping","TerraFirm",299.28,218.55,7,0,115,115,179,314.5
"SKU-0004","TerraFirm Hammock","Camping","TerraFirm",299.28,218.55,8,0,115,115,268,295.97
"SKU-0004","TerraFirm Hammock","Camping","TerraFirm",299.28,218.55,9,0,115,115,197,311.26
"SKU-0004","TerraFirm Hammock","Camping","TerraFirm",299.28,218.55,10,0,115,115,259,297.05
"SKU-0004","TerraFirm Hammock","Camping","TerraFirm",299.28,218.55,11,0,115,115,220,308.13
"SKU-0004","TerraFirm Hammock","Camping","TerraFirm",299.28,218.55,12,0,115,115,124,288.88
"SKU-0005","AlpineCore Carabiner Set","Accessories","AlpineCore",245.25,245.25,1,4,119,4,133,279.02
"SKU-0005","AlpineCore Carabiner Set","Accessories","AlpineCore",245.25,245.25,2,8,119,12,174,276.55
"SKU-0005","AlpineCore Carabiner Set","Accessories","AlpineCore",245.25,245.25,3,11,119,23,174,268.43
"SKU-0005","AlpineCore Carabiner Set","Accessories","AlpineCore",245.25,164.15,4,14,119,37,151,283.23
"SKU-0005","AlpineCore Carabiner Set","Accessories","AlpineCore",245.25,164.15,5,9,119,46,146,281.59
"SKU-0005","AlpineCore Carabiner Set","Accessories","AlpineCore",245.25,164.15,6,8,119,54,119,276.08
"SKU-0005","AlpineCore Carabiner Set","Accessories","AlpineCore",245.25,164.15,7,8,119,62,82,288.28
"SKU-0005","AlpineCore Carabiner Set","Accessories","AlpineCore",245.25,164.15,8,10,119,72,113,286.37
"SKU-0005","AlpineCore Carabiner Set","Accessories","AlpineCore",245.25,164.15,9,6,119,78,88,280.07
"SKU-0005","AlpineCore Carabiner Set","Accessories","AlpineCore",245.25,164.15,10,7,119,85,138,280.89
"SKU-0005","AlpineCore Carabiner Set","Accessories","AlpineCore",245.25,164.15,11,5,119,90,103,272.73
"SKU-0005","AlpineCore Carabiner Set","Accessories","AlpineCore",245.25,164.15,12,4,119,94,53,282.37
"SKU-0006","PeakGear Camp Chair","Camping","PeakGear",253.46,253.46,1,2,44,2,67,275.06
"SKU-0006","PeakGear Camp Chair","Camping","PeakGear",253.46,253.46,2,6,44,8,81,278.02
"SKU-0006","PeakGear Camp Chair","Camping","PeakGear",253.46,253.46,3,6,44,14,78,286.35
"SKU-0006","PeakGear Camp Chair","Camping","PeakGear",253.46,253.46,4,5,44,19,76,277.09
"SKU-0006","PeakGear Camp Chair","Camping","PeakGear",253.46,161.19,5,9,44,28,133,280.85
"SKU-0006","PeakGear Camp Chair","Camping","PeakGear",253.46,161.19,6,11,44,39,118,289.99
"SKU-0006","PeakGear Camp Chair","Camping","PeakGear",253.46,161.19,7,5,44,44,128,271.15
"SKU-0006","PeakGear Camp Chair","Camping","PeakGear",253.46,161.19,8,0,44,44,116,269.2
"SKU-0006","PeakGear Camp Chair","Camping","PeakGear",253.46,161.19,9,0,44,44,66,280.06
"SKU-0006","PeakGear Camp Chair","Camping","PeakGear",253.46,161.19,10,0,44,44,92,284.51
"SKU-0006","PeakGear Camp Chair","Camping","PeakGear",253.46,161.19,11,0,44,44,64,276.27
"SKU-0006","PeakGear Camp Chair","Camping","PeakGear",253.46,161.19,12,0,44,44,72,271.59
"SKU-0007","SummitPro Mattress Pad","Camping","SummitPro",59.26,59.26,1,4,60,4,118,51.87
"SKU-0007","SummitPro Mattress Pad","Camping","SummitPro",59.26,59.26,2,5,60,9,106,53.67
"SKU-0007","SummitPro Mattress Pad","Camping","SummitPro",59.26,59.26,3,4,60,13,80,51.6
"SKU-0007","SummitPro Mattress Pad","Camping","SummitPro",59.26,59.26,4,4,60,17,114,49.91
"SKU-0007","SummitPro Mattress Pad","Camping","SummitPro",59.26,59.26,5,3,60,20,84,55.51
"SKU-0007","SummitPro Mattress Pad","Camping","SummitPro",59.26,59.26,6,3,60,23,53,53.93
"SKU-0007","SummitPro Mattress Pad","Camping","SummitPro",59.26,59.26,7,5,60,28,61,53.35
"SKU-0007","SummitPro Mattress Pad","Camping","SummitPro",59.26,59.26,8,7,60,35,75,53.92
"SKU-0007","SummitPro Mattress Pad","Camping","SummitPro",59.26,59.26,9,0,60,35,82,49.54
"SKU-0007","SummitPro Mattress Pad","Camping","SummitPro",59.26,59.26,10,6,60,41,103,53.08
"SKU-0007","SummitPro Mattress Pad","Camping","SummitPro",59.26,59.26,11,4,60,45,31,52.56
"SKU-0007","SummitPro Mattress Pad","Camping","SummitPro",59.26,59.26,12,0,60,45,12,54.42
"SKU-0008","SummitPro GPS Watch","Hiking","SummitPro",156.01,156.01,1,1,39,1,54,151.76
"SKU-0008","SummitPro GPS Watch","Hiking","SummitPro",156.01,156.01,2,2,39,3,43,153.6
"SKU-0008","SummitPro GPS Watch","Hiking","SummitPro",156.01,156.01,3,2,39,5,35,154.96
"SKU-0008","SummitPro GPS Watch","Hiking","SummitPro",156.01,156.01,4,5,39,10,87,141.27
"SKU-0008","SummitPro GPS Watch","Hiking","SummitPro",156.01,129.95,5,3,39,13,53,145.4
"SKU-0008","SummitPro GPS Watch","Hiking","SummitPro",156.01,129.95,6,3,39,16,21,155.69
"SKU-0008","SummitPro GPS Watch","Hiking","SummitPro",156.01,129.95,7,5,39,21,85,147.15
"SKU-0008","SummitPro GPS Watch","Hiking","SummitPro",156.01,129.95,8,4,39,25,88,144.93
"SKU-0008","SummitPro GPS Watch","Hiking","SummitPro",156.01,129.95,9,6,39,31,83,143.69
"SKU-0008","SummitPro GPS Watch","Hiking","SummitPro",156.01,129.95,10,0,39,31,44,145.26
"SKU-0008","SummitPro GPS Watch","Hiking","SummitPro",156.01,129.95,11,2,39,33,52,148.53
"SKU-0008","SummitPro GPS Watch","Hiking","SummitPro",156.01,129.95,12,5,39,38,42,138.89
"SKU-0009","OuterBound Camp Towel","Accessories","OuterBound",244.43,244.43,1,2,34,2,48,262.63
"SKU-0009","OuterBound Camp Towel","Accessories","OuterBound",244.43,244.43,2,2,34,4,60,268.64
"SKU-0009","OuterBound Camp Towel","Accessories","OuterBound",244.43,244.43,3,4,34,8,68,277.66
"SKU-0009","OuterBound Camp Towel","Accessories","OuterBound",244.43,244.43,4,1,34,9,44,286.16
"SKU-0009","OuterBound Camp Towel","Accessories","OuterBound",244.43,244.43,5,3,34,12,15,260.47
"SKU-0009","OuterBound Camp Towel","Accessories","OuterBound",244.43,244.43,6,2,34,14,28,280.26
"SKU-0009","OuterBound Camp Towel","Accessories","OuterBound",244.43,244.43,7,1,34,15,52,263.61
"SKU-0009","OuterBound Camp Towel","Accessories","OuterBound",244.43,244.43,8,5,34,20,45,285.99
"SKU-0009","OuterBound Camp Towel","Accessories","OuterBound",244.43,244.43,9,1,34,21,44,277.71
"SKU-0009","OuterBound Camp Towel","Accessories","OuterBound",244.43,244.43,10,2,34,23,55,268.81
"SKU-0009","OuterBound Camp Towel","Accessories","OuterBound",244.43,244.43,11,3,34,26,43,264.56
"SKU-0009","OuterBound Camp Towel","Accessories","OuterBound",244.43,244.43,12,0,34,26,56,275.39
"SKU-0010","BaseCamp Day Pack","Hiking","BaseCamp",148.63,148.63,1,0,37,0,25,134.45
"SKU-0010","BaseCamp Day Pack","Hiking","BaseCamp",148.63,148.63,2,4,37,4,22,138.4
"SKU-0010","BaseCamp Day Pack","Hiking","BaseCamp",148.63,148.63,3,0,37,4,50,135.19
"SKU-0010","BaseCamp Day Pack","Hiking","BaseCamp",148.63,148.63,4,4,37,8,22,128.55
"SKU-0010","BaseCamp Day Pack","Hiking","BaseCamp",148.63,148.63,5,1,37,9,25,133.62
"SKU-0010","BaseCamp Day Pack","Hiking","BaseCamp",148.63,148.63,6,3,37,12,34,132.66
"SKU-0010","BaseCamp Day Pack","Hiking","BaseCamp",148.63,148.63,7,1,37,13,33,136.01
"SKU-0010","BaseCamp Day Pack","Hiking","BaseCamp",148.63,148.63,8,0,37,13,41,131.99
"SKU-0010","BaseCamp Day Pack","Hiking","BaseCamp",148.63,148.63,9,0,37,13,36,132.5
"SKU-0010","BaseCamp Day Pack","Hiking","BaseCamp",148.63,148.63,10,3,37,16,10,134.31
"SKU-0010","BaseCamp Day Pack","Hiking","BaseCamp",148.63,148.63,11,2,37,18,18,127.75
"SKU-0010","BaseCamp Day Pack","Hiking","BaseCamp",148.63,148.63,12,1,37,19,12,135.13
"SKU-0011","SummitPro Hammock","Camping","SummitPro",134.03,134.03,1,4,49,4,67,127.55
"SKU-0011","SummitPro Hammock","Camping","SummitPro",134.03,134.03,2,6,49,10,117,135.61
"SKU-0011","SummitPro Hammock","Camping","SummitPro",134.03,134.03,3,8,49,18,109,132.37
"SKU-0011","SummitPro Hammock","Camping","SummitPro",134.03,134.03,4,8,49,26,118,132.58
"SKU-0011","SummitPro Hammock","Camping","SummitPro",134.03,134.03,5,6,49,32,137,127.81
"SKU-0011","SummitPro Hammock","Camping","SummitPro",134.03,134.03,6,6,49,38,205,133.59
"SKU-0011","SummitPro Hammock","Camping","SummitPro",134.03,134.03,7,8,49,46,141,129.44
"SKU-0011","SummitPro Hammock","Camping","SummitPro",134.03,134.03,8,3,49,49,132,130.17
"SKU-0011","SummitPro Hammock","Camping","SummitPro",134.03,134.03,9,0,49,49,145,125.29
"SKU-0011","SummitPro Hammock","Camping","SummitPro",134.03,134.03,10,0,49,49,142,126.61
"SKU-0011","SummitPro Hammock","Camping","SummitPro",134.03,134.03,11,0,49,49,65,127.15
"SKU-0011","SummitPro Hammock","Camping","SummitPro",134.03,134.03,12,0,49,49,77,134
"SKU-0012","SummitPro Rain Jacket","Apparel","SummitPro",161.87,161.87,1,21,109,21,277,166.27
"SKU-0012","SummitPro Rain Jacket","Apparel","SummitPro",161.87,161.87,2,23,109,44,344,162.98
"SKU-0012","SummitPro Rain Jacket","Apparel","SummitPro",161.87,116.25,3,46,109,90,240,158.71
"SKU-0012","SummitPro Rain Jacket","Apparel","SummitPro",161.87,116.25,4,19,109,109,282,159.15
"SKU-0012","SummitPro Rain Jacket","Apparel","SummitPro",161.87,116.25,5,0,109,109,460,159.28
"SKU-0012","SummitPro Rain Jacket","Apparel","SummitPro",161.87,116.25,6,0,109,109,587,160.72
"SKU-0012","SummitPro Rain Jacket","Apparel","SummitPro",161.87,116.25,7,0,109,109,574,161.13
"SKU-0012","SummitPro Rain Jacket","Apparel","SummitPro",161.87,116.25,8,0,109,109,341,165.17
"SKU-0012","SummitPro Rain Jacket","Apparel","SummitPro",161.87,116.25,9,0,109,109,275,162.67
"SKU-0012","SummitPro Rain Jacket","Apparel","SummitPro",161.87,116.25,10,0,109,109,436,156.54
"SKU-0012","SummitPro Rain Jacket","Apparel","SummitPro",161.87,116.25,11,0,109,109,284,166.69
"SKU-0012","SummitPro Rain Jacket","Apparel","SummitPro",161.87,116.25,12,0,109,109,241,165.77
"SKU-0013","BaseCamp Fire Pit","Camping","BaseCamp",144.06,144.06,1,8,59,8,223,125.54
"SKU-0013","BaseCamp Fire Pit","Camping","BaseCamp",144.06,144.06,2,12,59,20,177,131.72
"SKU-0013","BaseCamp Fire Pit","Camping","BaseCamp",144.06,144.06,3,13,59,33,168,129.91
"SKU-0013","BaseCamp Fire Pit","Camping","BaseCamp",144.06,144.06,4,15,59,48,296,137.85
"SKU-0013","BaseCamp Fire Pit","Camping","BaseCamp",144.06,144.06,5,11,59,59,200,129.5
"SKU-0013","BaseCamp Fire Pit","Camping","BaseCamp",144.06,144.06,6,0,59,59,267,125.94
"SKU-0013","BaseCamp Fire Pit","Camping","BaseCamp",144.06,144.06,7,0,59,59,322,125.15
"SKU-0013","BaseCamp Fire Pit","Camping","BaseCamp",144.06,144.06,8,0,59,59,261,125.17
"SKU-0013","BaseCamp Fire Pit","Camping","BaseCamp",144.06,144.06,9,0,59,59,282,128.73
"SKU-0013","BaseCamp Fire Pit","Camping","BaseCamp",144.06,144.06,10,0,59,59,203,127.82
"SKU-0013","BaseCamp Fire Pit","Camping","BaseCamp",144.06,144.06,11,0,59,59,168,126.09
"SKU-0013","BaseCamp Fire Pit","Camping","BaseCamp",144.06,144.06,12,0,59,59,155,123.33
"SKU-0014","TerraFirm Stove","Camping","TerraFirm",174.93,174.93,1,6,58,6,135,172.05
"SKU-0014","TerraFirm Stove","Camping","TerraFirm",174.93,174.93,2,6,58,12,141,178.83
"SKU-0014","TerraFirm Stove","Camping","TerraFirm",174.93,174.93,3,8,58,20,139,169.14
"SKU-0014","TerraFirm Stove","Camping","TerraFirm",174.93,174.93,4,12,58,32,190,166.33
"SKU-0014","TerraFirm Stove","Camping","TerraFirm",174.93,117.36,5,13,58,45,185,179.47
"SKU-0014","TerraFirm Stove","Camping","TerraFirm",174.93,117.36,6,13,58,58,190,183.7
"SKU-0014","TerraFirm Stove","Camping","TerraFirm",174.93,117.36,7,0,58,58,209,178.98
"SKU-0014","TerraFirm Stove","Camping","TerraFirm",174.93,117.36,8,0,58,58,219,182.4
"SKU-0014","TerraFirm Stove","Camping","TerraFirm",174.93,117.36,9,0,58,58,184,177.95
"SKU-0014","TerraFirm Stove","Camping","TerraFirm",174.93,117.36,10,0,58,58,94,175.72
"SKU-0014","TerraFirm Stove","Camping","TerraFirm",174.93,117.36,11,0,58,58,68,171.59
"SKU-0014","TerraFirm Stove","Camping","TerraFirm",174.93,117.36,12,0,58,58,116,176.79
"SKU-0015","AlpineCore Water Bottle","Accessories","AlpineCore",191.77,191.77,1,2,115,2,92,168.55
"SKU-0015","AlpineCore Water Bottle","Accessories","AlpineCore",191.77,191.77,2,4,115,6,103,172.62
"SKU-0015","AlpineCore Water Bottle","Accessories","AlpineCore",191.77,191.77,3,1,115,7,54,164.9
"SKU-0015","AlpineCore Water Bottle","Accessories","AlpineCore",191.77,191.77,4,7,115,14,79,157.11
"SKU-0015","AlpineCore Water Bottle","Accessories","AlpineCore",191.77,191.77,5,4,115,18,132,160.96
"SKU-0015","AlpineCore Water Bottle","Accessories","AlpineCore",191.77,191.77,6,6,115,24,97,164.81
"SKU-0015","AlpineCore Water Bottle","Accessories","AlpineCore",191.77,191.77,7,4,115,28,53,165.1
"SKU-0015","AlpineCore Water Bottle","Accessories","AlpineCore",191.77,191.77,8,5,115,33,97,162.21
"SKU-0015","AlpineCore Water Bottle","Accessories","AlpineCore",191.77,191.77,9,3,115,36,47,167.19
"SKU-0015","AlpineCore Water Bottle","Accessories","AlpineCore",191.77,191.77,10,3,115,39,68,162.35
"SKU-0015","AlpineCore Water Bottle","Accessories","AlpineCore",191.77,191.77,11,2,115,41,21,164.2
"SKU-0015","AlpineCore Water Bottle","Accessories","AlpineCore",191.77,191.77,12,2,115,43,66,170.52
"SKU-0016","OuterBound Paracord","Accessories","OuterBound",267.87,267.87,1,1,50,1,33,262.96
"SKU-0016","OuterBound Paracord","Accessories","OuterBound",267.87,267.87,2,2,50,3,30,260.35
"SKU-0016","OuterBound Paracord","Accessories","OuterBound",267.87,267.87,3,3,50,6,42,261.6
"SKU-0016","OuterBound Paracord","Accessories","OuterBound",267.87,267.87,4,3,50,9,91,250.01
"SKU-0016","OuterBound Paracord","Accessories","OuterBound",267.87,267.87,5,3,50,12,82,265.23
"SKU-0016","OuterBound Paracord","Accessories","OuterBound",267.87,267.87,6,5,50,17,61,254.05
"SKU-0016","OuterBound Paracord","Accessories","OuterBound",267.87,267.87,7,1,50,18,71,256.35
"SKU-0016","OuterBound Paracord","Accessories","OuterBound",267.87,267.87,8,2,50,20,10,256.92
"SKU-0016","OuterBound Paracord","Accessories","OuterBound",267.87,267.87,9,4,50,24,22,260.93
"SKU-0016","OuterBound Paracord","Accessories","OuterBound",267.87,267.87,10,1,50,25,82,255.52
"SKU-0016","OuterBound Paracord","Accessories","OuterBound",267.87,267.87,11,0,50,25,36,260.56
"SKU-0016","OuterBound Paracord","Accessories","OuterBound",267.87,267.87,12,2,50,27,38,261.29
"SKU-0017","AlpineCore Backpack","Hiking","AlpineCore",218.81,218.81,1,4,91,4,93,203.55
"SKU-0017","AlpineCore Backpack","Hiking","AlpineCore",218.81,218.81,2,4,91,8,124,209.87
"SKU-0017","AlpineCore Backpack","Hiking","AlpineCore",218.81,218.81,3,6,91,14,119,203.94
"SKU-0017","AlpineCore Backpack","Hiking","AlpineCore",218.81,218.81,4,8,91,22,201,204.17
"SKU-0017","AlpineCore Backpack","Hiking","AlpineCore",218.81,218.81,5,6,91,28,165,212.38
"SKU-0017","AlpineCore Backpack","Hiking","AlpineCore",218.81,218.81,6,6,91,34,104,217.25
"SKU-0017","AlpineCore Backpack","Hiking","AlpineCore",218.81,188.75,7,8,91,42,152,201.23
"SKU-0017","AlpineCore Backpack","Hiking","AlpineCore",218.81,188.75,8,7,91,49,206,193.9
"SKU-0017","AlpineCore Backpack","Hiking","AlpineCore",218.81,188.75,9,4,91,53,83,204.18
"SKU-0017","AlpineCore Backpack","Hiking","AlpineCore",218.81,188.75,10,6,91,59,139,211
"SKU-0017","AlpineCore Backpack","Hiking","AlpineCore",218.81,188.75,11,4,91,63,95,210.23
"SKU-0017","AlpineCore Backpack","Hiking","AlpineCore",218.81,188.75,12,5,91,68,89,207.07
"SKU-0018","WildEdge Dry Bag","Accessories","WildEdge",145.42,145.42,1,5,67,5,95,150.23
"SKU-0018","WildEdge Dry Bag","Accessories","WildEdge",145.42,145.42,2,4,67,9,138,138.65
"SKU-0018","WildEdge Dry Bag","Accessories","WildEdge",145.42,145.42,3,5,67,14,126,138.48
"SKU-0018","WildEdge Dry Bag","Accessories","WildEdge",145.42,145.42,4,8,67,22,110,142.61
"SKU-0018","WildEdge Dry Bag","Accessories","WildEdge",145.42,145.42,5,10,67,32,127,142.36
"SKU-0018","WildEdge Dry Bag","Accessories","WildEdge",145.42,145.42,6,9,67,41,137,137.65
"SKU-0018","WildEdge Dry Bag","Accessories","WildEdge",145.42,126.12,7,6,67,47,166,135.49
"SKU-0018","WildEdge Dry Bag","Accessories","WildEdge",145.42,126.12,8,5,67,52,95,142.42
"SKU-0018","WildEdge Dry Bag","Accessories","WildEdge",145.42,126.12,9,8,67,60,75,141.51
"SKU-0018","WildEdge Dry Bag","Accessories","WildEdge",145.42,126.12,10,6,67,66,125,143.63
"SKU-0018","WildEdge Dry Bag","Accessories","WildEdge",145.42,126.12,11,1,67,67,109,141.98
"SKU-0018","WildEdge Dry Bag","Accessories","WildEdge",145.42,126.12,12,0,67,67,35,140.09
"SKU-0019","SummitPro Dry Bag","Accessories","SummitPro",192.61,192.61,1,1,101,1,58,209.51
"SKU-0019","SummitPro Dry Bag","Accessories","SummitPro",192.61,192.61,2,4,101,5,89,211.88
"SKU-0019","SummitPro Dry Bag","Accessories","SummitPro",192.61,192.61,3,5,101,10,109,215.11
"SKU-0019","SummitPro Dry Bag","Accessories","SummitPro",192.61,192.61,4,5,101,15,162,215.15
"SKU-0019","SummitPro Dry Bag","Accessories","SummitPro",192.61,171.56,5,3,101,18,94,205.22
"SKU-0019","SummitPro Dry Bag","Accessories","SummitPro",192.61,171.56,6,6,101,24,86,217.03
"SKU-0019","SummitPro Dry Bag","Accessories","SummitPro",192.61,171.56,7,7,101,31,104,208.19
"SKU-0019","SummitPro Dry Bag","Accessories","SummitPro",192.61,171.56,8,5,101,36,106,222.11
"SKU-0019","SummitPro Dry Bag","Accessories","SummitPro",192.61,171.56,9,3,101,39,124,205.84
"SKU-0019","SummitPro Dry Bag","Accessories","SummitPro",192.61,171.56,10,2,101,41,57,202.12
"SKU-0019","SummitPro Dry Bag","Accessories","SummitPro",192.61,171.56,11,5,101,46,117,224.53
"SKU-0019","SummitPro Dry Bag","Accessories","SummitPro",192.61,171.56,12,2,101,48,94,209.33
"SKU-0020","OuterBound GPS Watch","Hiking","OuterBound",234.83,234.83,1,7,47,7,148,248.34
"SKU-0020","OuterBound GPS Watch","Hiking","OuterBound",234.83,234.83,2,11,47,18,179,253.08
"SKU-0020","OuterBound GPS Watch","Hiking","OuterBound",234.83,234.83,3,10,47,28,174,254.78
"SKU-0020","OuterBound GPS Watch","Hiking","OuterBound",234.83,234.83,4,10,47,38,144,257.61
"SKU-0020","OuterBound GPS Watch","Hiking","OuterBound",234.83,196.65,5,9,47,47,176,254.97
"SKU-0020","OuterBound GPS Watch","Hiking","OuterBound",234.83,196.65,6,0,47,47,250,251.19
"SKU-0020","OuterBound GPS Watch","Hiking","OuterBound",234.83,196.65,7,0,47,47,229,233.03
"SKU-0020","OuterBound GPS Watch","Hiking","OuterBound",234.83,196.65,8,0,47,47,107,264.22
"SKU-0020","OuterBound GPS Watch","Hiking","OuterBound",234.83,196.65,9,0,47,47,184,257.21
"SKU-0020","OuterBound GPS Watch","Hiking","OuterBound",234.83,196.65,10,0,47,47,222,246.47
"SKU-0020","OuterBound GPS Watch","Hiking","OuterBound",234.83,196.65,11,0,47,47,165,255.61
"SKU-0020","OuterBound GPS Watch","Hiking","OuterBound",234.83,196.65,12,0,47,47,107,262.17
"SKU-0021","TrailBlaze Tent","Camping","TrailBlaze",270.19,270.19,1,9,105,9,162,233.81
"SKU-0021","TrailBlaze Tent","Camping","TrailBlaze",270.19,270.19,2,7,105,16,218,245.63
"SKU-0021","TrailBlaze Tent","Camping","TrailBlaze",270.19,270.19,3,10,105,26,239,227.87
"SKU-0021","TrailBlaze Tent","Camping","TrailBlaze",270.19,270.19,4,14,105,40,298,228.81
"SKU-0021","TrailBlaze Tent","Camping","TrailBlaze",270.19,224.68,5,11,105,51,122,224.46
"SKU-0021","TrailBlaze Tent","Camping","TrailBlaze",270.19,224.68,6,15,105,66,248,239.35
"SKU-0021","TrailBlaze Tent","Camping","TrailBlaze",270.19,224.68,7,12,105,78,198,231.55
"SKU-0021","TrailBlaze Tent","Camping","TrailBlaze",270.19,224.68,8,9,105,87,161,231.93
"SKU-0021","TrailBlaze Tent","Camping","TrailBlaze",270.19,224.68,9,11,105,98,224,234.67
"SKU-0021","TrailBlaze Tent","Camping","TrailBlaze",270.19,224.68,10,7,105,105,104,238.1
"SKU-0021","TrailBlaze Tent","Camping","TrailBlaze",270.19,224.68,11,0,105,105,124,220.59
"SKU-0021","TrailBlaze Tent","Camping","TrailBlaze",270.19,224.68,12,0,105,105,176,234.25
"SKU-0022","TrailBlaze Insect Repellent","Accessories","TrailBlaze",26.01,26.01,1,4,118,4,58,24.86
"SKU-0022","TrailBlaze Insect Repellent","Accessories","TrailBlaze",26.01,26.01,2,3,118,7,90,27.16
"SKU-0022","TrailBlaze Insect Repellent","Accessories","TrailBlaze",26.01,26.01,3,6,118,13,134,26.3
"SKU-0022","TrailBlaze Insect Repellent","Accessories","TrailBlaze",26.01,26.01,4,3,118,16,136,24.29
"SKU-0022","TrailBlaze Insect Repellent","Accessories","TrailBlaze",26.01,26.01,5,6,118,22,154,26.7
"SKU-0022","TrailBlaze Insect Repellent","Accessories","TrailBlaze",26.01,26.01,6,2,118,24,112,24.89
"SKU-0022","TrailBlaze Insect Repellent","Accessories","TrailBlaze",26.01,26.01,7,4,118,28,134,27.07
"SKU-0022","TrailBlaze Insect Repellent","Accessories","TrailBlaze",26.01,26.01,8,4,118,32,86,26.2
"SKU-0022","TrailBlaze Insect Repellent","Accessories","TrailBlaze",26.01,26.01,9,4,118,36,114,26.43
"SKU-0022","TrailBlaze Insect Repellent","Accessories","TrailBlaze",26.01,26.01,10,1,118,37,51,26.76
"SKU-0022","TrailBlaze Insect Repellent","Accessories","TrailBlaze",26.01,26.01,11,4,118,41,112,26.4
"SKU-0022","TrailBlaze Insect Repellent","Accessories","TrailBlaze",26.01,26.01,12,0,118,41,81,26.34
"SKU-0023","PeakGear Paracord","Accessories","PeakGear",167.69,167.69,1,8,86,8,51,137.61
"SKU-0023","PeakGear Paracord","Accessories","PeakGear",167.69,167.69,2,1,86,9,56,147.83
"SKU-0023","PeakGear Paracord","Accessories","PeakGear",167.69,167.69,3,2,86,11,64,148.24
"SKU-0023","PeakGear Paracord","Accessories","PeakGear",167.69,167.69,4,3,86,14,62,141.16
"SKU-0023","PeakGear Paracord","Accessories","PeakGear",167.69,142.39,5,1,86,15,66,154.97
"SKU-0023","PeakGear Paracord","Accessories","PeakGear",167.69,142.39,6,3,86,18,47,149.4
"SKU-0023","PeakGear Paracord","Accessories","PeakGear",167.69,142.39,7,3,86,21,42,143.64
"SKU-0023","PeakGear Paracord","Accessories","PeakGear",167.69,142.39,8,1,86,22,14,150.29
"SKU-0023","PeakGear Paracord","Accessories","PeakGear",167.69,142.39,9,3,86,25,71,142.26
"SKU-0023","PeakGear Paracord","Accessories","PeakGear",167.69,142.39,10,3,86,28,44,155.39
"SKU-0023","PeakGear Paracord","Accessories","PeakGear",167.69,142.39,11,3,86,31,80,148.23
"SKU-0023","PeakGear Paracord","Accessories","PeakGear",167.69,142.39,12,0,86,31,25,147.77
"SKU-0024","AlpineCore Mattress Pad","Camping","AlpineCore",118.53,118.53,1,10,96,10,164,113.13
"SKU-0024","AlpineCore Mattress Pad","Camping","AlpineCore",118.53,118.53,2,14,96,24,250,115.64
"SKU-0024","AlpineCore Mattress Pad","Camping","AlpineCore",118.53,118.53,3,7,96,31,139,112.75
"SKU-0024","AlpineCore Mattress Pad","Camping","AlpineCore",118.53,118.53,4,13,96,44,144,107.18
"SKU-0024","AlpineCore Mattress Pad","Camping","AlpineCore",118.53,118.53,5,10,96,54,206,113.35
"SKU-0024","AlpineCore Mattress Pad","Camping","AlpineCore",118.53,118.53,6,11,96,65,270,110.52
"SKU-0024","AlpineCore Mattress Pad","Camping","AlpineCore",118.53,100.42,7,11,96,76,166,109.62
"SKU-0024","AlpineCore Mattress Pad","Camping","AlpineCore",118.53,100.42,8,10,96,86,123,111.45
"SKU-0024","AlpineCore Mattress Pad","Camping","AlpineCore",118.53,100.42,9,10,96,96,184,107.28
"SKU-0024","AlpineCore Mattress Pad","Camping","AlpineCore",118.53,100.42,10,0,96,96,111,111.94
"SKU-0024","AlpineCore Mattress Pad","Camping","AlpineCore",118.53,100.42,11,0,96,96,175,115.88
"SKU-0024","AlpineCore Mattress Pad","Camping","AlpineCore",118.53,100.42,12,0,96,96,135,108.31
"SKU-0025","OuterBound Mattress Pad","Camping","OuterBound",60.04,60.04,1,9,84,9,150,61.61
"SKU-0025","OuterBound Mattress Pad","Camping","OuterBound",60.04,60.04,2,9,84,18,142,62.15
"SKU-0025","OuterBound Mattress Pad","Camping","OuterBound",60.04,60.04,3,12,84,30,162,62.75
"SKU-0025","OuterBound Mattress Pad","Camping","OuterBound",60.04,60.04,4,16,84,46,253,62.63
"SKU-0025","OuterBound Mattress Pad","Camping","OuterBound",60.04,60.04,5,12,84,58,197,63
"SKU-0025","OuterBound Mattress Pad","Camping","OuterBound",60.04,53.15,6,13,84,71,185,61.86
"SKU-0025","OuterBound Mattress Pad","Camping","OuterBound",60.04,53.15,7,13,84,84,195,66.24
"SKU-0025","OuterBound Mattress Pad","Camping","OuterBound",60.04,53.15,8,0,84,84,224,63.35
"SKU-0025","OuterBound Mattress Pad","Camping","OuterBound",60.04,53.15,9,0,84,84,252,63.81
"SKU-0025","OuterBound Mattress Pad","Camping","OuterBound",60.04,53.15,10,0,84,84,132,64.2
"SKU-0025","OuterBound Mattress Pad","Camping","OuterBound",60.04,53.15,11,0,84,84,141,64.15
"SKU-0025","OuterBound Mattress Pad","Camping","OuterBound",60.04,53.15,12,0,84,84,130,62.47
"SKU-0026","BaseCamp Neck Gaiter","Accessories","BaseCamp",241.34,241.34,1,0,38,0,60,222.29
"SKU-0026","BaseCamp Neck Gaiter","Accessories","BaseCamp",241.34,241.34,2,2,38,2,50,226
"SKU-0026","BaseCamp Neck Gaiter","Accessories","BaseCamp",241.34,241.34,3,3,38,5,37,238.3
"SKU-0026","BaseCamp Neck Gaiter","Accessories","BaseCamp",241.34,241.34,4,3,38,8,78,230.46
"SKU-0026","BaseCamp Neck Gaiter","Accessories","BaseCamp",241.34,241.34,5,1,38,9,56,239.2
"SKU-0026","BaseCamp Neck Gaiter","Accessories","BaseCamp",241.34,216.29,6,3,38,12,76,226.09
"SKU-0026","BaseCamp Neck Gaiter","Accessories","BaseCamp",241.34,216.29,7,4,38,16,21,218.39
"SKU-0026","BaseCamp Neck Gaiter","Accessories","BaseCamp",241.34,216.29,8,1,38,17,71,228.47
"SKU-0026","BaseCamp Neck Gaiter","Accessories","BaseCamp",241.34,216.29,9,2,38,19,70,232.41
"SKU-0026","BaseCamp Neck Gaiter","Accessories","BaseCamp",241.34,216.29,10,2,38,21,30,243.96
"SKU-0026","BaseCamp Neck Gaiter","Accessories","BaseCamp",241.34,216.29,11,2,38,23,54,225.2
"SKU-0026","BaseCamp Neck Gaiter","Accessories","BaseCamp",241.34,216.29,12,4,38,27,43,236.63
"SKU-0027","TerraFirm Sun Hat","Apparel","TerraFirm",176.96,176.96,1,54,100,54,723,185.29
"SKU-0027","TerraFirm Sun Hat","Apparel","TerraFirm",176.96,176.96,2,46,100,100,781,180.39
"SKU-0027","TerraFirm Sun Hat","Apparel","TerraFirm",176.96,176.96,3,0,100,100,666,190.31
"SKU-0027","TerraFirm Sun Hat","Apparel","TerraFirm",176.96,176.96,4,0,100,100,743,172.27
"SKU-0027","TerraFirm Sun Hat","Apparel","TerraFirm",176.96,176.96,5,0,100,100,584,179.5
"SKU-0027","TerraFirm Sun Hat","Apparel","TerraFirm",176.96,176.96,6,0,100,100,701,184.43
"SKU-0027","TerraFirm Sun Hat","Apparel","TerraFirm",176.96,142.32,7,0,100,100,789,172.17
"SKU-0027","TerraFirm Sun Hat","Apparel","TerraFirm",176.96,142.32,8,0,100,100,844,196.48
"SKU-0027","TerraFirm Sun Hat","Apparel","TerraFirm",176.96,142.32,9,0,100,100,800,188.55
"SKU-0027","TerraFirm Sun Hat","Apparel","TerraFirm",176.96,142.32,10,0,100,100,701,187.53
"SKU-0027","TerraFirm Sun Hat","Apparel","TerraFirm",176.96,142.32,11,0,100,100,434,185.55
"SKU-0027","TerraFirm Sun Hat","Apparel","TerraFirm",176.96,142.32,12,0,100,100,451,179.64
"SKU-0028","SummitPro Fleece Vest","Apparel","SummitPro",84.29,84.29,1,11,71,11,175,96.25
"SKU-0028","SummitPro Fleece Vest","Apparel","SummitPro",84.29,84.29,2,12,71,23,250,92.93
"SKU-0028","SummitPro Fleece Vest","Apparel","SummitPro",84.29,84.29,3,16,71,39,323,91.85
"SKU-0028","SummitPro Fleece Vest","Apparel","SummitPro",84.29,84.29,4,15,71,54,193,93.88
"SKU-0028","SummitPro Fleece Vest","Apparel","SummitPro",84.29,69.94,5,15,71,69,181,100.76
"SKU-0028","SummitPro Fleece Vest","Apparel","SummitPro",84.29,69.94,6,2,71,71,168,101.04
"SKU-0028","SummitPro Fleece Vest","Apparel","SummitPro",84.29,69.94,7,0,71,71,297,90.93
"SKU-0028","SummitPro Fleece Vest","Apparel","SummitPro",84.29,69.94,8,0,71,71,230,93.45
"SKU-0028","SummitPro Fleece Vest","Apparel","SummitPro",84.29,69.94,9,0,71,71,123,89.75
"SKU-0028","SummitPro Fleece Vest","Apparel","SummitPro",84.29,69.94,10,0,71,71,111,94.54
"SKU-0028","SummitPro Fleece Vest","Apparel","SummitPro",84.29,69.94,11,0,71,71,157,100.75
"SKU-0028","SummitPro Fleece Vest","Apparel","SummitPro",84.29,69.94,12,0,71,71,71,87.76
"SKU-0029","WildEdge Cargo Pants","Apparel","WildEdge",131.21,131.21,1,15,106,15,310,126.73
"SKU-0029","WildEdge Cargo Pants","Apparel","WildEdge",131.21,131.21,2,16,106,31,303,118.39
"SKU-0029","WildEdge Cargo Pants","Apparel","WildEdge",131.21,131.21,3,21,106,52,408,120.5
"SKU-0029","WildEdge Cargo Pants","Apparel","WildEdge",131.21,131.21,4,24,106,76,414,113.81
"SKU-0029","WildEdge Cargo Pants","Apparel","WildEdge",131.21,131.21,5,21,106,97,258,117.16
"SKU-0029","WildEdge Cargo Pants","Apparel","WildEdge",131.21,131.21,6,9,106,106,193,121.95
"SKU-0029","WildEdge Cargo Pants","Apparel","WildEdge",131.21,131.21,7,0,106,106,422,119.94
"SKU-0029","WildEdge Cargo Pants","Apparel","WildEdge",131.21,131.21,8,0,106,106,192,118.94
"SKU-0029","WildEdge Cargo Pants","Apparel","WildEdge",131.21,131.21,9,0,106,106,249,126.79
"SKU-0029","WildEdge Cargo Pants","Apparel","WildEdge",131.21,131.21,10,0,106,106,160,125.67
"SKU-0029","WildEdge Cargo Pants","Apparel","WildEdge",131.21,131.21,11,0,106,106,136,118.52
"SKU-0029","WildEdge Cargo Pants","Apparel","WildEdge",131.21,131.21,12,0,106,106,233,123.25
"SKU-0030","PeakGear Compass","Hiking","PeakGear",150.47,150.47,1,4,50,4,118,159.25
"SKU-0030","PeakGear Compass","Hiking","PeakGear",150.47,150.47,2,3,50,7,86,170.23
"SKU-0030","PeakGear Compass","Hiking","PeakGear",150.47,150.47,3,5,50,12,85,162.63
"SKU-0030","PeakGear Compass","Hiking","PeakGear",150.47,150.47,4,3,50,15,111,172.99
"SKU-0030","PeakGear Compass","Hiking","PeakGear",150.47,150.47,5,4,50,19,115,171.34
"SKU-0030","PeakGear Compass","Hiking","PeakGear",150.47,150.47,6,5,50,24,137,169.82
"SKU-0030","PeakGear Compass","Hiking","PeakGear",150.47,150.47,7,6,50,30,131,169.62
"SKU-0030","PeakGear Compass","Hiking","PeakGear",150.47,150.47,8,3,50,33,87,163.5
"SKU-0030","PeakGear Compass","Hiking","PeakGear",150.47,150.47,9,4,50,37,88,168.81
"SKU-0030","PeakGear Compass","Hiking","PeakGear",150.47,150.47,10,5,50,42,78,165.22
"SKU-0030","PeakGear Compass","Hiking","PeakGear",150.47,150.47,11,5,50,47,47,169.46
"SKU-0030","PeakGear Compass","Hiking","PeakGear",150.47,150.47,12,3,50,50,87,165.15
"SKU-0031","OuterBound Windbreaker","Apparel","OuterBound",220.37,220.37,1,2,41,2,126,229.13
"SKU-0031","OuterBound Windbreaker","Apparel","OuterBound",220.37,220.37,2,5,41,7,136,207.92
"SKU-0031","OuterBound Windbreaker","Apparel","OuterBound",220.37,220.37,3,5,41,12,97,223.45
"SKU-0031","OuterBound Windbreaker","Apparel","OuterBound",220.37,220.37,4,5,41,17,150,211.75
"SKU-0031","OuterBound Windbreaker","Apparel","OuterBound",220.37,220.37,5,7,41,24,124,225.46
"SKU-0031","OuterBound Windbreaker","Apparel","OuterBound",220.37,220.37,6,5,41,29,116,215.13
"SKU-0031","OuterBound Windbreaker","Apparel","OuterBound",220.37,220.37,7,6,41,35,94,226.99
"SKU-0031","OuterBound Windbreaker","Apparel","OuterBound",220.37,220.37,8,6,41,41,137,216.1
"SKU-0031","OuterBound Windbreaker","Apparel","OuterBound",220.37,220.37,9,0,41,41,79,228.24
"SKU-0031","OuterBound Windbreaker","Apparel","OuterBound",220.37,220.37,10,0,41,41,99,219.73
"SKU-0031","OuterBound Windbreaker","Apparel","OuterBound",220.37,220.37,11,0,41,41,50,228.39
"SKU-0031","OuterBound Windbreaker","Apparel","OuterBound",220.37,220.37,12,0,41,41,84,228.88
"SKU-0032","SummitPro First Aid Kit","Accessories","SummitPro",234.83,234.83,1,4,90,4,67,263.87
"SKU-0032","SummitPro First Aid Kit","Accessories","SummitPro",234.83,234.83,2,1,90,5,35,265.95
"SKU-0032","SummitPro First Aid Kit","Accessories","SummitPro",234.83,234.83,3,2,90,7,62,272.93
"SKU-0032","SummitPro First Aid Kit","Accessories","SummitPro",234.83,234.83,4,5,90,12,78,274.74
"SKU-0032","SummitPro First Aid Kit","Accessories","SummitPro",234.83,234.83,5,6,90,18,44,255.76
"SKU-0032","SummitPro First Aid Kit","Accessories","SummitPro",234.83,234.83,6,3,90,21,88,243.45
"SKU-0032","SummitPro First Aid Kit","Accessories","SummitPro",234.83,234.83,7,3,90,24,91,267.36
"SKU-0032","SummitPro First Aid Kit","Accessories","SummitPro",234.83,234.83,8,2,90,26,59,263.67
"SKU-0032","SummitPro First Aid Kit","Accessories","SummitPro",234.83,234.83,9,3,90,29,51,258.27
"SKU-0032","SummitPro First Aid Kit","Accessories","SummitPro",234.83,234.83,10,3,90,32,54,269.64
"SKU-0032","SummitPro First Aid Kit","Accessories","SummitPro",234.83,234.83,11,2,90,34,44,250.41
"SKU-0032","SummitPro First Aid Kit","Accessories","SummitPro",234.83,234.83,12,2,90,36,27,252.64
"SKU-0033","TerraFirm Backpack","Hiking","TerraFirm",288.98,288.98,1,12,91,12,241,257.66
"SKU-0033","TerraFirm Backpack","Hiking","TerraFirm",288.98,288.98,2,16,91,28,210,253.99
"SKU-0033","TerraFirm Backpack","Hiking","TerraFirm",288.98,288.98,3,17,91,45,215,260.51
"SKU-0033","TerraFirm Backpack","Hiking","TerraFirm",288.98,288.98,4,20,91,65,323,255.7
"SKU-0033","TerraFirm Backpack","Hiking","TerraFirm",288.98,288.98,5,21,91,86,429,245.95
"SKU-0033","TerraFirm Backpack","Hiking","TerraFirm",288.98,288.98,6,5,91,91,413,257.15
"SKU-0033","TerraFirm Backpack","Hiking","TerraFirm",288.98,288.98,7,0,91,91,271,256.59
"SKU-0033","TerraFirm Backpack","Hiking","TerraFirm",288.98,288.98,8,0,91,91,225,260.69
"SKU-0033","TerraFirm Backpack","Hiking","TerraFirm",288.98,288.98,9,0,91,91,324,258.54
"SKU-0033","TerraFirm Backpack","Hiking","TerraFirm",288.98,288.98,10,0,91,91,163,247.26
"SKU-0033","TerraFirm Backpack","Hiking","TerraFirm",288.98,288.98,11,0,91,91,262,253.22
"SKU-0033","TerraFirm Backpack","Hiking","TerraFirm",288.98,288.98,12,0,91,91,217,263.47
"SKU-0034","TerraFirm Fire Pit","Camping","TerraFirm",172.41,172.41,1,2,52,2,89,158.88
"SKU-0034","TerraFirm Fire Pit","Camping","TerraFirm",172.41,172.41,2,6,52,8,108,148.87
"SKU-0034","TerraFirm Fire Pit","Camping","TerraFirm",172.41,172.41,3,6,52,14,163,145.62
"SKU-0034","TerraFirm Fire Pit","Camping","TerraFirm",172.41,172.41,4,6,52,20,128,157.28
"SKU-0034","TerraFirm Fire Pit","Camping","TerraFirm",172.41,172.41,5,5,52,25,121,157.52
"SKU-0034","TerraFirm Fire Pit","Camping","TerraFirm",172.41,172.41,6,5,52,30,61,147.36
"SKU-0034","TerraFirm Fire Pit","Camping","TerraFirm",172.41,172.41,7,6,52,36,129,146.39
"SKU-0034","TerraFirm Fire Pit","Camping","TerraFirm",172.41,172.41,8,6,52,42,112,154.49
"SKU-0034","TerraFirm Fire Pit","Camping","TerraFirm",172.41,172.41,9,4,52,46,69,151.04
"SKU-0034","TerraFirm Fire Pit","Camping","TerraFirm",172.41,172.41,10,5,52,51,75,153.2
"SKU-0034","TerraFirm Fire Pit","Camping","TerraFirm",172.41,172.41,11,1,52,52,49,148.16
"SKU-0034","TerraFirm Fire Pit","Camping","TerraFirm",172.41,172.41,12,0,52,52,79,150.6
"SKU-0035","BaseCamp Rain Jacket","Apparel","BaseCamp",220.87,220.87,1,9,110,9,128,202.88
"SKU-0035","BaseCamp Rain Jacket","Apparel","BaseCamp",220.87,220.87,2,12,110,21,203,196
"SKU-0035","BaseCamp Rain Jacket","Apparel","BaseCamp",220.87,150.28,3,25,110,46,150,202.95
"SKU-0035","BaseCamp Rain Jacket","Apparel","BaseCamp",220.87,150.28,4,36,110,82,357,198.94
"SKU-0035","BaseCamp Rain Jacket","Apparel","BaseCamp",220.87,150.28,5,26,110,108,237,207.55
"SKU-0035","BaseCamp Rain Jacket","Apparel","BaseCamp",220.87,150.28,6,2,110,110,316,195.04
"SKU-0035","BaseCamp Rain Jacket","Apparel","BaseCamp",220.87,150.28,7,0,110,110,314,192.62
"SKU-0035","BaseCamp Rain Jacket","Apparel","BaseCamp",220.87,150.28,8,0,110,110,219,190.03
"SKU-0035","BaseCamp Rain Jacket","Apparel","BaseCamp",220.87,150.28,9,0,110,110,258,186.76
"SKU-0035","BaseCamp Rain Jacket","Apparel","BaseCamp",220.87,150.28,10,0,110,110,179,199.44
"SKU-0035","BaseCamp Rain Jacket","Apparel","BaseCamp",220.87,150.28,11,0,110,110,169,193.54
"SKU-0035","BaseCamp Rain Jacket","Apparel","BaseCamp",220.87,150.28,12,0,110,110,108,194.41
"SKU-0036","TrailBlaze Tarp","Camping","TrailBlaze",262.53,262.53,1,2,41,2,43,246.42
"SKU-0036","TrailBlaze Tarp","Camping","TrailBlaze",262.53,262.53,2,4,41,6,61,227.06
"SKU-0036","TrailBlaze Tarp","Camping","TrailBlaze",262.53,262.53,3,1,41,7,84,246.86
"SKU-0036","TrailBlaze Tarp","Camping","TrailBlaze",262.53,262.53,4,2,41,9,84,253.84
"SKU-0036","TrailBlaze Tarp","Camping","TrailBlaze",262.53,262.53,5,1,41,10,65,242.06
"SKU-0036","TrailBlaze Tarp","Camping","TrailBlaze",262.53,262.53,6,1,41,11,41,245.8
"SKU-0036","TrailBlaze Tarp","Camping","TrailBlaze",262.53,262.53,7,0,41,11,10,231.94
"SKU-0036","TrailBlaze Tarp","Camping","TrailBlaze",262.53,262.53,8,2,41,13,53,247.78
"SKU-0036","TrailBlaze Tarp","Camping","TrailBlaze",262.53,262.53,9,2,41,15,26,229.05
"SKU-0036","TrailBlaze Tarp","Camping","TrailBlaze",262.53,262.53,10,2,41,17,13,244.46
"SKU-0036","TrailBlaze Tarp","Camping","TrailBlaze",262.53,262.53,11,0,41,17,52,250.79
"SKU-0036","TrailBlaze Tarp","Camping","TrailBlaze",262.53,262.53,12,1,41,18,50,244.81
"SKU-0037","WildEdge Hydration Pack","Hiking","WildEdge",221.95,221.95,1,4,79,4,38,233.83
"SKU-0037","WildEdge Hydration Pack","Hiking","WildEdge",221.95,221.95,2,6,79,10,60,232.52
"SKU-0037","WildEdge Hydration Pack","Hiking","WildEdge",221.95,221.95,3,3,79,13,104,242.21
"SKU-0037","WildEdge Hydration Pack","Hiking","WildEdge",221.95,221.95,4,2,79,15,44,236.13
"SKU-0037","WildEdge Hydration Pack","Hiking","WildEdge",221.95,221.95,5,2,79,17,51,236.14
"SKU-0037","WildEdge Hydration Pack","Hiking","WildEdge",221.95,221.95,6,4,79,21,131,244.56
"SKU-0037","WildEdge Hydration Pack","Hiking","WildEdge",221.95,221.95,7,5,79,26,62,236.89
"SKU-0037","WildEdge Hydration Pack","Hiking","WildEdge",221.95,221.95,8,3,79,29,108,236.04
"SKU-0037","WildEdge Hydration Pack","Hiking","WildEdge",221.95,221.95,9,3,79,32,52,226.46
"SKU-0037","WildEdge Hydration Pack","Hiking","WildEdge",221.95,221.95,10,4,79,36,53,230.98
"SKU-0037","WildEdge Hydration Pack","Hiking","WildEdge",221.95,221.95,11,6,79,42,28,242.71
"SKU-0037","WildEdge Hydration Pack","Hiking","WildEdge",221.95,221.95,12,2,79,44,63,246.46
"SKU-0038","SummitPro Fire Pit","Camping","SummitPro",192.51,192.51,1,16,108,16,220,175.47
"SKU-0038","SummitPro Fire Pit","Camping","SummitPro",192.51,192.51,2,16,108,32,178,172.2
"SKU-0038","SummitPro Fire Pit","Camping","SummitPro",192.51,192.51,3,22,108,54,422,187.52
"SKU-0038","SummitPro Fire Pit","Camping","SummitPro",192.51,192.51,4,21,108,75,244,181.17
"SKU-0038","SummitPro Fire Pit","Camping","SummitPro",192.51,192.51,5,22,108,97,314,182.24
"SKU-0038","SummitPro Fire Pit","Camping","SummitPro",192.51,161.41,6,11,108,108,297,175.12
"SKU-0038","SummitPro Fire Pit","Camping","SummitPro",192.51,161.41,7,0,108,108,321,168.84
"SKU-0038","SummitPro Fire Pit","Camping","SummitPro",192.51,161.41,8,0,108,108,210,175.39
"SKU-0038","SummitPro Fire Pit","Camping","SummitPro",192.51,161.41,9,0,108,108,258,178.63
"SKU-0038","SummitPro Fire Pit","Camping","SummitPro",192.51,161.41,10,0,108,108,261,173.28
"SKU-0038","SummitPro Fire Pit","Camping","SummitPro",192.51,161.41,11,0,108,108,166,181.24
"SKU-0038","SummitPro Fire Pit","Camping","SummitPro",192.51,161.41,12,0,108,108,121,170.07
"SKU-0039","BaseCamp Camp Chair","Camping","BaseCamp",70.34,70.34,1,2,39,2,49,70.73
"SKU-0039","BaseCamp Camp Chair","Camping","BaseCamp",70.34,70.34,2,3,39,5,115,67.98
"SKU-0039","BaseCamp Camp Chair","Camping","BaseCamp",70.34,70.34,3,7,39,12,115,67.2
"SKU-0039","BaseCamp Camp Chair","Camping","BaseCamp",70.34,70.34,4,4,39,16,70,67.67
"SKU-0039","BaseCamp Camp Chair","Camping","BaseCamp",70.34,70.34,5,6,39,22,129,69.45
"SKU-0039","BaseCamp Camp Chair","Camping","BaseCamp",70.34,57.43,6,6,39,28,100,68.21
"SKU-0039","BaseCamp Camp Chair","Camping","BaseCamp",70.34,57.43,7,5,39,33,114,69.98
"SKU-0039","BaseCamp Camp Chair","Camping","BaseCamp",70.34,57.43,8,4,39,37,135,69.42
"SKU-0039","BaseCamp Camp Chair","Camping","BaseCamp",70.34,57.43,9,2,39,39,70,66.71
"SKU-0039","BaseCamp Camp Chair","Camping","BaseCamp",70.34,57.43,10,0,39,39,80,66.38
"SKU-0039","BaseCamp Camp Chair","Camping","BaseCamp",70.34,57.43,11,0,39,39,98,65.99
"SKU-0039","BaseCamp Camp Chair","Camping","BaseCamp",70.34,57.43,12,0,39,39,51,68.68
"SKU-0040","BaseCamp Cargo Pants","Apparel","BaseCamp",40.67,40.67,1,6,57,6,145,41.77
"SKU-0040","BaseCamp Cargo Pants","Apparel","BaseCamp",40.67,40.67,2,7,57,13,91,42.76
"SKU-0040","BaseCamp Cargo Pants","Apparel","BaseCamp",40.67,40.67,3,10,57,23,142,42.49
"SKU-0040","BaseCamp Cargo Pants","Apparel","BaseCamp",40.67,40.67,4,10,57,33,234,46.08
"SKU-0040","BaseCamp Cargo Pants","Apparel","BaseCamp",40.67,29.5,5,17,57,50,170,43.55
"SKU-0040","BaseCamp Cargo Pants","Apparel","BaseCamp",40.67,29.5,6,7,57,57,229,43.91
"SKU-0040","BaseCamp Cargo Pants","Apparel","BaseCamp",40.67,29.5,7,0,57,57,225,46.43
"SKU-0040","BaseCamp Cargo Pants","Apparel","BaseCamp",40.67,29.5,8,0,57,57,172,41.63
"SKU-0040","BaseCamp Cargo Pants","Apparel","BaseCamp",40.67,29.5,9,0,57,57,196,43.15
"SKU-0040","BaseCamp Cargo Pants","Apparel","BaseCamp",40.67,29.5,10,0,57,57,86,44.3
"SKU-0040","BaseCamp Cargo Pants","Apparel","BaseCamp",40.67,29.5,11,0,57,57,137,42.61
"SKU-0040","BaseCamp Cargo Pants","Apparel","BaseCamp",40.67,29.5,12,0,57,57,81,42.22
"SKU-0041","TerraFirm Cooler","Camping","TerraFirm",37.96,37.96,1,6,93,6,92,38.67
"SKU-0041","TerraFirm Cooler","Camping","TerraFirm",37.96,37.96,2,8,93,14,160,41.39
"SKU-0041","TerraFirm Cooler","Camping","TerraFirm",37.96,37.96,3,5,93,19,132,41.35
"SKU-0041","TerraFirm Cooler","Camping","TerraFirm",37.96,26.04,4,15,93,34,164,39.85
"SKU-0041","TerraFirm Cooler","Camping","TerraFirm",37.96,26.04,5,11,93,45,147,40.4
"SKU-0041","TerraFirm Cooler","Camping","TerraFirm",37.96,26.04,6,14,93,59,173,41.02
"SKU-0041","TerraFirm Cooler","Camping","TerraFirm",37.96,26.04,7,14,93,73,158,41.06
"SKU-0041","TerraFirm Cooler","Camping","TerraFirm",37.96,26.04,8,12,93,85,202,41.43
"SKU-0041","TerraFirm Cooler","Camping","TerraFirm",37.96,26.04,9,8,93,93,116,38.66
"SKU-0041","TerraFirm Cooler","Camping","TerraFirm",37.96,26.04,10,0,93,93,174,39.93
"SKU-0041","TerraFirm Cooler","Camping","TerraFirm",37.96,26.04,11,0,93,93,164,41.22
"SKU-0041","TerraFirm Cooler","Camping","TerraFirm",37.96,26.04,12,0,93,93,67,42.65
"SKU-0042","WildEdge Quick-Dry Tee","Apparel","WildEdge",115.5,115.5,1,8,55,8,130,110.47
"SKU-0042","WildEdge Quick-Dry Tee","Apparel","WildEdge",115.5,115.5,2,8,55,16,180,106.81
"SKU-0042","WildEdge Quick-Dry Tee","Apparel","WildEdge",115.5,115.5,3,11,55,27,256,109.39
"SKU-0042","WildEdge Quick-Dry Tee","Apparel","WildEdge",115.5,115.5,4,13,55,40,263,105.89
"SKU-0042","WildEdge Quick-Dry Tee","Apparel","WildEdge",115.5,115.5,5,8,55,48,130,103.81
"SKU-0042","WildEdge Quick-Dry Tee","Apparel","WildEdge",115.5,115.5,6,7,55,55,180,105.53
"SKU-0042","WildEdge Quick-Dry Tee","Apparel","WildEdge",115.5,115.5,7,0,55,55,215,111.08
"SKU-0042","WildEdge Quick-Dry Tee","Apparel","WildEdge",115.5,115.5,8,0,55,55,187,99.72
"SKU-0042","WildEdge Quick-Dry Tee","Apparel","WildEdge",115.5,115.5,9,0,55,55,166,110.52
"SKU-0042","WildEdge Quick-Dry Tee","Apparel","WildEdge",115.5,115.5,10,0,55,55,143,103.64
"SKU-0042","WildEdge Quick-Dry Tee","Apparel","WildEdge",115.5,115.5,11,0,55,55,157,104.87
"SKU-0042","WildEdge Quick-Dry Tee","Apparel","WildEdge",115.5,115.5,12,0,55,55,129,104.68
"SKU-0043","WildEdge Day Pack","Hiking","WildEdge",79.98,79.98,1,5,60,5,85,77.75
"SKU-0043","WildEdge Day Pack","Hiking","WildEdge",79.98,79.98,2,5,60,10,71,82.16
"SKU-0043","WildEdge Day Pack","Hiking","WildEdge",79.98,79.98,3,3,60,13,67,77.59
"SKU-0043","WildEdge Day Pack","Hiking","WildEdge",79.98,79.98,4,5,60,18,140,85.48
"SKU-0043","WildEdge Day Pack","Hiking","WildEdge",79.98,79.98,5,5,60,23,105,81.72
"SKU-0043","WildEdge Day Pack","Hiking","WildEdge",79.98,79.98,6,7,60,30,39,79.32
"SKU-0043","WildEdge Day Pack","Hiking","WildEdge",79.98,79.98,7,4,60,34,76,79.24
"SKU-0043","WildEdge Day Pack","Hiking","WildEdge",79.98,79.98,8,4,60,38,64,80.48
"SKU-0043","WildEdge Day Pack","Hiking","WildEdge",79.98,79.98,9,3,60,41,104,81.37
"SKU-0043","WildEdge Day Pack","Hiking","WildEdge",79.98,79.98,10,2,60,43,76,81.86
"SKU-0043","WildEdge Day Pack","Hiking","WildEdge",79.98,79.98,11,1,60,44,48,82.12
"SKU-0043","WildEdge Day Pack","Hiking","WildEdge",79.98,79.98,12,4,60,48,66,85.42
"SKU-0044","TerraFirm Thermal Hoodie","Apparel","TerraFirm",154.05,154.05,1,54,119,54,771,165.76
"SKU-0044","TerraFirm Thermal Hoodie","Apparel","TerraFirm",154.05,154.05,2,65,119,119,840,159.8
"SKU-0044","TerraFirm Thermal Hoodie","Apparel","TerraFirm",154.05,154.05,3,0,119,119,580,158.4
"SKU-0044","TerraFirm Thermal Hoodie","Apparel","TerraFirm",154.05,154.05,4,0,119,119,659,159.89
"SKU-0044","TerraFirm Thermal Hoodie","Apparel","TerraFirm",154.05,154.05,5,0,119,119,572,161.75
"SKU-0044","TerraFirm Thermal Hoodie","Apparel","TerraFirm",154.05,154.05,6,0,119,119,469,157.7
"SKU-0044","TerraFirm Thermal Hoodie","Apparel","TerraFirm",154.05,154.05,7,0,119,119,632,157.92
"SKU-0044","TerraFirm Thermal Hoodie","Apparel","TerraFirm",154.05,154.05,8,0,119,119,556,157.71
"SKU-0044","TerraFirm Thermal Hoodie","Apparel","TerraFirm",154.05,154.05,9,0,119,119,580,160.86
"SKU-0044","TerraFirm Thermal Hoodie","Apparel","TerraFirm",154.05,154.05,10,0,119,119,386,166.67
"SKU-0044","TerraFirm Thermal Hoodie","Apparel","TerraFirm",154.05,154.05,11,0,119,119,330,156.5
"SKU-0044","TerraFirm Thermal Hoodie","Apparel","TerraFirm",154.05,154.05,12,0,119,119,526,161.29
"SKU-0045","AlpineCore Cooler","Camping","AlpineCore",270.67,270.67,1,10,91,10,236,284.7
"SKU-0045","AlpineCore Cooler","Camping","AlpineCore",270.67,270.67,2,14,91,24,215,290.65
"SKU-0045","AlpineCore Cooler","Camping","AlpineCore",270.67,270.67,3,9,91,33,120,300.45
"SKU-0045","AlpineCore Cooler","Camping","AlpineCore",270.67,270.67,4,11,91,44,235,298.51
"SKU-0045","AlpineCore Cooler","Camping","AlpineCore",270.67,270.67,5,13,91,57,314,288.42
"SKU-0045","AlpineCore Cooler","Camping","AlpineCore",270.67,270.67,6,11,91,68,150,275.41
"SKU-0045","AlpineCore Cooler","Camping","AlpineCore",270.67,270.67,7,8,91,76,140,275.88
"SKU-0045","AlpineCore Cooler","Camping","AlpineCore",270.67,270.67,8,9,91,85,215,284.12
"SKU-0045","AlpineCore Cooler","Camping","AlpineCore",270.67,270.67,9,6,91,91,191,279.91
"SKU-0045","AlpineCore Cooler","Camping","AlpineCore",270.67,270.67,10,0,91,91,155,303.36
"SKU-0045","AlpineCore Cooler","Camping","AlpineCore",270.67,270.67,11,0,91,91,185,294.58
"SKU-0045","AlpineCore Cooler","Camping","AlpineCore",270.67,270.67,12,0,91,91,170,298.66
"SKU-0046","TerraFirm Cargo Pants","Apparel","TerraFirm",219.81,219.81,1,5,73,5,111,202.64
"SKU-0046","TerraFirm Cargo Pants","Apparel","TerraFirm",219.81,219.81,2,9,73,14,190,206.13
"SKU-0046","TerraFirm Cargo Pants","Apparel","TerraFirm",219.81,219.81,3,9,73,23,190,201.82
"SKU-0046","TerraFirm Cargo Pants","Apparel","TerraFirm",219.81,140.2,4,21,73,44,171,214.14
"SKU-0046","TerraFirm Cargo Pants","Apparel","TerraFirm",219.81,140.2,5,16,73,60,177,205.19
"SKU-0046","TerraFirm Cargo Pants","Apparel","TerraFirm",219.81,140.2,6,13,73,73,81,209.68
"SKU-0046","TerraFirm Cargo Pants","Apparel","TerraFirm",219.81,140.2,7,0,73,73,146,204.55
"SKU-0046","TerraFirm Cargo Pants","Apparel","TerraFirm",219.81,140.2,8,0,73,73,167,201.33
"SKU-0046","TerraFirm Cargo Pants","Apparel","TerraFirm",219.81,140.2,9,0,73,73,123,202.09
"SKU-0046","TerraFirm Cargo Pants","Apparel","TerraFirm",219.81,140.2,10,0,73,73,98,220.2
"SKU-0046","TerraFirm Cargo Pants","Apparel","TerraFirm",219.81,140.2,11,0,73,73,119,206.31
"SKU-0046","TerraFirm Cargo Pants","Apparel","TerraFirm",219.81,140.2,12,0,73,73,74,223.81
"SKU-0047","AlpineCore Water Filter","Hiking","AlpineCore",180.67,180.67,1,9,110,9,135,174.09
"SKU-0047","AlpineCore Water Filter","Hiking","AlpineCore",180.67,180.67,2,9,110,18,113,185.73
"SKU-0047","AlpineCore Water Filter","Hiking","AlpineCore",180.67,180.67,3,11,110,29,192,175.11
"SKU-0047","AlpineCore Water Filter","Hiking","AlpineCore",180.67,180.67,4,11,110,40,249,174.47
"SKU-0047","AlpineCore Water Filter","Hiking","AlpineCore",180.67,129.59,5,13,110,53,206,180.51
"SKU-0047","AlpineCore Water Filter","Hiking","AlpineCore",180.67,129.59,6,15,110,68,236,187.08
"SKU-0047","AlpineCore Water Filter","Hiking","AlpineCore",180.67,129.59,7,12,110,80,123,180.29
"SKU-0047","AlpineCore Water Filter","Hiking","AlpineCore",180.67,129.59,8,11,110,91,145,183.26
"SKU-0047","AlpineCore Water Filter","Hiking","AlpineCore",180.67,129.59,9,16,110,107,208,178.48
"SKU-0047","AlpineCore Water Filter","Hiking","AlpineCore",180.67,129.59,10,3,110,110,136,178.32
"SKU-0047","AlpineCore Water Filter","Hiking","AlpineCore",180.67,129.59,11,0,110,110,178,181.19
"SKU-0047","AlpineCore Water Filter","Hiking","AlpineCore",180.67,129.59,12,0,110,110,140,183.53
"SKU-0048","PeakGear Sun Hat","Apparel","PeakGear",170.89,170.89,1,7,59,7,193,153.87
"SKU-0048","PeakGear Sun Hat","Apparel","PeakGear",170.89,170.89,2,6,59,13,127,149.2
"SKU-0048","PeakGear Sun Hat","Apparel","PeakGear",170.89,170.89,3,7,59,20,118,154.49
"SKU-0048","PeakGear Sun Hat","Apparel","PeakGear",170.89,170.89,4,11,59,31,143,153.48
"SKU-0048","PeakGear Sun Hat","Apparel","PeakGear",170.89,170.89,5,8,59,39,219,148.57
"SKU-0048","PeakGear Sun Hat","Apparel","PeakGear",170.89,170.89,6,11,59,50,200,151.38
"SKU-0048","PeakGear Sun Hat","Apparel","PeakGear",170.89,170.89,7,9,59,59,112,146.59
"SKU-0048","PeakGear Sun Hat","Apparel","PeakGear",170.89,170.89,8,0,59,59,157,144.07
"SKU-0048","PeakGear Sun Hat","Apparel","PeakGear",170.89,170.89,9,0,59,59,194,146.68
"SKU-0048","PeakGear Sun Hat","Apparel","PeakGear",170.89,170.89,10,0,59,59,148,149.12
"SKU-0048","PeakGear Sun Hat","Apparel","PeakGear",170.89,170.89,11,0,59,59,154,150.3
"SKU-0048","PeakGear Sun Hat","Apparel","PeakGear",170.89,170.89,12,0,59,59,90,160.37
"SKU-0049","TrailBlaze Neck Gaiter","Accessories","TrailBlaze",110.31,110.31,1,2,33,2,25,114.94
"SKU-0049","TrailBlaze Neck Gaiter","Accessories","TrailBlaze",110.31,110.31,2,3,33,5,57,117.34
"SKU-0049","TrailBlaze Neck Gaiter","Accessories","TrailBlaze",110.31,110.31,3,5,33,10,71,118.7
"SKU-0049","TrailBlaze Neck Gaiter","Accessories","TrailBlaze",110.31,110.31,4,3,33,13,59,120.29
"SKU-0049","TrailBlaze Neck Gaiter","Accessories","TrailBlaze",110.31,110.31,5,4,33,17,56,119.49
"SKU-0049","TrailBlaze Neck Gaiter","Accessories","TrailBlaze",110.31,110.31,6,3,33,20,52,116.94
"SKU-0049","TrailBlaze Neck Gaiter","Accessories","TrailBlaze",110.31,94.12,7,2,33,22,84,124.25
"SKU-0049","TrailBlaze Neck Gaiter","Accessories","TrailBlaze",110.31,94.12,8,1,33,23,77,112.37
"SKU-0049","TrailBlaze Neck Gaiter","Accessories","TrailBlaze",110.31,94.12,9,3,33,26,104,115.03
"SKU-0049","TrailBlaze Neck Gaiter","Accessories","TrailBlaze",110.31,94.12,10,5,33,31,65,113.47
"SKU-0049","TrailBlaze Neck Gaiter","Accessories","TrailBlaze",110.31,94.12,11,0,33,31,37,115.37
"SKU-0049","TrailBlaze Neck Gaiter","Accessories","TrailBlaze",110.31,94.12,12,2,33,33,40,113.67
"SKU-0050","OuterBound Thermal Hoodie","Apparel","OuterBound",187.34,187.34,1,7,86,7,190,209.86
"SKU-0050","OuterBound Thermal Hoodie","Apparel","OuterBound",187.34,187.34,2,11,86,18,135,201.43
"SKU-0050","OuterBound Thermal Hoodie","Apparel","OuterBound",187.34,187.34,3,12,86,30,155,205.59
"SKU-0050","OuterBound Thermal Hoodie","Apparel","OuterBound",187.34,187.34,4,9,86,39,152,196.69
"SKU-0050","OuterBound Thermal Hoodie","Apparel","OuterBound",187.34,187.34,5,9,86,48,235,203.41
"SKU-0050","OuterBound Thermal Hoodie","Apparel","OuterBound",187.34,187.34,6,11,86,59,186,199.57
"SKU-0050","OuterBound Thermal Hoodie","Apparel","OuterBound",187.34,187.34,7,9,86,68,253,186.29
"SKU-0050","OuterBound Thermal Hoodie","Apparel","OuterBound",187.34,187.34,8,9,86,77,211,203.53
"SKU-0050","OuterBound Thermal Hoodie","Apparel","OuterBound",187.34,187.34,9,9,86,86,183,186.95
"SKU-0050","OuterBound Thermal Hoodie","Apparel","OuterBound",187.34,187.34,10,0,86,86,131,209.42
"SKU-0050","OuterBound Thermal Hoodie","Apparel","OuterBound",187.34,187.34,11,0,86,86,200,190.06
"SKU-0050","OuterBound Thermal Hoodie","Apparel","OuterBound",187.34,187.34,12,0,86,86,53,201.71
"SKU-0051","TrailBlaze Trail Shoes","Hiking","TrailBlaze",148.92,148.92,1,4,105,4,86,148.08
"SKU-0051","TrailBlaze Trail Shoes","Hiking","TrailBlaze",148.92,148.92,2,2,105,6,88,142.55
"SKU-0051","TrailBlaze Trail Shoes","Hiking","TrailBlaze",148.92,148.92,3,2,105,8,62,151.64
"SKU-0051","TrailBlaze Trail Shoes","Hiking","TrailBlaze",148.92,148.92,4,4,105,12,61,145.84
"SKU-0051","TrailBlaze Trail Shoes","Hiking","TrailBlaze",148.92,94.66,5,6,105,18,111,150.12
"SKU-0051","TrailBlaze Trail Shoes","Hiking","TrailBlaze",148.92,94.66,6,5,105,23,62,148.07
"SKU-0051","TrailBlaze Trail Shoes","Hiking","TrailBlaze",148.92,94.66,7,7,105,30,73,143.78
"SKU-0051","TrailBlaze Trail Shoes","Hiking","TrailBlaze",148.92,94.66,8,5,105,35,102,147.19
"SKU-0051","TrailBlaze Trail Shoes","Hiking","TrailBlaze",148.92,94.66,9,8,105,43,116,146.32
"SKU-0051","TrailBlaze Trail Shoes","Hiking","TrailBlaze",148.92,94.66,10,5,105,48,91,153.44
"SKU-0051","TrailBlaze Trail Shoes","Hiking","TrailBlaze",148.92,94.66,11,3,105,51,49,145.69
"SKU-0051","TrailBlaze Trail Shoes","Hiking","TrailBlaze",148.92,94.66,12,5,105,56,52,148.99
"SKU-0052","OuterBound Gaiters","Hiking","OuterBound",107.59,107.59,1,8,104,8,205,97.66
"SKU-0052","OuterBound Gaiters","Hiking","OuterBound",107.59,107.59,2,10,104,18,208,97.58
"SKU-0052","OuterBound Gaiters","Hiking","OuterBound",107.59,107.59,3,11,104,29,249,94.46
"SKU-0052","OuterBound Gaiters","Hiking","OuterBound",107.59,64.62,4,23,104,52,315,96.11
"SKU-0052","OuterBound Gaiters","Hiking","OuterBound",107.59,64.62,5,18,104,70,220,95.44
"SKU-0052","OuterBound Gaiters","Hiking","OuterBound",107.59,64.62,6,21,104,91,209,99.81
"SKU-0052","OuterBound Gaiters","Hiking","OuterBound",107.59,64.62,7,13,104,104,150,102.2
"SKU-0052","OuterBound Gaiters","Hiking","OuterBound",107.59,64.62,8,0,104,104,139,95.95
"SKU-0052","OuterBound Gaiters","Hiking","OuterBound",107.59,64.62,9,0,104,104,172,97.53
"SKU-0052","OuterBound Gaiters","Hiking","OuterBound",107.59,64.62,10,0,104,104,105,98.71
"SKU-0052","OuterBound Gaiters","Hiking","OuterBound",107.59,64.62,11,0,104,104,93,91.56
"SKU-0052","OuterBound Gaiters","Hiking","OuterBound",107.59,64.62,12,0,104,104,92,100.92
"SKU-0053","PeakGear Hydration Pack","Hiking","PeakGear",122.32,122.32,1,6,81,6,123,119.35
"SKU-0053","PeakGear Hydration Pack","Hiking","PeakGear",122.32,122.32,2,9,81,15,117,123.59
"SKU-0053","PeakGear Hydration Pack","Hiking","PeakGear",122.32,122.32,3,7,81,22,134,119.52
"SKU-0053","PeakGear Hydration Pack","Hiking","PeakGear",122.32,122.32,4,10,81,32,170,114.71
"SKU-0053","PeakGear Hydration Pack","Hiking","PeakGear",122.32,122.32,5,9,81,41,174,120.24
"SKU-0053","PeakGear Hydration Pack","Hiking","PeakGear",122.32,122.32,6,8,81,49,111,124.84
"SKU-0053","PeakGear Hydration Pack","Hiking","PeakGear",122.32,98.45,7,9,81,58,219,124.22
"SKU-0053","PeakGear Hydration Pack","Hiking","PeakGear",122.32,98.45,8,12,81,70,189,121.7
"SKU-0053","PeakGear Hydration Pack","Hiking","PeakGear",122.32,98.45,9,11,81,81,130,122.25
"SKU-0053","PeakGear Hydration Pack","Hiking","PeakGear",122.32,98.45,10,0,81,81,76,118.35
"SKU-0053","PeakGear Hydration Pack","Hiking","PeakGear",122.32,98.45,11,0,81,81,115,117.86
"SKU-0053","PeakGear Hydration Pack","Hiking","PeakGear",122.32,98.45,12,0,81,81,118,122.18
"SKU-0054","BaseCamp Rain Jacket II","Apparel","BaseCamp",112.33,112.33,1,12,113,12,170,101.8
"SKU-0054","BaseCamp Rain Jacket II","Apparel","BaseCamp",112.33,112.33,2,14,113,26,249,101.28
"SKU-0054","BaseCamp Rain Jacket II","Apparel","BaseCamp",112.33,68.5,3,46,113,72,346,102.4
"SKU-0054","BaseCamp Rain Jacket II","Apparel","BaseCamp",112.33,68.5,4,41,113,113,380,95.76
"SKU-0054","BaseCamp Rain Jacket II","Apparel","BaseCamp",112.33,68.5,5,0,113,113,344,98.18
"SKU-0054","BaseCamp Rain Jacket II","Apparel","BaseCamp",112.33,68.5,6,0,113,113,353,96.94
"SKU-0054","BaseCamp Rain Jacket II","Apparel","BaseCamp",112.33,68.5,7,0,113,113,258,100.75
"SKU-0054","BaseCamp Rain Jacket II","Apparel","BaseCamp",112.33,68.5,8,0,113,113,331,101.85
"SKU-0054","BaseCamp Rain Jacket II","Apparel","BaseCamp",112.33,68.5,9,0,113,113,350,99.63
"SKU-0054","BaseCamp Rain Jacket II","Apparel","BaseCamp",112.33,68.5,10,0,113,113,305,97.92
"SKU-0054","BaseCamp Rain Jacket II","Apparel","BaseCamp",112.33,68.5,11,0,113,113,208,103.24
"SKU-0054","BaseCamp Rain Jacket II","Apparel","BaseCamp",112.33,68.5,12,0,113,113,208,94.65
"SKU-0055","PeakGear Sunglasses","Accessories","PeakGear",114.54,114.54,1,10,100,10,196,129.74
"SKU-0055","PeakGear Sunglasses","Accessories","PeakGear",114.54,114.54,2,10,100,20,239,122.45
"SKU-0055","PeakGear Sunglasses","Accessories","PeakGear",114.54,114.54,3,11,100,31,210,121.07
"SKU-0055","PeakGear Sunglasses","Accessories","PeakGear",114.54,114.54,4,9,100,40,217,127.68
"SKU-0055","PeakGear Sunglasses","Accessories","PeakGear",114.54,114.54,5,12,100,52,239,119.65
"SKU-0055","PeakGear Sunglasses","Accessories","PeakGear",114.54,101.58,6,13,100,65,249,133.2
"SKU-0055","PeakGear Sunglasses","Accessories","PeakGear",114.54,101.58,7,11,100,76,145,128.78
"SKU-0055","PeakGear Sunglasses","Accessories","PeakGear",114.54,101.58,8,10,100,86,133,125.76
"SKU-0055","PeakGear Sunglasses","Accessories","PeakGear",114.54,101.58,9,6,100,92,231,132.59
"SKU-0055","PeakGear Sunglasses","Accessories","PeakGear",114.54,101.58,10,8,100,100,95,125.64
"SKU-0055","PeakGear Sunglasses","Accessories","PeakGear",114.54,101.58,11,0,100,100,92,126.46
"SKU-0055","PeakGear Sunglasses","Accessories","PeakGear",114.54,101.58,12,0,100,100,77,129.57
"SKU-0056","WildEdge Day Pack II","Hiking","WildEdge",256.38,256.38,1,11,70,11,272,256.37
"SKU-0056","WildEdge Day Pack II","Hiking","WildEdge",256.38,256.38,2,17,70,28,304,268.11
"SKU-0056","WildEdge Day Pack II","Hiking","WildEdge",256.38,256.38,3,17,70,45,284,276.33
"SKU-0056","WildEdge Day Pack II","Hiking","WildEdge",256.38,256.38,4,17,70,62,260,263.73
"SKU-0056","WildEdge Day Pack II","Hiking","WildEdge",256.38,256.38,5,8,70,70,290,276.66
"SKU-0056","WildEdge Day Pack II","Hiking","WildEdge",256.38,208.65,6,0,70,70,327,276.81
"SKU-0056","WildEdge Day Pack II","Hiking","WildEdge",256.38,208.65,7,0,70,70,159,257.95
"SKU-0056","WildEdge Day Pack II","Hiking","WildEdge",256.38,208.65,8,0,70,70,177,269.24
"SKU-0056","WildEdge Day Pack II","Hiking","WildEdge",256.38,208.65,9,0,70,70,209,269.47
"SKU-0056","WildEdge Day Pack II","Hiking","WildEdge",256.38,208.65,10,0,70,70,208,270.58
"SKU-0056","WildEdge Day Pack II","Hiking","WildEdge",256.38,208.65,11,0,70,70,143,282.95
"SKU-0056","WildEdge Day Pack II","Hiking","WildEdge",256.38,208.65,12,0,70,70,225,276.4
"SKU-0057","TerraFirm Thermal Hoodie II","Apparel","TerraFirm",230.74,230.74,1,13,86,13,237,200.82
"SKU-0057","TerraFirm Thermal Hoodie II","Apparel","TerraFirm",230.74,230.74,2,13,86,26,256,193.83
"SKU-0057","TerraFirm Thermal Hoodie II","Apparel","TerraFirm",230.74,230.74,3,14,86,40,213,201.37
"SKU-0057","TerraFirm Thermal Hoodie II","Apparel","TerraFirm",230.74,230.74,4,15,86,55,188,191.84
"SKU-0057","TerraFirm Thermal Hoodie II","Apparel","TerraFirm",230.74,230.74,5,14,86,69,255,200.13
"SKU-0057","TerraFirm Thermal Hoodie II","Apparel","TerraFirm",230.74,230.74,6,14,86,83,184,213.14
"SKU-0057","TerraFirm Thermal Hoodie II","Apparel","TerraFirm",230.74,230.74,7,3,86,86,271,197.95
"SKU-0057","TerraFirm Thermal Hoodie II","Apparel","TerraFirm",230.74,230.74,8,0,86,86,225,199.34
"SKU-0057","TerraFirm Thermal Hoodie II","Apparel","TerraFirm",230.74,230.74,9,0,86,86,231,195.81
"SKU-0057","TerraFirm Thermal Hoodie II","Apparel","TerraFirm",230.74,230.74,10,0,86,86,152,194.71
"SKU-0057","TerraFirm Thermal Hoodie II","Apparel","TerraFirm",230.74,230.74,11,0,86,86,209,197.43
"SKU-0057","TerraFirm Thermal Hoodie II","Apparel","TerraFirm",230.74,230.74,12,0,86,86,173,202.14
"SKU-0058","TrailBlaze Hiking Shorts","Apparel","TrailBlaze",222.28,222.28,1,2,38,2,118,230.1
"SKU-0058","TrailBlaze Hiking Shorts","Apparel","TrailBlaze",222.28,222.28,2,1,38,3,152,234.19
"SKU-0058","TrailBlaze Hiking Shorts","Apparel","TrailBlaze",222.28,222.28,3,9,38,12,157,228.42
"SKU-0058","TrailBlaze Hiking Shorts","Apparel","TrailBlaze",222.28,222.28,4,6,38,18,151,243.16
"SKU-0058","TrailBlaze Hiking Shorts","Apparel","TrailBlaze",222.28,222.28,5,9,38,27,138,225.53
"SKU-0058","TrailBlaze Hiking Shorts","Apparel","TrailBlaze",222.28,193.77,6,7,38,34,109,242.35
"SKU-0058","TrailBlaze Hiking Shorts","Apparel","TrailBlaze",222.28,193.77,7,4,38,38,229,228.04
"SKU-0058","TrailBlaze Hiking Shorts","Apparel","TrailBlaze",222.28,193.77,8,0,38,38,139,230.98
"SKU-0058","TrailBlaze Hiking Shorts","Apparel","TrailBlaze",222.28,193.77,9,0,38,38,148,241.44
"SKU-0058","TrailBlaze Hiking Shorts","Apparel","TrailBlaze",222.28,193.77,10,0,38,38,89,229.65
"SKU-0058","TrailBlaze Hiking Shorts","Apparel","TrailBlaze",222.28,193.77,11,0,38,38,105,233.5
"SKU-0058","TrailBlaze Hiking Shorts","Apparel","TrailBlaze",222.28,193.77,12,0,38,38,83,245.4
"SKU-0059","AlpineCore Stove","Camping","AlpineCore",53.86,53.86,1,9,105,9,216,56.66
"SKU-0059","AlpineCore Stove","Camping","AlpineCore",53.86,53.86,2,12,105,21,177,54.45
"SKU-0059","AlpineCore Stove","Camping","AlpineCore",53.86,53.86,3,14,105,35,232,57.17
"SKU-0059","AlpineCore Stove","Camping","AlpineCore",53.86,53.86,4,17,105,52,310,58.3
"SKU-0059","AlpineCore Stove","Camping","AlpineCore",53.86,44.56,5,18,105,70,284,57.13
"SKU-0059","AlpineCore Stove","Camping","AlpineCore",53.86,44.56,6,14,105,84,149,52.48
"SKU-0059","AlpineCore Stove","Camping","AlpineCore",53.86,44.56,7,15,105,99,236,56.44
"SKU-0059","AlpineCore Stove","Camping","AlpineCore",53.86,44.56,8,6,105,105,189,53.77
"SKU-0059","AlpineCore Stove","Camping","AlpineCore",53.86,44.56,9,0,105,105,192,53.88
"SKU-0059","AlpineCore Stove","Camping","AlpineCore",53.86,44.56,10,0,105,105,149,54.22
"SKU-0059","AlpineCore Stove","Camping","AlpineCore",53.86,44.56,11,0,105,105,112,57.72
"SKU-0059","AlpineCore Stove","Camping","AlpineCore",53.86,44.56,12,0,105,105,78,57.14
"SKU-0060","BaseCamp Cooler","Camping","BaseCamp",289.27,289.27,1,6,38,6,78,241.3
"SKU-0060","BaseCamp Cooler","Camping","BaseCamp",289.27,289.27,2,4,38,10,91,265.02
"SKU-0060","BaseCamp Cooler","Camping","BaseCamp",289.27,289.27,3,1,38,11,57,266
"SKU-0060","BaseCamp Cooler","Camping","BaseCamp",289.27,289.27,4,4,38,15,70,266.21
"SKU-0060","BaseCamp Cooler","Camping","BaseCamp",289.27,222.09,5,5,38,20,99,245.3
"SKU-0060","BaseCamp Cooler","Camping","BaseCamp",289.27,222.09,6,1,38,21,34,262.56
"SKU-0060","BaseCamp Cooler","Camping","BaseCamp",289.27,222.09,7,5,38,26,63,272.42
"SKU-0060","BaseCamp Cooler","Camping","BaseCamp",289.27,222.09,8,3,38,29,94,253.93
"SKU-0060","BaseCamp Cooler","Camping","BaseCamp",289.27,222.09,9,5,38,34,22,259
"SKU-0060","BaseCamp Cooler","Camping","BaseCamp",289.27,222.09,10,2,38,36,20,272.42
"SKU-0060","BaseCamp Cooler","Camping","BaseCamp",289.27,222.09,11,2,38,38,73,262.84
"SKU-0060","BaseCamp Cooler","Camping","BaseCamp",289.27,222.09,12,0,38,38,37,257.39
"SKU-0061","AlpineCore Gaiters","Hiking","AlpineCore",298.68,298.68,1,2,109,2,135,264.15
"SKU-0061","AlpineCore Gaiters","Hiking","AlpineCore",298.68,298.68,2,5,109,7,48,286.59
"SKU-0061","AlpineCore Gaiters","Hiking","AlpineCore",298.68,298.68,3,7,109,14,80,270.42
"SKU-0061","AlpineCore Gaiters","Hiking","AlpineCore",298.68,298.68,4,8,109,22,120,289.48
"SKU-0061","AlpineCore Gaiters","Hiking","AlpineCore",298.68,298.68,5,8,109,30,152,270.93
"SKU-0061","AlpineCore Gaiters","Hiking","AlpineCore",298.68,265.02,6,9,109,39,127,271.35
"SKU-0061","AlpineCore Gaiters","Hiking","AlpineCore",298.68,265.02,7,6,109,45,167,284.69
"SKU-0061","AlpineCore Gaiters","Hiking","AlpineCore",298.68,265.02,8,8,109,53,108,279.78
"SKU-0061","AlpineCore Gaiters","Hiking","AlpineCore",298.68,265.02,9,6,109,59,90,287.72
"SKU-0061","AlpineCore Gaiters","Hiking","AlpineCore",298.68,265.02,10,2,109,61,53,271.22
"SKU-0061","AlpineCore Gaiters","Hiking","AlpineCore",298.68,265.02,11,5,109,66,97,272.52
"SKU-0061","AlpineCore Gaiters","Hiking","AlpineCore",298.68,265.02,12,5,109,71,62,294.33
"SKU-0062","SummitPro Stove","Camping","SummitPro",102.8,102.8,1,3,53,3,48,104.91
"SKU-0062","SummitPro Stove","Camping","SummitPro",102.8,102.8,2,2,53,5,120,104.01
"SKU-0062","SummitPro Stove","Camping","SummitPro",102.8,102.8,3,4,53,9,48,107.08
"SKU-0062","SummitPro Stove","Camping","SummitPro",102.8,102.8,4,5,53,14,95,105
"SKU-0062","SummitPro Stove","Camping","SummitPro",102.8,102.8,5,3,53,17,71,104.47
"SKU-0062","SummitPro Stove","Camping","SummitPro",102.8,102.8,6,1,53,18,56,102.34
"SKU-0062","SummitPro Stove","Camping","SummitPro",102.8,102.8,7,2,53,20,69,106.79
"SKU-0062","SummitPro Stove","Camping","SummitPro",102.8,102.8,8,5,53,25,77,97.96
"SKU-0062","SummitPro Stove","Camping","SummitPro",102.8,102.8,9,3,53,28,56,103.77
"SKU-0062","SummitPro Stove","Camping","SummitPro",102.8,102.8,10,0,53,28,71,106.27
"SKU-0062","SummitPro Stove","Camping","SummitPro",102.8,102.8,11,4,53,32,59,101.35
"SKU-0062","SummitPro Stove","Camping","SummitPro",102.8,102.8,12,5,53,37,75,107.51
"SKU-0063","BaseCamp Cooler II","Camping","BaseCamp",156.62,156.62,1,8,73,8,191,146.49
"SKU-0063","BaseCamp Cooler II","Camping","BaseCamp",156.62,156.62,2,13,73,21,288,130.32
"SKU-0063","BaseCamp Cooler II","Camping","BaseCamp",156.62,156.62,3,13,73,34,272,137.55
"SKU-0063","BaseCamp Cooler II","Camping","BaseCamp",156.62,156.62,4,14,73,48,256,144.13
"SKU-0063","BaseCamp Cooler II","Camping","BaseCamp",156.62,156.62,5,12,73,60,281,140.16
"SKU-0063","BaseCamp Cooler II","Camping","BaseCamp",156.62,156.62,6,12,73,72,152,139.58
"SKU-0063","BaseCamp Cooler II","Camping","BaseCamp",156.62,156.62,7,1,73,73,195,139.61
"SKU-0063","BaseCamp Cooler II","Camping","BaseCamp",156.62,156.62,8,0,73,73,137,142.93
"SKU-0063","BaseCamp Cooler II","Camping","BaseCamp",156.62,156.62,9,0,73,73,163,130.99
"SKU-0063","BaseCamp Cooler II","Camping","BaseCamp",156.62,156.62,10,0,73,73,193,138.3
"SKU-0063","BaseCamp Cooler II","Camping","BaseCamp",156.62,156.62,11,0,73,73,158,148.15
"SKU-0063","BaseCamp Cooler II","Camping","BaseCamp",156.62,156.62,12,0,73,73,100,134.97
"SKU-0064","SummitPro GPS Watch II","Hiking","SummitPro",217.71,217.71,1,3,55,3,88,190.99
"SKU-0064","SummitPro GPS Watch II","Hiking","SummitPro",217.71,217.71,2,6,55,9,177,212.91
"SKU-0064","SummitPro GPS Watch II","Hiking","SummitPro",217.71,217.71,3,6,55,15,117,197.97
"SKU-0064","SummitPro GPS Watch II","Hiking","SummitPro",217.71,217.71,4,9,55,24,177,185.23
"SKU-0064","SummitPro GPS Watch II","Hiking","SummitPro",217.71,217.71,5,6,55,30,195,204.24
"SKU-0064","SummitPro GPS Watch II","Hiking","SummitPro",217.71,217.71,6,9,55,39,180,194.31
"SKU-0064","SummitPro GPS Watch II","Hiking","SummitPro",217.71,174.49,7,7,55,46,179,190.62
"SKU-0064","SummitPro GPS Watch II","Hiking","SummitPro",217.71,174.49,8,7,55,53,90,193.7
"SKU-0064","SummitPro GPS Watch II","Hiking","SummitPro",217.71,174.49,9,2,55,55,144,178.44
"SKU-0064","SummitPro GPS Watch II","Hiking","SummitPro",217.71,174.49,10,0,55,55,136,201.69
"SKU-0064","SummitPro GPS Watch II","Hiking","SummitPro",217.71,174.49,11,0,55,55,68,192.87
"SKU-0064","SummitPro GPS Watch II","Hiking","SummitPro",217.71,174.49,12,0,55,55,124,207.68
"SKU-0065","TerraFirm Headlamp II","Hiking","TerraFirm",134.46,134.46,1,27,95,27,498,122.55
"SKU-0065","TerraFirm Headlamp II","Hiking","TerraFirm",134.46,134.46,2,36,95,63,562,128.21
"SKU-0065","TerraFirm Headlamp II","Hiking","TerraFirm",134.46,134.46,3,30,95,93,352,115.2
"SKU-0065","TerraFirm Headlamp II","Hiking","TerraFirm",134.46,134.46,4,2,95,95,519,128.35
"SKU-0065","TerraFirm Headlamp II","Hiking","TerraFirm",134.46,134.46,5,0,95,95,522,124.66
"SKU-0065","TerraFirm Headlamp II","Hiking","TerraFirm",134.46,108.98,6,0,95,95,525,128.36
"SKU-0065","TerraFirm Headlamp II","Hiking","TerraFirm",134.46,108.98,7,0,95,95,306,125.14
"SKU-0065","TerraFirm Headlamp II","Hiking","TerraFirm",134.46,108.98,8,0,95,95,570,123.61
"SKU-0065","TerraFirm Headlamp II","Hiking","TerraFirm",134.46,108.98,9,0,95,95,565,122.7
"SKU-0065","TerraFirm Headlamp II","Hiking","TerraFirm",134.46,108.98,10,0,95,95,285,128.84
"SKU-0065","TerraFirm Headlamp II","Hiking","TerraFirm",134.46,108.98,11,0,95,95,349,122.74
"SKU-0065","TerraFirm Headlamp II","Hiking","TerraFirm",134.46,108.98,12,0,95,95,209,134.56
"SKU-0066","TrailBlaze Mattress Pad","Camping","TrailBlaze",223.95,223.95,1,0,57,0,28,249.52
"SKU-0066","TrailBlaze Mattress Pad","Camping","TrailBlaze",223.95,223.95,2,2,57,2,25,257.32
"SKU-0066","TrailBlaze Mattress Pad","Camping","TrailBlaze",223.95,223.95,3,3,57,5,69,276
"SKU-0066","TrailBlaze Mattress Pad","Camping","TrailBlaze",223.95,223.95,4,0,57,5,75,249.93
"SKU-0066","TrailBlaze Mattress Pad","Camping","TrailBlaze",223.95,223.95,5,5,57,10,44,245.22
"SKU-0066","TrailBlaze Mattress Pad","Camping","TrailBlaze",223.95,223.95,6,1,57,11,42,255.47
"SKU-0066","TrailBlaze Mattress Pad","Camping","TrailBlaze",223.95,223.95,7,4,57,15,74,259.24
"SKU-0066","TrailBlaze Mattress Pad","Camping","TrailBlaze",223.95,223.95,8,4,57,19,39,248.38
"SKU-0066","TrailBlaze Mattress Pad","Camping","TrailBlaze",223.95,223.95,9,1,57,20,38,244.56
"SKU-0066","TrailBlaze Mattress Pad","Camping","TrailBlaze",223.95,223.95,10,0,57,20,29,262.89
"SKU-0066","TrailBlaze Mattress Pad","Camping","TrailBlaze",223.95,223.95,11,1,57,21,71,247.8
"SKU-0066","TrailBlaze Mattress Pad","Camping","TrailBlaze",223.95,223.95,12,4,57,25,20,261.76
"SKU-0067","TrailBlaze Gaiters","Hiking","TrailBlaze",260.26,260.26,1,11,119,11,163,277.65
"SKU-0067","TrailBlaze Gaiters","Hiking","TrailBlaze",260.26,260.26,2,12,119,23,245,264.84
"SKU-0067","TrailBlaze Gaiters","Hiking","TrailBlaze",260.26,260.26,3,16,119,39,297,252.28
"SKU-0067","TrailBlaze Gaiters","Hiking","TrailBlaze",260.26,160.43,4,27,119,66,280,258.02
"SKU-0067","TrailBlaze Gaiters","Hiking","TrailBlaze",260.26,160.43,5,16,119,82,145,267.8
"SKU-0067","TrailBlaze Gaiters","Hiking","TrailBlaze",260.26,160.43,6,20,119,102,221,268.72
"SKU-0067","TrailBlaze Gaiters","Hiking","TrailBlaze",260.26,160.43,7,17,119,119,170,248.72
"SKU-0067","TrailBlaze Gaiters","Hiking","TrailBlaze",260.26,160.43,8,0,119,119,235,255.33
"SKU-0067","TrailBlaze Gaiters","Hiking","TrailBlaze",260.26,160.43,9,0,119,119,128,261
"SKU-0067","TrailBlaze Gaiters","Hiking","TrailBlaze",260.26,160.43,10,0,119,119,177,242.77
"SKU-0067","TrailBlaze Gaiters","Hiking","TrailBlaze",260.26,160.43,11,0,119,119,214,257.6
"SKU-0067","TrailBlaze Gaiters","Hiking","TrailBlaze",260.26,160.43,12,0,119,119,176,250.95
"SKU-0068","WildEdge Sleeping Bag","Camping","WildEdge",124.88,124.88,1,8,84,8,162,119.95
"SKU-0068","WildEdge Sleeping Bag","Camping","WildEdge",124.88,124.88,2,3,84,11,174,119.09
"SKU-0068","WildEdge Sleeping Bag","Camping","WildEdge",124.88,124.88,3,9,84,20,201,124.6
"SKU-0068","WildEdge Sleeping Bag","Camping","WildEdge",124.88,124.88,4,8,84,28,187,123.05
"SKU-0068","WildEdge Sleeping Bag","Camping","WildEdge",124.88,124.88,5,6,84,34,106,116.34
"SKU-0068","WildEdge Sleeping Bag","Camping","WildEdge",124.88,124.88,6,10,84,44,148,118.86
"SKU-0068","WildEdge Sleeping Bag","Camping","WildEdge",124.88,124.88,7,10,84,54,210,124.55
"SKU-0068","WildEdge Sleeping Bag","Camping","WildEdge",124.88,124.88,8,9,84,63,242,119.31
"SKU-0068","WildEdge Sleeping Bag","Camping","WildEdge",124.88,124.88,9,9,84,72,126,114.49
"SKU-0068","WildEdge Sleeping Bag","Camping","WildEdge",124.88,124.88,10,5,84,77,113,117.18
"SKU-0068","WildEdge Sleeping Bag","Camping","WildEdge",124.88,124.88,11,4,84,81,45,118.06
"SKU-0068","WildEdge Sleeping Bag","Camping","WildEdge",124.88,124.88,12,3,84,84,84,121.39
"SKU-0069","WildEdge GPS Watch","Hiking","WildEdge",35.72,35.72,1,5,77,5,91,42.65
"SKU-0069","WildEdge GPS Watch","Hiking","WildEdge",35.72,35.72,2,5,77,10,71,41.04
"SKU-0069","WildEdge GPS Watch","Hiking","WildEdge",35.72,35.72,3,3,77,13,80,39.91
"SKU-0069","WildEdge GPS Watch","Hiking","WildEdge",35.72,35.72,4,4,77,17,115,42.68
"SKU-0069","WildEdge GPS Watch","Hiking","WildEdge",35.72,35.72,5,7,77,24,121,39.71
"SKU-0069","WildEdge GPS Watch","Hiking","WildEdge",35.72,29.71,6,7,77,31,139,40.38
"SKU-0069","WildEdge GPS Watch","Hiking","WildEdge",35.72,29.71,7,6,77,37,33,41.36
"SKU-0069","WildEdge GPS Watch","Hiking","WildEdge",35.72,29.71,8,2,77,39,142,37.93
"SKU-0069","WildEdge GPS Watch","Hiking","WildEdge",35.72,29.71,9,8,77,47,99,38.39
"SKU-0069","WildEdge GPS Watch","Hiking","WildEdge",35.72,29.71,10,3,77,50,143,41.19
"SKU-0069","WildEdge GPS Watch","Hiking","WildEdge",35.72,29.71,11,4,77,54,89,40.51
"SKU-0069","WildEdge GPS Watch","Hiking","WildEdge",35.72,29.71,12,2,77,56,82,39.46
"SKU-0070","SummitPro Tent","Camping","SummitPro",73.01,73.01,1,8,107,8,139,71.75
"SKU-0070","SummitPro Tent","Camping","SummitPro",73.01,73.01,2,4,107,12,150,79.6
"SKU-0070","SummitPro Tent","Camping","SummitPro",73.01,47.83,3,11,107,23,149,75.02
"SKU-0070","SummitPro Tent","Camping","SummitPro",73.01,47.83,4,14,107,37,122,79.53
"SKU-0070","SummitPro Tent","Camping","SummitPro",73.01,47.83,5,13,107,50,85,77.16
"SKU-0070","SummitPro Tent","Camping","SummitPro",73.01,47.83,6,14,107,64,136,75.16
"SKU-0070","SummitPro Tent","Camping","SummitPro",73.01,47.83,7,12,107,76,168,79.69
"SKU-0070","SummitPro Tent","Camping","SummitPro",73.01,47.83,8,12,107,88,156,75.59
"SKU-0070","SummitPro Tent","Camping","SummitPro",73.01,47.83,9,12,107,100,103,78.42
"SKU-0070","SummitPro Tent","Camping","SummitPro",73.01,47.83,10,7,107,107,135,75.45
"SKU-0070","SummitPro Tent","Camping","SummitPro",73.01,47.83,11,0,107,107,131,78.2
"SKU-0070","SummitPro Tent","Camping","SummitPro",73.01,47.83,12,0,107,107,94,78.13
"SKU-0071","AlpineCore Base Layer","Apparel","AlpineCore",222.72,222.72,1,9,36,9,157,228.04
"SKU-0071","AlpineCore Base Layer","Apparel","AlpineCore",222.72,222.72,2,8,36,17,193,244.71
"SKU-0071","AlpineCore Base Layer","Apparel","AlpineCore",222.72,222.72,3,8,36,25,127,245.6
"SKU-0071","AlpineCore Base Layer","Apparel","AlpineCore",222.72,222.72,4,8,36,33,154,245.4
"SKU-0071","AlpineCore Base Layer","Apparel","AlpineCore",222.72,188.46,5,3,36,36,122,231.44
"SKU-0071","AlpineCore Base Layer","Apparel","AlpineCore",222.72,188.46,6,0,36,36,121,219.93
"SKU-0071","AlpineCore Base Layer","Apparel","AlpineCore",222.72,188.46,7,0,36,36,144,231.65
"SKU-0071","AlpineCore Base Layer","Apparel","AlpineCore",222.72,188.46,8,0,36,36,118,237.27
"SKU-0071","AlpineCore Base Layer","Apparel","AlpineCore",222.72,188.46,9,0,36,36,144,246.43
"SKU-0071","AlpineCore Base Layer","Apparel","AlpineCore",222.72,188.46,10,0,36,36,174,228.56
"SKU-0071","AlpineCore Base Layer","Apparel","AlpineCore",222.72,188.46,11,0,36,36,87,236.07
"SKU-0071","AlpineCore Base Layer","Apparel","AlpineCore",222.72,188.46,12,0,36,36,65,232.76
"SKU-0072","PeakGear Hammock","Camping","PeakGear",77.04,77.04,1,3,77,3,41,79.95
"SKU-0072","PeakGear Hammock","Camping","PeakGear",77.04,77.04,2,5,77,8,88,82.27
"SKU-0072","PeakGear Hammock","Camping","PeakGear",77.04,77.04,3,6,77,14,94,76.28
"SKU-0072","PeakGear Hammock","Camping","PeakGear",77.04,77.04,4,9,77,23,173,75.36
"SKU-0072","PeakGear Hammock","Camping","PeakGear",77.04,77.04,5,5,77,28,93,75.23
"SKU-0072","PeakGear Hammock","Camping","PeakGear",77.04,77.04,6,7,77,35,142,80.48
"SKU-0072","PeakGear Hammock","Camping","PeakGear",77.04,77.04,7,8,77,43,175,76.6
"SKU-0072","PeakGear Hammock","Camping","PeakGear",77.04,77.04,8,3,77,46,105,80.85
"SKU-0072","PeakGear Hammock","Camping","PeakGear",77.04,77.04,9,5,77,51,112,82.14
"SKU-0072","PeakGear Hammock","Camping","PeakGear",77.04,77.04,10,3,77,54,113,75.53
"SKU-0072","PeakGear Hammock","Camping","PeakGear",77.04,77.04,11,5,77,59,152,78.45
"SKU-0072","PeakGear Hammock","Camping","PeakGear",77.04,77.04,12,1,77,60,51,80.04
"SKU-0073","SummitPro Sunglasses","Accessories","SummitPro",147.9,147.9,1,21,94,21,370,151.48
"SKU-0073","SummitPro Sunglasses","Accessories","SummitPro",147.9,147.9,2,21,94,42,332,155.12
"SKU-0073","SummitPro Sunglasses","Accessories","SummitPro",147.9,147.9,3,31,94,73,485,159.01
"SKU-0073","SummitPro Sunglasses","Accessories","SummitPro",147.9,147.9,4,21,94,94,505,157.13
"SKU-0073","SummitPro Sunglasses","Accessories","SummitPro",147.9,147.9,5,0,94,94,529,154.42
"SKU-0073","SummitPro Sunglasses","Accessories","SummitPro",147.9,147.9,6,0,94,94,305,151
"SKU-0073","SummitPro Sunglasses","Accessories","SummitPro",147.9,147.9,7,0,94,94,332,162.48
"SKU-0073","SummitPro Sunglasses","Accessories","SummitPro",147.9,147.9,8,0,94,94,343,149.96
"SKU-0073","SummitPro Sunglasses","Accessories","SummitPro",147.9,147.9,9,0,94,94,495,156.72
"SKU-0073","SummitPro Sunglasses","Accessories","SummitPro",147.9,147.9,10,0,94,94,422,166.04
"SKU-0073","SummitPro Sunglasses","Accessories","SummitPro",147.9,147.9,11,0,94,94,207,160.89
"SKU-0073","SummitPro Sunglasses","Accessories","SummitPro",147.9,147.9,12,0,94,94,238,151.67
"SKU-0074","PeakGear Mattress Pad","Camping","PeakGear",48.14,48.14,1,10,77,10,115,48.85
"SKU-0074","PeakGear Mattress Pad","Camping","PeakGear",48.14,48.14,2,9,77,19,121,47.2
"SKU-0074","PeakGear Mattress Pad","Camping","PeakGear",48.14,48.14,3,11,77,30,232,45.78
"SKU-0074","PeakGear Mattress Pad","Camping","PeakGear",48.14,48.14,4,14,77,44,264,49.22
"SKU-0074","PeakGear Mattress Pad","Camping","PeakGear",48.14,48.14,5,11,77,55,289,48.23
"SKU-0074","PeakGear Mattress Pad","Camping","PeakGear",48.14,42.46,6,13,77,68,216,47.59
"SKU-0074","PeakGear Mattress Pad","Camping","PeakGear",48.14,42.46,7,9,77,77,294,45.82
"SKU-0074","PeakGear Mattress Pad","Camping","PeakGear",48.14,42.46,8,0,77,77,243,47.47
"SKU-0074","PeakGear Mattress Pad","Camping","PeakGear",48.14,42.46,9,0,77,77,190,49.31
"SKU-0074","PeakGear Mattress Pad","Camping","PeakGear",48.14,42.46,10,0,77,77,152,48.91
"SKU-0074","PeakGear Mattress Pad","Camping","PeakGear",48.14,42.46,11,0,77,77,105,47.58
"SKU-0074","PeakGear Mattress Pad","Camping","PeakGear",48.14,42.46,12,0,77,77,134,48.01
"SKU-0075","SummitPro Trail Shoes","Hiking","SummitPro",147.87,147.87,1,9,108,9,130,141.27
"SKU-0075","SummitPro Trail Shoes","Hiking","SummitPro",147.87,147.87,2,13,108,22,234,142.73
"SKU-0075","SummitPro Trail Shoes","Hiking","SummitPro",147.87,147.87,3,14,108,36,251,148.99
"SKU-0075","SummitPro Trail Shoes","Hiking","SummitPro",147.87,114.96,4,14,108,50,160,148.24
"SKU-0075","SummitPro Trail Shoes","Hiking","SummitPro",147.87,114.96,5,12,108,62,162,151.61
"SKU-0075","SummitPro Trail Shoes","Hiking","SummitPro",147.87,114.96,6,19,108,81,234,143.36
"SKU-0075","SummitPro Trail Shoes","Hiking","SummitPro",147.87,114.96,7,17,108,98,219,142.48
"SKU-0075","SummitPro Trail Shoes","Hiking","SummitPro",147.87,114.96,8,10,108,108,144,146.54
"SKU-0075","SummitPro Trail Shoes","Hiking","SummitPro",147.87,114.96,9,0,108,108,182,147.23
"SKU-0075","SummitPro Trail Shoes","Hiking","SummitPro",147.87,114.96,10,0,108,108,143,143.56
"SKU-0075","SummitPro Trail Shoes","Hiking","SummitPro",147.87,114.96,11,0,108,108,110,152.51
"SKU-0075","SummitPro Trail Shoes","Hiking","SummitPro",147.87,114.96,12,0,108,108,169,149.7
"SKU-0076","OuterBound First Aid Kit","Accessories","OuterBound",253.22,253.22,1,7,63,7,161,241.65
"SKU-0076","OuterBound First Aid Kit","Accessories","OuterBound",253.22,253.22,2,6,63,13,85,254.44
"SKU-0076","OuterBound First Aid Kit","Accessories","OuterBound",253.22,253.22,3,6,63,19,161,248.86
"SKU-0076","OuterBound First Aid Kit","Accessories","OuterBound",253.22,202.22,4,9,63,28,85,242.51
"SKU-0076","OuterBound First Aid Kit","Accessories","OuterBound",253.22,202.22,5,8,63,36,199,243.15
"SKU-0076","OuterBound First Aid Kit","Accessories","OuterBound",253.22,202.22,6,11,63,47,127,256.59
"SKU-0076","OuterBound First Aid Kit","Accessories","OuterBound",253.22,202.22,7,6,63,53,127,250.53
"SKU-0076","OuterBound First Aid Kit","Accessories","OuterBound",253.22,202.22,8,6,63,59,84,246.88
"SKU-0076","OuterBound First Aid Kit","Accessories","OuterBound",253.22,202.22,9,4,63,63,164,238.25
"SKU-0076","OuterBound First Aid Kit","Accessories","OuterBound",253.22,202.22,10,0,63,63,149,247.47
"SKU-0076","OuterBound First Aid Kit","Accessories","OuterBound",253.22,202.22,11,0,63,63,91,263
"SKU-0076","OuterBound First Aid Kit","Accessories","OuterBound",253.22,202.22,12,0,63,63,104,249.66
"SKU-0077","SummitPro Lantern","Camping","SummitPro",126.63,126.63,1,1,41,1,26,113.26
"SKU-0077","SummitPro Lantern","Camping","SummitPro",126.63,126.63,2,3,41,4,33,114.03
"SKU-0077","SummitPro Lantern","Camping","SummitPro",126.63,126.63,3,1,41,5,58,114.96
"SKU-0077","SummitPro Lantern","Camping","SummitPro",126.63,126.63,4,3,41,8,63,116.8
"SKU-0077","SummitPro Lantern","Camping","SummitPro",126.63,126.63,5,2,41,10,56,115.07
"SKU-0077","SummitPro Lantern","Camping","SummitPro",126.63,126.63,6,2,41,12,65,107.41
"SKU-0077","SummitPro Lantern","Camping","SummitPro",126.63,126.63,7,1,41,13,28,117.22
"SKU-0077","SummitPro Lantern","Camping","SummitPro",126.63,126.63,8,3,41,16,69,121.43
"SKU-0077","SummitPro Lantern","Camping","SummitPro",126.63,126.63,9,3,41,19,72,110.05
"SKU-0077","SummitPro Lantern","Camping","SummitPro",126.63,126.63,10,0,41,19,62,111.8
"SKU-0077","SummitPro Lantern","Camping","SummitPro",126.63,126.63,11,0,41,19,47,112.4
"SKU-0077","SummitPro Lantern","Camping","SummitPro",126.63,126.63,12,2,41,21,36,110.32
"SKU-0078","SummitPro Hammock II","Camping","SummitPro",118.51,118.51,1,3,53,3,58,127.25
"SKU-0078","SummitPro Hammock II","Camping","SummitPro",118.51,118.51,2,3,53,6,41,119.25
"SKU-0078","SummitPro Hammock II","Camping","SummitPro",118.51,118.51,3,3,53,9,50,125.04
"SKU-0078","SummitPro Hammock II","Camping","SummitPro",118.51,118.51,4,1,53,10,98,126.84
"SKU-0078","SummitPro Hammock II","Camping","SummitPro",118.51,118.51,5,4,53,14,74,123.61
"SKU-0078","SummitPro Hammock II","Camping","SummitPro",118.51,118.51,6,3,53,17,58,123.88
"SKU-0078","SummitPro Hammock II","Camping","SummitPro",118.51,101.17,7,5,53,22,91,126.38
"SKU-0078","SummitPro Hammock II","Camping","SummitPro",118.51,101.17,8,4,53,26,62,124.44
"SKU-0078","SummitPro Hammock II","Camping","SummitPro",118.51,101.17,9,3,53,29,93,129.88
"SKU-0078","SummitPro Hammock II","Camping","SummitPro",118.51,101.17,10,2,53,31,36,118.32
"SKU-0078","SummitPro Hammock II","Camping","SummitPro",118.51,101.17,11,1,53,32,22,118.99
"SKU-0078","SummitPro Hammock II","Camping","SummitPro",118.51,101.17,12,2,53,34,25,123.32
"SKU-0079","OuterBound Tarp","Camping","OuterBound",62.82,62.82,1,1,87,1,35,55.29
"SKU-0079","OuterBound Tarp","Camping","OuterBound",62.82,62.82,2,4,87,5,157,54.4
"SKU-0079","OuterBound Tarp","Camping","OuterBound",62.82,62.82,3,8,87,13,95,54.86
"SKU-0079","OuterBound Tarp","Camping","OuterBound",62.82,62.82,4,6,87,19,61,54.05
"SKU-0079","OuterBound Tarp","Camping","OuterBound",62.82,62.82,5,6,87,25,82,52.33
"SKU-0079","OuterBound Tarp","Camping","OuterBound",62.82,62.82,6,7,87,32,93,56.72
"SKU-0079","OuterBound Tarp","Camping","OuterBound",62.82,62.82,7,4,87,36,129,53.05
"SKU-0079","OuterBound Tarp","Camping","OuterBound",62.82,62.82,8,6,87,42,146,54.54
"SKU-0079","OuterBound Tarp","Camping","OuterBound",62.82,62.82,9,5,87,47,38,51.77
"SKU-0079","OuterBound Tarp","Camping","OuterBound",62.82,62.82,10,4,87,51,52,48.41
"SKU-0079","OuterBound Tarp","Camping","OuterBound",62.82,62.82,11,1,87,52,30,54.66
"SKU-0079","OuterBound Tarp","Camping","OuterBound",62.82,62.82,12,4,87,56,45,53.37
"SKU-0080","WildEdge Sunglasses","Accessories","WildEdge",193.46,193.46,1,5,44,5,68,204.1
"SKU-0080","WildEdge Sunglasses","Accessories","WildEdge",193.46,193.46,2,3,44,8,99,193.11
"SKU-0080","WildEdge Sunglasses","Accessories","WildEdge",193.46,193.46,3,3,44,11,135,201.24
"SKU-0080","WildEdge Sunglasses","Accessories","WildEdge",193.46,193.46,4,5,44,16,110,199.55
"SKU-0080","WildEdge Sunglasses","Accessories","WildEdge",193.46,193.46,5,6,44,22,127,191.5
"SKU-0080","WildEdge Sunglasses","Accessories","WildEdge",193.46,193.46,6,4,44,26,67,198.39
"SKU-0080","WildEdge Sunglasses","Accessories","WildEdge",193.46,193.46,7,5,44,31,67,203.34
"SKU-0080","WildEdge Sunglasses","Accessories","WildEdge",193.46,193.46,8,3,44,34,83,205.91
"SKU-0080","WildEdge Sunglasses","Accessories","WildEdge",193.46,193.46,9,6,44,40,79,206.73
"SKU-0080","WildEdge Sunglasses","Accessories","WildEdge",193.46,193.46,10,4,44,44,63,210.33
"SKU-0080","WildEdge Sunglasses","Accessories","WildEdge",193.46,193.46,11,0,44,44,61,195.45
"SKU-0080","WildEdge Sunglasses","Accessories","WildEdge",193.46,193.46,12,0,44,44,41,202.51
"SKU-0081","WildEdge Water Bottle","Accessories","WildEdge",27.95,27.95,1,7,78,7,169,23.42
"SKU-0081","WildEdge Water Bottle","Accessories","WildEdge",27.95,27.95,2,8,78,15,219,24.56
"SKU-0081","WildEdge Water Bottle","Accessories","WildEdge",27.95,27.95,3,11,78,26,122,24.38
"SKU-0081","WildEdge Water Bottle","Accessories","WildEdge",27.95,27.95,4,11,78,37,231,24.81
"SKU-0081","WildEdge Water Bottle","Accessories","WildEdge",27.95,27.95,5,7,78,44,142,23.9
"SKU-0081","WildEdge Water Bottle","Accessories","WildEdge",27.95,27.95,6,9,78,53,147,23.79
"SKU-0081","WildEdge Water Bottle","Accessories","WildEdge",27.95,24.22,7,15,78,68,233,25.9
"SKU-0081","WildEdge Water Bottle","Accessories","WildEdge",27.95,24.22,8,9,78,77,202,23.63
"SKU-0081","WildEdge Water Bottle","Accessories","WildEdge",27.95,24.22,9,1,78,78,209,24.72
"SKU-0081","WildEdge Water Bottle","Accessories","WildEdge",27.95,24.22,10,0,78,78,105,24.63
"SKU-0081","WildEdge Water Bottle","Accessories","WildEdge",27.95,24.22,11,0,78,78,73,24.68
"SKU-0081","WildEdge Water Bottle","Accessories","WildEdge",27.95,24.22,12,0,78,78,135,24.53
"SKU-0082","SummitPro Lantern II","Camping","SummitPro",31.18,31.18,1,7,68,7,87,29.85
"SKU-0082","SummitPro Lantern II","Camping","SummitPro",31.18,31.18,2,4,68,11,118,29.55
"SKU-0082","SummitPro Lantern II","Camping","SummitPro",31.18,24.35,3,8,68,19,125,30.71
"SKU-0082","SummitPro Lantern II","Camping","SummitPro",31.18,24.35,4,6,68,25,94,30.17
"SKU-0082","SummitPro Lantern II","Camping","SummitPro",31.18,24.35,5,6,68,31,155,30.61
"SKU-0082","SummitPro Lantern II","Camping","SummitPro",31.18,24.35,6,11,68,42,156,28.94
"SKU-0082","SummitPro Lantern II","Camping","SummitPro",31.18,24.35,7,7,68,49,111,30.55
"SKU-0082","SummitPro Lantern II","Camping","SummitPro",31.18,24.35,8,5,68,54,93,30.73
"SKU-0082","SummitPro Lantern II","Camping","SummitPro",31.18,24.35,9,8,68,62,71,29.74
"SKU-0082","SummitPro Lantern II","Camping","SummitPro",31.18,24.35,10,6,68,68,74,30.47
"SKU-0082","SummitPro Lantern II","Camping","SummitPro",31.18,24.35,11,0,68,68,66,31.56
"SKU-0082","SummitPro Lantern II","Camping","SummitPro",31.18,24.35,12,0,68,68,95,29.8
"SKU-0083","AlpineCore Stove II","Camping","AlpineCore",81.13,81.13,1,5,66,5,172,82.21
"SKU-0083","AlpineCore Stove II","Camping","AlpineCore",81.13,81.13,2,8,66,13,181,79.88
"SKU-0083","AlpineCore Stove II","Camping","AlpineCore",81.13,81.13,3,9,66,22,136,80.63
"SKU-0083","AlpineCore Stove II","Camping","AlpineCore",81.13,81.13,4,9,66,31,187,80.81
"SKU-0083","AlpineCore Stove II","Camping","AlpineCore",81.13,54.01,5,15,66,46,144,79.08
"SKU-0083","AlpineCore Stove II","Camping","AlpineCore",81.13,54.01,6,11,66,57,71,77.28
"SKU-0083","AlpineCore Stove II","Camping","AlpineCore",81.13,54.01,7,9,66,66,210,83.07
"SKU-0083","AlpineCore Stove II","Camping","AlpineCore",81.13,54.01,8,0,66,66,106,83.81
"SKU-0083","AlpineCore Stove II","Camping","AlpineCore",81.13,54.01,9,0,66,66,62,82.25
"SKU-0083","AlpineCore Stove II","Camping","AlpineCore",81.13,54.01,10,0,66,66,143,84.02
"SKU-0083","AlpineCore Stove II","Camping","AlpineCore",81.13,54.01,11,0,66,66,68,83.85
"SKU-0083","AlpineCore Stove II","Camping","AlpineCore",81.13,54.01,12,0,66,66,95,78.28
"SKU-0084","OuterBound First Aid Kit II","Accessories","OuterBound",37.82,37.82,1,3,114,3,66,38.35
"SKU-0084","OuterBound First Aid Kit II","Accessories","OuterBound",37.82,37.82,2,5,114,8,101,40.25
"SKU-0084","OuterBound First Aid Kit II","Accessories","OuterBound",37.82,37.82,3,4,114,12,64,36.21
"SKU-0084","OuterBound First Aid Kit II","Accessories","OuterBound",37.82,37.82,4,5,114,17,148,41.05
"SKU-0084","OuterBound First Aid Kit II","Accessories","OuterBound",37.82,24.1,5,6,114,23,78,38.56
"SKU-0084","OuterBound First Aid Kit II","Accessories","OuterBound",37.82,24.1,6,10,114,33,131,40.79
"SKU-0084","OuterBound First Aid Kit II","Accessories","OuterBound",37.82,24.1,7,9,114,42,102,38.25
"SKU-0084","OuterBound First Aid Kit II","Accessories","OuterBound",37.82,24.1,8,7,114,49,73,38.58
"SKU-0084","OuterBound First Aid Kit II","Accessories","OuterBound",37.82,24.1,9,4,114,53,28,37.7
"SKU-0084","OuterBound First Aid Kit II","Accessories","OuterBound",37.82,24.1,10,4,114,57,82,38.45
"SKU-0084","OuterBound First Aid Kit II","Accessories","OuterBound",37.82,24.1,11,4,114,61,87,39.24
"SKU-0084","OuterBound First Aid Kit II","Accessories","OuterBound",37.82,24.1,12,2,114,63,67,39.58
"SKU-0085","PeakGear Headlamp","Hiking","PeakGear",112.75,112.75,1,6,67,6,71,125.26
"SKU-0085","PeakGear Headlamp","Hiking","PeakGear",112.75,112.75,2,3,67,9,97,132.25
"SKU-0085","PeakGear Headlamp","Hiking","PeakGear",112.75,112.75,3,2,67,11,112,128.7
"SKU-0085","PeakGear Headlamp","Hiking","PeakGear",112.75,75.32,4,7,67,18,132,129.23
"SKU-0085","PeakGear Headlamp","Hiking","PeakGear",112.75,75.32,5,6,67,24,132,124.71
"SKU-0085","PeakGear Headlamp","Hiking","PeakGear",112.75,75.32,6,8,67,32,78,126.6
"SKU-0085","PeakGear Headlamp","Hiking","PeakGear",112.75,75.32,7,6,67,38,95,135.03
"SKU-0085","PeakGear Headlamp","Hiking","PeakGear",112.75,75.32,8,5,67,43,85,121.46
"SKU-0085","PeakGear Headlamp","Hiking","PeakGear",112.75,75.32,9,4,67,47,96,127.57
"SKU-0085","PeakGear Headlamp","Hiking","PeakGear",112.75,75.32,10,3,67,50,85,130.5
"SKU-0085","PeakGear Headlamp","Hiking","PeakGear",112.75,75.32,11,3,67,53,34,132.41
"SKU-0085","PeakGear Headlamp","Hiking","PeakGear",112.75,75.32,12,3,67,56,109,133.15
"SKU-0086","WildEdge Cooler","Camping","WildEdge",281.89,281.89,1,11,101,11,258,313.63
"SKU-0086","WildEdge Cooler","Camping","WildEdge",281.89,281.89,2,13,101,24,284,300.46
"SKU-0086","WildEdge Cooler","Camping","WildEdge",281.89,281.89,3,16,101,40,347,317.1
"SKU-0086","WildEdge Cooler","Camping","WildEdge",281.89,281.89,4,15,101,55,174,313.53
"SKU-0086","WildEdge Cooler","Camping","WildEdge",281.89,281.89,5,16,101,71,297,302.75
"SKU-0086","WildEdge Cooler","Camping","WildEdge",281.89,281.89,6,13,101,84,193,284.38
"SKU-0086","WildEdge Cooler","Camping","WildEdge",281.89,281.89,7,14,101,98,182,311.19
"SKU-0086","WildEdge Cooler","Camping","WildEdge",281.89,281.89,8,3,101,101,283,314.2
"SKU-0086","WildEdge Cooler","Camping","WildEdge",281.89,281.89,9,0,101,101,304,301.74
"SKU-0086","WildEdge Cooler","Camping","WildEdge",281.89,281.89,10,0,101,101,281,294.7
"SKU-0086","WildEdge Cooler","Camping","WildEdge",281.89,281.89,11,0,101,101,147,319.64
"SKU-0086","WildEdge Cooler","Camping","WildEdge",281.89,281.89,12,0,101,101,181,313.04
"SKU-0087","PeakGear Gaiters","Hiking","PeakGear",212.28,212.28,1,6,116,6,223,205.41
"SKU-0087","PeakGear Gaiters","Hiking","PeakGear",212.28,212.28,2,10,116,16,133,218.59
"SKU-0087","PeakGear Gaiters","Hiking","PeakGear",212.28,212.28,3,11,116,27,206,204.08
"SKU-0087","PeakGear Gaiters","Hiking","PeakGear",212.28,212.28,4,13,116,40,158,221.08
"SKU-0087","PeakGear Gaiters","Hiking","PeakGear",212.28,212.28,5,10,116,50,243,209.53
"SKU-0087","PeakGear Gaiters","Hiking","PeakGear",212.28,212.28,6,8,116,58,132,202.61
"SKU-0087","PeakGear Gaiters","Hiking","PeakGear",212.28,212.28,7,10,116,68,257,196.99
"SKU-0087","PeakGear Gaiters","Hiking","PeakGear",212.28,212.28,8,10,116,78,217,200.07
"SKU-0087","PeakGear Gaiters","Hiking","PeakGear",212.28,212.28,9,8,116,86,99,209.79
"SKU-0087","PeakGear Gaiters","Hiking","PeakGear",212.28,212.28,10,11,116,97,153,213.13
"SKU-0087","PeakGear Gaiters","Hiking","PeakGear",212.28,212.28,11,8,116,105,128,210.37
"SKU-0087","PeakGear Gaiters","Hiking","PeakGear",212.28,212.28,12,6,116,111,141,212.26
"SKU-0088","AlpineCore Trail Shoes","Hiking","AlpineCore",70.44,70.44,1,12,117,12,239,72.08
"SKU-0088","AlpineCore Trail Shoes","Hiking","AlpineCore",70.44,70.44,2,12,117,24,203,72.6
"SKU-0088","AlpineCore Trail Shoes","Hiking","AlpineCore",70.44,70.44,3,14,117,38,199,71.6
"SKU-0088","AlpineCore Trail Shoes","Hiking","AlpineCore",70.44,53.36,4,25,117,63,325,75.2
"SKU-0088","AlpineCore Trail Shoes","Hiking","AlpineCore",70.44,53.36,5,21,117,84,203,67.93
"SKU-0088","AlpineCore Trail Shoes","Hiking","AlpineCore",70.44,53.36,6,22,117,106,193,71.16
"SKU-0088","AlpineCore Trail Shoes","Hiking","AlpineCore",70.44,53.36,7,11,117,117,318,69.57
"SKU-0088","AlpineCore Trail Shoes","Hiking","AlpineCore",70.44,53.36,8,0,117,117,356,73.07
"SKU-0088","AlpineCore Trail Shoes","Hiking","AlpineCore",70.44,53.36,9,0,117,117,192,77.91
"SKU-0088","AlpineCore Trail Shoes","Hiking","AlpineCore",70.44,53.36,10,0,117,117,203,77.51
"SKU-0088","AlpineCore Trail Shoes","Hiking","AlpineCore",70.44,53.36,11,0,117,117,131,70.74
"SKU-0088","AlpineCore Trail Shoes","Hiking","AlpineCore",70.44,53.36,12,0,117,117,133,71.71
"SKU-0089","TrailBlaze Base Layer","Apparel","TrailBlaze",80.48,80.48,1,4,30,4,23,92.37
"SKU-0089","TrailBlaze Base Layer","Apparel","TrailBlaze",80.48,80.48,2,4,30,8,24,99.26
"SKU-0089","TrailBlaze Base Layer","Apparel","TrailBlaze",80.48,80.48,3,2,30,10,55,88.97
"SKU-0089","TrailBlaze Base Layer","Apparel","TrailBlaze",80.48,80.48,4,4,30,14,88,93.71
"SKU-0089","TrailBlaze Base Layer","Apparel","TrailBlaze",80.48,80.48,5,4,30,18,51,89.92
"SKU-0089","TrailBlaze Base Layer","Apparel","TrailBlaze",80.48,80.48,6,2,30,20,70,96.31
"SKU-0089","TrailBlaze Base Layer","Apparel","TrailBlaze",80.48,80.48,7,5,30,25,101,91.17
"SKU-0089","TrailBlaze Base Layer","Apparel","TrailBlaze",80.48,80.48,8,5,30,30,90,92.68
"SKU-0089","TrailBlaze Base Layer","Apparel","TrailBlaze",80.48,80.48,9,0,30,30,79,92.9
"SKU-0089","TrailBlaze Base Layer","Apparel","TrailBlaze",80.48,80.48,10,0,30,30,93,94.25
"SKU-0089","TrailBlaze Base Layer","Apparel","TrailBlaze",80.48,80.48,11,0,30,30,79,90.91
"SKU-0089","TrailBlaze Base Layer","Apparel","TrailBlaze",80.48,80.48,12,0,30,30,35,88.94
"SKU-0090","WildEdge Mattress Pad","Camping","WildEdge",187.65,187.65,1,1,56,1,59,164.91
"SKU-0090","WildEdge Mattress Pad","Camping","WildEdge",187.65,187.65,2,4,56,5,63,169.86
"SKU-0090","WildEdge Mattress Pad","Camping","WildEdge",187.65,187.65,3,4,56,9,75,163.59
"SKU-0090","WildEdge Mattress Pad","Camping","WildEdge",187.65,187.65,4,6,56,15,127,169.18
"SKU-0090","WildEdge Mattress Pad","Camping","WildEdge",187.65,187.65,5,9,56,24,64,179.72
"SKU-0090","WildEdge Mattress Pad","Camping","WildEdge",187.65,154.4,6,4,56,28,57,171.68
"SKU-0090","WildEdge Mattress Pad","Camping","WildEdge",187.65,154.4,7,7,56,35,42,164.19
"SKU-0090","WildEdge Mattress Pad","Camping","WildEdge",187.65,154.4,8,5,56,40,31,170.11
"SKU-0090","WildEdge Mattress Pad","Camping","WildEdge",187.65,154.4,9,6,56,46,92,170.63
"SKU-0090","WildEdge Mattress Pad","Camping","WildEdge",187.65,154.4,10,3,56,49,71,173.29
"SKU-0090","WildEdge Mattress Pad","Camping","WildEdge",187.65,154.4,11,6,56,55,114,178.1
"SKU-0090","WildEdge Mattress Pad","Camping","WildEdge",187.65,154.4,12,1,56,56,73,173.91
"SKU-0091","TrailBlaze Mattress Pad II","Camping","TrailBlaze",159.67,159.67,1,7,45,7,134,157.41
"SKU-0091","TrailBlaze Mattress Pad II","Camping","TrailBlaze",159.67,159.67,2,7,45,14,118,157.92
"SKU-0091","TrailBlaze Mattress Pad II","Camping","TrailBlaze",159.67,159.67,3,9,45,23,194,148.88
"SKU-0091","TrailBlaze Mattress Pad II","Camping","TrailBlaze",159.67,159.67,4,9,45,32,230,159.22
"SKU-0091","TrailBlaze Mattress Pad II","Camping","TrailBlaze",159.67,159.67,5,10,45,42,186,154.88
"SKU-0091","TrailBlaze Mattress Pad II","Camping","TrailBlaze",159.67,159.67,6,3,45,45,215,151.07
"SKU-0091","TrailBlaze Mattress Pad II","Camping","TrailBlaze",159.67,128.29,7,0,45,45,139,154.23
"SKU-0091","TrailBlaze Mattress Pad II","Camping","TrailBlaze",159.67,128.29,8,0,45,45,96,154.3
"SKU-0091","TrailBlaze Mattress Pad II","Camping","TrailBlaze",159.67,128.29,9,0,45,45,92,147.7
"SKU-0091","TrailBlaze Mattress Pad II","Camping","TrailBlaze",159.67,128.29,10,0,45,45,174,154.34
"SKU-0091","TrailBlaze Mattress Pad II","Camping","TrailBlaze",159.67,128.29,11,0,45,45,86,157.81
"SKU-0091","TrailBlaze Mattress Pad II","Camping","TrailBlaze",159.67,128.29,12,0,45,45,97,153.66
"SKU-0092","BaseCamp Backpack","Hiking","BaseCamp",155.36,155.36,1,6,92,6,137,146.35
"SKU-0092","BaseCamp Backpack","Hiking","BaseCamp",155.36,155.36,2,8,92,14,86,147.27
"SKU-0092","BaseCamp Backpack","Hiking","BaseCamp",155.36,155.36,3,11,92,25,172,142.25
"SKU-0092","BaseCamp Backpack","Hiking","BaseCamp",155.36,155.36,4,11,92,36,238,149.69
"SKU-0092","BaseCamp Backpack","Hiking","BaseCamp",155.36,155.36,5,11,92,47,137,141.48
"SKU-0092","BaseCamp Backpack","Hiking","BaseCamp",155.36,155.36,6,12,92,59,237,140.46
"SKU-0092","BaseCamp Backpack","Hiking","BaseCamp",155.36,155.36,7,11,92,70,234,138.09
"SKU-0092","BaseCamp Backpack","Hiking","BaseCamp",155.36,155.36,8,10,92,80,170,144.26
"SKU-0092","BaseCamp Backpack","Hiking","BaseCamp",155.36,155.36,9,9,92,89,161,142.51
"SKU-0092","BaseCamp Backpack","Hiking","BaseCamp",155.36,155.36,10,3,92,92,112,135.48
"SKU-0092","BaseCamp Backpack","Hiking","BaseCamp",155.36,155.36,11,0,92,92,85,138.48
"SKU-0092","BaseCamp Backpack","Hiking","BaseCamp",155.36,155.36,12,0,92,92,119,144.75
"SKU-0093","AlpineCore Lantern","Camping","AlpineCore",95.5,95.5,1,3,56,3,65,83.19
"SKU-0093","AlpineCore Lantern","Camping","AlpineCore",95.5,95.5,2,3,56,6,74,88.48
"SKU-0093","AlpineCore Lantern","Camping","AlpineCore",95.5,95.5,3,5,56,11,52,85.59
"SKU-0093","AlpineCore Lantern","Camping","AlpineCore",95.5,95.5,4,6,56,17,84,87.65
"SKU-0093","AlpineCore Lantern","Camping","AlpineCore",95.5,59.46,5,8,56,25,92,85.7
"SKU-0093","AlpineCore Lantern","Camping","AlpineCore",95.5,59.46,6,8,56,33,104,80.11
"SKU-0093","AlpineCore Lantern","Camping","AlpineCore",95.5,59.46,7,6,56,39,92,87.81
"SKU-0093","AlpineCore Lantern","Camping","AlpineCore",95.5,59.46,8,9,56,48,129,86.71
"SKU-0093","AlpineCore Lantern","Camping","AlpineCore",95.5,59.46,9,2,56,50,59,84.86
"SKU-0093","AlpineCore Lantern","Camping","AlpineCore",95.5,59.46,10,3,56,53,82,80.71
"SKU-0093","AlpineCore Lantern","Camping","AlpineCore",95.5,59.46,11,3,56,56,33,85.07
"SKU-0093","AlpineCore Lantern","Camping","AlpineCore",95.5,59.46,12,0,56,56,10,85.03
"SKU-0094","WildEdge Hammock","Camping","WildEdge",266.41,266.41,1,1,51,1,57,245.04
"SKU-0094","WildEdge Hammock","Camping","WildEdge",266.41,266.41,2,1,51,2,49,229
"SKU-0094","WildEdge Hammock","Camping","WildEdge",266.41,266.41,3,3,51,5,37,229.95
"SKU-0094","WildEdge Hammock","Camping","WildEdge",266.41,266.41,4,3,51,8,44,226.85
"SKU-0094","WildEdge Hammock","Camping","WildEdge",266.41,161.96,5,4,51,12,84,238.36
"SKU-0094","WildEdge Hammock","Camping","WildEdge",266.41,161.96,6,6,51,18,61,230.93
"SKU-0094","WildEdge Hammock","Camping","WildEdge",266.41,161.96,7,6,51,24,62,231.56
"SKU-0094","WildEdge Hammock","Camping","WildEdge",266.41,161.96,8,8,51,32,101,245.21
"SKU-0094","WildEdge Hammock","Camping","WildEdge",266.41,161.96,9,2,51,34,71,240.16
"SKU-0094","WildEdge Hammock","Camping","WildEdge",266.41,161.96,10,2,51,36,44,238.05
"SKU-0094","WildEdge Hammock","Camping","WildEdge",266.41,161.96,11,4,51,40,12,247.13
"SKU-0094","WildEdge Hammock","Camping","WildEdge",266.41,161.96,12,4,51,44,16,242.73
"SKU-0095","TrailBlaze Quick-Dry Tee","Apparel","TrailBlaze",248.65,248.65,1,8,41,8,148,223.3
"SKU-0095","TrailBlaze Quick-Dry Tee","Apparel","TrailBlaze",248.65,248.65,2,8,41,16,152,208.86
"SKU-0095","TrailBlaze Quick-Dry Tee","Apparel","TrailBlaze",248.65,174.92,3,16,41,32,193,211.53
"SKU-0095","TrailBlaze Quick-Dry Tee","Apparel","TrailBlaze",248.65,174.92,4,9,41,41,176,219.01
"SKU-0095","TrailBlaze Quick-Dry Tee","Apparel","TrailBlaze",248.65,174.92,5,0,41,41,208,217.69
"SKU-0095","TrailBlaze Quick-Dry Tee","Apparel","TrailBlaze",248.65,174.92,6,0,41,41,149,216.72
"SKU-0095","TrailBlaze Quick-Dry Tee","Apparel","TrailBlaze",248.65,174.92,7,0,41,41,235,216.9
"SKU-0095","TrailBlaze Quick-Dry Tee","Apparel","TrailBlaze",248.65,174.92,8,0,41,41,88,223.02
"SKU-0095","TrailBlaze Quick-Dry Tee","Apparel","TrailBlaze",248.65,174.92,9,0,41,41,181,210.56
"SKU-0095","TrailBlaze Quick-Dry Tee","Apparel","TrailBlaze",248.65,174.92,10,0,41,41,177,218.47
"SKU-0095","TrailBlaze Quick-Dry Tee","Apparel","TrailBlaze",248.65,174.92,11,0,41,41,107,206.19
"SKU-0095","TrailBlaze Quick-Dry Tee","Apparel","TrailBlaze",248.65,174.92,12,0,41,41,59,216.74
"SKU-0096","WildEdge Camp Chair","Camping","WildEdge",159.86,159.86,1,6,54,6,49,160.56
"SKU-0096","WildEdge Camp Chair","Camping","WildEdge",159.86,159.86,2,6,54,12,67,170.36
"SKU-0096","WildEdge Camp Chair","Camping","WildEdge",159.86,159.86,3,4,54,16,87,166.23
"SKU-0096","WildEdge Camp Chair","Camping","WildEdge",159.86,159.86,4,5,54,21,66,159.81
"SKU-0096","WildEdge Camp Chair","Camping","WildEdge",159.86,159.86,5,5,54,26,128,168.04
"SKU-0096","WildEdge Camp Chair","Camping","WildEdge",159.86,159.86,6,2,54,28,110,174.52
"SKU-0096","WildEdge Camp Chair","Camping","WildEdge",159.86,159.86,7,1,54,29,49,163.59
"SKU-0096","WildEdge Camp Chair","Camping","WildEdge",159.86,159.86,8,4,54,33,85,164.91
"SKU-0096","WildEdge Camp Chair","Camping","WildEdge",159.86,159.86,9,3,54,36,111,161.19
"SKU-0096","WildEdge Camp Chair","Camping","WildEdge",159.86,159.86,10,4,54,40,81,169.03
"SKU-0096","WildEdge Camp Chair","Camping","WildEdge",159.86,159.86,11,2,54,42,88,173.49
"SKU-0096","WildEdge Camp Chair","Camping","WildEdge",159.86,159.86,12,2,54,44,39,167.1
"SKU-0097","PeakGear Sleeping Bag","Camping","PeakGear",285.96,285.96,1,4,37,4,63,324.36
"SKU-0097","PeakGear Sleeping Bag","Camping","PeakGear",285.96,285.96,2,4,37,8,76,334.97
"SKU-0097","PeakGear Sleeping Bag","Camping","PeakGear",285.96,285.96,3,5,37,13,97,308.26
"SKU-0097","PeakGear Sleeping Bag","Camping","PeakGear",285.96,285.96,4,7,37,20,59,328.49
"SKU-0097","PeakGear Sleeping Bag","Camping","PeakGear",285.96,255.04,5,2,37,22,66,296.49
"SKU-0097","PeakGear Sleeping Bag","Camping","PeakGear",285.96,255.04,6,6,37,28,151,304.57
"SKU-0097","PeakGear Sleeping Bag","Camping","PeakGear",285.96,255.04,7,4,37,32,78,321.01
"SKU-0097","PeakGear Sleeping Bag","Camping","PeakGear",285.96,255.04,8,4,37,36,121,318.29
"SKU-0097","PeakGear Sleeping Bag","Camping","PeakGear",285.96,255.04,9,1,37,37,82,304.09
"SKU-0097","PeakGear Sleeping Bag","Camping","PeakGear",285.96,255.04,10,0,37,37,38,310.38
"SKU-0097","PeakGear Sleeping Bag","Camping","PeakGear",285.96,255.04,11,0,37,37,67,332.33
"SKU-0097","PeakGear Sleeping Bag","Camping","PeakGear",285.96,255.04,12,0,37,37,60,318.52
"SKU-0098","SummitPro Water Bottle","Accessories","SummitPro",91.05,91.05,1,4,70,4,74,79.85
"SKU-0098","SummitPro Water Bottle","Accessories","SummitPro",91.05,91.05,2,5,70,9,74,78.9
"SKU-0098","SummitPro Water Bottle","Accessories","SummitPro",91.05,91.05,3,5,70,14,34,78.72
"SKU-0098","SummitPro Water Bottle","Accessories","SummitPro",91.05,91.05,4,3,70,17,82,80.89
"SKU-0098","SummitPro Water Bottle","Accessories","SummitPro",91.05,91.05,5,4,70,21,74,83.81
"SKU-0098","SummitPro Water Bottle","Accessories","SummitPro",91.05,91.05,6,3,70,24,62,80.62
"SKU-0098","SummitPro Water Bottle","Accessories","SummitPro",91.05,91.05,7,2,70,26,84,81.94
"SKU-0098","SummitPro Water Bottle","Accessories","SummitPro",91.05,91.05,8,7,70,33,63,77.78
"SKU-0098","SummitPro Water Bottle","Accessories","SummitPro",91.05,91.05,9,3,70,36,57,81.28
"SKU-0098","SummitPro Water Bottle","Accessories","SummitPro",91.05,91.05,10,4,70,40,67,80.52
"SKU-0098","SummitPro Water Bottle","Accessories","SummitPro",91.05,91.05,11,3,70,43,10,81.28
"SKU-0098","SummitPro Water Bottle","Accessories","SummitPro",91.05,91.05,12,0,70,43,22,78.29
"SKU-0099","SummitPro Sun Hat","Apparel","SummitPro",206.79,206.79,1,4,51,4,44,231.81
"SKU-0099","SummitPro Sun Hat","Apparel","SummitPro",206.79,206.79,2,3,51,7,103,240.13
"SKU-0099","SummitPro Sun Hat","Apparel","SummitPro",206.79,206.79,3,4,51,11,102,223.58
"SKU-0099","SummitPro Sun Hat","Apparel","SummitPro",206.79,206.79,4,2,51,13,101,228.47
"SKU-0099","SummitPro Sun Hat","Apparel","SummitPro",206.79,206.79,5,5,51,18,62,231.14
"SKU-0099","SummitPro Sun Hat","Apparel","SummitPro",206.79,206.79,6,3,51,21,107,236.87
"SKU-0099","SummitPro Sun Hat","Apparel","SummitPro",206.79,184.57,7,4,51,25,134,239.14
"SKU-0099","SummitPro Sun Hat","Apparel","SummitPro",206.79,184.57,8,5,51,30,77,229.04
"SKU-0099","SummitPro Sun Hat","Apparel","SummitPro",206.79,184.57,9,2,51,32,42,233
"SKU-0099","SummitPro Sun Hat","Apparel","SummitPro",206.79,184.57,10,4,51,36,70,230.79
"SKU-0099","SummitPro Sun Hat","Apparel","SummitPro",206.79,184.57,11,5,51,41,81,236.28
"SKU-0099","SummitPro Sun Hat","Apparel","SummitPro",206.79,184.57,12,0,51,41,86,218
"SKU-0100","BaseCamp Fire Pit II","Camping","BaseCamp",153.33,153.33,1,7,52,7,87,135.46
"SKU-0100","BaseCamp Fire Pit II","Camping","BaseCamp",153.33,153.33,2,9,52,16,214,139.78
"SKU-0100","BaseCamp Fire Pit II","Camping","BaseCamp",153.33,105.76,3,18,52,34,186,129.96
"SKU-0100","BaseCamp Fire Pit II","Camping","BaseCamp",153.33,105.76,4,16,52,50,184,135.93
"SKU-0100","BaseCamp Fire Pit II","Camping","BaseCamp",153.33,105.76,5,2,52,52,220,136.45
"SKU-0100","BaseCamp Fire Pit II","Camping","BaseCamp",153.33,105.76,6,0,52,52,184,138.31
"SKU-0100","BaseCamp Fire Pit II","Camping","BaseCamp",153.33,105.76,7,0,52,52,270,130.44
"SKU-0100","BaseCamp Fire Pit II","Camping","BaseCamp",153.33,105.76,8,0,52,52,231,133.37
"SKU-0100","BaseCamp Fire Pit II","Camping","BaseCamp",153.33,105.76,9,0,52,52,216,137.32
"SKU-0100","BaseCamp Fire Pit II","Camping","BaseCamp",153.33,105.76,10,0,52,52,117,132.35
"SKU-0100","BaseCamp Fire Pit II","Camping","BaseCamp",153.33,105.76,11,0,52,52,134,136.73
"SKU-0100","BaseCamp Fire Pit II","Camping","BaseCamp",153.33,105.76,12,0,52,52,134,137.28
"SKU-0101","WildEdge Camp Towel","Accessories","WildEdge",140.75,140.75,1,1,84,1,44,130.68
"SKU-0101","WildEdge Camp Towel","Accessories","WildEdge",140.75,140.75,2,1,84,2,57,129.4
"SKU-0101","WildEdge Camp Towel","Accessories","WildEdge",140.75,140.75,3,4,84,6,58,127.33
"SKU-0101","WildEdge Camp Towel","Accessories","WildEdge",140.75,140.75,4,3,84,9,37,124.34
"SKU-0101","WildEdge Camp Towel","Accessories","WildEdge",140.75,140.75,5,3,84,12,32,128.47
"SKU-0101","WildEdge Camp Towel","Accessories","WildEdge",140.75,140.75,6,6,84,18,65,124.49
"SKU-0101","WildEdge Camp Towel","Accessories","WildEdge",140.75,140.75,7,3,84,21,45,129.7
"SKU-0101","WildEdge Camp Towel","Accessories","WildEdge",140.75,140.75,8,2,84,23,40,131.22
"SKU-0101","WildEdge Camp Towel","Accessories","WildEdge",140.75,140.75,9,2,84,25,35,134.21
"SKU-0101","WildEdge Camp Towel","Accessories","WildEdge",140.75,140.75,10,2,84,27,66,134.73
"SKU-0101","WildEdge Camp Towel","Accessories","WildEdge",140.75,140.75,11,3,84,30,38,127.11
"SKU-0101","WildEdge Camp Towel","Accessories","WildEdge",140.75,140.75,12,0,84,30,32,135.61
"SKU-0102","PeakGear Insect Repellent","Accessories","PeakGear",33.39,33.39,1,5,47,5,18,32.84
"SKU-0102","PeakGear Insect Repellent","Accessories","PeakGear",33.39,33.39,2,4,47,9,89,30.69
"SKU-0102","PeakGear Insect Repellent","Accessories","PeakGear",33.39,33.39,3,4,47,13,109,30.26
"SKU-0102","PeakGear Insect Repellent","Accessories","PeakGear",33.39,33.39,4,3,47,16,126,31.93
"SKU-0102","PeakGear Insect Repellent","Accessories","PeakGear",33.39,20.56,5,5,47,21,83,32.64
"SKU-0102","PeakGear Insect Repellent","Accessories","PeakGear",33.39,20.56,6,7,47,28,89,31.63
"SKU-0102","PeakGear Insect Repellent","Accessories","PeakGear",33.39,20.56,7,8,47,36,163,29.98
"SKU-0102","PeakGear Insect Repellent","Accessories","PeakGear",33.39,20.56,8,6,47,42,95,30.65
"SKU-0102","PeakGear Insect Repellent","Accessories","PeakGear",33.39,20.56,9,5,47,47,48,31.02
"SKU-0102","PeakGear Insect Repellent","Accessories","PeakGear",33.39,20.56,10,0,47,47,93,31.54
"SKU-0102","PeakGear Insect Repellent","Accessories","PeakGear",33.39,20.56,11,0,47,47,76,31.47
"SKU-0102","PeakGear Insect Repellent","Accessories","PeakGear",33.39,20.56,12,0,47,47,85,31.58
"SKU-0103","WildEdge Sun Hat","Apparel","WildEdge",145.18,145.18,1,7,38,7,157,169.81
"SKU-0103","WildEdge Sun Hat","Apparel","WildEdge",145.18,145.18,2,6,38,13,106,170.72
"SKU-0103","WildEdge Sun Hat","Apparel","WildEdge",145.18,145.18,3,6,38,19,112,165.38
"SKU-0103","WildEdge Sun Hat","Apparel","WildEdge",145.18,145.18,4,5,38,24,103,168.05
"SKU-0103","WildEdge Sun Hat","Apparel","WildEdge",145.18,145.18,5,7,38,31,177,166.62
"SKU-0103","WildEdge Sun Hat","Apparel","WildEdge",145.18,145.18,6,7,38,38,171,169.77
"SKU-0103","WildEdge Sun Hat","Apparel","WildEdge",145.18,145.18,7,0,38,38,132,167.69
"SKU-0103","WildEdge Sun Hat","Apparel","WildEdge",145.18,145.18,8,0,38,38,157,165.32
"SKU-0103","WildEdge Sun Hat","Apparel","WildEdge",145.18,145.18,9,0,38,38,91,164.65
"SKU-0103","WildEdge Sun Hat","Apparel","WildEdge",145.18,145.18,10,0,38,38,76,165.42
"SKU-0103","WildEdge Sun Hat","Apparel","WildEdge",145.18,145.18,11,0,38,38,137,167.42
"SKU-0103","WildEdge Sun Hat","Apparel","WildEdge",145.18,145.18,12,0,38,38,62,169.46
"SKU-0104","OuterBound Cooler","Camping","OuterBound",153.01,153.01,1,2,110,2,54,160.69
"SKU-0104","OuterBound Cooler","Camping","OuterBound",153.01,153.01,2,4,110,6,118,163.42
"SKU-0104","OuterBound Cooler","Camping","OuterBound",153.01,153.01,3,3,110,9,123,174.24
"SKU-0104","OuterBound Cooler","Camping","OuterBound",153.01,153.01,4,7,110,16,133,163.6
"SKU-0104","OuterBound Cooler","Camping","OuterBound",153.01,134.93,5,5,110,21,57,163.13
"SKU-0104","OuterBound Cooler","Camping","OuterBound",153.01,134.93,6,4,110,25,80,162.25
"SKU-0104","OuterBound Cooler","Camping","OuterBound",153.01,134.93,7,6,110,31,133,160.19
"SKU-0104","OuterBound Cooler","Camping","OuterBound",153.01,134.93,8,7,110,38,109,161.05
"SKU-0104","OuterBound Cooler","Camping","OuterBound",153.01,134.93,9,3,110,41,57,160.7
"SKU-0104","OuterBound Cooler","Camping","OuterBound",153.01,134.93,10,5,110,46,113,162.44
"SKU-0104","OuterBound Cooler","Camping","OuterBound",153.01,134.93,11,3,110,49,81,165.15
"SKU-0104","OuterBound Cooler","Camping","OuterBound",153.01,134.93,12,4,110,53,43,164.38
"SKU-0105","WildEdge Trail Shoes","Hiking","WildEdge",170.12,170.12,1,2,67,2,64,156.3
"SKU-0105","WildEdge Trail Shoes","Hiking","WildEdge",170.12,170.12,2,5,67,7,109,149.25
"SKU-0105","WildEdge Trail Shoes","Hiking","WildEdge",170.12,170.12,3,7,67,14,114,153.72
"SKU-0105","WildEdge Trail Shoes","Hiking","WildEdge",170.12,170.12,4,7,67,21,162,150.21
"SKU-0105","WildEdge Trail Shoes","Hiking","WildEdge",170.12,140.3,5,7,67,28,124,150.16
"SKU-0105","WildEdge Trail Shoes","Hiking","WildEdge",170.12,140.3,6,4,67,32,108,146.46
"SKU-0105","WildEdge Trail Shoes","Hiking","WildEdge",170.12,140.3,7,5,67,37,142,147.5
"SKU-0105","WildEdge Trail Shoes","Hiking","WildEdge",170.12,140.3,8,5,67,42,84,149.27
"SKU-0105","WildEdge Trail Shoes","Hiking","WildEdge",170.12,140.3,9,4,67,46,112,141.01
"SKU-0105","WildEdge Trail Shoes","Hiking","WildEdge",170.12,140.3,10,4,67,50,78,156.67
"SKU-0105","WildEdge Trail Shoes","Hiking","WildEdge",170.12,140.3,11,6,67,56,48,156.68
"SKU-0105","WildEdge Trail Shoes","Hiking","WildEdge",170.12,140.3,12,0,67,56,68,145.02
"SKU-0106","PeakGear Base Layer","Apparel","PeakGear",238.11,238.11,1,10,118,10,186,223.06
"SKU-0106","PeakGear Base Layer","Apparel","PeakGear",238.11,238.11,2,12,118,22,231,230.43
"SKU-0106","PeakGear Base Layer","Apparel","PeakGear",238.11,238.11,3,16,118,38,311,241.61
"SKU-0106","PeakGear Base Layer","Apparel","PeakGear",238.11,238.11,4,17,118,55,199,234.07
"SKU-0106","PeakGear Base Layer","Apparel","PeakGear",238.11,238.11,5,12,118,67,231,220.87
"SKU-0106","PeakGear Base Layer","Apparel","PeakGear",238.11,198.41,6,22,118,89,333,217.2
"SKU-0106","PeakGear Base Layer","Apparel","PeakGear",238.11,198.41,7,18,118,107,177,228.04
"SKU-0106","PeakGear Base Layer","Apparel","PeakGear",238.11,198.41,8,11,118,118,358,234.47
"SKU-0106","PeakGear Base Layer","Apparel","PeakGear",238.11,198.41,9,0,118,118,261,223.69
"SKU-0106","PeakGear Base Layer","Apparel","PeakGear",238.11,198.41,10,0,118,118,113,229.89
"SKU-0106","PeakGear Base Layer","Apparel","PeakGear",238.11,198.41,11,0,118,118,241,230.35
"SKU-0106","PeakGear Base Layer","Apparel","PeakGear",238.11,198.41,12,0,118,118,153,230.81
"SKU-0107","BaseCamp Hydration Pack","Hiking","BaseCamp",161.82,161.82,1,10,80,10,142,146.82
"SKU-0107","BaseCamp Hydration Pack","Hiking","BaseCamp",161.82,161.82,2,10,80,20,108,141.05
"SKU-0107","BaseCamp Hydration Pack","Hiking","BaseCamp",161.82,161.82,3,10,80,30,145,139.5
"SKU-0107","BaseCamp Hydration Pack","Hiking","BaseCamp",161.82,161.82,4,12,80,42,278,148.4
"SKU-0107","BaseCamp Hydration Pack","Hiking","BaseCamp",161.82,108.72,5,12,80,54,139,147.12
"SKU-0107","BaseCamp Hydration Pack","Hiking","BaseCamp",161.82,108.72,6,15,80,69,208,145.94
"SKU-0107","BaseCamp Hydration Pack","Hiking","BaseCamp",161.82,108.72,7,11,80,80,188,140.88
"SKU-0107","BaseCamp Hydration Pack","Hiking","BaseCamp",161.82,108.72,8,0,80,80,189,137.58
"SKU-0107","BaseCamp Hydration Pack","Hiking","BaseCamp",161.82,108.72,9,0,80,80,171,148.12
"SKU-0107","BaseCamp Hydration Pack","Hiking","BaseCamp",161.82,108.72,10,0,80,80,137,147.15
"SKU-0107","BaseCamp Hydration Pack","Hiking","BaseCamp",161.82,108.72,11,0,80,80,109,148.27
"SKU-0107","BaseCamp Hydration Pack","Hiking","BaseCamp",161.82,108.72,12,0,80,80,93,134.9
"SKU-0108","PeakGear Lantern","Camping","PeakGear",271.25,271.25,1,7,46,7,140,257.07
"SKU-0108","PeakGear Lantern","Camping","PeakGear",271.25,271.25,2,10,46,17,164,260.46
"SKU-0108","PeakGear Lantern","Camping","PeakGear",271.25,271.25,3,8,46,25,160,263.65
"SKU-0108","PeakGear Lantern","Camping","PeakGear",271.25,271.25,4,13,46,38,195,263.05
"SKU-0108","PeakGear Lantern","Camping","PeakGear",271.25,271.25,5,8,46,46,183,264.8
"SKU-0108","PeakGear Lantern","Camping","PeakGear",271.25,235.16,6,0,46,46,206,274.22
"SKU-0108","PeakGear Lantern","Camping","PeakGear",271.25,235.16,7,0,46,46,219,264.57
"SKU-0108","PeakGear Lantern","Camping","PeakGear",271.25,235.16,8,0,46,46,125,253.04
"SKU-0108","PeakGear Lantern","Camping","PeakGear",271.25,235.16,9,0,46,46,148,262.39
"SKU-0108","PeakGear Lantern","Camping","PeakGear",271.25,235.16,10,0,46,46,108,260.75
"SKU-0108","PeakGear Lantern","Camping","PeakGear",271.25,235.16,11,0,46,46,152,260.31
"SKU-0108","PeakGear Lantern","Camping","PeakGear",271.25,235.16,12,0,46,46,105,245.33
"SKU-0109","PeakGear Compass II","Hiking","PeakGear",53.97,53.97,1,4,86,4,104,46.61
"SKU-0109","PeakGear Compass II","Hiking","PeakGear",53.97,53.97,2,3,86,7,58,45.75
"SKU-0109","PeakGear Compass II","Hiking","PeakGear",53.97,53.97,3,7,86,14,146,46.82
"SKU-0109","PeakGear Compass II","Hiking","PeakGear",53.97,53.97,4,4,86,18,150,45.67
"SKU-0109","PeakGear Compass II","Hiking","PeakGear",53.97,38.91,5,6,86,24,69,46.32
"SKU-0109","PeakGear Compass II","Hiking","PeakGear",53.97,38.91,6,8,86,32,69,43.07
"SKU-0109","PeakGear Compass II","Hiking","PeakGear",53.97,38.91,7,6,86,38,90,48.38
"SKU-0109","PeakGear Compass II","Hiking","PeakGear",53.97,38.91,8,6,86,44,125,46.08
"SKU-0109","PeakGear Compass II","Hiking","PeakGear",53.97,38.91,9,7,86,51,108,49.12
"SKU-0109","PeakGear Compass II","Hiking","PeakGear",53.97,38.91,10,5,86,56,51,46.29
"SKU-0109","PeakGear Compass II","Hiking","PeakGear",53.97,38.91,11,3,86,59,95,46.22
"SKU-0109","PeakGear Compass II","Hiking","PeakGear",53.97,38.91,12,5,86,64,48,45.9
"SKU-0110","AlpineCore Tarp","Camping","AlpineCore",202.91,202.91,1,3,92,3,110,190.69
"SKU-0110","AlpineCore Tarp","Camping","AlpineCore",202.91,202.91,2,8,92,11,132,182.28
"SKU-0110","AlpineCore Tarp","Camping","AlpineCore",202.91,202.91,3,7,92,18,154,182.77
"SKU-0110","AlpineCore Tarp","Camping","AlpineCore",202.91,202.91,4,6,92,24,151,186.43
"SKU-0110","AlpineCore Tarp","Camping","AlpineCore",202.91,202.91,5,8,92,32,120,179.39
"SKU-0110","AlpineCore Tarp","Camping","AlpineCore",202.91,202.91,6,6,92,38,127,177.95
"SKU-0110","AlpineCore Tarp","Camping","AlpineCore",202.91,181.91,7,8,92,46,82,193.46
"SKU-0110","AlpineCore Tarp","Camping","AlpineCore",202.91,181.91,8,9,92,55,173,184.72
"SKU-0110","AlpineCore Tarp","Camping","AlpineCore",202.91,181.91,9,6,92,61,72,179.18
"SKU-0110","AlpineCore Tarp","Camping","AlpineCore",202.91,181.91,10,4,92,65,115,180.01
"SKU-0110","AlpineCore Tarp","Camping","AlpineCore",202.91,181.91,11,4,92,69,144,181.78
"SKU-0110","AlpineCore Tarp","Camping","AlpineCore",202.91,181.91,12,2,92,71,128,196.41
"SKU-0111","WildEdge Trail Shoes II","Hiking","WildEdge",27.54,27.54,1,7,78,7,135,25.69
"SKU-0111","WildEdge Trail Shoes II","Hiking","WildEdge",27.54,27.54,2,7,78,14,143,26.42
"SKU-0111","WildEdge Trail Shoes II","Hiking","WildEdge",27.54,27.54,3,10,78,24,157,26.52
"SKU-0111","WildEdge Trail Shoes II","Hiking","WildEdge",27.54,21.86,4,14,78,38,210,26.47
"SKU-0111","WildEdge Trail Shoes II","Hiking","WildEdge",27.54,21.86,5,16,78,54,178,25.84
"SKU-0111","WildEdge Trail Shoes II","Hiking","WildEdge",27.54,21.86,6,12,78,66,192,26.48
"SKU-0111","WildEdge Trail Shoes II","Hiking","WildEdge",27.54,21.86,7,11,78,77,143,26.55
"SKU-0111","WildEdge Trail Shoes II","Hiking","WildEdge",27.54,21.86,8,1,78,78,193,24.84
"SKU-0111","WildEdge Trail Shoes II","Hiking","WildEdge",27.54,21.86,9,0,78,78,262,25.47
"SKU-0111","WildEdge Trail Shoes II","Hiking","WildEdge",27.54,21.86,10,0,78,78,214,27.68
"SKU-0111","WildEdge Trail Shoes II","Hiking","WildEdge",27.54,21.86,11,0,78,78,171,25.28
"SKU-0111","WildEdge Trail Shoes II","Hiking","WildEdge",27.54,21.86,12,0,78,78,157,27.09
"SKU-0112","PeakGear Fleece Vest","Apparel","PeakGear",201.77,201.77,1,15,72,15,274,181.79
"SKU-0112","PeakGear Fleece Vest","Apparel","PeakGear",201.77,201.77,2,14,72,29,179,183.03
"SKU-0112","PeakGear Fleece Vest","Apparel","PeakGear",201.77,201.77,3,19,72,48,288,189.62
"SKU-0112","PeakGear Fleece Vest","Apparel","PeakGear",201.77,201.77,4,24,72,72,484,184.89
"SKU-0112","PeakGear Fleece Vest","Apparel","PeakGear",201.77,201.77,5,0,72,72,305,179.7
"SKU-0112","PeakGear Fleece Vest","Apparel","PeakGear",201.77,201.77,6,0,72,72,191,181.29
"SKU-0112","PeakGear Fleece Vest","Apparel","PeakGear",201.77,201.77,7,0,72,72,292,189.3
"SKU-0112","PeakGear Fleece Vest","Apparel","PeakGear",201.77,201.77,8,0,72,72,314,191.24
"SKU-0112","PeakGear Fleece Vest","Apparel","PeakGear",201.77,201.77,9,0,72,72,206,178.35
"SKU-0112","PeakGear Fleece Vest","Apparel","PeakGear",201.77,201.77,10,0,72,72,284,180.61
"SKU-0112","PeakGear Fleece Vest","Apparel","PeakGear",201.77,201.77,11,0,72,72,144,181.63
"SKU-0112","PeakGear Fleece Vest","Apparel","PeakGear",201.77,201.77,12,0,72,72,142,177.48
"SKU-0113","SummitPro Hydration Pack","Hiking","SummitPro",89.44,89.44,1,4,78,4,137,99.53
"SKU-0113","SummitPro Hydration Pack","Hiking","SummitPro",89.44,89.44,2,5,78,9,144,102.37
"SKU-0113","SummitPro Hydration Pack","Hiking","SummitPro",89.44,89.44,3,4,78,13,71,96.89
"SKU-0113","SummitPro Hydration Pack","Hiking","SummitPro",89.44,89.44,4,6,78,19,167,99.97
"SKU-0113","SummitPro Hydration Pack","Hiking","SummitPro",89.44,89.44,5,6,78,25,118,102.33
"SKU-0113","SummitPro Hydration Pack","Hiking","SummitPro",89.44,89.44,6,4,78,29,93,97.7
"SKU-0113","SummitPro Hydration Pack","Hiking","SummitPro",89.44,89.44,7,5,78,34,123,94.68
"SKU-0113","SummitPro Hydration Pack","Hiking","SummitPro",89.44,89.44,8,8,78,42,100,94.82
"SKU-0113","SummitPro Hydration Pack","Hiking","SummitPro",89.44,89.44,9,4,78,46,103,99.73
"SKU-0113","SummitPro Hydration Pack","Hiking","SummitPro",89.44,89.44,10,7,78,53,140,98.31
"SKU-0113","SummitPro Hydration Pack","Hiking","SummitPro",89.44,89.44,11,4,78,57,106,95.84
"SKU-0113","SummitPro Hydration Pack","Hiking","SummitPro",89.44,89.44,12,3,78,60,51,99.12
"SKU-0114","TrailBlaze Fleece Vest","Apparel","TrailBlaze",172.02,172.02,1,9,79,9,136,175.19
"SKU-0114","TrailBlaze Fleece Vest","Apparel","TrailBlaze",172.02,172.02,2,9,79,18,127,176.93
"SKU-0114","TrailBlaze Fleece Vest","Apparel","TrailBlaze",172.02,172.02,3,11,79,29,247,179.84
"SKU-0114","TrailBlaze Fleece Vest","Apparel","TrailBlaze",172.02,172.02,4,17,79,46,295,177.89
"SKU-0114","TrailBlaze Fleece Vest","Apparel","TrailBlaze",172.02,172.02,5,12,79,58,162,171.72
"SKU-0114","TrailBlaze Fleece Vest","Apparel","TrailBlaze",172.02,147.21,6,17,79,75,229,176.07
"SKU-0114","TrailBlaze Fleece Vest","Apparel","TrailBlaze",172.02,147.21,7,4,79,79,185,168.02
"SKU-0114","TrailBlaze Fleece Vest","Apparel","TrailBlaze",172.02,147.21,8,0,79,79,197,175.65
"SKU-0114","TrailBlaze Fleece Vest","Apparel","TrailBlaze",172.02,147.21,9,0,79,79,179,165.72
"SKU-0114","TrailBlaze Fleece Vest","Apparel","TrailBlaze",172.02,147.21,10,0,79,79,143,172.99
"SKU-0114","TrailBlaze Fleece Vest","Apparel","TrailBlaze",172.02,147.21,11,0,79,79,171,175.23
"SKU-0114","TrailBlaze Fleece Vest","Apparel","TrailBlaze",172.02,147.21,12,0,79,79,128,193.82
"SKU-0115","TrailBlaze Tarp II","Camping","TrailBlaze",177.03,177.03,1,6,64,6,130,193.54
"SKU-0115","TrailBlaze Tarp II","Camping","TrailBlaze",177.03,177.03,2,8,64,14,151,185.08
"SKU-0115","TrailBlaze Tarp II","Camping","TrailBlaze",177.03,133.36,3,11,64,25,153,202.87
"SKU-0115","TrailBlaze Tarp II","Camping","TrailBlaze",177.03,133.36,4,9,64,34,130,196.56
"SKU-0115","TrailBlaze Tarp II","Camping","TrailBlaze",177.03,133.36,5,11,64,45,186,190.35
"SKU-0115","TrailBlaze Tarp II","Camping","TrailBlaze",177.03,133.36,6,11,64,56,133,201.84
"SKU-0115","TrailBlaze Tarp II","Camping","TrailBlaze",177.03,133.36,7,8,64,64,152,198.64
"SKU-0115","TrailBlaze Tarp II","Camping","TrailBlaze",177.03,133.36,8,0,64,64,153,201.45
"SKU-0115","TrailBlaze Tarp II","Camping","TrailBlaze",177.03,133.36,9,0,64,64,94,200.4
"SKU-0115","TrailBlaze Tarp II","Camping","TrailBlaze",177.03,133.36,10,0,64,64,78,191.44
"SKU-0115","TrailBlaze Tarp II","Camping","TrailBlaze",177.03,133.36,11,0,64,64,118,199.45
"SKU-0115","TrailBlaze Tarp II","Camping","TrailBlaze",177.03,133.36,12,0,64,64,54,205.83
"SKU-0116","PeakGear Multi-Tool","Accessories","PeakGear",116.82,116.82,1,4,51,4,91,125.43
"SKU-0116","PeakGear Multi-Tool","Accessories","PeakGear",116.82,116.82,2,7,51,11,114,119.83
"SKU-0116","PeakGear Multi-Tool","Accessories","PeakGear",116.82,116.82,3,5,51,16,139,118.66
"SKU-0116","PeakGear Multi-Tool","Accessories","PeakGear",116.82,116.82,4,2,51,18,134,121.54
"SKU-0116","PeakGear Multi-Tool","Accessories","PeakGear",116.82,89.61,5,4,51,22,100,121.88
"SKU-0116","PeakGear Multi-Tool","Accessories","PeakGear",116.82,89.61,6,7,51,29,74,125.24
"SKU-0116","PeakGear Multi-Tool","Accessories","PeakGear",116.82,89.61,7,7,51,36,62,115.49
"SKU-0116","PeakGear Multi-Tool","Accessories","PeakGear",116.82,89.61,8,8,51,44,151,116.19
"SKU-0116","PeakGear Multi-Tool","Accessories","PeakGear",116.82,89.61,9,3,51,47,99,124.13
"SKU-0116","PeakGear Multi-Tool","Accessories","PeakGear",116.82,89.61,10,4,51,51,129,114.81
"SKU-0116","PeakGear Multi-Tool","Accessories","PeakGear",116.82,89.61,11,0,51,51,23,123.53
"SKU-0116","PeakGear Multi-Tool","Accessories","PeakGear",116.82,89.61,12,0,51,51,61,120.66
"SKU-0117","SummitPro Lantern III","Camping","SummitPro",218.91,218.91,1,10,96,10,239,248.55
"SKU-0117","SummitPro Lantern III","Camping","SummitPro",218.91,218.91,2,13,96,23,198,247.57
"SKU-0117","SummitPro Lantern III","Camping","SummitPro",218.91,218.91,3,13,96,36,252,247.01
"SKU-0117","SummitPro Lantern III","Camping","SummitPro",218.91,218.91,4,14,96,50,224,251.67
"SKU-0117","SummitPro Lantern III","Camping","SummitPro",218.91,218.91,5,18,96,68,296,250.67
"SKU-0117","SummitPro Lantern III","Camping","SummitPro",218.91,218.91,6,15,96,83,269,246.98
"SKU-0117","SummitPro Lantern III","Camping","SummitPro",218.91,218.91,7,13,96,96,303,256.76
"SKU-0117","SummitPro Lantern III","Camping","SummitPro",218.91,218.91,8,0,96,96,289,229.34
"SKU-0117","SummitPro Lantern III","Camping","SummitPro",218.91,218.91,9,0,96,96,161,251.51
"SKU-0117","SummitPro Lantern III","Camping","SummitPro",218.91,218.91,10,0,96,96,208,250.23
"SKU-0117","SummitPro Lantern III","Camping","SummitPro",218.91,218.91,11,0,96,96,220,250.16
"SKU-0117","SummitPro Lantern III","Camping","SummitPro",218.91,218.91,12,0,96,96,99,241.97
"SKU-0118","SummitPro Stove II","Camping","SummitPro",211.43,211.43,1,9,95,9,168,208.77
"SKU-0118","SummitPro Stove II","Camping","SummitPro",211.43,211.43,2,12,95,21,204,187.15
"SKU-0118","SummitPro Stove II","Camping","SummitPro",211.43,211.43,3,16,95,37,276,194.9
"SKU-0118","SummitPro Stove II","Camping","SummitPro",211.43,211.43,4,18,95,55,169,199.88
"SKU-0118","SummitPro Stove II","Camping","SummitPro",211.43,211.43,5,16,95,71,323,200.2
"SKU-0118","SummitPro Stove II","Camping","SummitPro",211.43,211.43,6,13,95,84,146,178.16
"SKU-0118","SummitPro Stove II","Camping","SummitPro",211.43,211.43,7,11,95,95,251,210.44
"SKU-0118","SummitPro Stove II","Camping","SummitPro",211.43,211.43,8,0,95,95,173,189.12
"SKU-0118","SummitPro Stove II","Camping","SummitPro",211.43,211.43,9,0,95,95,252,195.77
"SKU-0118","SummitPro Stove II","Camping","SummitPro",211.43,211.43,10,0,95,95,226,204.46
"SKU-0118","SummitPro Stove II","Camping","SummitPro",211.43,211.43,11,0,95,95,148,191.94
"SKU-0118","SummitPro Stove II","Camping","SummitPro",211.43,211.43,12,0,95,95,149,205.13
"SKU-0119","PeakGear Fleece Vest II","Apparel","PeakGear",126.83,126.83,1,21,87,21,344,147.18
"SKU-0119","PeakGear Fleece Vest II","Apparel","PeakGear",126.83,126.83,2,21,87,42,293,145.43
"SKU-0119","PeakGear Fleece Vest II","Apparel","PeakGear",126.83,126.83,3,26,87,68,371,135.31
"SKU-0119","PeakGear Fleece Vest II","Apparel","PeakGear",126.83,126.83,4,19,87,87,460,135.65
"SKU-0119","PeakGear Fleece Vest II","Apparel","PeakGear",126.83,126.83,5,0,87,87,467,138.01
"SKU-0119","PeakGear Fleece Vest II","Apparel","PeakGear",126.83,126.83,6,0,87,87,527,137.83
"SKU-0119","PeakGear Fleece Vest II","Apparel","PeakGear",126.83,126.83,7,0,87,87,388,136.87
"SKU-0119","PeakGear Fleece Vest II","Apparel","PeakGear",126.83,126.83,8,0,87,87,396,139.58
"SKU-0119","PeakGear Fleece Vest II","Apparel","PeakGear",126.83,126.83,9,0,87,87,338,127.3
"SKU-0119","PeakGear Fleece Vest II","Apparel","PeakGear",126.83,126.83,10,0,87,87,267,137.53
"SKU-0119","PeakGear Fleece Vest II","Apparel","PeakGear",126.83,126.83,11,0,87,87,331,135.8
"SKU-0119","PeakGear Fleece Vest II","Apparel","PeakGear",126.83,126.83,12,0,87,87,311,137.55
"SKU-0120","PeakGear First Aid Kit","Accessories","PeakGear",108.25,108.25,1,4,83,4,125,102.8
"SKU-0120","PeakGear First Aid Kit","Accessories","PeakGear",108.25,108.25,2,4,83,8,127,102.51
"SKU-0120","PeakGear First Aid Kit","Accessories","PeakGear",108.25,108.25,3,8,83,16,175,109.12
"SKU-0120","PeakGear First Aid Kit","Accessories","PeakGear",108.25,108.25,4,7,83,23,190,107.48
"SKU-0120","PeakGear First Aid Kit","Accessories","PeakGear",108.25,108.25,5,5,83,28,141,101.66
"SKU-0120","PeakGear First Aid Kit","Accessories","PeakGear",108.25,108.25,6,7,83,35,148,106.8
"SKU-0120","PeakGear First Aid Kit","Accessories","PeakGear",108.25,108.25,7,8,83,43,199,104.57
"SKU-0120","PeakGear First Aid Kit","Accessories","PeakGear",108.25,108.25,8,7,83,50,114,102.95
"SKU-0120","PeakGear First Aid Kit","Accessories","PeakGear",108.25,108.25,9,7,83,57,94,102.53
"SKU-0120","PeakGear First Aid Kit","Accessories","PeakGear",108.25,108.25,10,9,83,66,100,105.76
"SKU-0120","PeakGear First Aid Kit","Accessories","PeakGear",108.25,108.25,11,3,83,69,114,106.19
"SKU-0120","PeakGear First Aid Kit","Accessories","PeakGear",108.25,108.25,12,2,83,71,64,105.08
"SKU-0121","WildEdge Water Bottle II","Accessories","WildEdge",161.03,161.03,1,5,62,5,76,152.95
"SKU-0121","WildEdge Water Bottle II","Accessories","WildEdge",161.03,161.03,2,2,62,7,125,157.92
"SKU-0121","WildEdge Water Bottle II","Accessories","WildEdge",161.03,161.03,3,7,62,14,117,171.58
"SKU-0121","WildEdge Water Bottle II","Accessories","WildEdge",161.03,161.03,4,4,62,18,107,162.45
"SKU-0121","WildEdge Water Bottle II","Accessories","WildEdge",161.03,142.85,5,3,62,21,99,172.63
"SKU-0121","WildEdge Water Bottle II","Accessories","WildEdge",161.03,142.85,6,7,62,28,115,165.43
"SKU-0121","WildEdge Water Bottle II","Accessories","WildEdge",161.03,142.85,7,4,62,32,41,169.21
"SKU-0121","WildEdge Water Bottle II","Accessories","WildEdge",161.03,142.85,8,5,62,37,145,157.82
"SKU-0121","WildEdge Water Bottle II","Accessories","WildEdge",161.03,142.85,9,6,62,43,102,162.2
"SKU-0121","WildEdge Water Bottle II","Accessories","WildEdge",161.03,142.85,10,4,62,47,90,162.65
"SKU-0121","WildEdge Water Bottle II","Accessories","WildEdge",161.03,142.85,11,4,62,51,112,163.45
"SKU-0121","WildEdge Water Bottle II","Accessories","WildEdge",161.03,142.85,12,4,62,55,56,165.69
"SKU-0122","OuterBound Trail Shoes","Hiking","OuterBound",271.87,271.87,1,1,88,1,82,248.89
"SKU-0122","OuterBound Trail Shoes","Hiking","OuterBound",271.87,271.87,2,2,88,3,48,245.82
"SKU-0122","OuterBound Trail Shoes","Hiking","OuterBound",271.87,271.87,3,2,88,5,101,225.22
"SKU-0122","OuterBound Trail Shoes","Hiking","OuterBound",271.87,271.87,4,1,88,6,37,238.83
"SKU-0122","OuterBound Trail Shoes","Hiking","OuterBound",271.87,271.87,5,3,88,9,108,260.98
"SKU-0122","OuterBound Trail Shoes","Hiking","OuterBound",271.87,271.87,6,4,88,13,65,240.27
"SKU-0122","OuterBound Trail Shoes","Hiking","OuterBound",271.87,271.87,7,4,88,17,60,244.54
"SKU-0122","OuterBound Trail Shoes","Hiking","OuterBound",271.87,271.87,8,5,88,22,35,251.41
"SKU-0122","OuterBound Trail Shoes","Hiking","OuterBound",271.87,271.87,9,3,88,25,83,242.28
"SKU-0122","OuterBound Trail Shoes","Hiking","OuterBound",271.87,271.87,10,1,88,26,49,226.1
"SKU-0122","OuterBound Trail Shoes","Hiking","OuterBound",271.87,271.87,11,0,88,26,51,243.9
"SKU-0122","OuterBound Trail Shoes","Hiking","OuterBound",271.87,271.87,12,4,88,30,35,244.65
"SKU-0123","PeakGear Water Filter","Hiking","PeakGear",129.69,129.69,1,5,64,5,71,128.91
"SKU-0123","PeakGear Water Filter","Hiking","PeakGear",129.69,129.69,2,6,64,11,91,126.27
"SKU-0123","PeakGear Water Filter","Hiking","PeakGear",129.69,129.69,3,2,64,13,84,127.77
"SKU-0123","PeakGear Water Filter","Hiking","PeakGear",129.69,129.69,4,8,64,21,118,138.45
"SKU-0123","PeakGear Water Filter","Hiking","PeakGear",129.69,129.69,5,6,64,27,146,131.19
"SKU-0123","PeakGear Water Filter","Hiking","PeakGear",129.69,129.69,6,7,64,34,60,126.89
"SKU-0123","PeakGear Water Filter","Hiking","PeakGear",129.69,129.69,7,4,64,38,66,131.22
"SKU-0123","PeakGear Water Filter","Hiking","PeakGear",129.69,129.69,8,5,64,43,125,127.05
"SKU-0123","PeakGear Water Filter","Hiking","PeakGear",129.69,129.69,9,2,64,45,93,134.04
"SKU-0123","PeakGear Water Filter","Hiking","PeakGear",129.69,129.69,10,3,64,48,69,124.27
"SKU-0123","PeakGear Water Filter","Hiking","PeakGear",129.69,129.69,11,4,64,52,66,133.48
"SKU-0123","PeakGear Water Filter","Hiking","PeakGear",129.69,129.69,12,1,64,53,44,130.89
"SKU-0124","PeakGear Softshell Jacket","Apparel","PeakGear",205.42,205.42,1,7,90,7,130,186.24
"SKU-0124","PeakGear Softshell Jacket","Apparel","PeakGear",205.42,205.42,2,11,90,18,127,182.37
"SKU-0124","PeakGear Softshell Jacket","Apparel","PeakGear",205.42,205.42,3,7,90,25,115,187.48
"SKU-0124","PeakGear Softshell Jacket","Apparel","PeakGear",205.42,205.42,4,9,90,34,161,194.12
"SKU-0124","PeakGear Softshell Jacket","Apparel","PeakGear",205.42,205.42,5,11,90,45,121,186.65
"SKU-0124","PeakGear Softshell Jacket","Apparel","PeakGear",205.42,175.38,6,13,90,58,182,190.31
"SKU-0124","PeakGear Softshell Jacket","Apparel","PeakGear",205.42,175.38,7,13,90,71,202,182.41
"SKU-0124","PeakGear Softshell Jacket","Apparel","PeakGear",205.42,175.38,8,12,90,83,133,182.05
"SKU-0124","PeakGear Softshell Jacket","Apparel","PeakGear",205.42,175.38,9,7,90,90,173,192.2
"SKU-0124","PeakGear Softshell Jacket","Apparel","PeakGear",205.42,175.38,10,0,90,90,82,184.23
"SKU-0124","PeakGear Softshell Jacket","Apparel","PeakGear",205.42,175.38,11,0,90,90,55,178.83
"SKU-0124","PeakGear Softshell Jacket","Apparel","PeakGear",205.42,175.38,12,0,90,90,118,189.18
"SKU-0125","BaseCamp Camp Chair II","Camping","BaseCamp",141.68,141.68,1,6,83,6,76,153.82
"SKU-0125","BaseCamp Camp Chair II","Camping","BaseCamp",141.68,141.68,2,7,83,13,145,151.86
"SKU-0125","BaseCamp Camp Chair II","Camping","BaseCamp",141.68,141.68,3,6,83,19,80,150.56
"SKU-0125","BaseCamp Camp Chair II","Camping","BaseCamp",141.68,141.68,4,7,83,26,204,153.97
"SKU-0125","BaseCamp Camp Chair II","Camping","BaseCamp",141.68,141.68,5,9,83,35,186,150.66
"SKU-0125","BaseCamp Camp Chair II","Camping","BaseCamp",141.68,123.54,6,8,83,43,93,156.42
"SKU-0125","BaseCamp Camp Chair II","Camping","BaseCamp",141.68,123.54,7,8,83,51,194,157.73
"SKU-0125","BaseCamp Camp Chair II","Camping","BaseCamp",141.68,123.54,8,11,83,62,166,158.76
"SKU-0125","BaseCamp Camp Chair II","Camping","BaseCamp",141.68,123.54,9,11,83,73,169,151.81
"SKU-0125","BaseCamp Camp Chair II","Camping","BaseCamp",141.68,123.54,10,6,83,79,101,157.57
"SKU-0125","BaseCamp Camp Chair II","Camping","BaseCamp",141.68,123.54,11,4,83,83,92,154.75
"SKU-0125","BaseCamp Camp Chair II","Camping","BaseCamp",141.68,123.54,12,0,83,83,95,151.71
"SKU-0126","TrailBlaze Stove","Camping","TrailBlaze",31.59,31.59,1,9,69,9,111,30.12
"SKU-0126","TrailBlaze Stove","Camping","TrailBlaze",31.59,31.59,2,9,69,18,105,31.01
"SKU-0126","TrailBlaze Stove","Camping","TrailBlaze",31.59,31.59,3,7,69,25,184,31.97
"SKU-0126","TrailBlaze Stove","Camping","TrailBlaze",31.59,31.59,4,9,69,34,246,30.51
"SKU-0126","TrailBlaze Stove","Camping","TrailBlaze",31.59,31.59,5,12,69,46,208,32.89
"SKU-0126","TrailBlaze Stove","Camping","TrailBlaze",31.59,31.59,6,10,69,56,221,31.75
"SKU-0126","TrailBlaze Stove","Camping","TrailBlaze",31.59,31.59,7,10,69,66,206,31.8
"SKU-0126","TrailBlaze Stove","Camping","TrailBlaze",31.59,31.59,8,3,69,69,164,32.22
"SKU-0126","TrailBlaze Stove","Camping","TrailBlaze",31.59,31.59,9,0,69,69,199,31.44
"SKU-0126","TrailBlaze Stove","Camping","TrailBlaze",31.59,31.59,10,0,69,69,180,33.11
"SKU-0126","TrailBlaze Stove","Camping","TrailBlaze",31.59,31.59,11,0,69,69,110,32.15
"SKU-0126","TrailBlaze Stove","Camping","TrailBlaze",31.59,31.59,12,0,69,69,140,32.71
"SKU-0127","AlpineCore Tent","Camping","AlpineCore",260.81,260.81,1,13,119,13,225,216.48
"SKU-0127","AlpineCore Tent","Camping","AlpineCore",260.81,260.81,2,12,119,25,205,215.78
"SKU-0127","AlpineCore Tent","Camping","AlpineCore",260.81,260.81,3,14,119,39,257,222.72
"SKU-0127","AlpineCore Tent","Camping","AlpineCore",260.81,260.81,4,19,119,58,307,228.43
"SKU-0127","AlpineCore Tent","Camping","AlpineCore",260.81,260.81,5,15,119,73,218,220.24
"SKU-0127","AlpineCore Tent","Camping","AlpineCore",260.81,260.81,6,14,119,87,195,231.41
"SKU-0127","AlpineCore Tent","Camping","AlpineCore",260.81,260.81,7,14,119,101,337,230.26
"SKU-0127","AlpineCore Tent","Camping","AlpineCore",260.81,260.81,8,16,119,117,310,223
"SKU-0127","AlpineCore Tent","Camping","AlpineCore",260.81,260.81,9,2,119,119,142,230.12
"SKU-0127","AlpineCore Tent","Camping","AlpineCore",260.81,260.81,10,0,119,119,258,214.8
"SKU-0127","AlpineCore Tent","Camping","AlpineCore",260.81,260.81,11,0,119,119,166,220.41
"SKU-0127","AlpineCore Tent","Camping","AlpineCore",260.81,260.81,12,0,119,119,195,225.39
"SKU-0128","TerraFirm Compass","Hiking","TerraFirm",233.81,233.81,1,3,55,3,43,251.81
"SKU-0128","TerraFirm Compass","Hiking","TerraFirm",233.81,233.81,2,2,55,5,50,247.24
"SKU-0128","TerraFirm Compass","Hiking","TerraFirm",233.81,233.81,3,4,55,9,49,253.11
"SKU-0128","TerraFirm Compass","Hiking","TerraFirm",233.81,233.81,4,0,55,9,66,253.31
"SKU-0128","TerraFirm Compass","Hiking","TerraFirm",233.81,233.81,5,5,55,14,88,247.47
"SKU-0128","TerraFirm Compass","Hiking","TerraFirm",233.81,233.81,6,4,55,18,71,244.82
"SKU-0128","TerraFirm Compass","Hiking","TerraFirm",233.81,233.81,7,3,55,21,55,248
"SKU-0128","TerraFirm Compass","Hiking","TerraFirm",233.81,233.81,8,3,55,24,66,243.14
"SKU-0128","TerraFirm Compass","Hiking","TerraFirm",233.81,233.81,9,6,55,30,31,256.77
"SKU-0128","TerraFirm Compass","Hiking","TerraFirm",233.81,233.81,10,3,55,33,25,248.18
"SKU-0128","TerraFirm Compass","Hiking","TerraFirm",233.81,233.81,11,5,55,38,60,234.99
"SKU-0128","TerraFirm Compass","Hiking","TerraFirm",233.81,233.81,12,2,55,40,10,254.13
"SKU-0129","PeakGear GPS Watch","Hiking","PeakGear",115.14,115.14,1,2,43,2,30,103.47
"SKU-0129","PeakGear GPS Watch","Hiking","PeakGear",115.14,115.14,2,5,43,7,63,98.55
"SKU-0129","PeakGear GPS Watch","Hiking","PeakGear",115.14,115.14,3,5,43,12,57,97.26
"SKU-0129","PeakGear GPS Watch","Hiking","PeakGear",115.14,75.72,4,7,43,19,52,100.36
"SKU-0129","PeakGear GPS Watch","Hiking","PeakGear",115.14,75.72,5,6,43,25,45,101.47
"SKU-0129","PeakGear GPS Watch","Hiking","PeakGear",115.14,75.72,6,5,43,30,66,105.07
"SKU-0129","PeakGear GPS Watch","Hiking","PeakGear",115.14,75.72,7,5,43,35,58,103.37
"SKU-0129","PeakGear GPS Watch","Hiking","PeakGear",115.14,75.72,8,5,43,40,85,103.54
"SKU-0129","PeakGear GPS Watch","Hiking","PeakGear",115.14,75.72,9,3,43,43,93,105.12
"SKU-0129","PeakGear GPS Watch","Hiking","PeakGear",115.14,75.72,10,0,43,43,20,102.88
"SKU-0129","PeakGear GPS Watch","Hiking","PeakGear",115.14,75.72,11,0,43,43,48,100.66
"SKU-0129","PeakGear GPS Watch","Hiking","PeakGear",115.14,75.72,12,0,43,43,19,105.15
"SKU-0130","TerraFirm Trail Shoes","Hiking","TerraFirm",174.2,174.2,1,4,89,4,137,174.12
"SKU-0130","TerraFirm Trail Shoes","Hiking","TerraFirm",174.2,174.2,2,5,89,9,142,181.5
"SKU-0130","TerraFirm Trail Shoes","Hiking","TerraFirm",174.2,174.2,3,6,89,15,171,172.34
"SKU-0130","TerraFirm Trail Shoes","Hiking","TerraFirm",174.2,174.2,4,7,89,22,151,181.43
"SKU-0130","TerraFirm Trail Shoes","Hiking","TerraFirm",174.2,174.2,5,8,89,30,86,173.22
"SKU-0130","TerraFirm Trail Shoes","Hiking","TerraFirm",174.2,174.2,6,4,89,34,141,173.2
"SKU-0130","TerraFirm Trail Shoes","Hiking","TerraFirm",174.2,174.2,7,8,89,42,72,168.93
"SKU-0130","TerraFirm Trail Shoes","Hiking","TerraFirm",174.2,174.2,8,5,89,47,118,169.33
"SKU-0130","TerraFirm Trail Shoes","Hiking","TerraFirm",174.2,174.2,9,6,89,53,126,185.71
"SKU-0130","TerraFirm Trail Shoes","Hiking","TerraFirm",174.2,174.2,10,6,89,59,91,169.97
"SKU-0130","TerraFirm Trail Shoes","Hiking","TerraFirm",174.2,174.2,11,2,89,61,127,173.88
"SKU-0130","TerraFirm Trail Shoes","Hiking","TerraFirm",174.2,174.2,12,4,89,65,100,170.47
"SKU-0131","AlpineCore Headlamp","Hiking","AlpineCore",160.41,160.41,1,1,37,1,35,170.91
"SKU-0131","AlpineCore Headlamp","Hiking","AlpineCore",160.41,160.41,2,3,37,4,10,164.75
"SKU-0131","AlpineCore Headlamp","Hiking","AlpineCore",160.41,160.41,3,1,37,5,40,169.49
"SKU-0131","AlpineCore Headlamp","Hiking","AlpineCore",160.41,160.41,4,3,37,8,75,169.38
"SKU-0131","AlpineCore Headlamp","Hiking","AlpineCore",160.41,160.41,5,1,37,9,41,174.34
"SKU-0131","AlpineCore Headlamp","Hiking","AlpineCore",160.41,160.41,6,2,37,11,61,175.55
"SKU-0131","AlpineCore Headlamp","Hiking","AlpineCore",160.41,138.14,7,3,37,14,42,167.77
"SKU-0131","AlpineCore Headlamp","Hiking","AlpineCore",160.41,138.14,8,5,37,19,24,175.76
"SKU-0131","AlpineCore Headlamp","Hiking","AlpineCore",160.41,138.14,9,2,37,21,29,165.91
"SKU-0131","AlpineCore Headlamp","Hiking","AlpineCore",160.41,138.14,10,3,37,24,60,177.21
"SKU-0131","AlpineCore Headlamp","Hiking","AlpineCore",160.41,138.14,11,0,37,24,45,179.97
"SKU-0131","AlpineCore Headlamp","Hiking","AlpineCore",160.41,138.14,12,0,37,24,56,169.99
"SKU-0132","TrailBlaze Mattress Pad III","Camping","TrailBlaze",224.85,224.85,1,3,32,3,54,233.86
"SKU-0132","TrailBlaze Mattress Pad III","Camping","TrailBlaze",224.85,224.85,2,0,32,3,41,238.68
"SKU-0132","TrailBlaze Mattress Pad III","Camping","TrailBlaze",224.85,224.85,3,3,32,6,64,229.02
"SKU-0132","TrailBlaze Mattress Pad III","Camping","TrailBlaze",224.85,224.85,4,2,32,8,103,232.54
"SKU-0132","TrailBlaze Mattress Pad III","Camping","TrailBlaze",224.85,167.42,5,4,32,12,35,246.25
"SKU-0132","TrailBlaze Mattress Pad III","Camping","TrailBlaze",224.85,167.42,6,4,32,16,84,231.61
"SKU-0132","TrailBlaze Mattress Pad III","Camping","TrailBlaze",224.85,167.42,7,2,32,18,62,231.17
"SKU-0132","TrailBlaze Mattress Pad III","Camping","TrailBlaze",224.85,167.42,8,4,32,22,86,239.69
"SKU-0132","TrailBlaze Mattress Pad III","Camping","TrailBlaze",224.85,167.42,9,4,32,26,32,238.38
"SKU-0132","TrailBlaze Mattress Pad III","Camping","TrailBlaze",224.85,167.42,10,1,32,27,17,236.05
"SKU-0132","TrailBlaze Mattress Pad III","Camping","TrailBlaze",224.85,167.42,11,3,32,30,71,238.11
"SKU-0132","TrailBlaze Mattress Pad III","Camping","TrailBlaze",224.85,167.42,12,2,32,32,37,227.67
"SKU-0133","PeakGear Carabiner Set","Accessories","PeakGear",275.37,275.37,1,8,97,8,153,258.35
"SKU-0133","PeakGear Carabiner Set","Accessories","PeakGear",275.37,275.37,2,11,97,19,219,277.83
"SKU-0133","PeakGear Carabiner Set","Accessories","PeakGear",275.37,275.37,3,11,97,30,174,248.15
"SKU-0133","PeakGear Carabiner Set","Accessories","PeakGear",275.37,275.37,4,16,97,46,256,262.34
"SKU-0133","PeakGear Carabiner Set","Accessories","PeakGear",275.37,275.37,5,13,97,59,142,265.36
"SKU-0133","PeakGear Carabiner Set","Accessories","PeakGear",275.37,227.81,6,16,97,75,176,269.53
"SKU-0133","PeakGear Carabiner Set","Accessories","PeakGear",275.37,227.81,7,11,97,86,146,274.87
"SKU-0133","PeakGear Carabiner Set","Accessories","PeakGear",275.37,227.81,8,11,97,97,288,260.05
"SKU-0133","PeakGear Carabiner Set","Accessories","PeakGear",275.37,227.81,9,0,97,97,243,265.87
"SKU-0133","PeakGear Carabiner Set","Accessories","PeakGear",275.37,227.81,10,0,97,97,114,270.81
"SKU-0133","PeakGear Carabiner Set","Accessories","PeakGear",275.37,227.81,11,0,97,97,170,272.83
"SKU-0133","PeakGear Carabiner Set","Accessories","PeakGear",275.37,227.81,12,0,97,97,192,278.46
"SKU-0134","TrailBlaze Hiking Shorts II","Apparel","TrailBlaze",81.07,81.07,1,6,63,6,151,90.08
"SKU-0134","TrailBlaze Hiking Shorts II","Apparel","TrailBlaze",81.07,81.07,2,5,63,11,110,87.41
"SKU-0134","TrailBlaze Hiking Shorts II","Apparel","TrailBlaze",81.07,81.07,3,11,63,22,158,90.33
"SKU-0134","TrailBlaze Hiking Shorts II","Apparel","TrailBlaze",81.07,81.07,4,11,63,33,231,89.53
"SKU-0134","TrailBlaze Hiking Shorts II","Apparel","TrailBlaze",81.07,81.07,5,7,63,40,108,90.24
"SKU-0134","TrailBlaze Hiking Shorts II","Apparel","TrailBlaze",81.07,81.07,6,6,63,46,100,90.38
"SKU-0134","TrailBlaze Hiking Shorts II","Apparel","TrailBlaze",81.07,81.07,7,8,63,54,93,88.61
"SKU-0134","TrailBlaze Hiking Shorts II","Apparel","TrailBlaze",81.07,81.07,8,7,63,61,175,88.73
"SKU-0134","TrailBlaze Hiking Shorts II","Apparel","TrailBlaze",81.07,81.07,9,2,63,63,165,90.09
"SKU-0134","TrailBlaze Hiking Shorts II","Apparel","TrailBlaze",81.07,81.07,10,0,63,63,84,91.69
"SKU-0134","TrailBlaze Hiking Shorts II","Apparel","TrailBlaze",81.07,81.07,11,0,63,63,112,91.19
"SKU-0134","TrailBlaze Hiking Shorts II","Apparel","TrailBlaze",81.07,81.07,12,0,63,63,79,87.99
"SKU-0135","PeakGear Multi-Tool II","Accessories","PeakGear",239.72,239.72,1,5,116,5,105,239.35
"SKU-0135","PeakGear Multi-Tool II","Accessories","PeakGear",239.72,239.72,2,9,116,14,139,231.12
"SKU-0135","PeakGear Multi-Tool II","Accessories","PeakGear",239.72,239.72,3,12,116,26,233,237.17
"SKU-0135","PeakGear Multi-Tool II","Accessories","PeakGear",239.72,239.72,4,8,116,34,125,245.56
"SKU-0135","PeakGear Multi-Tool II","Accessories","PeakGear",239.72,239.72,5,11,116,45,158,237.82
"SKU-0135","PeakGear Multi-Tool II","Accessories","PeakGear",239.72,239.72,6,10,116,55,210,237.46
"SKU-0135","PeakGear Multi-Tool II","Accessories","PeakGear",239.72,239.72,7,10,116,65,214,233.75
"SKU-0135","PeakGear Multi-Tool II","Accessories","PeakGear",239.72,239.72,8,7,116,72,163,246.38
"SKU-0135","PeakGear Multi-Tool II","Accessories","PeakGear",239.72,239.72,9,6,116,78,166,228.18
"SKU-0135","PeakGear Multi-Tool II","Accessories","PeakGear",239.72,239.72,10,4,116,82,107,226.06
"SKU-0135","PeakGear Multi-Tool II","Accessories","PeakGear",239.72,239.72,11,5,116,87,86,238.91
"SKU-0135","PeakGear Multi-Tool II","Accessories","PeakGear",239.72,239.72,12,3,116,90,82,240.67
"SKU-0136","AlpineCore Multi-Tool","Accessories","AlpineCore",289.72,289.72,1,5,100,5,82,278.97
"SKU-0136","AlpineCore Multi-Tool","Accessories","AlpineCore",289.72,289.72,2,2,100,7,91,263.15
"SKU-0136","AlpineCore Multi-Tool","Accessories","AlpineCore",289.72,289.72,3,5,100,12,67,261.99
"SKU-0136","AlpineCore Multi-Tool","Accessories","AlpineCore",289.72,289.72,4,4,100,16,156,271.72
"SKU-0136","AlpineCore Multi-Tool","Accessories","AlpineCore",289.72,289.72,5,5,100,21,111,274.4
"SKU-0136","AlpineCore Multi-Tool","Accessories","AlpineCore",289.72,289.72,6,4,100,25,99,252.54
"SKU-0136","AlpineCore Multi-Tool","Accessories","AlpineCore",289.72,289.72,7,5,100,30,110,276.67
"SKU-0136","AlpineCore Multi-Tool","Accessories","AlpineCore",289.72,289.72,8,4,100,34,74,287
"SKU-0136","AlpineCore Multi-Tool","Accessories","AlpineCore",289.72,289.72,9,5,100,39,86,257.23
"SKU-0136","AlpineCore Multi-Tool","Accessories","AlpineCore",289.72,289.72,10,3,100,42,80,270.17
"SKU-0136","AlpineCore Multi-Tool","Accessories","AlpineCore",289.72,289.72,11,0,100,42,71,262.65
"SKU-0136","AlpineCore Multi-Tool","Accessories","AlpineCore",289.72,289.72,12,4,100,46,72,253.05
"SKU-0137","TrailBlaze Backpack","Hiking","TrailBlaze",97.7,97.7,1,7,88,7,180,113.32
"SKU-0137","TrailBlaze Backpack","Hiking","TrailBlaze",97.7,97.7,2,10,88,17,207,105
"SKU-0137","TrailBlaze Backpack","Hiking","TrailBlaze",97.7,97.7,3,9,88,26,167,107.39
"SKU-0137","TrailBlaze Backpack","Hiking","TrailBlaze",97.7,97.7,4,11,88,37,190,106.91
"SKU-0137","TrailBlaze Backpack","Hiking","TrailBlaze",97.7,97.7,5,7,88,44,172,110.55
"SKU-0137","TrailBlaze Backpack","Hiking","TrailBlaze",97.7,97.7,6,8,88,52,119,105.42
"SKU-0137","TrailBlaze Backpack","Hiking","TrailBlaze",97.7,97.7,7,9,88,61,269,110.74
"SKU-0137","TrailBlaze Backpack","Hiking","TrailBlaze",97.7,97.7,8,11,88,72,229,109.87
"SKU-0137","TrailBlaze Backpack","Hiking","TrailBlaze",97.7,97.7,9,5,88,77,171,114.76
"SKU-0137","TrailBlaze Backpack","Hiking","TrailBlaze",97.7,97.7,10,8,88,85,166,104.29
"SKU-0137","TrailBlaze Backpack","Hiking","TrailBlaze",97.7,97.7,11,3,88,88,177,107.42
"SKU-0137","TrailBlaze Backpack","Hiking","TrailBlaze",97.7,97.7,12,0,88,88,140,108.65
"SKU-0138","TerraFirm Cooler II","Camping","TerraFirm",64.64,64.64,1,17,90,17,319,69.14
"SKU-0138","TerraFirm Cooler II","Camping","TerraFirm",64.64,64.64,2,17,90,34,215,69.34
"SKU-0138","TerraFirm Cooler II","Camping","TerraFirm",64.64,64.64,3,21,90,55,320,70.61
"SKU-0138","TerraFirm Cooler II","Camping","TerraFirm",64.64,64.64,4,19,90,74,306,66.67
"SKU-0138","TerraFirm Cooler II","Camping","TerraFirm",64.64,64.64,5,16,90,90,189,66.32
"SKU-0138","TerraFirm Cooler II","Camping","TerraFirm",64.64,64.64,6,0,90,90,255,67.91
"SKU-0138","TerraFirm Cooler II","Camping","TerraFirm",64.64,56.32,7,0,90,90,395,68.22
"SKU-0138","TerraFirm Cooler II","Camping","TerraFirm",64.64,56.32,8,0,90,90,352,71.06
"SKU-0138","TerraFirm Cooler II","Camping","TerraFirm",64.64,56.32,9,0,90,90,204,69.66
"SKU-0138","TerraFirm Cooler II","Camping","TerraFirm",64.64,56.32,10,0,90,90,170,69.33
"SKU-0138","TerraFirm Cooler II","Camping","TerraFirm",64.64,56.32,11,0,90,90,299,69.78
"SKU-0138","TerraFirm Cooler II","Camping","TerraFirm",64.64,56.32,12,0,90,90,130,66.94
"SKU-0139","AlpineCore Tent II","Camping","AlpineCore",49.84,49.84,1,10,74,10,158,50.99
"SKU-0139","AlpineCore Tent II","Camping","AlpineCore",49.84,49.84,2,9,74,19,142,53.96
"SKU-0139","AlpineCore Tent II","Camping","AlpineCore",49.84,49.84,3,10,74,29,195,52.18
"SKU-0139","AlpineCore Tent II","Camping","AlpineCore",49.84,49.84,4,12,74,41,286,51.4
"SKU-0139","AlpineCore Tent II","Camping","AlpineCore",49.84,32.43,5,17,74,58,209,53.05
"SKU-0139","AlpineCore Tent II","Camping","AlpineCore",49.84,32.43,6,16,74,74,187,52.3
"SKU-0139","AlpineCore Tent II","Camping","AlpineCore",49.84,32.43,7,0,74,74,200,52.41
"SKU-0139","AlpineCore Tent II","Camping","AlpineCore",49.84,32.43,8,0,74,74,250,54.81
"SKU-0139","AlpineCore Tent II","Camping","AlpineCore",49.84,32.43,9,0,74,74,175,54.3
"SKU-0139","AlpineCore Tent II","Camping","AlpineCore",49.84,32.43,10,0,74,74,107,53.61
"SKU-0139","AlpineCore Tent II","Camping","AlpineCore",49.84,32.43,11,0,74,74,74,51.88
"SKU-0139","AlpineCore Tent II","Camping","AlpineCore",49.84,32.43,12,0,74,74,127,53.37
"SKU-0140","TrailBlaze Headlamp III","Hiking","TrailBlaze",87.9,87.9,1,3,48,3,87,75.79
"SKU-0140","TrailBlaze Headlamp III","Hiking","TrailBlaze",87.9,87.9,2,5,48,8,140,74.49
"SKU-0140","TrailBlaze Headlamp III","Hiking","TrailBlaze",87.9,87.9,3,7,48,15,151,75.37
"SKU-0140","TrailBlaze Headlamp III","Hiking","TrailBlaze",87.9,87.9,4,8,48,23,160,77.64
"SKU-0140","TrailBlaze Headlamp III","Hiking","TrailBlaze",87.9,70.7,5,10,48,33,147,77.15
"SKU-0140","TrailBlaze Headlamp III","Hiking","TrailBlaze",87.9,70.7,6,9,48,42,147,76.24
"SKU-0140","TrailBlaze Headlamp III","Hiking","TrailBlaze",87.9,70.7,7,6,48,48,145,76.69
"SKU-0140","TrailBlaze Headlamp III","Hiking","TrailBlaze",87.9,70.7,8,0,48,48,143,79.52
"SKU-0140","TrailBlaze Headlamp III","Hiking","TrailBlaze",87.9,70.7,9,0,48,48,87,74.79
"SKU-0140","TrailBlaze Headlamp III","Hiking","TrailBlaze",87.9,70.7,10,0,48,48,116,75.52
"SKU-0140","TrailBlaze Headlamp III","Hiking","TrailBlaze",87.9,70.7,11,0,48,48,81,74.49
"SKU-0140","TrailBlaze Headlamp III","Hiking","TrailBlaze",87.9,70.7,12,0,48,48,113,78.4
"SKU-0141","TrailBlaze Trail Shoes II","Hiking","TrailBlaze",150.44,150.44,1,5,77,5,100,165.11
"SKU-0141","TrailBlaze Trail Shoes II","Hiking","TrailBlaze",150.44,150.44,2,6,77,11,141,163.44
"SKU-0141","TrailBlaze Trail Shoes II","Hiking","TrailBlaze",150.44,150.44,3,5,77,16,129,157.92
"SKU-0141","TrailBlaze Trail Shoes II","Hiking","TrailBlaze",150.44,150.44,4,7,77,23,101,156.05
"SKU-0141","TrailBlaze Trail Shoes II","Hiking","TrailBlaze",150.44,112.83,5,9,77,32,95,166.51
"SKU-0141","TrailBlaze Trail Shoes II","Hiking","TrailBlaze",150.44,112.83,6,8,77,40,102,158.43
"SKU-0141","TrailBlaze Trail Shoes II","Hiking","TrailBlaze",150.44,112.83,7,11,77,51,85,163.88
"SKU-0141","TrailBlaze Trail Shoes II","Hiking","TrailBlaze",150.44,112.83,8,8,77,59,113,156.3
"SKU-0141","TrailBlaze Trail Shoes II","Hiking","TrailBlaze",150.44,112.83,9,8,77,67,167,166.49
"SKU-0141","TrailBlaze Trail Shoes II","Hiking","TrailBlaze",150.44,112.83,10,9,77,76,141,166.1
"SKU-0141","TrailBlaze Trail Shoes II","Hiking","TrailBlaze",150.44,112.83,11,1,77,77,79,158.64
"SKU-0141","TrailBlaze Trail Shoes II","Hiking","TrailBlaze",150.44,112.83,12,0,77,77,110,158.2
"SKU-0142","PeakGear Stove","Camping","PeakGear",259.08,259.08,1,4,64,4,118,221.78
"SKU-0142","PeakGear Stove","Camping","PeakGear",259.08,259.08,2,10,64,14,136,216.71
"SKU-0142","PeakGear Stove","Camping","PeakGear",259.08,259.08,3,7,64,21,138,228.89
"SKU-0142","PeakGear Stove","Camping","PeakGear",259.08,259.08,4,9,64,30,240,214.12
"SKU-0142","PeakGear Stove","Camping","PeakGear",259.08,259.08,5,11,64,41,185,218.43
"SKU-0142","PeakGear Stove","Camping","PeakGear",259.08,259.08,6,6,64,47,231,218.69
"SKU-0142","PeakGear Stove","Camping","PeakGear",259.08,259.08,7,11,64,58,204,222.68
"SKU-0142","PeakGear Stove","Camping","PeakGear",259.08,259.08,8,6,64,64,202,229.3
"SKU-0142","PeakGear Stove","Camping","PeakGear",259.08,259.08,9,0,64,64,140,224.35
"SKU-0142","PeakGear Stove","Camping","PeakGear",259.08,259.08,10,0,64,64,197,223.15
"SKU-0142","PeakGear Stove","Camping","PeakGear",259.08,259.08,11,0,64,64,73,218.29
"SKU-0142","PeakGear Stove","Camping","PeakGear",259.08,259.08,12,0,64,64,102,229.46
"SKU-0143","PeakGear Windbreaker","Apparel","PeakGear",29.02,29.02,1,7,100,7,152,23.56
"SKU-0143","PeakGear Windbreaker","Apparel","PeakGear",29.02,29.02,2,8,100,15,156,23.71
"SKU-0143","PeakGear Windbreaker","Apparel","PeakGear",29.02,29.02,3,9,100,24,146,25.29
"SKU-0143","PeakGear Windbreaker","Apparel","PeakGear",29.02,29.02,4,9,100,33,198,23.5
"SKU-0143","PeakGear Windbreaker","Apparel","PeakGear",29.02,29.02,5,9,100,42,237,25.02
"SKU-0143","PeakGear Windbreaker","Apparel","PeakGear",29.02,23.25,6,13,100,55,165,24.93
"SKU-0143","PeakGear Windbreaker","Apparel","PeakGear",29.02,23.25,7,15,100,70,165,25.59
"SKU-0143","PeakGear Windbreaker","Apparel","PeakGear",29.02,23.25,8,16,100,86,128,23.65
"SKU-0143","PeakGear Windbreaker","Apparel","PeakGear",29.02,23.25,9,13,100,99,165,25.66
"SKU-0143","PeakGear Windbreaker","Apparel","PeakGear",29.02,23.25,10,1,100,100,202,24.73
"SKU-0143","PeakGear Windbreaker","Apparel","PeakGear",29.02,23.25,11,0,100,100,135,24.74
"SKU-0143","PeakGear Windbreaker","Apparel","PeakGear",29.02,23.25,12,0,100,100,88,23.96
"SKU-0144","WildEdge Quick-Dry Tee II","Apparel","WildEdge",204.05,204.05,1,12,108,12,183,189.87
"SKU-0144","WildEdge Quick-Dry Tee II","Apparel","WildEdge",204.05,204.05,2,15,108,27,235,186.08
"SKU-0144","WildEdge Quick-Dry Tee II","Apparel","WildEdge",204.05,204.05,3,17,108,44,336,197.24
"SKU-0144","WildEdge Quick-Dry Tee II","Apparel","WildEdge",204.05,204.05,4,26,108,70,418,199.09
"SKU-0144","WildEdge Quick-Dry Tee II","Apparel","WildEdge",204.05,204.05,5,16,108,86,271,209.36
"SKU-0144","WildEdge Quick-Dry Tee II","Apparel","WildEdge",204.05,204.05,6,18,108,104,240,193.61
"SKU-0144","WildEdge Quick-Dry Tee II","Apparel","WildEdge",204.05,167.18,7,4,108,108,313,195.45
"SKU-0144","WildEdge Quick-Dry Tee II","Apparel","WildEdge",204.05,167.18,8,0,108,108,286,195.04
"SKU-0144","WildEdge Quick-Dry Tee II","Apparel","WildEdge",204.05,167.18,9,0,108,108,297,198.14
"SKU-0144","WildEdge Quick-Dry Tee II","Apparel","WildEdge",204.05,167.18,10,0,108,108,314,189.59
"SKU-0144","WildEdge Quick-Dry Tee II","Apparel","WildEdge",204.05,167.18,11,0,108,108,138,196.86
"SKU-0144","WildEdge Quick-Dry Tee II","Apparel","WildEdge",204.05,167.18,12,0,108,108,173,212
"SKU-0145","AlpineCore Tarp II","Camping","AlpineCore",76.62,76.62,1,4,48,4,41,68.78
"SKU-0145","AlpineCore Tarp II","Camping","AlpineCore",76.62,76.62,2,2,48,6,58,66.56
"SKU-0145","AlpineCore Tarp II","Camping","AlpineCore",76.62,76.62,3,3,48,9,84,67.85
"SKU-0145","AlpineCore Tarp II","Camping","AlpineCore",76.62,76.62,4,3,48,12,86,70.33
"SKU-0145","AlpineCore Tarp II","Camping","AlpineCore",76.62,76.62,5,6,48,18,99,66.23
"SKU-0145","AlpineCore Tarp II","Camping","AlpineCore",76.62,76.62,6,4,48,22,73,66.39
"SKU-0145","AlpineCore Tarp II","Camping","AlpineCore",76.62,76.62,7,5,48,27,89,71.76
"SKU-0145","AlpineCore Tarp II","Camping","AlpineCore",76.62,76.62,8,2,48,29,80,70.07
"SKU-0145","AlpineCore Tarp II","Camping","AlpineCore",76.62,76.62,9,4,48,33,58,69.07
"SKU-0145","AlpineCore Tarp II","Camping","AlpineCore",76.62,76.62,10,6,48,39,52,69.46
"SKU-0145","AlpineCore Tarp II","Camping","AlpineCore",76.62,76.62,11,4,48,43,77,68.67
"SKU-0145","AlpineCore Tarp II","Camping","AlpineCore",76.62,76.62,12,2,48,45,52,70.71
"SKU-0146","OuterBound Carabiner Set","Accessories","OuterBound",272.85,272.85,1,2,37,2,85,259.68
"SKU-0146","OuterBound Carabiner Set","Accessories","OuterBound",272.85,272.85,2,3,37,5,94,260.73
"SKU-0146","OuterBound Carabiner Set","Accessories","OuterBound",272.85,272.85,3,3,37,8,92,259.38
"SKU-0146","OuterBound Carabiner Set","Accessories","OuterBound",272.85,272.85,4,4,37,12,99,252.44
"SKU-0146","OuterBound Carabiner Set","Accessories","OuterBound",272.85,216.65,5,1,37,13,115,247.92
"SKU-0146","OuterBound Carabiner Set","Accessories","OuterBound",272.85,216.65,6,6,37,19,99,246.02
"SKU-0146","OuterBound Carabiner Set","Accessories","OuterBound",272.85,216.65,7,6,37,25,69,257.87
"SKU-0146","OuterBound Carabiner Set","Accessories","OuterBound",272.85,216.65,8,7,37,32,59,259.47
"SKU-0146","OuterBound Carabiner Set","Accessories","OuterBound",272.85,216.65,9,3,37,35,81,268.85
"SKU-0146","OuterBound Carabiner Set","Accessories","OuterBound",272.85,216.65,10,2,37,37,95,260.6
"SKU-0146","OuterBound Carabiner Set","Accessories","OuterBound",272.85,216.65,11,0,37,37,45,261.93
"SKU-0146","OuterBound Carabiner Set","Accessories","OuterBound",272.85,216.65,12,0,37,37,75,255.27
"SKU-0147","AlpineCore Camp Chair","Camping","AlpineCore",280.05,280.05,1,10,111,10,218,319.93
"SKU-0147","AlpineCore Camp Chair","Camping","AlpineCore",280.05,280.05,2,9,111,19,148,301.58
"SKU-0147","AlpineCore Camp Chair","Camping","AlpineCore",280.05,280.05,3,9,111,28,155,296.53
"SKU-0147","AlpineCore Camp Chair","Camping","AlpineCore",280.05,280.05,4,10,111,38,153,295.27
"SKU-0147","AlpineCore Camp Chair","Camping","AlpineCore",280.05,225.03,5,16,111,54,258,307.2
"SKU-0147","AlpineCore Camp Chair","Camping","AlpineCore",280.05,225.03,6,15,111,69,251,304.16
"SKU-0147","AlpineCore Camp Chair","Camping","AlpineCore",280.05,225.03,7,12,111,81,185,300
"SKU-0147","AlpineCore Camp Chair","Camping","AlpineCore",280.05,225.03,8,13,111,94,248,311.77
"SKU-0147","AlpineCore Camp Chair","Camping","AlpineCore",280.05,225.03,9,14,111,108,251,294.07
"SKU-0147","AlpineCore Camp Chair","Camping","AlpineCore",280.05,225.03,10,3,111,111,212,310.06
"SKU-0147","AlpineCore Camp Chair","Camping","AlpineCore",280.05,225.03,11,0,111,111,83,297.69
"SKU-0147","AlpineCore Camp Chair","Camping","AlpineCore",280.05,225.03,12,0,111,111,139,300.68
"SKU-0148","SummitPro Camp Chair","Camping","SummitPro",270.07,270.07,1,14,120,14,174,283.76
"SKU-0148","SummitPro Camp Chair","Camping","SummitPro",270.07,270.07,2,24,120,38,390,276.13
"SKU-0148","SummitPro Camp Chair","Camping","SummitPro",270.07,270.07,3,26,120,64,474,279.13
"SKU-0148","SummitPro Camp Chair","Camping","SummitPro",270.07,270.07,4,22,120,86,304,274.8
"SKU-0148","SummitPro Camp Chair","Camping","SummitPro",270.07,270.07,5,22,120,108,353,288.63
"SKU-0148","SummitPro Camp Chair","Camping","SummitPro",270.07,270.07,6,12,120,120,353,292.92
"SKU-0148","SummitPro Camp Chair","Camping","SummitPro",270.07,270.07,7,0,120,120,393,277.04
"SKU-0148","SummitPro Camp Chair","Camping","SummitPro",270.07,270.07,8,0,120,120,274,284.77
"SKU-0148","SummitPro Camp Chair","Camping","SummitPro",270.07,270.07,9,0,120,120,355,284.52
"SKU-0148","SummitPro Camp Chair","Camping","SummitPro",270.07,270.07,10,0,120,120,146,280.44
"SKU-0148","SummitPro Camp Chair","Camping","SummitPro",270.07,270.07,11,0,120,120,212,278.6
"SKU-0148","SummitPro Camp Chair","Camping","SummitPro",270.07,270.07,12,0,120,120,187,277.47
"SKU-0149","TrailBlaze Windbreaker","Apparel","TrailBlaze",254.37,254.37,1,5,56,5,154,238.84
"SKU-0149","TrailBlaze Windbreaker","Apparel","TrailBlaze",254.37,254.37,2,9,56,14,183,247.56
"SKU-0149","TrailBlaze Windbreaker","Apparel","TrailBlaze",254.37,254.37,3,6,56,20,102,233.99
"SKU-0149","TrailBlaze Windbreaker","Apparel","TrailBlaze",254.37,175.89,4,20,56,40,234,249.86
"SKU-0149","TrailBlaze Windbreaker","Apparel","TrailBlaze",254.37,175.89,5,15,56,55,142,228.73
"SKU-0149","TrailBlaze Windbreaker","Apparel","TrailBlaze",254.37,175.89,6,1,56,56,213,243.9
"SKU-0149","TrailBlaze Windbreaker","Apparel","TrailBlaze",254.37,175.89,7,0,56,56,121,246.87
"SKU-0149","TrailBlaze Windbreaker","Apparel","TrailBlaze",254.37,175.89,8,0,56,56,182,239.34
"SKU-0149","TrailBlaze Windbreaker","Apparel","TrailBlaze",254.37,175.89,9,0,56,56,118,236.67
"SKU-0149","TrailBlaze Windbreaker","Apparel","TrailBlaze",254.37,175.89,10,0,56,56,104,242.34
"SKU-0149","TrailBlaze Windbreaker","Apparel","TrailBlaze",254.37,175.89,11,0,56,56,162,242.82
"SKU-0149","TrailBlaze Windbreaker","Apparel","TrailBlaze",254.37,175.89,12,0,56,56,115,222.21
"SKU-0150","AlpineCore Water Filter II","Hiking","AlpineCore",287.15,287.15,1,2,84,2,113,250.27
"SKU-0150","AlpineCore Water Filter II","Hiking","AlpineCore",287.15,287.15,2,7,84,9,95,284.47
"SKU-0150","AlpineCore Water Filter II","Hiking","AlpineCore",287.15,287.15,3,3,84,12,139,267.43
"SKU-0150","AlpineCore Water Filter II","Hiking","AlpineCore",287.15,287.15,4,6,84,18,116,262.8
"SKU-0150","AlpineCore Water Filter II","Hiking","AlpineCore",287.15,287.15,5,8,84,26,118,250.35
"SKU-0150","AlpineCore Water Filter II","Hiking","AlpineCore",287.15,287.15,6,6,84,32,138,262.65
"SKU-0150","AlpineCore Water Filter II","Hiking","AlpineCore",287.15,287.15,7,7,84,39,74,266.72
"SKU-0150","AlpineCore Water Filter II","Hiking","AlpineCore",287.15,287.15,8,5,84,44,78,265.6
"SKU-0150","AlpineCore Water Filter II","Hiking","AlpineCore",287.15,287.15,9,0,84,44,127,261.98
"SKU-0150","AlpineCore Water Filter II","Hiking","AlpineCore",287.15,287.15,10,4,84,48,99,263.4
"SKU-0150","AlpineCore Water Filter II","Hiking","AlpineCore",287.15,287.15,11,3,84,51,91,267.11
"SKU-0150","AlpineCore Water Filter II","Hiking","AlpineCore",287.15,287.15,12,3,84,54,59,264.44
"SKU-0151","SummitPro Hydration Pack II","Hiking","SummitPro",281.03,281.03,1,9,98,9,228,263.99
"SKU-0151","SummitPro Hydration Pack II","Hiking","SummitPro",281.03,281.03,2,11,98,20,180,263.94
"SKU-0151","SummitPro Hydration Pack II","Hiking","SummitPro",281.03,281.03,3,11,98,31,234,258.89
"SKU-0151","SummitPro Hydration Pack II","Hiking","SummitPro",281.03,281.03,4,13,98,44,260,266.8
"SKU-0151","SummitPro Hydration Pack II","Hiking","SummitPro",281.03,281.03,5,13,98,57,185,248.32
"SKU-0151","SummitPro Hydration Pack II","Hiking","SummitPro",281.03,281.03,6,10,98,67,176,270.35
"SKU-0151","SummitPro Hydration Pack II","Hiking","SummitPro",281.03,281.03,7,10,98,77,139,256.6
"SKU-0151","SummitPro Hydration Pack II","Hiking","SummitPro",281.03,281.03,8,12,98,89,173,260.42
"SKU-0151","SummitPro Hydration Pack II","Hiking","SummitPro",281.03,281.03,9,9,98,98,184,260.03
"SKU-0151","SummitPro Hydration Pack II","Hiking","SummitPro",281.03,281.03,10,0,98,98,161,259.73
"SKU-0151","SummitPro Hydration Pack II","Hiking","SummitPro",281.03,281.03,11,0,98,98,150,268.98
"SKU-0151","SummitPro Hydration Pack II","Hiking","SummitPro",281.03,281.03,12,0,98,98,147,247.55
"SKU-0152","OuterBound Camp Towel II","Accessories","OuterBound",234.94,234.94,1,4,88,4,81,254.64
"SKU-0152","OuterBound Camp Towel II","Accessories","OuterBound",234.94,234.94,2,4,88,8,124,259.97
"SKU-0152","OuterBound Camp Towel II","Accessories","OuterBound",234.94,234.94,3,2,88,10,75,268.11
"SKU-0152","OuterBound Camp Towel II","Accessories","OuterBound",234.94,234.94,4,6,88,16,134,265.07
"SKU-0152","OuterBound Camp Towel II","Accessories","OuterBound",234.94,141.58,5,6,88,22,57,265.01
"SKU-0152","OuterBound Camp Towel II","Accessories","OuterBound",234.94,141.58,6,5,88,27,90,271.23
"SKU-0152","OuterBound Camp Towel II","Accessories","OuterBound",234.94,141.58,7,5,88,32,69,275.55
"SKU-0152","OuterBound Camp Towel II","Accessories","OuterBound",234.94,141.58,8,7,88,39,96,266
"SKU-0152","OuterBound Camp Towel II","Accessories","OuterBound",234.94,141.58,9,7,88,46,119,265.29
"SKU-0152","OuterBound Camp Towel II","Accessories","OuterBound",234.94,141.58,10,4,88,50,85,261.36
"SKU-0152","OuterBound Camp Towel II","Accessories","OuterBound",234.94,141.58,11,5,88,55,70,284.69
"SKU-0152","OuterBound Camp Towel II","Accessories","OuterBound",234.94,141.58,12,3,88,58,23,282.95
"SKU-0153","AlpineCore Sleeping Bag","Camping","AlpineCore",105.4,105.4,1,3,70,3,111,105.36
"SKU-0153","AlpineCore Sleeping Bag","Camping","AlpineCore",105.4,105.4,2,6,70,9,84,103.34
"SKU-0153","AlpineCore Sleeping Bag","Camping","AlpineCore",105.4,105.4,3,6,70,15,133,108.32
"SKU-0153","AlpineCore Sleeping Bag","Camping","AlpineCore",105.4,105.4,4,6,70,21,135,109.18
"SKU-0153","AlpineCore Sleeping Bag","Camping","AlpineCore",105.4,105.4,5,4,70,25,91,103.9
"SKU-0153","AlpineCore Sleeping Bag","Camping","AlpineCore",105.4,105.4,6,3,70,28,144,107.74
"SKU-0153","AlpineCore Sleeping Bag","Camping","AlpineCore",105.4,105.4,7,6,70,34,131,102.49
"SKU-0153","AlpineCore Sleeping Bag","Camping","AlpineCore",105.4,105.4,8,5,70,39,124,102.68
"SKU-0153","AlpineCore Sleeping Bag","Camping","AlpineCore",105.4,105.4,9,2,70,41,113,100.48
"SKU-0153","AlpineCore Sleeping Bag","Camping","AlpineCore",105.4,105.4,10,7,70,48,31,106.8
"SKU-0153","AlpineCore Sleeping Bag","Camping","AlpineCore",105.4,105.4,11,1,70,49,37,100.91
"SKU-0153","AlpineCore Sleeping Bag","Camping","AlpineCore",105.4,105.4,12,1,70,50,27,105.36
"SKU-0154","WildEdge Base Layer","Apparel","WildEdge",150.31,150.31,1,9,69,9,172,156.48
"SKU-0154","WildEdge Base Layer","Apparel","WildEdge",150.31,150.31,2,13,69,22,251,166.86
"SKU-0154","WildEdge Base Layer","Apparel","WildEdge",150.31,150.31,3,10,69,32,207,157.31
"SKU-0154","WildEdge Base Layer","Apparel","WildEdge",150.31,150.31,4,11,69,43,185,161.36
"SKU-0154","WildEdge Base Layer","Apparel","WildEdge",150.31,150.31,5,11,69,54,138,164.96
"SKU-0154","WildEdge Base Layer","Apparel","WildEdge",150.31,150.31,6,11,69,65,186,165.59
"SKU-0154","WildEdge Base Layer","Apparel","WildEdge",150.31,150.31,7,4,69,69,301,160.53
"SKU-0154","WildEdge Base Layer","Apparel","WildEdge",150.31,150.31,8,0,69,69,184,167.21
"SKU-0154","WildEdge Base Layer","Apparel","WildEdge",150.31,150.31,9,0,69,69,132,170.29
"SKU-0154","WildEdge Base Layer","Apparel","WildEdge",150.31,150.31,10,0,69,69,184,165.01
"SKU-0154","WildEdge Base Layer","Apparel","WildEdge",150.31,150.31,11,0,69,69,78,160.25
"SKU-0154","WildEdge Base Layer","Apparel","WildEdge",150.31,150.31,12,0,69,69,136,172.57
"SKU-0155","TerraFirm Water Bottle","Accessories","TerraFirm",251.37,251.37,1,7,51,7,100,257.41
"SKU-0155","TerraFirm Water Bottle","Accessories","TerraFirm",251.37,251.37,2,6,51,13,74,259.77
"SKU-0155","TerraFirm Water Bottle","Accessories","TerraFirm",251.37,251.37,3,7,51,20,134,253.41
"SKU-0155","TerraFirm Water Bottle","Accessories","TerraFirm",251.37,251.37,4,6,51,26,146,242.71
"SKU-0155","TerraFirm Water Bottle","Accessories","TerraFirm",251.37,214.03,5,5,51,31,146,246.91
"SKU-0155","TerraFirm Water Bottle","Accessories","TerraFirm",251.37,214.03,6,7,51,38,185,252.21
"SKU-0155","TerraFirm Water Bottle","Accessories","TerraFirm",251.37,214.03,7,9,51,47,93,257.35
"SKU-0155","TerraFirm Water Bottle","Accessories","TerraFirm",251.37,214.03,8,4,51,51,154,236.28
"SKU-0155","TerraFirm Water Bottle","Accessories","TerraFirm",251.37,214.03,9,0,51,51,148,250.13
"SKU-0155","TerraFirm Water Bottle","Accessories","TerraFirm",251.37,214.03,10,0,51,51,170,255.5
"SKU-0155","TerraFirm Water Bottle","Accessories","TerraFirm",251.37,214.03,11,0,51,51,65,268.13
"SKU-0155","TerraFirm Water Bottle","Accessories","TerraFirm",251.37,214.03,12,0,51,51,97,254.34
"SKU-0156","SummitPro Lantern IV","Camping","SummitPro",75.04,75.04,1,2,57,2,88,84.63
"SKU-0156","SummitPro Lantern IV","Camping","SummitPro",75.04,75.04,2,5,57,7,121,85.08
"SKU-0156","SummitPro Lantern IV","Camping","SummitPro",75.04,75.04,3,6,57,13,72,85.02
"SKU-0156","SummitPro Lantern IV","Camping","SummitPro",75.04,75.04,4,7,57,20,123,83.76
"SKU-0156","SummitPro Lantern IV","Camping","SummitPro",75.04,75.04,5,5,57,25,86,85.04
"SKU-0156","SummitPro Lantern IV","Camping","SummitPro",75.04,75.04,6,8,57,33,128,82.49
"SKU-0156","SummitPro Lantern IV","Camping","SummitPro",75.04,75.04,7,8,57,41,177,79.92
"SKU-0156","SummitPro Lantern IV","Camping","SummitPro",75.04,75.04,8,6,57,47,113,82.95
"SKU-0156","SummitPro Lantern IV","Camping","SummitPro",75.04,75.04,9,7,57,54,147,87.33
"SKU-0156","SummitPro Lantern IV","Camping","SummitPro",75.04,75.04,10,3,57,57,57,84.19
"SKU-0156","SummitPro Lantern IV","Camping","SummitPro",75.04,75.04,11,0,57,57,88,81.97
"SKU-0156","SummitPro Lantern IV","Camping","SummitPro",75.04,75.04,12,0,57,57,35,85.06
"SKU-0157","WildEdge Lantern","Camping","WildEdge",272.62,272.62,1,5,85,5,105,272.69
"SKU-0157","WildEdge Lantern","Camping","WildEdge",272.62,272.62,2,7,85,12,145,280.78
"SKU-0157","WildEdge Lantern","Camping","WildEdge",272.62,272.62,3,9,85,21,139,263.03
"SKU-0157","WildEdge Lantern","Camping","WildEdge",272.62,272.62,4,7,85,28,155,261.32
"SKU-0157","WildEdge Lantern","Camping","WildEdge",272.62,238.8,5,7,85,35,154,281.39
"SKU-0157","WildEdge Lantern","Camping","WildEdge",272.62,238.8,6,9,85,44,111,286.23
"SKU-0157","WildEdge Lantern","Camping","WildEdge",272.62,238.8,7,4,85,48,101,277.46
"SKU-0157","WildEdge Lantern","Camping","WildEdge",272.62,238.8,8,8,85,56,93,286.67
"SKU-0157","WildEdge Lantern","Camping","WildEdge",272.62,238.8,9,7,85,63,152,280.88
"SKU-0157","WildEdge Lantern","Camping","WildEdge",272.62,238.8,10,8,85,71,132,287.27
"SKU-0157","WildEdge Lantern","Camping","WildEdge",272.62,238.8,11,6,85,77,128,264.89
"SKU-0157","WildEdge Lantern","Camping","WildEdge",272.62,238.8,12,8,85,85,97,267.06
"SKU-0158","BaseCamp Dry Bag","Accessories","BaseCamp",173.4,173.4,1,8,67,8,79,149.76
"SKU-0158","BaseCamp Dry Bag","Accessories","BaseCamp",173.4,173.4,2,3,67,11,146,157.39
"SKU-0158","BaseCamp Dry Bag","Accessories","BaseCamp",173.4,173.4,3,7,67,18,95,148.07
"SKU-0158","BaseCamp Dry Bag","Accessories","BaseCamp",173.4,173.4,4,7,67,25,134,151.92
"SKU-0158","BaseCamp Dry Bag","Accessories","BaseCamp",173.4,173.4,5,4,67,29,119,148.9
"SKU-0158","BaseCamp Dry Bag","Accessories","BaseCamp",173.4,173.4,6,8,67,37,108,146.62
"SKU-0158","BaseCamp Dry Bag","Accessories","BaseCamp",173.4,173.4,7,6,67,43,167,150.04
"SKU-0158","BaseCamp Dry Bag","Accessories","BaseCamp",173.4,173.4,8,5,67,48,71,148.43
"SKU-0158","BaseCamp Dry Bag","Accessories","BaseCamp",173.4,173.4,9,5,67,53,155,143.88
"SKU-0158","BaseCamp Dry Bag","Accessories","BaseCamp",173.4,173.4,10,5,67,58,125,147.41
"SKU-0158","BaseCamp Dry Bag","Accessories","BaseCamp",173.4,173.4,11,3,67,61,101,150.17
"SKU-0158","BaseCamp Dry Bag","Accessories","BaseCamp",173.4,173.4,12,5,67,66,88,148.17
"SKU-0159","BaseCamp Dry Bag II","Accessories","BaseCamp",233.43,233.43,1,3,42,3,42,242.18
"SKU-0159","BaseCamp Dry Bag II","Accessories","BaseCamp",233.43,233.43,2,3,42,6,40,240.16
"SKU-0159","BaseCamp Dry Bag II","Accessories","BaseCamp",233.43,233.43,3,2,42,8,37,237.87
"SKU-0159","BaseCamp Dry Bag II","Accessories","BaseCamp",233.43,233.43,4,2,42,10,60,239.23
"SKU-0159","BaseCamp Dry Bag II","Accessories","BaseCamp",233.43,233.43,5,3,42,13,27,240.93
"SKU-0159","BaseCamp Dry Bag II","Accessories","BaseCamp",233.43,233.43,6,0,42,13,60,234.64
"SKU-0159","BaseCamp Dry Bag II","Accessories","BaseCamp",233.43,209.32,7,4,42,17,56,235.66
"SKU-0159","BaseCamp Dry Bag II","Accessories","BaseCamp",233.43,209.32,8,4,42,21,56,230.84
"SKU-0159","BaseCamp Dry Bag II","Accessories","BaseCamp",233.43,209.32,9,0,42,21,63,244.47
"SKU-0159","BaseCamp Dry Bag II","Accessories","BaseCamp",233.43,209.32,10,4,42,25,42,224.98
"SKU-0159","BaseCamp Dry Bag II","Accessories","BaseCamp",233.43,209.32,11,0,42,25,52,229.94
"SKU-0159","BaseCamp Dry Bag II","Accessories","BaseCamp",233.43,209.32,12,3,42,28,36,235.51
"SKU-0160","SummitPro Sun Hat II","Apparel","SummitPro",292.98,292.98,1,3,43,3,36,284.31
"SKU-0160","SummitPro Sun Hat II","Apparel","SummitPro",292.98,292.98,2,3,43,6,53,287.61
"SKU-0160","SummitPro Sun Hat II","Apparel","SummitPro",292.98,292.98,3,5,43,11,134,279.37
"SKU-0160","SummitPro Sun Hat II","Apparel","SummitPro",292.98,292.98,4,5,43,16,127,301.06
"SKU-0160","SummitPro Sun Hat II","Apparel","SummitPro",292.98,292.98,5,5,43,21,87,304.55
"SKU-0160","SummitPro Sun Hat II","Apparel","SummitPro",292.98,292.98,6,5,43,26,142,275.19
"SKU-0160","SummitPro Sun Hat II","Apparel","SummitPro",292.98,292.98,7,5,43,31,60,279.93
"SKU-0160","SummitPro Sun Hat II","Apparel","SummitPro",292.98,292.98,8,4,43,35,113,293.74
"SKU-0160","SummitPro Sun Hat II","Apparel","SummitPro",292.98,292.98,9,2,43,37,70,275.68
"SKU-0160","SummitPro Sun Hat II","Apparel","SummitPro",292.98,292.98,10,4,43,41,48,276.96
"SKU-0160","SummitPro Sun Hat II","Apparel","SummitPro",292.98,292.98,11,2,43,43,43,285.25
"SKU-0160","SummitPro Sun Hat II","Apparel","SummitPro",292.98,292.98,12,0,43,43,80,287.65
"SKU-0161","BaseCamp Cooler III","Camping","BaseCamp",168.43,168.43,1,5,47,5,89,171.5
"SKU-0161","BaseCamp Cooler III","Camping","BaseCamp",168.43,168.43,2,6,47,11,95,172.96
"SKU-0161","BaseCamp Cooler III","Camping","BaseCamp",168.43,168.43,3,7,47,18,82,185.24
"SKU-0161","BaseCamp Cooler III","Camping","BaseCamp",168.43,168.43,4,9,47,27,203,167.22
"SKU-0161","BaseCamp Cooler III","Camping","BaseCamp",168.43,168.43,5,6,47,33,89,171.14
"SKU-0161","BaseCamp Cooler III","Camping","BaseCamp",168.43,168.43,6,6,47,39,106,175.77
"SKU-0161","BaseCamp Cooler III","Camping","BaseCamp",168.43,168.43,7,8,47,47,162,172.28
"SKU-0161","BaseCamp Cooler III","Camping","BaseCamp",168.43,168.43,8,0,47,47,140,173.59
"SKU-0161","BaseCamp Cooler III","Camping","BaseCamp",168.43,168.43,9,0,47,47,154,177.85
"SKU-0161","BaseCamp Cooler III","Camping","BaseCamp",168.43,168.43,10,0,47,47,141,176.3
"SKU-0161","BaseCamp Cooler III","Camping","BaseCamp",168.43,168.43,11,0,47,47,38,177.5
"SKU-0161","BaseCamp Cooler III","Camping","BaseCamp",168.43,168.43,12,0,47,47,79,175.38
"SKU-0162","TrailBlaze Dry Bag","Accessories","TrailBlaze",212.1,212.1,1,2,68,2,52,205.84
"SKU-0162","TrailBlaze Dry Bag","Accessories","TrailBlaze",212.1,212.1,2,1,68,3,44,194.38
"SKU-0162","TrailBlaze Dry Bag","Accessories","TrailBlaze",212.1,212.1,3,2,68,5,32,207.97
"SKU-0162","TrailBlaze Dry Bag","Accessories","TrailBlaze",212.1,212.1,4,1,68,6,72,197.17
"SKU-0162","TrailBlaze Dry Bag","Accessories","TrailBlaze",212.1,175.23,5,2,68,8,77,195.79
"SKU-0162","TrailBlaze Dry Bag","Accessories","TrailBlaze",212.1,175.23,6,1,68,9,39,203.9
"SKU-0162","TrailBlaze Dry Bag","Accessories","TrailBlaze",212.1,175.23,7,3,68,12,28,206.69
"SKU-0162","TrailBlaze Dry Bag","Accessories","TrailBlaze",212.1,175.23,8,4,68,16,16,210.39
"SKU-0162","TrailBlaze Dry Bag","Accessories","TrailBlaze",212.1,175.23,9,2,68,18,38,200.46
"SKU-0162","TrailBlaze Dry Bag","Accessories","TrailBlaze",212.1,175.23,10,0,68,18,32,198.85
"SKU-0162","TrailBlaze Dry Bag","Accessories","TrailBlaze",212.1,175.23,11,0,68,18,37,199.15
"SKU-0162","TrailBlaze Dry Bag","Accessories","TrailBlaze",212.1,175.23,12,3,68,21,35,202.49
"SKU-0163","SummitPro Cooler","Camping","SummitPro",242.39,242.39,1,11,90,11,255,234.85
"SKU-0163","SummitPro Cooler","Camping","SummitPro",242.39,242.39,2,11,90,22,178,236.49
"SKU-0163","SummitPro Cooler","Camping","SummitPro",242.39,184.67,3,20,90,42,238,242.45
"SKU-0163","SummitPro Cooler","Camping","SummitPro",242.39,184.67,4,18,90,60,187,236.93
"SKU-0163","SummitPro Cooler","Camping","SummitPro",242.39,184.67,5,21,90,81,348,245.68
"SKU-0163","SummitPro Cooler","Camping","SummitPro",242.39,184.67,6,9,90,90,165,248.67
"SKU-0163","SummitPro Cooler","Camping","SummitPro",242.39,184.67,7,0,90,90,206,237.15
"SKU-0163","SummitPro Cooler","Camping","SummitPro",242.39,184.67,8,0,90,90,164,254.88
"SKU-0163","SummitPro Cooler","Camping","SummitPro",242.39,184.67,9,0,90,90,211,245
"SKU-0163","SummitPro Cooler","Camping","SummitPro",242.39,184.67,10,0,90,90,180,253.87
"SKU-0163","SummitPro Cooler","Camping","SummitPro",242.39,184.67,11,0,90,90,127,240.4
"SKU-0163","SummitPro Cooler","Camping","SummitPro",242.39,184.67,12,0,90,90,87,247.2
"SKU-0164","PeakGear Thermal Hoodie","Apparel","PeakGear",213.47,213.47,1,3,99,3,110,248.98
"SKU-0164","PeakGear Thermal Hoodie","Apparel","PeakGear",213.47,213.47,2,7,99,10,165,234.13
"SKU-0164","PeakGear Thermal Hoodie","Apparel","PeakGear",213.47,213.47,3,4,99,14,150,230.96
"SKU-0164","PeakGear Thermal Hoodie","Apparel","PeakGear",213.47,213.47,4,6,99,20,244,238.5
"SKU-0164","PeakGear Thermal Hoodie","Apparel","PeakGear",213.47,213.47,5,8,99,28,222,251.16
"SKU-0164","PeakGear Thermal Hoodie","Apparel","PeakGear",213.47,213.47,6,7,99,35,105,242.15
"SKU-0164","PeakGear Thermal Hoodie","Apparel","PeakGear",213.47,213.47,7,9,99,44,121,240.66
"SKU-0164","PeakGear Thermal Hoodie","Apparel","PeakGear",213.47,213.47,8,8,99,52,167,237.65
"SKU-0164","PeakGear Thermal Hoodie","Apparel","PeakGear",213.47,213.47,9,7,99,59,200,231.2
"SKU-0164","PeakGear Thermal Hoodie","Apparel","PeakGear",213.47,213.47,10,7,99,66,157,239.1
"SKU-0164","PeakGear Thermal Hoodie","Apparel","PeakGear",213.47,213.47,11,8,99,74,114,234.21
"SKU-0164","PeakGear Thermal Hoodie","Apparel","PeakGear",213.47,213.47,12,5,99,79,89,237.93
"SKU-0165","TrailBlaze Multi-Tool","Accessories","TrailBlaze",234.11,234.11,1,7,66,7,51,254.42
"SKU-0165","TrailBlaze Multi-Tool","Accessories","TrailBlaze",234.11,234.11,2,3,66,10,121,263.72
"SKU-0165","TrailBlaze Multi-Tool","Accessories","TrailBlaze",234.11,234.11,3,4,66,14,77,263.64
"SKU-0165","TrailBlaze Multi-Tool","Accessories","TrailBlaze",234.11,234.11,4,8,66,22,127,261.63
"SKU-0165","TrailBlaze Multi-Tool","Accessories","TrailBlaze",234.11,199.34,5,7,66,29,100,273.75
"SKU-0165","TrailBlaze Multi-Tool","Accessories","TrailBlaze",234.11,199.34,6,6,66,35,86,254.23
"SKU-0165","TrailBlaze Multi-Tool","Accessories","TrailBlaze",234.11,199.34,7,6,66,41,138,263.71
"SKU-0165","TrailBlaze Multi-Tool","Accessories","TrailBlaze",234.11,199.34,8,5,66,46,127,255.12
"SKU-0165","TrailBlaze Multi-Tool","Accessories","TrailBlaze",234.11,199.34,9,6,66,52,64,254.6
"SKU-0165","TrailBlaze Multi-Tool","Accessories","TrailBlaze",234.11,199.34,10,7,66,59,111,269.26
"SKU-0165","TrailBlaze Multi-Tool","Accessories","TrailBlaze",234.11,199.34,11,5,66,64,100,271.89
"SKU-0165","TrailBlaze Multi-Tool","Accessories","TrailBlaze",234.11,199.34,12,2,66,66,57,274.21
"SKU-0166","SummitPro Water Filter","Hiking","SummitPro",186.83,186.83,1,7,105,7,136,160.47
"SKU-0166","SummitPro Water Filter","Hiking","SummitPro",186.83,186.83,2,2,105,9,75,164.27
"SKU-0166","SummitPro Water Filter","Hiking","SummitPro",186.83,186.83,3,8,105,17,88,155.68
"SKU-0166","SummitPro Water Filter","Hiking","SummitPro",186.83,186.83,4,9,105,26,188,162
"SKU-0166","SummitPro Water Filter","Hiking","SummitPro",186.83,166.08,5,8,105,34,176,158.79
"SKU-0166","SummitPro Water Filter","Hiking","SummitPro",186.83,166.08,6,5,105,39,112,162.68
"SKU-0166","SummitPro Water Filter","Hiking","SummitPro",186.83,166.08,7,4,105,43,177,161.32
"SKU-0166","SummitPro Water Filter","Hiking","SummitPro",186.83,166.08,8,8,105,51,168,156.82
"SKU-0166","SummitPro Water Filter","Hiking","SummitPro",186.83,166.08,9,7,105,58,131,155.81
"SKU-0166","SummitPro Water Filter","Hiking","SummitPro",186.83,166.08,10,5,105,63,107,170.1
"SKU-0166","SummitPro Water Filter","Hiking","SummitPro",186.83,166.08,11,4,105,67,61,167.13
"SKU-0166","SummitPro Water Filter","Hiking","SummitPro",186.83,166.08,12,3,105,70,65,153.65
"SKU-0167","BaseCamp Camp Chair III","Camping","BaseCamp",75.58,75.58,1,14,104,14,261,85.89
"SKU-0167","BaseCamp Camp Chair III","Camping","BaseCamp",75.58,75.58,2,18,104,32,298,82.47
"SKU-0167","BaseCamp Camp Chair III","Camping","BaseCamp",75.58,59.6,3,20,104,52,201,84.82
"SKU-0167","BaseCamp Camp Chair III","Camping","BaseCamp",75.58,59.6,4,25,104,77,296,89.28
"SKU-0167","BaseCamp Camp Chair III","Camping","BaseCamp",75.58,59.6,5,25,104,102,374,83.5
"SKU-0167","BaseCamp Camp Chair III","Camping","BaseCamp",75.58,59.6,6,2,104,104,258,89.71
"SKU-0167","BaseCamp Camp Chair III","Camping","BaseCamp",75.58,59.6,7,0,104,104,180,84.75
"SKU-0167","BaseCamp Camp Chair III","Camping","BaseCamp",75.58,59.6,8,0,104,104,344,81.22
"SKU-0167","BaseCamp Camp Chair III","Camping","BaseCamp",75.58,59.6,9,0,104,104,158,86.83
"SKU-0167","BaseCamp Camp Chair III","Camping","BaseCamp",75.58,59.6,10,0,104,104,221,82.67
"SKU-0167","BaseCamp Camp Chair III","Camping","BaseCamp",75.58,59.6,11,0,104,104,217,85.28
"SKU-0167","BaseCamp Camp Chair III","Camping","BaseCamp",75.58,59.6,12,0,104,104,196,84.91
"SKU-0168","PeakGear Tarp","Camping","PeakGear",147.8,147.8,1,10,104,10,148,135.88
"SKU-0168","PeakGear Tarp","Camping","PeakGear",147.8,147.8,2,15,104,25,278,144.82
"SKU-0168","PeakGear Tarp","Camping","PeakGear",147.8,147.8,3,15,104,40,214,143.44
"SKU-0168","PeakGear Tarp","Camping","PeakGear",147.8,147.8,4,14,104,54,153,135.65
"SKU-0168","PeakGear Tarp","Camping","PeakGear",147.8,147.8,5,18,104,72,326,152.43
"SKU-0168","PeakGear Tarp","Camping","PeakGear",147.8,147.8,6,14,104,86,197,141.19
"SKU-0168","PeakGear Tarp","Camping","PeakGear",147.8,147.8,7,18,104,104,308,143.02
"SKU-0168","PeakGear Tarp","Camping","PeakGear",147.8,147.8,8,0,104,104,365,133.28
"SKU-0168","PeakGear Tarp","Camping","PeakGear",147.8,147.8,9,0,104,104,276,143.1
"SKU-0168","PeakGear Tarp","Camping","PeakGear",147.8,147.8,10,0,104,104,117,143.48
"SKU-0168","PeakGear Tarp","Camping","PeakGear",147.8,147.8,11,0,104,104,141,134.3
"SKU-0168","PeakGear Tarp","Camping","PeakGear",147.8,147.8,12,0,104,104,201,141.44
"SKU-0169","AlpineCore Water Bottle II","Accessories","AlpineCore",167.17,167.17,1,7,112,7,139,176.46
"SKU-0169","AlpineCore Water Bottle II","Accessories","AlpineCore",167.17,167.17,2,10,112,17,129,179.27
"SKU-0169","AlpineCore Water Bottle II","Accessories","AlpineCore",167.17,126.41,3,11,112,28,183,163.73
"SKU-0169","AlpineCore Water Bottle II","Accessories","AlpineCore",167.17,126.41,4,14,112,42,201,176.77
"SKU-0169","AlpineCore Water Bottle II","Accessories","AlpineCore",167.17,126.41,5,12,112,54,209,173.8
"SKU-0169","AlpineCore Water Bottle II","Accessories","AlpineCore",167.17,126.41,6,16,112,70,248,178.81
"SKU-0169","AlpineCore Water Bottle II","Accessories","AlpineCore",167.17,126.41,7,14,112,84,158,171.59
"SKU-0169","AlpineCore Water Bottle II","Accessories","AlpineCore",167.17,126.41,8,14,112,98,133,176.07
"SKU-0169","AlpineCore Water Bottle II","Accessories","AlpineCore",167.17,126.41,9,11,112,109,227,185.39
"SKU-0169","AlpineCore Water Bottle II","Accessories","AlpineCore",167.17,126.41,10,3,112,112,142,173.89
"SKU-0169","AlpineCore Water Bottle II","Accessories","AlpineCore",167.17,126.41,11,0,112,112,144,176.96
"SKU-0169","AlpineCore Water Bottle II","Accessories","AlpineCore",167.17,126.41,12,0,112,112,123,173.88
"SKU-0170","OuterBound Paracord II","Accessories","OuterBound",243.2,243.2,1,3,100,3,87,268.51
"SKU-0170","OuterBound Paracord II","Accessories","OuterBound",243.2,243.2,2,4,100,7,61,248.46
"SKU-0170","OuterBound Paracord II","Accessories","OuterBound",243.2,243.2,3,7,100,14,181,270.88
"SKU-0170","OuterBound Paracord II","Accessories","OuterBound",243.2,243.2,4,5,100,19,126,248.17
"SKU-0170","OuterBound Paracord II","Accessories","OuterBound",243.2,243.2,5,4,100,23,73,259.56
"SKU-0170","OuterBound Paracord II","Accessories","OuterBound",243.2,243.2,6,8,100,31,131,268.88
"SKU-0170","OuterBound Paracord II","Accessories","OuterBound",243.2,243.2,7,6,100,37,78,263.72
"SKU-0170","OuterBound Paracord II","Accessories","OuterBound",243.2,243.2,8,6,100,43,151,260.39
"SKU-0170","OuterBound Paracord II","Accessories","OuterBound",243.2,243.2,9,8,100,51,139,259.79
"SKU-0170","OuterBound Paracord II","Accessories","OuterBound",243.2,243.2,10,5,100,56,70,239.43
"SKU-0170","OuterBound Paracord II","Accessories","OuterBound",243.2,243.2,11,5,100,61,86,268.92
"SKU-0170","OuterBound Paracord II","Accessories","OuterBound",243.2,243.2,12,3,100,64,78,255.07
"SKU-0171","SummitPro Sun Hat III","Apparel","SummitPro",260.18,260.18,1,7,101,7,142,240.35
"SKU-0171","SummitPro Sun Hat III","Apparel","SummitPro",260.18,260.18,2,9,101,16,129,242.51
"SKU-0171","SummitPro Sun Hat III","Apparel","SummitPro",260.18,260.18,3,10,101,26,134,224.09
"SKU-0171","SummitPro Sun Hat III","Apparel","SummitPro",260.18,260.18,4,9,101,35,142,236.19
"SKU-0171","SummitPro Sun Hat III","Apparel","SummitPro",260.18,260.18,5,9,101,44,161,222.82
"SKU-0171","SummitPro Sun Hat III","Apparel","SummitPro",260.18,260.18,6,12,101,56,253,238.67
"SKU-0171","SummitPro Sun Hat III","Apparel","SummitPro",260.18,208.95,7,15,101,71,195,226.58
"SKU-0171","SummitPro Sun Hat III","Apparel","SummitPro",260.18,208.95,8,16,101,87,225,225.46
"SKU-0171","SummitPro Sun Hat III","Apparel","SummitPro",260.18,208.95,9,13,101,100,161,239.08
"SKU-0171","SummitPro Sun Hat III","Apparel","SummitPro",260.18,208.95,10,1,101,101,137,218.69
"SKU-0171","SummitPro Sun Hat III","Apparel","SummitPro",260.18,208.95,11,0,101,101,160,234.21
"SKU-0171","SummitPro Sun Hat III","Apparel","SummitPro",260.18,208.95,12,0,101,101,96,229.03
"SKU-0172","AlpineCore Hydration Pack","Hiking","AlpineCore",258.51,258.51,1,3,95,3,147,279.59
"SKU-0172","AlpineCore Hydration Pack","Hiking","AlpineCore",258.51,258.51,2,5,95,8,84,279.71
"SKU-0172","AlpineCore Hydration Pack","Hiking","AlpineCore",258.51,258.51,3,3,95,11,114,284.23
"SKU-0172","AlpineCore Hydration Pack","Hiking","AlpineCore",258.51,258.51,4,7,95,18,107,272.18
"SKU-0172","AlpineCore Hydration Pack","Hiking","AlpineCore",258.51,258.51,5,7,95,25,210,272.56
"SKU-0172","AlpineCore Hydration Pack","Hiking","AlpineCore",258.51,258.51,6,5,95,30,143,269.18
"SKU-0172","AlpineCore Hydration Pack","Hiking","AlpineCore",258.51,258.51,7,3,95,33,115,283.65
"SKU-0172","AlpineCore Hydration Pack","Hiking","AlpineCore",258.51,258.51,8,8,95,41,100,267.58
"SKU-0172","AlpineCore Hydration Pack","Hiking","AlpineCore",258.51,258.51,9,6,95,47,61,289.95
"SKU-0172","AlpineCore Hydration Pack","Hiking","AlpineCore",258.51,258.51,10,3,95,50,112,274.41
"SKU-0172","AlpineCore Hydration Pack","Hiking","AlpineCore",258.51,258.51,11,3,95,53,89,285.13
"SKU-0172","AlpineCore Hydration Pack","Hiking","AlpineCore",258.51,258.51,12,1,95,54,51,270.55
"SKU-0173","OuterBound Thermal Hoodie II","Apparel","OuterBound",272.35,272.35,1,5,56,5,138,250.41
"SKU-0173","OuterBound Thermal Hoodie II","Apparel","OuterBound",272.35,272.35,2,7,56,12,133,246.58
"SKU-0173","OuterBound Thermal Hoodie II","Apparel","OuterBound",272.35,272.35,3,7,56,19,137,240.69
"SKU-0173","OuterBound Thermal Hoodie II","Apparel","OuterBound",272.35,272.35,4,10,56,29,150,249.34
"SKU-0173","OuterBound Thermal Hoodie II","Apparel","OuterBound",272.35,223.43,5,13,56,42,223,245.87
"SKU-0173","OuterBound Thermal Hoodie II","Apparel","OuterBound",272.35,223.43,6,14,56,56,193,245.12
"SKU-0173","OuterBound Thermal Hoodie II","Apparel","OuterBound",272.35,223.43,7,0,56,56,100,251.68
"SKU-0173","OuterBound Thermal Hoodie II","Apparel","OuterBound",272.35,223.43,8,0,56,56,104,238.57
"SKU-0173","OuterBound Thermal Hoodie II","Apparel","OuterBound",272.35,223.43,9,0,56,56,130,253.2
"SKU-0173","OuterBound Thermal Hoodie II","Apparel","OuterBound",272.35,223.43,10,0,56,56,160,237.66
"SKU-0173","OuterBound Thermal Hoodie II","Apparel","OuterBound",272.35,223.43,11,0,56,56,140,248.2
"SKU-0173","OuterBound Thermal Hoodie II","Apparel","OuterBound",272.35,223.43,12,0,56,56,63,255.3
"SKU-0174","TerraFirm Gaiters","Hiking","TerraFirm",125.98,125.98,1,6,111,6,117,121.25
"SKU-0174","TerraFirm Gaiters","Hiking","TerraFirm",125.98,125.98,2,8,111,14,138,120.91
"SKU-0174","TerraFirm Gaiters","Hiking","TerraFirm",125.98,125.98,3,6,111,20,161,122.77
"SKU-0174","TerraFirm Gaiters","Hiking","TerraFirm",125.98,125.98,4,7,111,27,164,122.5
"SKU-0174","TerraFirm Gaiters","Hiking","TerraFirm",125.98,125.98,5,6,111,33,130,119.33
"SKU-0174","TerraFirm Gaiters","Hiking","TerraFirm",125.98,125.98,6,4,111,37,120,123.51
"SKU-0174","TerraFirm Gaiters","Hiking","TerraFirm",125.98,110.22,7,6,111,43,117,113.45
"SKU-0174","TerraFirm Gaiters","Hiking","TerraFirm",125.98,110.22,8,8,111,51,135,117.1
"SKU-0174","TerraFirm Gaiters","Hiking","TerraFirm",125.98,110.22,9,5,111,56,103,115.98
"SKU-0174","TerraFirm Gaiters","Hiking","TerraFirm",125.98,110.22,10,9,111,65,113,123.59
"SKU-0174","TerraFirm Gaiters","Hiking","TerraFirm",125.98,110.22,11,5,111,70,42,128.23
"SKU-0174","TerraFirm Gaiters","Hiking","TerraFirm",125.98,110.22,12,3,111,73,115,120.27
"SKU-0175","BaseCamp Hammock","Camping","BaseCamp",52.79,52.79,1,8,116,8,193,43.45
"SKU-0175","BaseCamp Hammock","Camping","BaseCamp",52.79,52.79,2,11,116,19,194,46.8
"SKU-0175","BaseCamp Hammock","Camping","BaseCamp",52.79,52.79,3,9,116,28,123,45.43
"SKU-0175","BaseCamp Hammock","Camping","BaseCamp",52.79,52.79,4,13,116,41,287,47.25
"SKU-0175","BaseCamp Hammock","Camping","BaseCamp",52.79,52.79,5,7,116,48,114,45.45
"SKU-0175","BaseCamp Hammock","Camping","BaseCamp",52.79,52.79,6,12,116,60,164,44.9
"SKU-0175","BaseCamp Hammock","Camping","BaseCamp",52.79,43.4,7,12,116,72,238,45.95
"SKU-0175","BaseCamp Hammock","Camping","BaseCamp",52.79,43.4,8,11,116,83,206,46.9
"SKU-0175","BaseCamp Hammock","Camping","BaseCamp",52.79,43.4,9,12,116,95,204,46.95
"SKU-0175","BaseCamp Hammock","Camping","BaseCamp",52.79,43.4,10,10,116,105,95,45.01
"SKU-0175","BaseCamp Hammock","Camping","BaseCamp",52.79,43.4,11,7,116,112,142,44.89
"SKU-0175","BaseCamp Hammock","Camping","BaseCamp",52.79,43.4,12,4,116,116,125,46.21
"SKU-0176","OuterBound Lantern","Camping","OuterBound",189.89,189.89,1,4,75,4,118,186.85
"SKU-0176","OuterBound Lantern","Camping","OuterBound",189.89,189.89,2,3,75,7,113,170.99
"SKU-0176","OuterBound Lantern","Camping","OuterBound",189.89,189.89,3,6,75,13,100,184.59
"SKU-0176","OuterBound Lantern","Camping","OuterBound",189.89,189.89,4,4,75,17,99,188.49
"SKU-0176","OuterBound Lantern","Camping","OuterBound",189.89,115.04,5,13,75,30,135,178.44
"SKU-0176","OuterBound Lantern","Camping","OuterBound",189.89,115.04,6,11,75,41,151,177.28
"SKU-0176","OuterBound Lantern","Camping","OuterBound",189.89,115.04,7,11,75,52,110,189.34
"SKU-0176","OuterBound Lantern","Camping","OuterBound",189.89,115.04,8,11,75,63,156,183.14
"SKU-0176","OuterBound Lantern","Camping","OuterBound",189.89,115.04,9,10,75,73,82,193.64
"SKU-0176","OuterBound Lantern","Camping","OuterBound",189.89,115.04,10,2,75,75,70,179.61
"SKU-0176","OuterBound Lantern","Camping","OuterBound",189.89,115.04,11,0,75,75,56,193.98
"SKU-0176","OuterBound Lantern","Camping","OuterBound",189.89,115.04,12,0,75,75,74,181.58
"SKU-0177","WildEdge Insect Repellent","Accessories","WildEdge",240.32,240.32,1,3,53,3,31,244.01
"SKU-0177","WildEdge Insect Repellent","Accessories","WildEdge",240.32,240.32,2,5,53,8,66,228.61
"SKU-0177","WildEdge Insect Repellent","Accessories","WildEdge",240.32,240.32,3,6,53,14,99,236.63
"SKU-0177","WildEdge Insect Repellent","Accessories","WildEdge",240.32,240.32,4,5,53,19,109,236.85
"SKU-0177","WildEdge Insect Repellent","Accessories","WildEdge",240.32,240.32,5,4,53,23,74,235.38
"SKU-0177","WildEdge Insect Repellent","Accessories","WildEdge",240.32,240.32,6,5,53,28,99,246
"SKU-0177","WildEdge Insect Repellent","Accessories","WildEdge",240.32,240.32,7,3,53,31,77,242.93
"SKU-0177","WildEdge Insect Repellent","Accessories","WildEdge",240.32,240.32,8,4,53,35,108,245.55
"SKU-0177","WildEdge Insect Repellent","Accessories","WildEdge",240.32,240.32,9,4,53,39,65,231.59
"SKU-0177","WildEdge Insect Repellent","Accessories","WildEdge",240.32,240.32,10,5,53,44,58,230.68
"SKU-0177","WildEdge Insect Repellent","Accessories","WildEdge",240.32,240.32,11,1,53,45,88,245.1
"SKU-0177","WildEdge Insect Repellent","Accessories","WildEdge",240.32,240.32,12,2,53,47,62,241.53
"SKU-0178","PeakGear Cargo Pants","Apparel","PeakGear",258.63,258.63,1,1,36,1,70,274.15
"SKU-0178","PeakGear Cargo Pants","Apparel","PeakGear",258.63,258.63,2,3,36,4,46,271.16
"SKU-0178","PeakGear Cargo Pants","Apparel","PeakGear",258.63,258.63,3,3,36,7,85,289.62
"SKU-0178","PeakGear Cargo Pants","Apparel","PeakGear",258.63,258.63,4,4,36,11,65,292.11
"SKU-0178","PeakGear Cargo Pants","Apparel","PeakGear",258.63,258.63,5,2,36,13,67,273.83
"SKU-0178","PeakGear Cargo Pants","Apparel","PeakGear",258.63,217.12,6,5,36,18,92,284.82
"SKU-0178","PeakGear Cargo Pants","Apparel","PeakGear",258.63,217.12,7,6,36,24,88,290.44
"SKU-0178","PeakGear Cargo Pants","Apparel","PeakGear",258.63,217.12,8,6,36,30,50,289.56
"SKU-0178","PeakGear Cargo Pants","Apparel","PeakGear",258.63,217.12,9,3,36,33,77,297.61
"SKU-0178","PeakGear Cargo Pants","Apparel","PeakGear",258.63,217.12,10,3,36,36,86,280.61
"SKU-0178","PeakGear Cargo Pants","Apparel","PeakGear",258.63,217.12,11,0,36,36,60,283.67
"SKU-0178","PeakGear Cargo Pants","Apparel","PeakGear",258.63,217.12,12,0,36,36,62,290.69
"SKU-0179","TrailBlaze Gaiters II","Hiking","TrailBlaze",113.63,113.63,1,15,71,15,187,120.56
"SKU-0179","TrailBlaze Gaiters II","Hiking","TrailBlaze",113.63,113.63,2,20,71,35,282,121.02
"SKU-0179","TrailBlaze Gaiters II","Hiking","TrailBlaze",113.63,113.63,3,25,71,60,273,122.91
"SKU-0179","TrailBlaze Gaiters II","Hiking","TrailBlaze",113.63,113.63,4,11,71,71,434,125.35
"SKU-0179","TrailBlaze Gaiters II","Hiking","TrailBlaze",113.63,113.63,5,0,71,71,384,122.96
"SKU-0179","TrailBlaze Gaiters II","Hiking","TrailBlaze",113.63,113.63,6,0,71,71,340,121.06
"SKU-0179","TrailBlaze Gaiters II","Hiking","TrailBlaze",113.63,113.63,7,0,71,71,352,119.38
"SKU-0179","TrailBlaze Gaiters II","Hiking","TrailBlaze",113.63,113.63,8,0,71,71,333,118.05
"SKU-0179","TrailBlaze Gaiters II","Hiking","TrailBlaze",113.63,113.63,9,0,71,71,386,117.96
"SKU-0179","TrailBlaze Gaiters II","Hiking","TrailBlaze",113.63,113.63,10,0,71,71,390,126.73
"SKU-0179","TrailBlaze Gaiters II","Hiking","TrailBlaze",113.63,113.63,11,0,71,71,349,117.16
"SKU-0179","TrailBlaze Gaiters II","Hiking","TrailBlaze",113.63,113.63,12,0,71,71,198,124.14
"SKU-0180","WildEdge Hammock II","Camping","WildEdge",276.8,276.8,1,9,52,9,163,257.86
"SKU-0180","WildEdge Hammock II","Camping","WildEdge",276.8,276.8,2,10,52,19,153,245.92
"SKU-0180","WildEdge Hammock II","Camping","WildEdge",276.8,180.71,3,20,52,39,158,236.46
"SKU-0180","WildEdge Hammock II","Camping","WildEdge",276.8,180.71,4,13,52,52,317,260.66
"SKU-0180","WildEdge Hammock II","Camping","WildEdge",276.8,180.71,5,0,52,52,131,258.48
"SKU-0180","WildEdge Hammock II","Camping","WildEdge",276.8,180.71,6,0,52,52,271,234.07
"SKU-0180","WildEdge Hammock II","Camping","WildEdge",276.8,180.71,7,0,52,52,229,260.77
"SKU-0180","WildEdge Hammock II","Camping","WildEdge",276.8,180.71,8,0,52,52,146,246.35
"SKU-0180","WildEdge Hammock II","Camping","WildEdge",276.8,180.71,9,0,52,52,228,243.33
"SKU-0180","WildEdge Hammock II","Camping","WildEdge",276.8,180.71,10,0,52,52,187,243.21
"SKU-0180","WildEdge Hammock II","Camping","WildEdge",276.8,180.71,11,0,52,52,109,250.76
"SKU-0180","WildEdge Hammock II","Camping","WildEdge",276.8,180.71,12,0,52,52,183,245.86
"SKU-0181","AlpineCore First Aid Kit","Accessories","AlpineCore",89.38,89.38,1,5,70,5,160,79.06
"SKU-0181","AlpineCore First Aid Kit","Accessories","AlpineCore",89.38,89.38,2,3,70,8,145,83.79
"SKU-0181","AlpineCore First Aid Kit","Accessories","AlpineCore",89.38,89.38,3,4,70,12,83,77.74
"SKU-0181","AlpineCore First Aid Kit","Accessories","AlpineCore",89.38,89.38,4,10,70,22,159,81.84
"SKU-0181","AlpineCore First Aid Kit","Accessories","AlpineCore",89.38,71.96,5,5,70,27,154,82.23
"SKU-0181","AlpineCore First Aid Kit","Accessories","AlpineCore",89.38,71.96,6,5,70,32,85,79.87
"SKU-0181","AlpineCore First Aid Kit","Accessories","AlpineCore",89.38,71.96,7,6,70,38,82,83.74
"SKU-0181","AlpineCore First Aid Kit","Accessories","AlpineCore",89.38,71.96,8,4,70,42,84,79.46
"SKU-0181","AlpineCore First Aid Kit","Accessories","AlpineCore",89.38,71.96,9,5,70,47,121,87.43
"SKU-0181","AlpineCore First Aid Kit","Accessories","AlpineCore",89.38,71.96,10,4,70,51,109,82.69
"SKU-0181","AlpineCore First Aid Kit","Accessories","AlpineCore",89.38,71.96,11,3,70,54,55,85.67
"SKU-0181","AlpineCore First Aid Kit","Accessories","AlpineCore",89.38,71.96,12,4,70,58,93,84.33
"SKU-0182","BaseCamp Hydration Pack II","Hiking","BaseCamp",180.99,180.99,1,10,84,10,185,192.99
"SKU-0182","BaseCamp Hydration Pack II","Hiking","BaseCamp",180.99,180.99,2,9,84,19,242,188.03
"SKU-0182","BaseCamp Hydration Pack II","Hiking","BaseCamp",180.99,180.99,3,12,84,31,219,198.79
"SKU-0182","BaseCamp Hydration Pack II","Hiking","BaseCamp",180.99,180.99,4,13,84,44,241,186.37
"SKU-0182","BaseCamp Hydration Pack II","Hiking","BaseCamp",180.99,138.43,5,14,84,58,266,198.28
"SKU-0182","BaseCamp Hydration Pack II","Hiking","BaseCamp",180.99,138.43,6,11,84,69,233,183.3
"SKU-0182","BaseCamp Hydration Pack II","Hiking","BaseCamp",180.99,138.43,7,15,84,84,216,201.96
"SKU-0182","BaseCamp Hydration Pack II","Hiking","BaseCamp",180.99,138.43,8,0,84,84,171,197.12
"SKU-0182","BaseCamp Hydration Pack II","Hiking","BaseCamp",180.99,138.43,9,0,84,84,240,200.32
"SKU-0182","BaseCamp Hydration Pack II","Hiking","BaseCamp",180.99,138.43,10,0,84,84,213,185.01
"SKU-0182","BaseCamp Hydration Pack II","Hiking","BaseCamp",180.99,138.43,11,0,84,84,104,194.24
"SKU-0182","BaseCamp Hydration Pack II","Hiking","BaseCamp",180.99,138.43,12,0,84,84,86,197.21
"SKU-0183","SummitPro Compass","Hiking","SummitPro",177.47,177.47,1,5,59,5,134,169.77
"SKU-0183","SummitPro Compass","Hiking","SummitPro",177.47,177.47,2,7,59,12,118,158.17
"SKU-0183","SummitPro Compass","Hiking","SummitPro",177.47,177.47,3,9,59,21,93,163.04
"SKU-0183","SummitPro Compass","Hiking","SummitPro",177.47,177.47,4,9,59,30,163,169.16
"SKU-0183","SummitPro Compass","Hiking","SummitPro",177.47,177.47,5,6,59,36,87,163.93
"SKU-0183","SummitPro Compass","Hiking","SummitPro",177.47,177.47,6,8,59,44,150,159.1
"SKU-0183","SummitPro Compass","Hiking","SummitPro",177.47,152.86,7,10,59,54,190,158.58
"SKU-0183","SummitPro Compass","Hiking","SummitPro",177.47,152.86,8,5,59,59,157,160.33
"SKU-0183","SummitPro Compass","Hiking","SummitPro",177.47,152.86,9,0,59,59,109,162.41
"SKU-0183","SummitPro Compass","Hiking","SummitPro",177.47,152.86,10,0,59,59,114,165.6
"SKU-0183","SummitPro Compass","Hiking","SummitPro",177.47,152.86,11,0,59,59,69,154.67
"SKU-0183","SummitPro Compass","Hiking","SummitPro",177.47,152.86,12,0,59,59,66,160.82
"SKU-0184","WildEdge Sleeping Bag II","Camping","WildEdge",121.76,121.76,1,1,109,1,52,122.47
"SKU-0184","WildEdge Sleeping Bag II","Camping","WildEdge",121.76,121.76,2,6,109,7,112,124.16
"SKU-0184","WildEdge Sleeping Bag II","Camping","WildEdge",121.76,121.76,3,6,109,13,97,128.02
"SKU-0184","WildEdge Sleeping Bag II","Camping","WildEdge",121.76,121.76,4,6,109,19,69,126.4
"SKU-0184","WildEdge Sleeping Bag II","Camping","WildEdge",121.76,121.76,5,1,109,20,101,124.49
"SKU-0184","WildEdge Sleeping Bag II","Camping","WildEdge",121.76,107.65,6,10,109,30,134,124.77
"SKU-0184","WildEdge Sleeping Bag II","Camping","WildEdge",121.76,107.65,7,7,109,37,63,127.52
"SKU-0184","WildEdge Sleeping Bag II","Camping","WildEdge",121.76,107.65,8,6,109,43,71,116.65
"SKU-0184","WildEdge Sleeping Bag II","Camping","WildEdge",121.76,107.65,9,6,109,49,97,123.82
"SKU-0184","WildEdge Sleeping Bag II","Camping","WildEdge",121.76,107.65,10,3,109,52,62,120.6
"SKU-0184","WildEdge Sleeping Bag II","Camping","WildEdge",121.76,107.65,11,4,109,56,71,126.74
"SKU-0184","WildEdge Sleeping Bag II","Camping","WildEdge",121.76,107.65,12,4,109,60,79,121.63
"SKU-0185","OuterBound Base Layer","Apparel","OuterBound",189.58,189.58,1,7,44,7,114,188.71
"SKU-0185","OuterBound Base Layer","Apparel","OuterBound",189.58,189.58,2,12,44,19,207,197.21
"SKU-0185","OuterBound Base Layer","Apparel","OuterBound",189.58,189.58,3,11,44,30,185,201.5
"SKU-0185","OuterBound Base Layer","Apparel","OuterBound",189.58,189.58,4,12,44,42,193,205.45
"SKU-0185","OuterBound Base Layer","Apparel","OuterBound",189.58,189.58,5,2,44,44,182,192.93
"SKU-0185","OuterBound Base Layer","Apparel","OuterBound",189.58,163.69,6,0,44,44,245,183.52
"SKU-0185","OuterBound Base Layer","Apparel","OuterBound",189.58,163.69,7,0,44,44,256,196.32
"SKU-0185","OuterBound Base Layer","Apparel","OuterBound",189.58,163.69,8,0,44,44,209,198.43
"SKU-0185","OuterBound Base Layer","Apparel","OuterBound",189.58,163.69,9,0,44,44,244,193.81
"SKU-0185","OuterBound Base Layer","Apparel","OuterBound",189.58,163.69,10,0,44,44,145,192.1
"SKU-0185","OuterBound Base Layer","Apparel","OuterBound",189.58,163.69,11,0,44,44,158,197.68
"SKU-0185","OuterBound Base Layer","Apparel","OuterBound",189.58,163.69,12,0,44,44,101,191.75
"SKU-0186","TrailBlaze First Aid Kit","Accessories","TrailBlaze",254.11,254.11,1,1,61,1,98,236.02
"SKU-0186","TrailBlaze First Aid Kit","Accessories","TrailBlaze",254.11,254.11,2,4,61,5,92,234.02
"SKU-0186","TrailBlaze First Aid Kit","Accessories","TrailBlaze",254.11,254.11,3,1,61,6,92,242.85
"SKU-0186","TrailBlaze First Aid Kit","Accessories","TrailBlaze",254.11,254.11,4,4,61,10,49,238.29
"SKU-0186","TrailBlaze First Aid Kit","Accessories","TrailBlaze",254.11,254.11,5,4,61,14,75,241.24
"SKU-0186","TrailBlaze First Aid Kit","Accessories","TrailBlaze",254.11,254.11,6,5,61,19,86,246.45
"SKU-0186","TrailBlaze First Aid Kit","Accessories","TrailBlaze",254.11,254.11,7,2,61,21,65,235.81
"SKU-0186","TrailBlaze First Aid Kit","Accessories","TrailBlaze",254.11,254.11,8,5,61,26,72,232.99
"SKU-0186","TrailBlaze First Aid Kit","Accessories","TrailBlaze",254.11,254.11,9,3,61,29,61,247.35
"SKU-0186","TrailBlaze First Aid Kit","Accessories","TrailBlaze",254.11,254.11,10,4,61,33,79,238.77
"SKU-0186","TrailBlaze First Aid Kit","Accessories","TrailBlaze",254.11,254.11,11,3,61,36,42,242.59
"SKU-0186","TrailBlaze First Aid Kit","Accessories","TrailBlaze",254.11,254.11,12,2,61,38,58,244.41
"SKU-0187","OuterBound Hydration Pack","Hiking","OuterBound",116.92,116.92,1,14,92,14,227,116.47
"SKU-0187","OuterBound Hydration Pack","Hiking","OuterBound",116.92,116.92,2,14,92,28,321,115.53
"SKU-0187","OuterBound Hydration Pack","Hiking","OuterBound",116.92,116.92,3,15,92,43,227,115.22
"SKU-0187","OuterBound Hydration Pack","Hiking","OuterBound",116.92,116.92,4,15,92,58,259,117.36
"SKU-0187","OuterBound Hydration Pack","Hiking","OuterBound",116.92,116.92,5,13,92,71,158,116.65
"SKU-0187","OuterBound Hydration Pack","Hiking","OuterBound",116.92,116.92,6,15,92,86,254,111.71
"SKU-0187","OuterBound Hydration Pack","Hiking","OuterBound",116.92,116.92,7,6,92,92,240,110.11
"SKU-0187","OuterBound Hydration Pack","Hiking","OuterBound",116.92,116.92,8,0,92,92,353,115.4
"SKU-0187","OuterBound Hydration Pack","Hiking","OuterBound",116.92,116.92,9,0,92,92,270,113.02
"SKU-0187","OuterBound Hydration Pack","Hiking","OuterBound",116.92,116.92,10,0,92,92,241,113.96
"SKU-0187","OuterBound Hydration Pack","Hiking","OuterBound",116.92,116.92,11,0,92,92,152,118.51
"SKU-0187","OuterBound Hydration Pack","Hiking","OuterBound",116.92,116.92,12,0,92,92,103,113.78
"SKU-0188","WildEdge Sun Hat II","Apparel","WildEdge",269.21,269.21,1,8,93,8,173,223.91
"SKU-0188","WildEdge Sun Hat II","Apparel","WildEdge",269.21,269.21,2,7,93,15,152,235.76
"SKU-0188","WildEdge Sun Hat II","Apparel","WildEdge",269.21,269.21,3,6,93,21,108,243.15
"SKU-0188","WildEdge Sun Hat II","Apparel","WildEdge",269.21,269.21,4,9,93,30,189,220.38
"SKU-0188","WildEdge Sun Hat II","Apparel","WildEdge",269.21,269.21,5,8,93,38,201,232.71
"SKU-0188","WildEdge Sun Hat II","Apparel","WildEdge",269.21,269.21,6,6,93,44,127,225.21
"SKU-0188","WildEdge Sun Hat II","Apparel","WildEdge",269.21,269.21,7,8,93,52,138,230.89
"SKU-0188","WildEdge Sun Hat II","Apparel","WildEdge",269.21,269.21,8,5,93,57,89,239.22
"SKU-0188","WildEdge Sun Hat II","Apparel","WildEdge",269.21,269.21,9,8,93,65,199,232
"SKU-0188","WildEdge Sun Hat II","Apparel","WildEdge",269.21,269.21,10,8,93,73,92,231.69
"SKU-0188","WildEdge Sun Hat II","Apparel","WildEdge",269.21,269.21,11,6,93,79,54,253.95
"SKU-0188","WildEdge Sun Hat II","Apparel","WildEdge",269.21,269.21,12,6,93,85,100,230.16
"SKU-0189","BaseCamp Headlamp","Hiking","BaseCamp",257.5,257.5,1,15,91,15,230,271.36
"SKU-0189","BaseCamp Headlamp","Hiking","BaseCamp",257.5,257.5,2,14,91,29,259,273.6
"SKU-0189","BaseCamp Headlamp","Hiking","BaseCamp",257.5,257.5,3,17,91,46,225,266.09
"SKU-0189","BaseCamp Headlamp","Hiking","BaseCamp",257.5,257.5,4,16,91,62,266,275.48
"SKU-0189","BaseCamp Headlamp","Hiking","BaseCamp",257.5,179.43,5,28,91,90,337,267.88
"SKU-0189","BaseCamp Headlamp","Hiking","BaseCamp",257.5,179.43,6,1,91,91,192,282.89
"SKU-0189","BaseCamp Headlamp","Hiking","BaseCamp",257.5,179.43,7,0,91,91,200,267.72
"SKU-0189","BaseCamp Headlamp","Hiking","BaseCamp",257.5,179.43,8,0,91,91,264,273.45
"SKU-0189","BaseCamp Headlamp","Hiking","BaseCamp",257.5,179.43,9,0,91,91,309,279.32
"SKU-0189","BaseCamp Headlamp","Hiking","BaseCamp",257.5,179.43,10,0,91,91,289,294.45
"SKU-0189","BaseCamp Headlamp","Hiking","BaseCamp",257.5,179.43,11,0,91,91,228,271.95
"SKU-0189","BaseCamp Headlamp","Hiking","BaseCamp",257.5,179.43,12,0,91,91,138,281.15
"SKU-0190","AlpineCore Fire Pit","Camping","AlpineCore",294.52,294.52,1,24,120,24,314,292.08
"SKU-0190","AlpineCore Fire Pit","Camping","AlpineCore",294.52,294.52,2,38,120,62,545,295.28
"SKU-0190","AlpineCore Fire Pit","Camping","AlpineCore",294.52,294.52,3,45,120,107,658,290.67
"SKU-0190","AlpineCore Fire Pit","Camping","AlpineCore",294.52,294.52,4,13,120,120,436,281.53
"SKU-0190","AlpineCore Fire Pit","Camping","AlpineCore",294.52,294.52,5,0,120,120,337,291.56
"SKU-0190","AlpineCore Fire Pit","Camping","AlpineCore",294.52,251.25,6,0,120,120,570,286.57
"SKU-0190","AlpineCore Fire Pit","Camping","AlpineCore",294.52,251.25,7,0,120,120,657,286.45
"SKU-0190","AlpineCore Fire Pit","Camping","AlpineCore",294.52,251.25,8,0,120,120,413,303
"SKU-0190","AlpineCore Fire Pit","Camping","AlpineCore",294.52,251.25,9,0,120,120,378,288.03
"SKU-0190","AlpineCore Fire Pit","Camping","AlpineCore",294.52,251.25,10,0,120,120,403,285.63
"SKU-0190","AlpineCore Fire Pit","Camping","AlpineCore",294.52,251.25,11,0,120,120,259,283.53
"SKU-0190","AlpineCore Fire Pit","Camping","AlpineCore",294.52,251.25,12,0,120,120,361,287.25
"SKU-0191","WildEdge First Aid Kit","Accessories","WildEdge",230.74,230.74,1,2,102,2,79,211.27
"SKU-0191","WildEdge First Aid Kit","Accessories","WildEdge",230.74,230.74,2,1,102,3,69,227.12
"SKU-0191","WildEdge First Aid Kit","Accessories","WildEdge",230.74,230.74,3,1,102,4,48,232.76
"SKU-0191","WildEdge First Aid Kit","Accessories","WildEdge",230.74,230.74,4,2,102,6,90,219.37
"SKU-0191","WildEdge First Aid Kit","Accessories","WildEdge",230.74,230.74,5,4,102,10,89,216.72
"SKU-0191","WildEdge First Aid Kit","Accessories","WildEdge",230.74,230.74,6,1,102,11,112,223.78
"SKU-0191","WildEdge First Aid Kit","Accessories","WildEdge",230.74,230.74,7,4,102,15,36,217.38
"SKU-0191","WildEdge First Aid Kit","Accessories","WildEdge",230.74,230.74,8,5,102,20,93,223.45
"SKU-0191","WildEdge First Aid Kit","Accessories","WildEdge",230.74,230.74,9,0,102,20,65,213.09
"SKU-0191","WildEdge First Aid Kit","Accessories","WildEdge",230.74,230.74,10,3,102,23,76,217.58
"SKU-0191","WildEdge First Aid Kit","Accessories","WildEdge",230.74,230.74,11,5,102,28,60,225.81
"SKU-0191","WildEdge First Aid Kit","Accessories","WildEdge",230.74,230.74,12,4,102,32,14,226.81
"SKU-0192","WildEdge Fleece Vest","Apparel","WildEdge",27.19,27.19,1,6,70,6,116,30.15
"SKU-0192","WildEdge Fleece Vest","Apparel","WildEdge",27.19,27.19,2,8,70,14,174,30.68
"SKU-0192","WildEdge Fleece Vest","Apparel","WildEdge",27.19,27.19,3,9,70,23,134,30.54
"SKU-0192","WildEdge Fleece Vest","Apparel","WildEdge",27.19,27.19,4,12,70,35,214,29.31
"SKU-0192","WildEdge Fleece Vest","Apparel","WildEdge",27.19,27.19,5,6,70,41,122,28.33
"SKU-0192","WildEdge Fleece Vest","Apparel","WildEdge",27.19,27.19,6,9,70,50,252,30.04
"SKU-0192","WildEdge Fleece Vest","Apparel","WildEdge",27.19,27.19,7,10,70,60,170,29.1
"SKU-0192","WildEdge Fleece Vest","Apparel","WildEdge",27.19,27.19,8,7,70,67,113,29.34
"SKU-0192","WildEdge Fleece Vest","Apparel","WildEdge",27.19,27.19,9,3,70,70,168,31.54
"SKU-0192","WildEdge Fleece Vest","Apparel","WildEdge",27.19,27.19,10,0,70,70,176,29.1
"SKU-0192","WildEdge Fleece Vest","Apparel","WildEdge",27.19,27.19,11,0,70,70,166,30.4
"SKU-0192","WildEdge Fleece Vest","Apparel","WildEdge",27.19,27.19,12,0,70,70,137,28.88
"SKU-0193","OuterBound Quick-Dry Tee","Apparel","OuterBound",28.95,28.95,1,5,102,5,173,29.12
"SKU-0193","OuterBound Quick-Dry Tee","Apparel","OuterBound",28.95,28.95,2,6,102,11,152,29.46
"SKU-0193","OuterBound Quick-Dry Tee","Apparel","OuterBound",28.95,17.45,3,21,102,32,162,28.76
"SKU-0193","OuterBound Quick-Dry Tee","Apparel","OuterBound",28.95,17.45,4,17,102,49,108,31.16
"SKU-0193","OuterBound Quick-Dry Tee","Apparel","OuterBound",28.95,17.45,5,20,102,69,161,28.28
"SKU-0193","OuterBound Quick-Dry Tee","Apparel","OuterBound",28.95,17.45,6,19,102,88,146,29.84
"SKU-0193","OuterBound Quick-Dry Tee","Apparel","OuterBound",28.95,17.45,7,14,102,102,154,30.93
"SKU-0193","OuterBound Quick-Dry Tee","Apparel","OuterBound",28.95,17.45,8,0,102,102,147,29.27
"SKU-0193","OuterBound Quick-Dry Tee","Apparel","OuterBound",28.95,17.45,9,0,102,102,163,28.63
"SKU-0193","OuterBound Quick-Dry Tee","Apparel","OuterBound",28.95,17.45,10,0,102,102,117,28.19
"SKU-0193","OuterBound Quick-Dry Tee","Apparel","OuterBound",28.95,17.45,11,0,102,102,150,30.47
"SKU-0193","OuterBound Quick-Dry Tee","Apparel","OuterBound",28.95,17.45,12,0,102,102,94,30.16
"SKU-0194","TrailBlaze Thermal Hoodie","Apparel","TrailBlaze",85.21,85.21,1,10,102,10,129,84.75
"SKU-0194","TrailBlaze Thermal Hoodie","Apparel","TrailBlaze",85.21,85.21,2,14,102,24,269,84.21
"SKU-0194","TrailBlaze Thermal Hoodie","Apparel","TrailBlaze",85.21,85.21,3,17,102,41,366,84.12
"SKU-0194","TrailBlaze Thermal Hoodie","Apparel","TrailBlaze",85.21,85.21,4,19,102,60,252,81.95
"SKU-0194","TrailBlaze Thermal Hoodie","Apparel","TrailBlaze",85.21,85.21,5,16,102,76,288,84.03
"SKU-0194","TrailBlaze Thermal Hoodie","Apparel","TrailBlaze",85.21,85.21,6,13,102,89,197,83.73
"SKU-0194","TrailBlaze Thermal Hoodie","Apparel","TrailBlaze",85.21,70.4,7,13,102,102,256,86.11
"SKU-0194","TrailBlaze Thermal Hoodie","Apparel","TrailBlaze",85.21,70.4,8,0,102,102,173,79.9
"SKU-0194","TrailBlaze Thermal Hoodie","Apparel","TrailBlaze",85.21,70.4,9,0,102,102,299,79.71
"SKU-0194","TrailBlaze Thermal Hoodie","Apparel","TrailBlaze",85.21,70.4,10,0,102,102,202,81.48
"SKU-0194","TrailBlaze Thermal Hoodie","Apparel","TrailBlaze",85.21,70.4,11,0,102,102,246,82.78
"SKU-0194","TrailBlaze Thermal Hoodie","Apparel","TrailBlaze",85.21,70.4,12,0,102,102,188,80.56
"SKU-0195","BaseCamp Multi-Tool","Accessories","BaseCamp",240.05,240.05,1,3,95,3,89,220.33
"SKU-0195","BaseCamp Multi-Tool","Accessories","BaseCamp",240.05,240.05,2,10,95,13,161,204.27
"SKU-0195","BaseCamp Multi-Tool","Accessories","BaseCamp",240.05,149.03,3,10,95,23,163,222.72
"SKU-0195","BaseCamp Multi-Tool","Accessories","BaseCamp",240.05,149.03,4,12,95,35,167,215.6
"SKU-0195","BaseCamp Multi-Tool","Accessories","BaseCamp",240.05,149.03,5,7,95,42,153,222.27
"SKU-0195","BaseCamp Multi-Tool","Accessories","BaseCamp",240.05,149.03,6,11,95,53,203,210.04
"SKU-0195","BaseCamp Multi-Tool","Accessories","BaseCamp",240.05,149.03,7,8,95,61,99,222.8
"SKU-0195","BaseCamp Multi-Tool","Accessories","BaseCamp",240.05,149.03,8,8,95,69,118,212.58
"SKU-0195","BaseCamp Multi-Tool","Accessories","BaseCamp",240.05,149.03,9,8,95,77,80,213.26
"SKU-0195","BaseCamp Multi-Tool","Accessories","BaseCamp",240.05,149.03,10,8,95,85,124,219.03
"SKU-0195","BaseCamp Multi-Tool","Accessories","BaseCamp",240.05,149.03,11,7,95,92,127,210.6
"SKU-0195","BaseCamp Multi-Tool","Accessories","BaseCamp",240.05,149.03,12,3,95,95,43,213.27
"SKU-0196","WildEdge Tarp","Camping","WildEdge",167.49,167.49,1,10,83,10,274,167.49
"SKU-0196","WildEdge Tarp","Camping","WildEdge",167.49,167.49,2,10,83,20,273,163.23
"SKU-0196","WildEdge Tarp","Camping","WildEdge",167.49,119.42,3,18,83,38,284,162.78
"SKU-0196","WildEdge Tarp","Camping","WildEdge",167.49,119.42,4,25,83,63,288,159.73
"SKU-0196","WildEdge Tarp","Camping","WildEdge",167.49,119.42,5,20,83,83,320,163.33
"SKU-0196","WildEdge Tarp","Camping","WildEdge",167.49,119.42,6,0,83,83,155,173.52
"SKU-0196","WildEdge Tarp","Camping","WildEdge",167.49,119.42,7,0,83,83,301,168.16
"SKU-0196","WildEdge Tarp","Camping","WildEdge",167.49,119.42,8,0,83,83,233,174.06
"SKU-0196","WildEdge Tarp","Camping","WildEdge",167.49,119.42,9,0,83,83,231,166.35
"SKU-0196","WildEdge Tarp","Camping","WildEdge",167.49,119.42,10,0,83,83,156,166.51
"SKU-0196","WildEdge Tarp","Camping","WildEdge",167.49,119.42,11,0,83,83,115,167.72
"SKU-0196","WildEdge Tarp","Camping","WildEdge",167.49,119.42,12,0,83,83,102,164.73
"SKU-0197","OuterBound Water Filter","Hiking","OuterBound",114.42,114.42,1,7,69,7,154,123.37
"SKU-0197","OuterBound Water Filter","Hiking","OuterBound",114.42,114.42,2,9,69,16,134,116.15
"SKU-0197","OuterBound Water Filter","Hiking","OuterBound",114.42,82.94,3,19,69,35,272,125.95
"SKU-0197","OuterBound Water Filter","Hiking","OuterBound",114.42,82.94,4,19,69,54,240,116.56
"SKU-0197","OuterBound Water Filter","Hiking","OuterBound",114.42,82.94,5,15,69,69,221,122.94
"SKU-0197","OuterBound Water Filter","Hiking","OuterBound",114.42,82.94,6,0,69,69,246,116.15
"SKU-0197","OuterBound Water Filter","Hiking","OuterBound",114.42,82.94,7,0,69,69,218,125.07
"SKU-0197","OuterBound Water Filter","Hiking","OuterBound",114.42,82.94,8,0,69,69,144,118.66
"SKU-0197","OuterBound Water Filter","Hiking","OuterBound",114.42,82.94,9,0,69,69,232,119.72
"SKU-0197","OuterBound Water Filter","Hiking","OuterBound",114.42,82.94,10,0,69,69,109,124.71
"SKU-0197","OuterBound Water Filter","Hiking","OuterBound",114.42,82.94,11,0,69,69,178,127.44
"SKU-0197","OuterBound Water Filter","Hiking","OuterBound",114.42,82.94,12,0,69,69,176,117.49
"SKU-0198","PeakGear Tarp II","Camping","PeakGear",148.15,148.15,1,6,115,6,120,131.34
"SKU-0198","PeakGear Tarp II","Camping","PeakGear",148.15,148.15,2,7,115,13,179,134.85
"SKU-0198","PeakGear Tarp II","Camping","PeakGear",148.15,148.15,3,11,115,24,157,136.32
"SKU-0198","PeakGear Tarp II","Camping","PeakGear",148.15,148.15,4,12,115,36,168,127.89
"SKU-0198","PeakGear Tarp II","Camping","PeakGear",148.15,148.15,5,13,115,49,281,125.98
"SKU-0198","PeakGear Tarp II","Camping","PeakGear",148.15,148.15,6,10,115,59,192,129.52
"SKU-0198","PeakGear Tarp II","Camping","PeakGear",148.15,148.15,7,10,115,69,211,125.5
"SKU-0198","PeakGear Tarp II","Camping","PeakGear",148.15,148.15,8,9,115,78,152,127.43
"SKU-0198","PeakGear Tarp II","Camping","PeakGear",148.15,148.15,9,8,115,86,137,125.42
"SKU-0198","PeakGear Tarp II","Camping","PeakGear",148.15,148.15,10,8,115,94,123,129.74
"SKU-0198","PeakGear Tarp II","Camping","PeakGear",148.15,148.15,11,8,115,102,100,127.7
"SKU-0198","PeakGear Tarp II","Camping","PeakGear",148.15,148.15,12,4,115,106,144,131.2
"SKU-0199","OuterBound Softshell Jacket","Apparel","OuterBound",157.53,157.53,1,10,52,10,221,152.03
"SKU-0199","OuterBound Softshell Jacket","Apparel","OuterBound",157.53,157.53,2,8,52,18,185,155.1
"SKU-0199","OuterBound Softshell Jacket","Apparel","OuterBound",157.53,157.53,3,15,52,33,199,146.3
"SKU-0199","OuterBound Softshell Jacket","Apparel","OuterBound",157.53,157.53,4,13,52,46,176,149.6
"SKU-0199","OuterBound Softshell Jacket","Apparel","OuterBound",157.53,157.53,5,6,52,52,187,154.9
"SKU-0199","OuterBound Softshell Jacket","Apparel","OuterBound",157.53,157.53,6,0,52,52,265,151.76
"SKU-0199","OuterBound Softshell Jacket","Apparel","OuterBound",157.53,157.53,7,0,52,52,160,150.47
"SKU-0199","OuterBound Softshell Jacket","Apparel","OuterBound",157.53,157.53,8,0,52,52,329,150.83
"SKU-0199","OuterBound Softshell Jacket","Apparel","OuterBound",157.53,157.53,9,0,52,52,275,156.7
"SKU-0199","OuterBound Softshell Jacket","Apparel","OuterBound",157.53,157.53,10,0,52,52,184,152.95
"SKU-0199","OuterBound Softshell Jacket","Apparel","OuterBound",157.53,157.53,11,0,52,52,97,154.56
"SKU-0199","OuterBound Softshell Jacket","Apparel","OuterBound",157.53,157.53,12,0,52,52,78,157.72
"SKU-0200","AlpineCore First Aid Kit II","Accessories","AlpineCore",62.19,62.19,1,8,71,8,66,63.81
"SKU-0200","AlpineCore First Aid Kit II","Accessories","AlpineCore",62.19,62.19,2,6,71,14,98,64.41
"SKU-0200","AlpineCore First Aid Kit II","Accessories","AlpineCore",62.19,62.19,3,4,71,18,73,66.22
"SKU-0200","AlpineCore First Aid Kit II","Accessories","AlpineCore",62.19,62.19,4,8,71,26,142,65.46
"SKU-0200","AlpineCore First Aid Kit II","Accessories","AlpineCore",62.19,62.19,5,2,71,28,84,64.75
"SKU-0200","AlpineCore First Aid Kit II","Accessories","AlpineCore",62.19,62.19,6,6,71,34,114,65.03
"SKU-0200","AlpineCore First Aid Kit II","Accessories","AlpineCore",62.19,62.19,7,3,71,37,53,65.01
"SKU-0200","AlpineCore First Aid Kit II","Accessories","AlpineCore",62.19,62.19,8,5,71,42,56,63.31
"SKU-0200","AlpineCore First Aid Kit II","Accessories","AlpineCore",62.19,62.19,9,3,71,45,51,66.13
"SKU-0200","AlpineCore First Aid Kit II","Accessories","AlpineCore",62.19,62.19,10,2,71,47,81,67.02
"SKU-0200","AlpineCore First Aid Kit II","Accessories","AlpineCore",62.19,62.19,11,5,71,52,98,66.71
"SKU-0200","AlpineCore First Aid Kit II","Accessories","AlpineCore",62.19,62.19,12,1,71,53,90,65.62
"SKU-0201","SummitPro Water Filter II","Hiking","SummitPro",66.08,66.08,1,1,42,1,101,61.07
"SKU-0201","SummitPro Water Filter II","Hiking","SummitPro",66.08,66.08,2,3,42,4,96,57.73
"SKU-0201","SummitPro Water Filter II","Hiking","SummitPro",66.08,66.08,3,4,42,8,116,63.95
"SKU-0201","SummitPro Water Filter II","Hiking","SummitPro",66.08,66.08,4,4,42,12,100,64.46
"SKU-0201","SummitPro Water Filter II","Hiking","SummitPro",66.08,43.89,5,8,42,20,100,63.54
"SKU-0201","SummitPro Water Filter II","Hiking","SummitPro",66.08,43.89,6,7,42,27,180,63.89
"SKU-0201","SummitPro Water Filter II","Hiking","SummitPro",66.08,43.89,7,7,42,34,63,61.54
"SKU-0201","SummitPro Water Filter II","Hiking","SummitPro",66.08,43.89,8,7,42,41,119,62.59
"SKU-0201","SummitPro Water Filter II","Hiking","SummitPro",66.08,43.89,9,1,42,42,89,62.09
"SKU-0201","SummitPro Water Filter II","Hiking","SummitPro",66.08,43.89,10,0,42,42,81,63.37
"SKU-0201","SummitPro Water Filter II","Hiking","SummitPro",66.08,43.89,11,0,42,42,89,63.43
"SKU-0201","SummitPro Water Filter II","Hiking","SummitPro",66.08,43.89,12,0,42,42,53,66.27
"SKU-0202","TerraFirm Camp Towel","Accessories","TerraFirm",67.23,67.23,1,1,56,1,52,75.95
"SKU-0202","TerraFirm Camp Towel","Accessories","TerraFirm",67.23,67.23,2,0,56,1,51,79.35
"SKU-0202","TerraFirm Camp Towel","Accessories","TerraFirm",67.23,67.23,3,5,56,6,49,71.98
"SKU-0202","TerraFirm Camp Towel","Accessories","TerraFirm",67.23,67.23,4,4,56,10,69,75.3
"SKU-0202","TerraFirm Camp Towel","Accessories","TerraFirm",67.23,67.23,5,2,56,12,64,74.71
"SKU-0202","TerraFirm Camp Towel","Accessories","TerraFirm",67.23,67.23,6,2,56,14,55,80
"SKU-0202","TerraFirm Camp Towel","Accessories","TerraFirm",67.23,67.23,7,4,56,18,84,74.63
"SKU-0202","TerraFirm Camp Towel","Accessories","TerraFirm",67.23,67.23,8,4,56,22,64,78.61
"SKU-0202","TerraFirm Camp Towel","Accessories","TerraFirm",67.23,67.23,9,3,56,25,29,75.33
"SKU-0202","TerraFirm Camp Towel","Accessories","TerraFirm",67.23,67.23,10,4,56,29,70,79.01
"SKU-0202","TerraFirm Camp Towel","Accessories","TerraFirm",67.23,67.23,11,2,56,31,31,73.79
"SKU-0202","TerraFirm Camp Towel","Accessories","TerraFirm",67.23,67.23,12,3,56,34,50,78.11
"SKU-0203","WildEdge Paracord","Accessories","WildEdge",158.17,158.17,1,3,40,3,71,169.99
"SKU-0203","WildEdge Paracord","Accessories","WildEdge",158.17,158.17,2,1,40,4,46,159.88
"SKU-0203","WildEdge Paracord","Accessories","WildEdge",158.17,158.17,3,5,40,9,59,159.07
"SKU-0203","WildEdge Paracord","Accessories","WildEdge",158.17,158.17,4,2,40,11,115,157.12
"SKU-0203","WildEdge Paracord","Accessories","WildEdge",158.17,158.17,5,1,40,12,72,161.93
"SKU-0203","WildEdge Paracord","Accessories","WildEdge",158.17,158.17,6,0,40,12,49,163.29
"SKU-0203","WildEdge Paracord","Accessories","WildEdge",158.17,130.35,7,1,40,13,15,161.83
"SKU-0203","WildEdge Paracord","Accessories","WildEdge",158.17,130.35,8,2,40,15,66,166.87
"SKU-0203","WildEdge Paracord","Accessories","WildEdge",158.17,130.35,9,0,40,15,67,158.8
"SKU-0203","WildEdge Paracord","Accessories","WildEdge",158.17,130.35,10,2,40,17,51,172.19
"SKU-0203","WildEdge Paracord","Accessories","WildEdge",158.17,130.35,11,1,40,18,10,158.62
"SKU-0203","WildEdge Paracord","Accessories","WildEdge",158.17,130.35,12,1,40,19,43,164.52
"SKU-0204","AlpineCore Trekking Poles","Hiking","AlpineCore",281.11,281.11,1,13,119,13,225,249.42
"SKU-0204","AlpineCore Trekking Poles","Hiking","AlpineCore",281.11,281.11,2,16,119,29,230,267.83
"SKU-0204","AlpineCore Trekking Poles","Hiking","AlpineCore",281.11,281.11,3,14,119,43,184,262.4
"SKU-0204","AlpineCore Trekking Poles","Hiking","AlpineCore",281.11,281.11,4,18,119,61,321,258.38
"SKU-0204","AlpineCore Trekking Poles","Hiking","AlpineCore",281.11,281.11,5,15,119,76,291,266.25
"SKU-0204","AlpineCore Trekking Poles","Hiking","AlpineCore",281.11,281.11,6,11,119,87,196,240.96
"SKU-0204","AlpineCore Trekking Poles","Hiking","AlpineCore",281.11,281.11,7,15,119,102,202,253.9
"SKU-0204","AlpineCore Trekking Poles","Hiking","AlpineCore",281.11,281.11,8,16,119,118,340,256.57
"SKU-0204","AlpineCore Trekking Poles","Hiking","AlpineCore",281.11,281.11,9,1,119,119,151,241.82
"SKU-0204","AlpineCore Trekking Poles","Hiking","AlpineCore",281.11,281.11,10,0,119,119,222,267.48
"SKU-0204","AlpineCore Trekking Poles","Hiking","AlpineCore",281.11,281.11,11,0,119,119,139,264.87
"SKU-0204","AlpineCore Trekking Poles","Hiking","AlpineCore",281.11,281.11,12,0,119,119,231,269.5
"SKU-0205","AlpineCore Gaiters II","Hiking","AlpineCore",65.49,65.49,1,1,46,1,18,70.44
"SKU-0205","AlpineCore Gaiters II","Hiking","AlpineCore",65.49,65.49,2,2,46,3,67,74.9
"SKU-0205","AlpineCore Gaiters II","Hiking","AlpineCore",65.49,65.49,3,4,46,7,68,76.54
"SKU-0205","AlpineCore Gaiters II","Hiking","AlpineCore",65.49,65.49,4,6,46,13,50,70.57
"SKU-0205","AlpineCore Gaiters II","Hiking","AlpineCore",65.49,65.49,5,3,46,16,19,67.76
"SKU-0205","AlpineCore Gaiters II","Hiking","AlpineCore",65.49,65.49,6,2,46,18,29,73.1
"SKU-0205","AlpineCore Gaiters II","Hiking","AlpineCore",65.49,65.49,7,0,46,18,36,76.66
"SKU-0205","AlpineCore Gaiters II","Hiking","AlpineCore",65.49,65.49,8,2,46,20,52,73.13
"SKU-0205","AlpineCore Gaiters II","Hiking","AlpineCore",65.49,65.49,9,1,46,21,34,73.78
"SKU-0205","AlpineCore Gaiters II","Hiking","AlpineCore",65.49,65.49,10,0,46,21,18,71.57
"SKU-0205","AlpineCore Gaiters II","Hiking","AlpineCore",65.49,65.49,11,0,46,21,40,73.39
"SKU-0205","AlpineCore Gaiters II","Hiking","AlpineCore",65.49,65.49,12,3,46,24,53,72.63
"SKU-0206","TerraFirm Compass II","Hiking","TerraFirm",226.51,226.51,1,29,74,29,498,234.64
"SKU-0206","TerraFirm Compass II","Hiking","TerraFirm",226.51,226.51,2,32,74,61,472,224.84
"SKU-0206","TerraFirm Compass II","Hiking","TerraFirm",226.51,226.51,3,13,74,74,561,226.37
"SKU-0206","TerraFirm Compass II","Hiking","TerraFirm",226.51,226.51,4,0,74,74,360,228.85
"SKU-0206","TerraFirm Compass II","Hiking","TerraFirm",226.51,194.12,5,0,74,74,322,223.98
"SKU-0206","TerraFirm Compass II","Hiking","TerraFirm",226.51,194.12,6,0,74,74,361,224.07
"SKU-0206","TerraFirm Compass II","Hiking","TerraFirm",226.51,194.12,7,0,74,74,511,226.34
"SKU-0206","TerraFirm Compass II","Hiking","TerraFirm",226.51,194.12,8,0,74,74,381,232.52
"SKU-0206","TerraFirm Compass II","Hiking","TerraFirm",226.51,194.12,9,0,74,74,430,221.19
"SKU-0206","TerraFirm Compass II","Hiking","TerraFirm",226.51,194.12,10,0,74,74,460,227.5
"SKU-0206","TerraFirm Compass II","Hiking","TerraFirm",226.51,194.12,11,0,74,74,242,221.25
"SKU-0206","TerraFirm Compass II","Hiking","TerraFirm",226.51,194.12,12,0,74,74,231,216.53
"SKU-0207","BaseCamp Water Bottle","Accessories","BaseCamp",79.83,79.83,1,1,97,1,80,85.75
"SKU-0207","BaseCamp Water Bottle","Accessories","BaseCamp",79.83,79.83,2,6,97,7,93,91.94
"SKU-0207","BaseCamp Water Bottle","Accessories","BaseCamp",79.83,79.83,3,5,97,12,96,91.55
"SKU-0207","BaseCamp Water Bottle","Accessories","BaseCamp",79.83,79.83,4,5,97,17,103,87.3
"SKU-0207","BaseCamp Water Bottle","Accessories","BaseCamp",79.83,79.83,5,4,97,21,60,89.19
"SKU-0207","BaseCamp Water Bottle","Accessories","BaseCamp",79.83,79.83,6,6,97,27,111,85.35
"SKU-0207","BaseCamp Water Bottle","Accessories","BaseCamp",79.83,79.83,7,4,97,31,52,86.45
"SKU-0207","BaseCamp Water Bottle","Accessories","BaseCamp",79.83,79.83,8,4,97,35,128,94.35
"SKU-0207","BaseCamp Water Bottle","Accessories","BaseCamp",79.83,79.83,9,4,97,39,80,89.59
"SKU-0207","BaseCamp Water Bottle","Accessories","BaseCamp",79.83,79.83,10,2,97,41,112,84.05
"SKU-0207","BaseCamp Water Bottle","Accessories","BaseCamp",79.83,79.83,11,1,97,42,26,98.29
"SKU-0207","BaseCamp Water Bottle","Accessories","BaseCamp",79.83,79.83,12,3,97,45,52,85.34
"SKU-0208","AlpineCore Camp Towel","Accessories","AlpineCore",129.39,129.39,1,3,112,3,111,113.07
"SKU-0208","AlpineCore Camp Towel","Accessories","AlpineCore",129.39,129.39,2,7,112,10,67,119.1
"SKU-0208","AlpineCore Camp Towel","Accessories","AlpineCore",129.39,129.39,3,9,112,19,203,115.45
"SKU-0208","AlpineCore Camp Towel","Accessories","AlpineCore",129.39,129.39,4,8,112,27,193,119.19
"SKU-0208","AlpineCore Camp Towel","Accessories","AlpineCore",129.39,129.39,5,10,112,37,193,112.42
"SKU-0208","AlpineCore Camp Towel","Accessories","AlpineCore",129.39,129.39,6,10,112,47,159,107.53
"SKU-0208","AlpineCore Camp Towel","Accessories","AlpineCore",129.39,110.48,7,6,112,53,167,113.14
"SKU-0208","AlpineCore Camp Towel","Accessories","AlpineCore",129.39,110.48,8,8,112,61,182,113.38
"SKU-0208","AlpineCore Camp Towel","Accessories","AlpineCore",129.39,110.48,9,8,112,69,192,114.51
"SKU-0208","AlpineCore Camp Towel","Accessories","AlpineCore",129.39,110.48,10,7,112,76,138,107.63
"SKU-0208","AlpineCore Camp Towel","Accessories","AlpineCore",129.39,110.48,11,7,112,83,85,110.52
"SKU-0208","AlpineCore Camp Towel","Accessories","AlpineCore",129.39,110.48,12,5,112,88,96,112.78
"SKU-0209","PeakGear Sleeping Bag II","Camping","PeakGear",284.06,284.06,1,6,81,6,126,242.71
"SKU-0209","PeakGear Sleeping Bag II","Camping","PeakGear",284.06,284.06,2,5,81,11,102,233.31
"SKU-0209","PeakGear Sleeping Bag II","Camping","PeakGear",284.06,284.06,3,9,81,20,175,239.11
"SKU-0209","PeakGear Sleeping Bag II","Camping","PeakGear",284.06,209.29,4,14,81,34,235,233
"SKU-0209","PeakGear Sleeping Bag II","Camping","PeakGear",284.06,209.29,5,13,81,47,173,242.44
"SKU-0209","PeakGear Sleeping Bag II","Camping","PeakGear",284.06,209.29,6,9,81,56,148,231.96
"SKU-0209","PeakGear Sleeping Bag II","Camping","PeakGear",284.06,209.29,7,14,81,70,173,240.9
"SKU-0209","PeakGear Sleeping Bag II","Camping","PeakGear",284.06,209.29,8,10,81,80,152,248.64
"SKU-0209","PeakGear Sleeping Bag II","Camping","PeakGear",284.06,209.29,9,1,81,81,191,240.87
"SKU-0209","PeakGear Sleeping Bag II","Camping","PeakGear",284.06,209.29,10,0,81,81,101,255.09
"SKU-0209","PeakGear Sleeping Bag II","Camping","PeakGear",284.06,209.29,11,0,81,81,128,243.25
"SKU-0209","PeakGear Sleeping Bag II","Camping","PeakGear",284.06,209.29,12,0,81,81,133,235.25
"SKU-0210","BaseCamp Camp Towel","Accessories","BaseCamp",50.4,50.4,1,4,42,4,55,48.6
"SKU-0210","BaseCamp Camp Towel","Accessories","BaseCamp",50.4,50.4,2,4,42,8,107,47.13
"SKU-0210","BaseCamp Camp Towel","Accessories","BaseCamp",50.4,50.4,3,2,42,10,74,47.6
"SKU-0210","BaseCamp Camp Towel","Accessories","BaseCamp",50.4,50.4,4,6,42,16,119,50.53
"SKU-0210","BaseCamp Camp Towel","Accessories","BaseCamp",50.4,40.58,5,3,42,19,64,49
"SKU-0210","BaseCamp Camp Towel","Accessories","BaseCamp",50.4,40.58,6,2,42,21,99,45.3
"SKU-0210","BaseCamp Camp Towel","Accessories","BaseCamp",50.4,40.58,7,6,42,27,109,49.35
"SKU-0210","BaseCamp Camp Towel","Accessories","BaseCamp",50.4,40.58,8,4,42,31,110,44.2
"SKU-0210","BaseCamp Camp Towel","Accessories","BaseCamp",50.4,40.58,9,4,42,35,106,47.87
"SKU-0210","BaseCamp Camp Towel","Accessories","BaseCamp",50.4,40.58,10,3,42,38,55,47.83
"SKU-0210","BaseCamp Camp Towel","Accessories","BaseCamp",50.4,40.58,11,3,42,41,62,48.11
"SKU-0210","BaseCamp Camp Towel","Accessories","BaseCamp",50.4,40.58,12,0,42,41,47,49.78
"SKU-0211","BaseCamp Carabiner Set","Accessories","BaseCamp",43.98,43.98,1,4,65,4,65,36.53
"SKU-0211","BaseCamp Carabiner Set","Accessories","BaseCamp",43.98,43.98,2,4,65,8,100,36.74
"SKU-0211","BaseCamp Carabiner Set","Accessories","BaseCamp",43.98,43.98,3,6,65,14,122,37.46
"SKU-0211","BaseCamp Carabiner Set","Accessories","BaseCamp",43.98,43.98,4,4,65,18,74,40.15
"SKU-0211","BaseCamp Carabiner Set","Accessories","BaseCamp",43.98,43.98,5,5,65,23,77,39.6
"SKU-0211","BaseCamp Carabiner Set","Accessories","BaseCamp",43.98,43.98,6,5,65,28,80,36.74
"SKU-0211","BaseCamp Carabiner Set","Accessories","BaseCamp",43.98,43.98,7,5,65,33,106,37.46
"SKU-0211","BaseCamp Carabiner Set","Accessories","BaseCamp",43.98,43.98,8,2,65,35,56,38.74
"SKU-0211","BaseCamp Carabiner Set","Accessories","BaseCamp",43.98,43.98,9,3,65,38,44,37
"SKU-0211","BaseCamp Carabiner Set","Accessories","BaseCamp",43.98,43.98,10,1,65,39,42,37.72
"SKU-0211","BaseCamp Carabiner Set","Accessories","BaseCamp",43.98,43.98,11,3,65,42,75,36.96
"SKU-0211","BaseCamp Carabiner Set","Accessories","BaseCamp",43.98,43.98,12,3,65,45,91,37.08
"SKU-0212","TerraFirm Rain Jacket","Apparel","TerraFirm",176.34,176.34,1,8,110,8,184,148.94
"SKU-0212","TerraFirm Rain Jacket","Apparel","TerraFirm",176.34,176.34,2,11,110,19,260,155.19
"SKU-0212","TerraFirm Rain Jacket","Apparel","TerraFirm",176.34,176.34,3,17,110,36,311,148.41
"SKU-0212","TerraFirm Rain Jacket","Apparel","TerraFirm",176.34,176.34,4,18,110,54,283,151.77
"SKU-0212","TerraFirm Rain Jacket","Apparel","TerraFirm",176.34,176.34,5,16,110,70,264,157.7
"SKU-0212","TerraFirm Rain Jacket","Apparel","TerraFirm",176.34,176.34,6,12,110,82,178,156.66
"SKU-0212","TerraFirm Rain Jacket","Apparel","TerraFirm",176.34,176.34,7,17,110,99,351,155.8
"SKU-0212","TerraFirm Rain Jacket","Apparel","TerraFirm",176.34,176.34,8,11,110,110,263,151.69
"SKU-0212","TerraFirm Rain Jacket","Apparel","TerraFirm",176.34,176.34,9,0,110,110,224,144.29
"SKU-0212","TerraFirm Rain Jacket","Apparel","TerraFirm",176.34,176.34,10,0,110,110,136,153.49
"SKU-0212","TerraFirm Rain Jacket","Apparel","TerraFirm",176.34,176.34,11,0,110,110,244,152.1
"SKU-0212","TerraFirm Rain Jacket","Apparel","TerraFirm",176.34,176.34,12,0,110,110,144,155
"SKU-0213","SummitPro Base Layer","Apparel","SummitPro",208.31,208.31,1,3,61,3,69,194.54
"SKU-0213","SummitPro Base Layer","Apparel","SummitPro",208.31,208.31,2,4,61,7,73,185.99
"SKU-0213","SummitPro Base Layer","Apparel","SummitPro",208.31,208.31,3,5,61,12,137,189.59
"SKU-0213","SummitPro Base Layer","Apparel","SummitPro",208.31,208.31,4,7,61,19,135,193.13
"SKU-0213","SummitPro Base Layer","Apparel","SummitPro",208.31,208.31,5,8,61,27,141,182.66
"SKU-0213","SummitPro Base Layer","Apparel","SummitPro",208.31,208.31,6,5,61,32,84,193.81
"SKU-0213","SummitPro Base Layer","Apparel","SummitPro",208.31,179.95,7,7,61,39,110,188.82
"SKU-0213","SummitPro Base Layer","Apparel","SummitPro",208.31,179.95,8,8,61,47,110,191.99
"SKU-0213","SummitPro Base Layer","Apparel","SummitPro",208.31,179.95,9,10,61,57,134,202.75
"SKU-0213","SummitPro Base Layer","Apparel","SummitPro",208.31,179.95,10,4,61,61,104,210.3
"SKU-0213","SummitPro Base Layer","Apparel","SummitPro",208.31,179.95,11,0,61,61,97,196.5
"SKU-0213","SummitPro Base Layer","Apparel","SummitPro",208.31,179.95,12,0,61,61,79,191.42
"SKU-0214","AlpineCore Gaiters III","Hiking","AlpineCore",205.71,205.71,1,8,68,8,177,174.24
"SKU-0214","AlpineCore Gaiters III","Hiking","AlpineCore",205.71,205.71,2,7,68,15,97,181.34
"SKU-0214","AlpineCore Gaiters III","Hiking","AlpineCore",205.71,205.71,3,11,68,26,229,178.35
"SKU-0214","AlpineCore Gaiters III","Hiking","AlpineCore",205.71,205.71,4,11,68,37,156,177.53
"SKU-0214","AlpineCore Gaiters III","Hiking","AlpineCore",205.71,174.71,5,11,68,48,119,187.75
"SKU-0214","AlpineCore Gaiters III","Hiking","AlpineCore",205.71,174.71,6,11,68,59,254,179.35
"SKU-0214","AlpineCore Gaiters III","Hiking","AlpineCore",205.71,174.71,7,9,68,68,184,179.99
"SKU-0214","AlpineCore Gaiters III","Hiking","AlpineCore",205.71,174.71,8,0,68,68,162,178.73
"SKU-0214","AlpineCore Gaiters III","Hiking","AlpineCore",205.71,174.71,9,0,68,68,184,192.21
"SKU-0214","AlpineCore Gaiters III","Hiking","AlpineCore",205.71,174.71,10,0,68,68,142,185.09
"SKU-0214","AlpineCore Gaiters III","Hiking","AlpineCore",205.71,174.71,11,0,68,68,144,178.79
"SKU-0214","AlpineCore Gaiters III","Hiking","AlpineCore",205.71,174.71,12,0,68,68,114,186.48
"SKU-0215","WildEdge Multi-Tool","Accessories","WildEdge",259.46,259.46,1,3,94,3,88,274.91
"SKU-0215","WildEdge Multi-Tool","Accessories","WildEdge",259.46,259.46,2,3,94,6,83,275.59
"SKU-0215","WildEdge Multi-Tool","Accessories","WildEdge",259.46,201.45,3,4,94,10,125,270.42
"SKU-0215","WildEdge Multi-Tool","Accessories","WildEdge",259.46,201.45,4,8,94,18,84,282.8
"SKU-0215","WildEdge Multi-Tool","Accessories","WildEdge",259.46,201.45,5,3,94,21,107,282.53
"SKU-0215","WildEdge Multi-Tool","Accessories","WildEdge",259.46,201.45,6,6,94,27,108,280.58
"SKU-0215","WildEdge Multi-Tool","Accessories","WildEdge",259.46,201.45,7,4,94,31,110,286.33
"SKU-0215","WildEdge Multi-Tool","Accessories","WildEdge",259.46,201.45,8,6,94,37,68,273.64
"SKU-0215","WildEdge Multi-Tool","Accessories","WildEdge",259.46,201.45,9,6,94,43,73,279.41
"SKU-0215","WildEdge Multi-Tool","Accessories","WildEdge",259.46,201.45,10,2,94,45,65,290.45
"SKU-0215","WildEdge Multi-Tool","Accessories","WildEdge",259.46,201.45,11,5,94,50,41,277.97
"SKU-0215","WildEdge Multi-Tool","Accessories","WildEdge",259.46,201.45,12,4,94,54,51,291.7
"SKU-0216","SummitPro Hiking Shorts","Apparel","SummitPro",207.17,207.17,1,8,103,8,128,222.03
"SKU-0216","SummitPro Hiking Shorts","Apparel","SummitPro",207.17,207.17,2,8,103,16,195,201.92
"SKU-0216","SummitPro Hiking Shorts","Apparel","SummitPro",207.17,207.17,3,7,103,23,189,216.49
"SKU-0216","SummitPro Hiking Shorts","Apparel","SummitPro",207.17,207.17,4,10,103,33,168,222.45
"SKU-0216","SummitPro Hiking Shorts","Apparel","SummitPro",207.17,126.07,5,20,103,53,127,223.51
"SKU-0216","SummitPro Hiking Shorts","Apparel","SummitPro",207.17,126.07,6,23,103,76,124,210.44
"SKU-0216","SummitPro Hiking Shorts","Apparel","SummitPro",207.17,126.07,7,25,103,101,164,202.56
"SKU-0216","SummitPro Hiking Shorts","Apparel","SummitPro",207.17,126.07,8,2,103,103,145,203.99
"SKU-0216","SummitPro Hiking Shorts","Apparel","SummitPro",207.17,126.07,9,0,103,103,202,215.96
"SKU-0216","SummitPro Hiking Shorts","Apparel","SummitPro",207.17,126.07,10,0,103,103,131,216.31
"SKU-0216","SummitPro Hiking Shorts","Apparel","SummitPro",207.17,126.07,11,0,103,103,173,209.08
"SKU-0216","SummitPro Hiking Shorts","Apparel","SummitPro",207.17,126.07,12,0,103,103,110,210.82
"SKU-0217","BaseCamp Fleece Vest","Apparel","BaseCamp",60.72,60.72,1,5,83,5,88,67.89
"SKU-0217","BaseCamp Fleece Vest","Apparel","BaseCamp",60.72,60.72,2,8,83,13,171,68.81
"SKU-0217","BaseCamp Fleece Vest","Apparel","BaseCamp",60.72,60.72,3,8,83,21,124,66.14
"SKU-0217","BaseCamp Fleece Vest","Apparel","BaseCamp",60.72,60.72,4,8,83,29,103,64.01
"SKU-0217","BaseCamp Fleece Vest","Apparel","BaseCamp",60.72,60.72,5,5,83,34,110,70.06
"SKU-0217","BaseCamp Fleece Vest","Apparel","BaseCamp",60.72,60.72,6,6,83,40,190,65.47
"SKU-0217","BaseCamp Fleece Vest","Apparel","BaseCamp",60.72,60.72,7,8,83,48,175,67.83
"SKU-0217","BaseCamp Fleece Vest","Apparel","BaseCamp",60.72,60.72,8,6,83,54,166,68.9
"SKU-0217","BaseCamp Fleece Vest","Apparel","BaseCamp",60.72,60.72,9,7,83,61,148,68.49
"SKU-0217","BaseCamp Fleece Vest","Apparel","BaseCamp",60.72,60.72,10,4,83,65,104,67.03
"SKU-0217","BaseCamp Fleece Vest","Apparel","BaseCamp",60.72,60.72,11,3,83,68,114,71.7
"SKU-0217","BaseCamp Fleece Vest","Apparel","BaseCamp",60.72,60.72,12,3,83,71,64,67.62
"SKU-0218","TrailBlaze Fire Pit","Camping","TrailBlaze",269.96,269.96,1,2,64,2,109,276.41
"SKU-0218","TrailBlaze Fire Pit","Camping","TrailBlaze",269.96,269.96,2,5,64,7,97,288.46
"SKU-0218","TrailBlaze Fire Pit","Camping","TrailBlaze",269.96,188.29,3,8,64,15,136,286.71
"SKU-0218","TrailBlaze Fire Pit","Camping","TrailBlaze",269.96,188.29,4,8,64,23,113,306.13
"SKU-0218","TrailBlaze Fire Pit","Camping","TrailBlaze",269.96,188.29,5,7,64,30,71,286.52
"SKU-0218","TrailBlaze Fire Pit","Camping","TrailBlaze",269.96,188.29,6,4,64,34,115,280.52
"SKU-0218","TrailBlaze Fire Pit","Camping","TrailBlaze",269.96,188.29,7,7,64,41,110,303.04
"SKU-0218","TrailBlaze Fire Pit","Camping","TrailBlaze",269.96,188.29,8,6,64,47,105,310.94
"SKU-0218","TrailBlaze Fire Pit","Camping","TrailBlaze",269.96,188.29,9,7,64,54,82,282.38
"SKU-0218","TrailBlaze Fire Pit","Camping","TrailBlaze",269.96,188.29,10,3,64,57,100,307.39
"SKU-0218","TrailBlaze Fire Pit","Camping","TrailBlaze",269.96,188.29,11,5,64,62,84,286.99
"SKU-0218","TrailBlaze Fire Pit","Camping","TrailBlaze",269.96,188.29,12,2,64,64,23,284.78
"SKU-0219","BaseCamp Thermal Hoodie","Apparel","BaseCamp",220.99,220.99,1,14,54,14,229,193.43
"SKU-0219","BaseCamp Thermal Hoodie","Apparel","BaseCamp",220.99,220.99,2,16,54,30,303,197.6
"SKU-0219","BaseCamp Thermal Hoodie","Apparel","BaseCamp",220.99,220.99,3,22,54,52,385,193.45
"SKU-0219","BaseCamp Thermal Hoodie","Apparel","BaseCamp",220.99,220.99,4,2,54,54,373,179.42
"SKU-0219","BaseCamp Thermal Hoodie","Apparel","BaseCamp",220.99,152.73,5,0,54,54,281,190.42
"SKU-0219","BaseCamp Thermal Hoodie","Apparel","BaseCamp",220.99,152.73,6,0,54,54,252,186.45
"SKU-0219","BaseCamp Thermal Hoodie","Apparel","BaseCamp",220.99,152.73,7,0,54,54,205,183.4
"SKU-0219","BaseCamp Thermal Hoodie","Apparel","BaseCamp",220.99,152.73,8,0,54,54,308,191.37
"SKU-0219","BaseCamp Thermal Hoodie","Apparel","BaseCamp",220.99,152.73,9,0,54,54,215,189.44
"SKU-0219","BaseCamp Thermal Hoodie","Apparel","BaseCamp",220.99,152.73,10,0,54,54,237,184.36
"SKU-0219","BaseCamp Thermal Hoodie","Apparel","BaseCamp",220.99,152.73,11,0,54,54,161,177.69
"SKU-0219","BaseCamp Thermal Hoodie","Apparel","BaseCamp",220.99,152.73,12,0,54,54,206,195.86
"SKU-0220","AlpineCore Backpack II","Hiking","AlpineCore",209.82,209.82,1,8,41,8,161,231.93
"SKU-0220","AlpineCore Backpack II","Hiking","AlpineCore",209.82,209.82,2,5,41,13,145,221.12
"SKU-0220","AlpineCore Backpack II","Hiking","AlpineCore",209.82,209.82,3,8,41,21,63,224.05
"SKU-0220","AlpineCore Backpack II","Hiking","AlpineCore",209.82,209.82,4,7,41,28,204,209.24
"SKU-0220","AlpineCore Backpack II","Hiking","AlpineCore",209.82,209.82,5,6,41,34,117,217.34
"SKU-0220","AlpineCore Backpack II","Hiking","AlpineCore",209.82,209.82,6,7,41,41,194,223.41
"SKU-0220","AlpineCore Backpack II","Hiking","AlpineCore",209.82,209.82,7,0,41,41,191,223.15
"SKU-0220","AlpineCore Backpack II","Hiking","AlpineCore",209.82,209.82,8,0,41,41,56,213.66
"SKU-0220","AlpineCore Backpack II","Hiking","AlpineCore",209.82,209.82,9,0,41,41,165,223.96
"SKU-0220","AlpineCore Backpack II","Hiking","AlpineCore",209.82,209.82,10,0,41,41,136,225.62
"SKU-0220","AlpineCore Backpack II","Hiking","AlpineCore",209.82,209.82,11,0,41,41,67,221.22
"SKU-0220","AlpineCore Backpack II","Hiking","AlpineCore",209.82,209.82,12,0,41,41,83,217.2
"SKU-0221","PeakGear Sleeping Bag III","Camping","PeakGear",168.84,168.84,1,7,42,7,162,188.09
"SKU-0221","PeakGear Sleeping Bag III","Camping","PeakGear",168.84,168.84,2,6,42,13,79,183.84
"SKU-0221","PeakGear Sleeping Bag III","Camping","PeakGear",168.84,113.06,3,10,42,23,116,191.83
"SKU-0221","PeakGear Sleeping Bag III","Camping","PeakGear",168.84,113.06,4,12,42,35,131,177.39
"SKU-0221","PeakGear Sleeping Bag III","Camping","PeakGear",168.84,113.06,5,7,42,42,115,180.89
"SKU-0221","PeakGear Sleeping Bag III","Camping","PeakGear",168.84,113.06,6,0,42,42,141,182.95
"SKU-0221","PeakGear Sleeping Bag III","Camping","PeakGear",168.84,113.06,7,0,42,42,157,182.2
"SKU-0221","PeakGear Sleeping Bag III","Camping","PeakGear",168.84,113.06,8,0,42,42,194,180.43
"SKU-0221","PeakGear Sleeping Bag III","Camping","PeakGear",168.84,113.06,9,0,42,42,152,177.34
"SKU-0221","PeakGear Sleeping Bag III","Camping","PeakGear",168.84,113.06,10,0,42,42,84,184.72
"SKU-0221","PeakGear Sleeping Bag III","Camping","PeakGear",168.84,113.06,11,0,42,42,153,182.87
"SKU-0221","PeakGear Sleeping Bag III","Camping","PeakGear",168.84,113.06,12,0,42,42,120,192.86
"SKU-0222","TerraFirm Multi-Tool","Accessories","TerraFirm",201.94,201.94,1,3,40,3,43,171.71
"SKU-0222","TerraFirm Multi-Tool","Accessories","TerraFirm",201.94,201.94,2,3,40,6,59,175.08
"SKU-0222","TerraFirm Multi-Tool","Accessories","TerraFirm",201.94,201.94,3,4,40,10,54,172.19
"SKU-0222","TerraFirm Multi-Tool","Accessories","TerraFirm",201.94,201.94,4,3,40,13,15,174.59
"SKU-0222","TerraFirm Multi-Tool","Accessories","TerraFirm",201.94,201.94,5,2,40,15,22,172
"SKU-0222","TerraFirm Multi-Tool","Accessories","TerraFirm",201.94,201.94,6,2,40,17,22,176.64
"SKU-0222","TerraFirm Multi-Tool","Accessories","TerraFirm",201.94,201.94,7,3,40,20,66,172.3
"SKU-0222","TerraFirm Multi-Tool","Accessories","TerraFirm",201.94,201.94,8,1,40,21,45,162.79
"SKU-0222","TerraFirm Multi-Tool","Accessories","TerraFirm",201.94,201.94,9,0,40,21,37,172.25
"SKU-0222","TerraFirm Multi-Tool","Accessories","TerraFirm",201.94,201.94,10,1,40,22,38,170.4
"SKU-0222","TerraFirm Multi-Tool","Accessories","TerraFirm",201.94,201.94,11,0,40,22,25,171.21
"SKU-0222","TerraFirm Multi-Tool","Accessories","TerraFirm",201.94,201.94,12,0,40,22,35,171.43
"SKU-0223","SummitPro Hiking Shorts II","Apparel","SummitPro",295.15,295.15,1,6,54,6,92,255.87
"SKU-0223","SummitPro Hiking Shorts II","Apparel","SummitPro",295.15,295.15,2,9,54,15,176,257.34
"SKU-0223","SummitPro Hiking Shorts II","Apparel","SummitPro",295.15,295.15,3,9,54,24,134,254.45
"SKU-0223","SummitPro Hiking Shorts II","Apparel","SummitPro",295.15,295.15,4,10,54,34,165,246.32
"SKU-0223","SummitPro Hiking Shorts II","Apparel","SummitPro",295.15,295.15,5,7,54,41,187,264.14
"SKU-0223","SummitPro Hiking Shorts II","Apparel","SummitPro",295.15,256.67,6,13,54,54,224,258.71
"SKU-0223","SummitPro Hiking Shorts II","Apparel","SummitPro",295.15,256.67,7,0,54,54,155,249.05
"SKU-0223","SummitPro Hiking Shorts II","Apparel","SummitPro",295.15,256.67,8,0,54,54,189,254.43
"SKU-0223","SummitPro Hiking Shorts II","Apparel","SummitPro",295.15,256.67,9,0,54,54,179,249.68
"SKU-0223","SummitPro Hiking Shorts II","Apparel","SummitPro",295.15,256.67,10,0,54,54,160,266.65
"SKU-0223","SummitPro Hiking Shorts II","Apparel","SummitPro",295.15,256.67,11,0,54,54,132,256.59
"SKU-0223","SummitPro Hiking Shorts II","Apparel","SummitPro",295.15,256.67,12,0,54,54,64,253.88
"SKU-0224","PeakGear Quick-Dry Tee","Apparel","PeakGear",265.03,265.03,1,5,40,5,94,242.4
"SKU-0224","PeakGear Quick-Dry Tee","Apparel","PeakGear",265.03,265.03,2,3,40,8,61,242.08
"SKU-0224","PeakGear Quick-Dry Tee","Apparel","PeakGear",265.03,265.03,3,3,40,11,79,255.1
"SKU-0224","PeakGear Quick-Dry Tee","Apparel","PeakGear",265.03,265.03,4,3,40,14,135,258.21
"SKU-0224","PeakGear Quick-Dry Tee","Apparel","PeakGear",265.03,265.03,5,4,40,18,62,255.65
"SKU-0224","PeakGear Quick-Dry Tee","Apparel","PeakGear",265.03,265.03,6,4,40,22,131,238.77
"SKU-0224","PeakGear Quick-Dry Tee","Apparel","PeakGear",265.03,227.13,7,6,40,28,86,247.79
"SKU-0224","PeakGear Quick-Dry Tee","Apparel","PeakGear",265.03,227.13,8,4,40,32,81,259.5
"SKU-0224","PeakGear Quick-Dry Tee","Apparel","PeakGear",265.03,227.13,9,5,40,37,105,252.51
"SKU-0224","PeakGear Quick-Dry Tee","Apparel","PeakGear",265.03,227.13,10,3,40,40,105,245.18
"SKU-0224","PeakGear Quick-Dry Tee","Apparel","PeakGear",265.03,227.13,11,0,40,40,60,252.52
"SKU-0224","PeakGear Quick-Dry Tee","Apparel","PeakGear",265.03,227.13,12,0,40,40,55,259.58
"SKU-0225","AlpineCore Water Filter III","Hiking","AlpineCore",72.31,72.31,1,7,81,7,166,76.58
"SKU-0225","AlpineCore Water Filter III","Hiking","AlpineCore",72.31,72.31,2,7,81,14,136,78.36
"SKU-0225","AlpineCore Water Filter III","Hiking","AlpineCore",72.31,72.31,3,8,81,22,153,80.51
"SKU-0225","AlpineCore Water Filter III","Hiking","AlpineCore",72.31,72.31,4,8,81,30,150,77.78
"SKU-0225","AlpineCore Water Filter III","Hiking","AlpineCore",72.31,72.31,5,8,81,38,110,74.37
"SKU-0225","AlpineCore Water Filter III","Hiking","AlpineCore",72.31,72.31,6,8,81,46,156,75.33
"SKU-0225","AlpineCore Water Filter III","Hiking","AlpineCore",72.31,72.31,7,9,81,55,234,76.33
"SKU-0225","AlpineCore Water Filter III","Hiking","AlpineCore",72.31,72.31,8,5,81,60,100,73.91
"SKU-0225","AlpineCore Water Filter III","Hiking","AlpineCore",72.31,72.31,9,6,81,66,129,76.51
"SKU-0225","AlpineCore Water Filter III","Hiking","AlpineCore",72.31,72.31,10,8,81,74,201,75.48
"SKU-0225","AlpineCore Water Filter III","Hiking","AlpineCore",72.31,72.31,11,5,81,79,100,75.89
"SKU-0225","AlpineCore Water Filter III","Hiking","AlpineCore",72.31,72.31,12,2,81,81,107,75.26
"SKU-0226","PeakGear Cooler","Camping","PeakGear",210.95,210.95,1,6,58,6,94,213.74
"SKU-0226","PeakGear Cooler","Camping","PeakGear",210.95,210.95,2,2,58,8,96,233.7
"SKU-0226","PeakGear Cooler","Camping","PeakGear",210.95,210.95,3,5,58,13,84,231
"SKU-0226","PeakGear Cooler","Camping","PeakGear",210.95,210.95,4,1,58,14,62,226.41
"SKU-0226","PeakGear Cooler","Camping","PeakGear",210.95,210.95,5,5,58,19,83,228.67
"SKU-0226","PeakGear Cooler","Camping","PeakGear",210.95,210.95,6,5,58,24,106,229.33
"SKU-0226","PeakGear Cooler","Camping","PeakGear",210.95,180.79,7,2,58,26,77,230.72
"SKU-0226","PeakGear Cooler","Camping","PeakGear",210.95,180.79,8,6,58,32,40,232.67
"SKU-0226","PeakGear Cooler","Camping","PeakGear",210.95,180.79,9,3,58,35,60,220.18
"SKU-0226","PeakGear Cooler","Camping","PeakGear",210.95,180.79,10,4,58,39,58,243.43
"SKU-0226","PeakGear Cooler","Camping","PeakGear",210.95,180.79,11,2,58,41,65,219.42
"SKU-0226","PeakGear Cooler","Camping","PeakGear",210.95,180.79,12,2,58,43,44,223.45
"SKU-0227","WildEdge Water Filter","Hiking","WildEdge",161.98,161.98,1,4,62,4,18,136.87
"SKU-0227","WildEdge Water Filter","Hiking","WildEdge",161.98,161.98,2,5,62,9,107,136.79
"SKU-0227","WildEdge Water Filter","Hiking","WildEdge",161.98,161.98,3,3,62,12,83,144.25
"SKU-0227","WildEdge Water Filter","Hiking","WildEdge",161.98,112.33,4,5,62,17,19,140.22
"SKU-0227","WildEdge Water Filter","Hiking","WildEdge",161.98,112.33,5,6,62,23,87,143.74
"SKU-0227","WildEdge Water Filter","Hiking","WildEdge",161.98,112.33,6,7,62,30,113,152.99
"SKU-0227","WildEdge Water Filter","Hiking","WildEdge",161.98,112.33,7,5,62,35,107,144.58
"SKU-0227","WildEdge Water Filter","Hiking","WildEdge",161.98,112.33,8,5,62,40,87,132.4
"SKU-0227","WildEdge Water Filter","Hiking","WildEdge",161.98,112.33,9,5,62,45,92,143.58
"SKU-0227","WildEdge Water Filter","Hiking","WildEdge",161.98,112.33,10,5,62,50,47,139.56
"SKU-0227","WildEdge Water Filter","Hiking","WildEdge",161.98,112.33,11,3,62,53,28,139.25
"SKU-0227","WildEdge Water Filter","Hiking","WildEdge",161.98,112.33,12,5,62,58,38,140.46
"SKU-0228","WildEdge Thermal Hoodie","Apparel","WildEdge",244.67,244.67,1,8,94,8,195,246.51
"SKU-0228","WildEdge Thermal Hoodie","Apparel","WildEdge",244.67,244.67,2,11,94,19,243,254.32
"SKU-0228","WildEdge Thermal Hoodie","Apparel","WildEdge",244.67,244.67,3,6,94,25,120,249.83
"SKU-0228","WildEdge Thermal Hoodie","Apparel","WildEdge",244.67,244.67,4,12,94,37,221,253.43
"SKU-0228","WildEdge Thermal Hoodie","Apparel","WildEdge",244.67,244.67,5,9,94,46,160,255.52
"SKU-0228","WildEdge Thermal Hoodie","Apparel","WildEdge",244.67,244.67,6,13,94,59,273,255.99
"SKU-0228","WildEdge Thermal Hoodie","Apparel","WildEdge",244.67,217.1,7,12,94,71,242,243.76
"SKU-0228","WildEdge Thermal Hoodie","Apparel","WildEdge",244.67,217.1,8,16,94,87,256,255.41
"SKU-0228","WildEdge Thermal Hoodie","Apparel","WildEdge",244.67,217.1,9,7,94,94,202,247.03
"SKU-0228","WildEdge Thermal Hoodie","Apparel","WildEdge",244.67,217.1,10,0,94,94,131,246.15
"SKU-0228","WildEdge Thermal Hoodie","Apparel","WildEdge",244.67,217.1,11,0,94,94,162,250.58
"SKU-0228","WildEdge Thermal Hoodie","Apparel","WildEdge",244.67,217.1,12,0,94,94,147,254.26
"SKU-0229","OuterBound Carabiner Set II","Accessories","OuterBound",203.12,203.12,1,6,115,6,65,200.65
"SKU-0229","OuterBound Carabiner Set II","Accessories","OuterBound",203.12,203.12,2,7,115,13,162,199.02
"SKU-0229","OuterBound Carabiner Set II","Accessories","OuterBound",203.12,131.16,3,6,115,19,110,187.35
"SKU-0229","OuterBound Carabiner Set II","Accessories","OuterBound",203.12,131.16,4,10,115,29,174,193.14
"SKU-0229","OuterBound Carabiner Set II","Accessories","OuterBound",203.12,131.16,5,7,115,36,118,191.75
"SKU-0229","OuterBound Carabiner Set II","Accessories","OuterBound",203.12,131.16,6,7,115,43,94,196.61
"SKU-0229","OuterBound Carabiner Set II","Accessories","OuterBound",203.12,131.16,7,9,115,52,101,180.26
"SKU-0229","OuterBound Carabiner Set II","Accessories","OuterBound",203.12,131.16,8,8,115,60,60,186.9
"SKU-0229","OuterBound Carabiner Set II","Accessories","OuterBound",203.12,131.16,9,9,115,69,134,186.44
"SKU-0229","OuterBound Carabiner Set II","Accessories","OuterBound",203.12,131.16,10,6,115,75,56,200.11
"SKU-0229","OuterBound Carabiner Set II","Accessories","OuterBound",203.12,131.16,11,7,115,82,124,196.02
"SKU-0229","OuterBound Carabiner Set II","Accessories","OuterBound",203.12,131.16,12,7,115,89,71,189.97
"SKU-0230","TerraFirm Gaiters II","Hiking","TerraFirm",245.1,245.1,1,13,102,13,160,285.14
"SKU-0230","TerraFirm Gaiters II","Hiking","TerraFirm",245.1,245.1,2,14,102,27,150,279.84
"SKU-0230","TerraFirm Gaiters II","Hiking","TerraFirm",245.1,245.1,3,16,102,43,263,288.64
"SKU-0230","TerraFirm Gaiters II","Hiking","TerraFirm",245.1,245.1,4,18,102,61,277,269.76
"SKU-0230","TerraFirm Gaiters II","Hiking","TerraFirm",245.1,245.1,5,17,102,78,259,271.61
"SKU-0230","TerraFirm Gaiters II","Hiking","TerraFirm",245.1,202.64,6,22,102,100,343,276.59
"SKU-0230","TerraFirm Gaiters II","Hiking","TerraFirm",245.1,202.64,7,2,102,102,243,277.36
"SKU-0230","TerraFirm Gaiters II","Hiking","TerraFirm",245.1,202.64,8,0,102,102,321,278.36
"SKU-0230","TerraFirm Gaiters II","Hiking","TerraFirm",245.1,202.64,9,0,102,102,181,263.68
"SKU-0230","TerraFirm Gaiters II","Hiking","TerraFirm",245.1,202.64,10,0,102,102,255,274.6
"SKU-0230","TerraFirm Gaiters II","Hiking","TerraFirm",245.1,202.64,11,0,102,102,183,278.25
"SKU-0230","TerraFirm Gaiters II","Hiking","TerraFirm",245.1,202.64,12,0,102,102,106,284.66
"SKU-0231","SummitPro Lantern V","Camping","SummitPro",215.91,215.91,1,6,30,6,61,226.49
"SKU-0231","SummitPro Lantern V","Camping","SummitPro",215.91,215.91,2,2,30,8,77,230.6
"SKU-0231","SummitPro Lantern V","Camping","SummitPro",215.91,215.91,3,6,30,14,62,225.79
"SKU-0231","SummitPro Lantern V","Camping","SummitPro",215.91,134.24,4,7,30,21,66,218.46
"SKU-0231","SummitPro Lantern V","Camping","SummitPro",215.91,134.24,5,7,30,28,38,228.81
"SKU-0231","SummitPro Lantern V","Camping","SummitPro",215.91,134.24,6,2,30,30,81,227.77
"SKU-0231","SummitPro Lantern V","Camping","SummitPro",215.91,134.24,7,0,30,30,92,213.7
"SKU-0231","SummitPro Lantern V","Camping","SummitPro",215.91,134.24,8,0,30,30,83,225.08
"SKU-0231","SummitPro Lantern V","Camping","SummitPro",215.91,134.24,9,0,30,30,39,226.95
"SKU-0231","SummitPro Lantern V","Camping","SummitPro",215.91,134.24,10,0,30,30,84,228.74
"SKU-0231","SummitPro Lantern V","Camping","SummitPro",215.91,134.24,11,0,30,30,46,230.11
"SKU-0231","SummitPro Lantern V","Camping","SummitPro",215.91,134.24,12,0,30,30,50,227.94
"SKU-0232","TrailBlaze Trekking Poles","Hiking","TrailBlaze",163.53,163.53,1,7,52,7,148,152.21
"SKU-0232","TrailBlaze Trekking Poles","Hiking","TrailBlaze",163.53,163.53,2,8,52,15,170,154.47
"SKU-0232","TrailBlaze Trekking Poles","Hiking","TrailBlaze",163.53,163.53,3,12,52,27,226,150.55
"SKU-0232","TrailBlaze Trekking Poles","Hiking","TrailBlaze",163.53,163.53,4,13,52,40,263,156.72
"SKU-0232","TrailBlaze Trekking Poles","Hiking","TrailBlaze",163.53,109.26,5,12,52,52,164,154.57
"SKU-0232","TrailBlaze Trekking Poles","Hiking","TrailBlaze",163.53,109.26,6,0,52,52,203,146.32
"SKU-0232","TrailBlaze Trekking Poles","Hiking","TrailBlaze",163.53,109.26,7,0,52,52,204,150.05
"SKU-0232","TrailBlaze Trekking Poles","Hiking","TrailBlaze",163.53,109.26,8,0,52,52,200,148.2
"SKU-0232","TrailBlaze Trekking Poles","Hiking","TrailBlaze",163.53,109.26,9,0,52,52,189,151.48
"SKU-0232","TrailBlaze Trekking Poles","Hiking","TrailBlaze",163.53,109.26,10,0,52,52,188,146.75
"SKU-0232","TrailBlaze Trekking Poles","Hiking","TrailBlaze",163.53,109.26,11,0,52,52,73,147.44
"SKU-0232","TrailBlaze Trekking Poles","Hiking","TrailBlaze",163.53,109.26,12,0,52,52,125,155.36
"SKU-0233","PeakGear Hydration Pack II","Hiking","PeakGear",265.75,265.75,1,4,68,4,133,249.8
"SKU-0233","PeakGear Hydration Pack II","Hiking","PeakGear",265.75,265.75,2,6,68,10,77,238.29
"SKU-0233","PeakGear Hydration Pack II","Hiking","PeakGear",265.75,265.75,3,7,68,17,107,248.13
"SKU-0233","PeakGear Hydration Pack II","Hiking","PeakGear",265.75,265.75,4,8,68,25,165,252.14
"SKU-0233","PeakGear Hydration Pack II","Hiking","PeakGear",265.75,265.75,5,7,68,32,101,243.38
"SKU-0233","PeakGear Hydration Pack II","Hiking","PeakGear",265.75,265.75,6,4,68,36,81,240.76
"SKU-0233","PeakGear Hydration Pack II","Hiking","PeakGear",265.75,222.71,7,7,68,43,117,237.25
"SKU-0233","PeakGear Hydration Pack II","Hiking","PeakGear",265.75,222.71,8,7,68,50,149,251.81
"SKU-0233","PeakGear Hydration Pack II","Hiking","PeakGear",265.75,222.71,9,9,68,59,110,245.78
"SKU-0233","PeakGear Hydration Pack II","Hiking","PeakGear",265.75,222.71,10,8,68,67,126,252.23
"SKU-0233","PeakGear Hydration Pack II","Hiking","PeakGear",265.75,222.71,11,1,68,68,37,245.84
"SKU-0233","PeakGear Hydration Pack II","Hiking","PeakGear",265.75,222.71,12,0,68,68,108,235.89
"SKU-0234","OuterBound Hammock","Camping","OuterBound",215.02,215.02,1,16,115,16,227,233.12
"SKU-0234","OuterBound Hammock","Camping","OuterBound",215.02,215.02,2,14,115,30,209,243.99
"SKU-0234","OuterBound Hammock","Camping","OuterBound",215.02,215.02,3,26,115,56,449,249.83
"SKU-0234","OuterBound Hammock","Camping","OuterBound",215.02,215.02,4,24,115,80,277,253.9
"SKU-0234","OuterBound Hammock","Camping","OuterBound",215.02,215.02,5,23,115,103,475,230.77
"SKU-0234","OuterBound Hammock","Camping","OuterBound",215.02,215.02,6,12,115,115,344,249.81
"SKU-0234","OuterBound Hammock","Camping","OuterBound",215.02,187.47,7,0,115,115,338,250.25
"SKU-0234","OuterBound Hammock","Camping","OuterBound",215.02,187.47,8,0,115,115,371,248.01
"SKU-0234","OuterBound Hammock","Camping","OuterBound",215.02,187.47,9,0,115,115,346,248.12
"SKU-0234","OuterBound Hammock","Camping","OuterBound",215.02,187.47,10,0,115,115,170,237.77
"SKU-0234","OuterBound Hammock","Camping","OuterBound",215.02,187.47,11,0,115,115,185,239.43
"SKU-0234","OuterBound Hammock","Camping","OuterBound",215.02,187.47,12,0,115,115,147,244.7
"SKU-0235","SummitPro First Aid Kit II","Accessories","SummitPro",200.57,200.57,1,0,64,0,41,208.2
"SKU-0235","SummitPro First Aid Kit II","Accessories","SummitPro",200.57,200.57,2,3,64,3,55,211.72
"SKU-0235","SummitPro First Aid Kit II","Accessories","SummitPro",200.57,200.57,3,3,64,6,31,205.88
"SKU-0235","SummitPro First Aid Kit II","Accessories","SummitPro",200.57,200.57,4,2,64,8,22,213.38
"SKU-0235","SummitPro First Aid Kit II","Accessories","SummitPro",200.57,200.57,5,2,64,10,37,203.06
"SKU-0235","SummitPro First Aid Kit II","Accessories","SummitPro",200.57,200.57,6,2,64,12,63,218.61
"SKU-0235","SummitPro First Aid Kit II","Accessories","SummitPro",200.57,200.57,7,2,64,14,50,198.96
"SKU-0235","SummitPro First Aid Kit II","Accessories","SummitPro",200.57,200.57,8,1,64,15,36,207.71
"SKU-0235","SummitPro First Aid Kit II","Accessories","SummitPro",200.57,200.57,9,1,64,16,30,207.38
"SKU-0235","SummitPro First Aid Kit II","Accessories","SummitPro",200.57,200.57,10,1,64,17,56,203.6
"SKU-0235","SummitPro First Aid Kit II","Accessories","SummitPro",200.57,200.57,11,2,64,19,13,207.54
"SKU-0235","SummitPro First Aid Kit II","Accessories","SummitPro",200.57,200.57,12,1,64,20,51,212.3
"SKU-0236","OuterBound First Aid Kit III","Accessories","OuterBound",72.86,72.86,1,1,32,1,49,69.5
"SKU-0236","OuterBound First Aid Kit III","Accessories","OuterBound",72.86,72.86,2,3,32,4,83,73.26
"SKU-0236","OuterBound First Aid Kit III","Accessories","OuterBound",72.86,72.86,3,7,32,11,99,76.68
"SKU-0236","OuterBound First Aid Kit III","Accessories","OuterBound",72.86,72.86,4,2,32,13,61,70.7
"SKU-0236","OuterBound First Aid Kit III","Accessories","OuterBound",72.86,72.86,5,3,32,16,54,73.63
"SKU-0236","OuterBound First Aid Kit III","Accessories","OuterBound",72.86,62.67,6,3,32,19,69,74.42
"SKU-0236","OuterBound First Aid Kit III","Accessories","OuterBound",72.86,62.67,7,6,32,25,103,69.33
"SKU-0236","OuterBound First Aid Kit III","Accessories","OuterBound",72.86,62.67,8,2,32,27,50,71.14
"SKU-0236","OuterBound First Aid Kit III","Accessories","OuterBound",72.86,62.67,9,4,32,31,52,71.99
"SKU-0236","OuterBound First Aid Kit III","Accessories","OuterBound",72.86,62.67,10,1,32,32,62,71.88
"SKU-0236","OuterBound First Aid Kit III","Accessories","OuterBound",72.86,62.67,11,0,32,32,22,70.64
"SKU-0236","OuterBound First Aid Kit III","Accessories","OuterBound",72.86,62.67,12,0,32,32,69,74.37
"SKU-0237","SummitPro Fleece Vest II","Apparel","SummitPro",141.39,141.39,1,4,80,4,141,121.92
"SKU-0237","SummitPro Fleece Vest II","Apparel","SummitPro",141.39,141.39,2,4,80,8,161,122.5
"SKU-0237","SummitPro Fleece Vest II","Apparel","SummitPro",141.39,141.39,3,4,80,12,108,114.49
"SKU-0237","SummitPro Fleece Vest II","Apparel","SummitPro",141.39,141.39,4,8,80,20,115,118.7
"SKU-0237","SummitPro Fleece Vest II","Apparel","SummitPro",141.39,141.39,5,5,80,25,144,118.12
"SKU-0237","SummitPro Fleece Vest II","Apparel","SummitPro",141.39,125.18,6,10,80,35,59,122.5
"SKU-0237","SummitPro Fleece Vest II","Apparel","SummitPro",141.39,125.18,7,7,80,42,155,128.13
"SKU-0237","SummitPro Fleece Vest II","Apparel","SummitPro",141.39,125.18,8,6,80,48,119,123.76
"SKU-0237","SummitPro Fleece Vest II","Apparel","SummitPro",141.39,125.18,9,7,80,55,125,121.32
"SKU-0237","SummitPro Fleece Vest II","Apparel","SummitPro",141.39,125.18,10,6,80,61,129,118.1
"SKU-0237","SummitPro Fleece Vest II","Apparel","SummitPro",141.39,125.18,11,2,80,63,125,117.3
"SKU-0237","SummitPro Fleece Vest II","Apparel","SummitPro",141.39,125.18,12,6,80,69,76,123.55
"SKU-0238","PeakGear Camp Towel","Accessories","PeakGear",132.51,132.51,1,7,85,7,120,151.53
"SKU-0238","PeakGear Camp Towel","Accessories","PeakGear",132.51,132.51,2,8,85,15,105,149.88
"SKU-0238","PeakGear Camp Towel","Accessories","PeakGear",132.51,132.51,3,4,85,19,169,147.08
"SKU-0238","PeakGear Camp Towel","Accessories","PeakGear",132.51,132.51,4,7,85,26,112,154.06
"SKU-0238","PeakGear Camp Towel","Accessories","PeakGear",132.51,132.51,5,6,85,32,175,146.01
"SKU-0238","PeakGear Camp Towel","Accessories","PeakGear",132.51,132.51,6,5,85,37,173,153.08
"SKU-0238","PeakGear Camp Towel","Accessories","PeakGear",132.51,132.51,7,8,85,45,148,150.19
"SKU-0238","PeakGear Camp Towel","Accessories","PeakGear",132.51,132.51,8,8,85,53,114,147.59
"SKU-0238","PeakGear Camp Towel","Accessories","PeakGear",132.51,132.51,9,6,85,59,51,157.31
"SKU-0238","PeakGear Camp Towel","Accessories","PeakGear",132.51,132.51,10,7,85,66,146,149.59
"SKU-0238","PeakGear Camp Towel","Accessories","PeakGear",132.51,132.51,11,8,85,74,117,143.1
"SKU-0238","PeakGear Camp Towel","Accessories","PeakGear",132.51,132.51,12,4,85,78,34,148.96
"SKU-0239","AlpineCore Thermal Hoodie","Apparel","AlpineCore",30.94,30.94,1,4,56,4,89,29.13
"SKU-0239","AlpineCore Thermal Hoodie","Apparel","AlpineCore",30.94,30.94,2,3,56,7,71,31.04
"SKU-0239","AlpineCore Thermal Hoodie","Apparel","AlpineCore",30.94,30.94,3,4,56,11,103,30.55
"SKU-0239","AlpineCore Thermal Hoodie","Apparel","AlpineCore",30.94,21.1,4,6,56,17,79,30.76
"SKU-0239","AlpineCore Thermal Hoodie","Apparel","AlpineCore",30.94,21.1,5,8,56,25,57,30.47
"SKU-0239","AlpineCore Thermal Hoodie","Apparel","AlpineCore",30.94,21.1,6,6,56,31,56,31.03
"SKU-0239","AlpineCore Thermal Hoodie","Apparel","AlpineCore",30.94,21.1,7,11,56,42,79,31.3
"SKU-0239","AlpineCore Thermal Hoodie","Apparel","AlpineCore",30.94,21.1,8,7,56,49,49,30.07
"SKU-0239","AlpineCore Thermal Hoodie","Apparel","AlpineCore",30.94,21.1,9,7,56,56,36,31.7
"SKU-0239","AlpineCore Thermal Hoodie","Apparel","AlpineCore",30.94,21.1,10,0,56,56,35,30.99
"SKU-0239","AlpineCore Thermal Hoodie","Apparel","AlpineCore",30.94,21.1,11,0,56,56,62,31.44
"SKU-0239","AlpineCore Thermal Hoodie","Apparel","AlpineCore",30.94,21.1,12,0,56,56,54,30.42
"SKU-0240","BaseCamp Base Layer","Apparel","BaseCamp",272.72,272.72,1,2,50,2,10,257.91
"SKU-0240","BaseCamp Base Layer","Apparel","BaseCamp",272.72,272.72,2,2,50,4,46,239.97
"SKU-0240","BaseCamp Base Layer","Apparel","BaseCamp",272.72,272.72,3,3,50,7,33,263.31
"SKU-0240","BaseCamp Base Layer","Apparel","BaseCamp",272.72,272.72,4,1,50,8,65,256.23
"SKU-0240","BaseCamp Base Layer","Apparel","BaseCamp",272.72,272.72,5,1,50,9,81,244.66
"SKU-0240","BaseCamp Base Layer","Apparel","BaseCamp",272.72,234.18,6,4,50,13,26,264.38
"SKU-0240","BaseCamp Base Layer","Apparel","BaseCamp",272.72,234.18,7,6,50,19,49,254.76
"SKU-0240","BaseCamp Base Layer","Apparel","BaseCamp",272.72,234.18,8,2,50,21,64,253.83
"SKU-0240","BaseCamp Base Layer","Apparel","BaseCamp",272.72,234.18,9,1,50,22,10,258.09
"SKU-0240","BaseCamp Base Layer","Apparel","BaseCamp",272.72,234.18,10,5,50,27,53,261.93
"SKU-0240","BaseCamp Base Layer","Apparel","BaseCamp",272.72,234.18,11,0,50,27,33,252.62
"SKU-0240","BaseCamp Base Layer","Apparel","BaseCamp",272.72,234.18,12,4,50,31,10,248.9
"SKU-0241","AlpineCore Mattress Pad II","Camping","AlpineCore",108.58,108.58,1,2,76,2,86,127.58
"SKU-0241","AlpineCore Mattress Pad II","Camping","AlpineCore",108.58,108.58,2,2,76,4,99,120.23
"SKU-0241","AlpineCore Mattress Pad II","Camping","AlpineCore",108.58,67.65,3,11,76,15,119,123.67
"SKU-0241","AlpineCore Mattress Pad II","Camping","AlpineCore",108.58,67.65,4,5,76,20,100,116.08
"SKU-0241","AlpineCore Mattress Pad II","Camping","AlpineCore",108.58,67.65,5,7,76,27,118,116.52
"SKU-0241","AlpineCore Mattress Pad II","Camping","AlpineCore",108.58,67.65,6,9,76,36,65,111.37
"SKU-0241","AlpineCore Mattress Pad II","Camping","AlpineCore",108.58,67.65,7,7,76,43,149,121.01
"SKU-0241","AlpineCore Mattress Pad II","Camping","AlpineCore",108.58,67.65,8,6,76,49,106,126.41
"SKU-0241","AlpineCore Mattress Pad II","Camping","AlpineCore",108.58,67.65,9,5,76,54,83,124.41
"SKU-0241","AlpineCore Mattress Pad II","Camping","AlpineCore",108.58,67.65,10,8,76,62,88,121.17
"SKU-0241","AlpineCore Mattress Pad II","Camping","AlpineCore",108.58,67.65,11,5,76,67,62,120.16
"SKU-0241","AlpineCore Mattress Pad II","Camping","AlpineCore",108.58,67.65,12,3,76,70,55,121.86
"SKU-0242","SummitPro Gaiters","Hiking","SummitPro",222.17,222.17,1,17,86,17,317,212.4
"SKU-0242","SummitPro Gaiters","Hiking","SummitPro",222.17,222.17,2,24,86,41,426,210.47
"SKU-0242","SummitPro Gaiters","Hiking","SummitPro",222.17,222.17,3,23,86,64,387,200.66
"SKU-0242","SummitPro Gaiters","Hiking","SummitPro",222.17,222.17,4,22,86,86,451,200.61
"SKU-0242","SummitPro Gaiters","Hiking","SummitPro",222.17,222.17,5,0,86,86,383,191.57
"SKU-0242","SummitPro Gaiters","Hiking","SummitPro",222.17,222.17,6,0,86,86,376,201.59
"SKU-0242","SummitPro Gaiters","Hiking","SummitPro",222.17,222.17,7,0,86,86,202,201.5
"SKU-0242","SummitPro Gaiters","Hiking","SummitPro",222.17,222.17,8,0,86,86,306,195.01
"SKU-0242","SummitPro Gaiters","Hiking","SummitPro",222.17,222.17,9,0,86,86,295,188.64
"SKU-0242","SummitPro Gaiters","Hiking","SummitPro",222.17,222.17,10,0,86,86,303,198.73
"SKU-0242","SummitPro Gaiters","Hiking","SummitPro",222.17,222.17,11,0,86,86,229,187.56
"SKU-0242","SummitPro Gaiters","Hiking","SummitPro",222.17,222.17,12,0,86,86,288,192.26
"SKU-0243","TerraFirm Water Filter","Hiking","TerraFirm",251.74,251.74,1,6,81,6,155,225.78
"SKU-0243","TerraFirm Water Filter","Hiking","TerraFirm",251.74,251.74,2,5,81,11,202,233.36
"SKU-0243","TerraFirm Water Filter","Hiking","TerraFirm",251.74,251.74,3,5,81,16,138,229.06
"SKU-0243","TerraFirm Water Filter","Hiking","TerraFirm",251.74,251.74,4,8,81,24,223,232.44
"SKU-0243","TerraFirm Water Filter","Hiking","TerraFirm",251.74,251.74,5,9,81,33,111,232.04
"SKU-0243","TerraFirm Water Filter","Hiking","TerraFirm",251.74,251.74,6,7,81,40,86,232.1
"SKU-0243","TerraFirm Water Filter","Hiking","TerraFirm",251.74,251.74,7,8,81,48,176,225.54
"SKU-0243","TerraFirm Water Filter","Hiking","TerraFirm",251.74,251.74,8,9,81,57,92,227.02
"SKU-0243","TerraFirm Water Filter","Hiking","TerraFirm",251.74,251.74,9,7,81,64,154,230.01
"SKU-0243","TerraFirm Water Filter","Hiking","TerraFirm",251.74,251.74,10,4,81,68,123,209.19
"SKU-0243","TerraFirm Water Filter","Hiking","TerraFirm",251.74,251.74,11,5,81,73,111,225.02
"SKU-0243","TerraFirm Water Filter","Hiking","TerraFirm",251.74,251.74,12,3,81,76,43,231.8
"SKU-0244","OuterBound Trekking Poles","Hiking","OuterBound",32.32,32.32,1,4,71,4,73,32.71
"SKU-0244","OuterBound Trekking Poles","Hiking","OuterBound",32.32,32.32,2,5,71,9,163,33.21
"SKU-0244","OuterBound Trekking Poles","Hiking","OuterBound",32.32,32.32,3,6,71,15,118,32.95
"SKU-0244","OuterBound Trekking Poles","Hiking","OuterBound",32.32,23.34,4,7,71,22,94,35.4
"SKU-0244","OuterBound Trekking Poles","Hiking","OuterBound",32.32,23.34,5,9,71,31,132,35.09
"SKU-0244","OuterBound Trekking Poles","Hiking","OuterBound",32.32,23.34,6,7,71,38,129,33.59
"SKU-0244","OuterBound Trekking Poles","Hiking","OuterBound",32.32,23.34,7,5,71,43,127,31.77
"SKU-0244","OuterBound Trekking Poles","Hiking","OuterBound",32.32,23.34,8,6,71,49,89,32.05
"SKU-0244","OuterBound Trekking Poles","Hiking","OuterBound",32.32,23.34,9,6,71,55,145,34.21
"SKU-0244","OuterBound Trekking Poles","Hiking","OuterBound",32.32,23.34,10,7,71,62,62,33.9
"SKU-0244","OuterBound Trekking Poles","Hiking","OuterBound",32.32,23.34,11,6,71,68,97,32.27
"SKU-0244","OuterBound Trekking Poles","Hiking","OuterBound",32.32,23.34,12,3,71,71,36,34.77
"SKU-0245","TrailBlaze Neck Gaiter II","Accessories","TrailBlaze",267.99,267.99,1,5,118,5,134,233.69
"SKU-0245","TrailBlaze Neck Gaiter II","Accessories","TrailBlaze",267.99,267.99,2,7,118,12,144,233.98
"SKU-0245","TrailBlaze Neck Gaiter II","Accessories","TrailBlaze",267.99,267.99,3,6,118,18,160,241.35
"SKU-0245","TrailBlaze Neck Gaiter II","Accessories","TrailBlaze",267.99,267.99,4,8,118,26,112,231.75
"SKU-0245","TrailBlaze Neck Gaiter II","Accessories","TrailBlaze",267.99,267.99,5,9,118,35,194,236.69
"SKU-0245","TrailBlaze Neck Gaiter II","Accessories","TrailBlaze",267.99,267.99,6,9,118,44,130,233.25
"SKU-0245","TrailBlaze Neck Gaiter II","Accessories","TrailBlaze",267.99,267.99,7,7,118,51,166,222.93
"SKU-0245","TrailBlaze Neck Gaiter II","Accessories","TrailBlaze",267.99,267.99,8,8,118,59,188,235.58
"SKU-0245","TrailBlaze Neck Gaiter II","Accessories","TrailBlaze",267.99,267.99,9,7,118,66,97,239.14
"SKU-0245","TrailBlaze Neck Gaiter II","Accessories","TrailBlaze",267.99,267.99,10,6,118,72,142,225.92
"SKU-0245","TrailBlaze Neck Gaiter II","Accessories","TrailBlaze",267.99,267.99,11,5,118,77,98,211.34
"SKU-0245","TrailBlaze Neck Gaiter II","Accessories","TrailBlaze",267.99,267.99,12,3,118,80,98,227.86
"SKU-0246","WildEdge Backpack","Hiking","WildEdge",168.95,168.95,1,5,69,5,125,171.67
"SKU-0246","WildEdge Backpack","Hiking","WildEdge",168.95,168.95,2,2,69,7,149,164.23
"SKU-0246","WildEdge Backpack","Hiking","WildEdge",168.95,116.74,3,9,69,16,144,164.31
"SKU-0246","WildEdge Backpack","Hiking","WildEdge",168.95,116.74,4,11,69,27,183,168.44
"SKU-0246","WildEdge Backpack","Hiking","WildEdge",168.95,116.74,5,11,69,38,154,174.69
"SKU-0246","WildEdge Backpack","Hiking","WildEdge",168.95,116.74,6,8,69,46,68,176.76
"SKU-0246","WildEdge Backpack","Hiking","WildEdge",168.95,116.74,7,14,69,60,159,171.46
"SKU-0246","WildEdge Backpack","Hiking","WildEdge",168.95,116.74,8,9,69,69,113,171.85
"SKU-0246","WildEdge Backpack","Hiking","WildEdge",168.95,116.74,9,0,69,69,170,170.02
"SKU-0246","WildEdge Backpack","Hiking","WildEdge",168.95,116.74,10,0,69,69,124,164.78
"SKU-0246","WildEdge Backpack","Hiking","WildEdge",168.95,116.74,11,0,69,69,96,170.22
"SKU-0246","WildEdge Backpack","Hiking","WildEdge",168.95,116.74,12,0,69,69,93,168.24
"SKU-0247","AlpineCore Day Pack","Hiking","AlpineCore",294.25,294.25,1,10,88,10,126,308.95
"SKU-0247","AlpineCore Day Pack","Hiking","AlpineCore",294.25,294.25,2,9,88,19,170,306.18
"SKU-0247","AlpineCore Day Pack","Hiking","AlpineCore",294.25,294.25,3,12,88,31,216,323.69
"SKU-0247","AlpineCore Day Pack","Hiking","AlpineCore",294.25,294.25,4,15,88,46,335,325.65
"SKU-0247","AlpineCore Day Pack","Hiking","AlpineCore",294.25,294.25,5,13,88,59,103,312.71
"SKU-0247","AlpineCore Day Pack","Hiking","AlpineCore",294.25,294.25,6,11,88,70,187,327.75
"SKU-0247","AlpineCore Day Pack","Hiking","AlpineCore",294.25,236.83,7,16,88,86,235,299.89
"SKU-0247","AlpineCore Day Pack","Hiking","AlpineCore",294.25,236.83,8,2,88,88,235,300.7
"SKU-0247","AlpineCore Day Pack","Hiking","AlpineCore",294.25,236.83,9,0,88,88,127,305.73
"SKU-0247","AlpineCore Day Pack","Hiking","AlpineCore",294.25,236.83,10,0,88,88,227,307.25
"SKU-0247","AlpineCore Day Pack","Hiking","AlpineCore",294.25,236.83,11,0,88,88,178,316.98
"SKU-0247","AlpineCore Day Pack","Hiking","AlpineCore",294.25,236.83,12,0,88,88,97,305.58
"SKU-0248","BaseCamp Hydration Pack III","Hiking","BaseCamp",98.16,98.16,1,7,76,7,121,90.92
"SKU-0248","BaseCamp Hydration Pack III","Hiking","BaseCamp",98.16,98.16,2,7,76,14,161,89.71
"SKU-0248","BaseCamp Hydration Pack III","Hiking","BaseCamp",98.16,75.5,3,8,76,22,167,85.43
"SKU-0248","BaseCamp Hydration Pack III","Hiking","BaseCamp",98.16,75.5,4,10,76,32,179,88.99
"SKU-0248","BaseCamp Hydration Pack III","Hiking","BaseCamp",98.16,75.5,5,7,76,39,152,83.15
"SKU-0248","BaseCamp Hydration Pack III","Hiking","BaseCamp",98.16,75.5,6,9,76,48,160,85.44
"SKU-0248","BaseCamp Hydration Pack III","Hiking","BaseCamp",98.16,75.5,7,10,76,58,160,87.54
"SKU-0248","BaseCamp Hydration Pack III","Hiking","BaseCamp",98.16,75.5,8,10,76,68,202,87.39
"SKU-0248","BaseCamp Hydration Pack III","Hiking","BaseCamp",98.16,75.5,9,8,76,76,145,87.7
"SKU-0248","BaseCamp Hydration Pack III","Hiking","BaseCamp",98.16,75.5,10,0,76,76,155,85.2
"SKU-0248","BaseCamp Hydration Pack III","Hiking","BaseCamp",98.16,75.5,11,0,76,76,134,87.14
"SKU-0248","BaseCamp Hydration Pack III","Hiking","BaseCamp",98.16,75.5,12,0,76,76,94,85.43
"SKU-0249","AlpineCore Sleeping Bag II","Camping","AlpineCore",143.59,143.59,1,22,109,22,382,130.46
"SKU-0249","AlpineCore Sleeping Bag II","Camping","AlpineCore",143.59,143.59,2,26,109,48,347,129.36
"SKU-0249","AlpineCore Sleeping Bag II","Camping","AlpineCore",143.59,143.59,3,36,109,84,546,133.66
"SKU-0249","AlpineCore Sleeping Bag II","Camping","AlpineCore",143.59,143.59,4,25,109,109,370,128.24
"SKU-0249","AlpineCore Sleeping Bag II","Camping","AlpineCore",143.59,108.56,5,0,109,109,513,133.65
"SKU-0249","AlpineCore Sleeping Bag II","Camping","AlpineCore",143.59,108.56,6,0,109,109,488,131.26
"SKU-0249","AlpineCore Sleeping Bag II","Camping","AlpineCore",143.59,108.56,7,0,109,109,530,141.49
"SKU-0249","AlpineCore Sleeping Bag II","Camping","AlpineCore",143.59,108.56,8,0,109,109,277,139.97
"SKU-0249","AlpineCore Sleeping Bag II","Camping","AlpineCore",143.59,108.56,9,0,109,109,279,135.19
"SKU-0249","AlpineCore Sleeping Bag II","Camping","AlpineCore",143.59,108.56,10,0,109,109,222,130.04
"SKU-0249","AlpineCore Sleeping Bag II","Camping","AlpineCore",143.59,108.56,11,0,109,109,222,137.64
"SKU-0249","AlpineCore Sleeping Bag II","Camping","AlpineCore",143.59,108.56,12,0,109,109,281,134.82
"SKU-0250","TerraFirm Backpack II","Hiking","TerraFirm",257.98,257.98,1,20,114,20,332,250.1
"SKU-0250","TerraFirm Backpack II","Hiking","TerraFirm",257.98,257.98,2,24,114,44,361,256.93
"SKU-0250","TerraFirm Backpack II","Hiking","TerraFirm",257.98,257.98,3,29,114,73,461,246.08
"SKU-0250","TerraFirm Backpack II","Hiking","TerraFirm",257.98,257.98,4,34,114,107,594,256.03
"SKU-0250","TerraFirm Backpack II","Hiking","TerraFirm",257.98,257.98,5,7,114,114,408,244.21
"SKU-0250","TerraFirm Backpack II","Hiking","TerraFirm",257.98,257.98,6,0,114,114,361,251.52
"SKU-0250","TerraFirm Backpack II","Hiking","TerraFirm",257.98,257.98,7,0,114,114,302,236.21
"SKU-0250","TerraFirm Backpack II","Hiking","TerraFirm",257.98,257.98,8,0,114,114,268,257.38
"SKU-0250","TerraFirm Backpack II","Hiking","TerraFirm",257.98,257.98,9,0,114,114,347,236.09
"SKU-0250","TerraFirm Backpack II","Hiking","TerraFirm",257.98,257.98,10,0,114,114,402,232.71
"SKU-0250","TerraFirm Backpack II","Hiking","TerraFirm",257.98,257.98,11,0,114,114,217,243.28
"SKU-0250","TerraFirm Backpack II","Hiking","TerraFirm",257.98,257.98,12,0,114,114,267,256.73
"SKU-0251","OuterBound Sleeping Bag","Camping","OuterBound",296.06,296.06,1,0,41,0,18,308.68
"SKU-0251","OuterBound Sleeping Bag","Camping","OuterBound",296.06,296.06,2,2,41,2,26,319.23
"SKU-0251","OuterBound Sleeping Bag","Camping","OuterBound",296.06,296.06,3,4,41,6,42,311.32
"SKU-0251","OuterBound Sleeping Bag","Camping","OuterBound",296.06,187.44,4,7,41,13,87,295.54
"SKU-0251","OuterBound Sleeping Bag","Camping","OuterBound",296.06,187.44,5,5,41,18,59,294.94
"SKU-0251","OuterBound Sleeping Bag","Camping","OuterBound",296.06,187.44,6,3,41,21,31,306.77
"SKU-0251","OuterBound Sleeping Bag","Camping","OuterBound",296.06,187.44,7,7,41,28,34,296.89
"SKU-0251","OuterBound Sleeping Bag","Camping","OuterBound",296.06,187.44,8,5,41,33,68,310.39
"SKU-0251","OuterBound Sleeping Bag","Camping","OuterBound",296.06,187.44,9,6,41,39,66,309.41
"SKU-0251","OuterBound Sleeping Bag","Camping","OuterBound",296.06,187.44,10,2,41,41,56,292.78
"SKU-0251","OuterBound Sleeping Bag","Camping","OuterBound",296.06,187.44,11,0,41,41,35,298.27
"SKU-0251","OuterBound Sleeping Bag","Camping","OuterBound",296.06,187.44,12,0,41,41,68,316.1
"SKU-0252","TerraFirm Day Pack","Hiking","TerraFirm",257.82,257.82,1,7,74,7,144,278.88
"SKU-0252","TerraFirm Day Pack","Hiking","TerraFirm",257.82,257.82,2,6,74,13,149,272.12
"SKU-0252","TerraFirm Day Pack","Hiking","TerraFirm",257.82,257.82,3,8,74,21,157,270.94
"SKU-0252","TerraFirm Day Pack","Hiking","TerraFirm",257.82,257.82,4,8,74,29,173,258.3
"SKU-0252","TerraFirm Day Pack","Hiking","TerraFirm",257.82,257.82,5,6,74,35,135,277.53
"SKU-0252","TerraFirm Day Pack","Hiking","TerraFirm",257.82,210.88,6,9,74,44,100,272.06
"SKU-0252","TerraFirm Day Pack","Hiking","TerraFirm",257.82,210.88,7,12,74,56,214,280.05
"SKU-0252","TerraFirm Day Pack","Hiking","TerraFirm",257.82,210.88,8,7,74,63,191,266.07
"SKU-0252","TerraFirm Day Pack","Hiking","TerraFirm",257.82,210.88,9,6,74,69,140,271.49
"SKU-0252","TerraFirm Day Pack","Hiking","TerraFirm",257.82,210.88,10,5,74,74,114,266.71
"SKU-0252","TerraFirm Day Pack","Hiking","TerraFirm",257.82,210.88,11,0,74,74,151,274.26
"SKU-0252","TerraFirm Day Pack","Hiking","TerraFirm",257.82,210.88,12,0,74,74,126,274.47
"SKU-0253","TerraFirm Trail Shoes II","Hiking","TerraFirm",157.47,157.47,1,11,99,11,254,143.06
"SKU-0253","TerraFirm Trail Shoes II","Hiking","TerraFirm",157.47,157.47,2,13,99,24,287,132.23
"SKU-0253","TerraFirm Trail Shoes II","Hiking","TerraFirm",157.47,157.47,3,13,99,37,217,145.03
"SKU-0253","TerraFirm Trail Shoes II","Hiking","TerraFirm",157.47,157.47,4,16,99,53,246,140.39
"SKU-0253","TerraFirm Trail Shoes II","Hiking","TerraFirm",157.47,157.47,5,10,99,63,142,137.61
"SKU-0253","TerraFirm Trail Shoes II","Hiking","TerraFirm",157.47,157.47,6,14,99,77,252,143.03
"SKU-0253","TerraFirm Trail Shoes II","Hiking","TerraFirm",157.47,157.47,7,15,99,92,272,142.51
"SKU-0253","TerraFirm Trail Shoes II","Hiking","TerraFirm",157.47,157.47,8,7,99,99,231,131.89
"SKU-0253","TerraFirm Trail Shoes II","Hiking","TerraFirm",157.47,157.47,9,0,99,99,261,144.69
"SKU-0253","TerraFirm Trail Shoes II","Hiking","TerraFirm",157.47,157.47,10,0,99,99,185,142.54
"SKU-0253","TerraFirm Trail Shoes II","Hiking","TerraFirm",157.47,157.47,11,0,99,99,174,136.82
"SKU-0253","TerraFirm Trail Shoes II","Hiking","TerraFirm",157.47,157.47,12,0,99,99,90,145.07
"SKU-0254","OuterBound Paracord III","Accessories","OuterBound",230.8,230.8,1,3,98,3,103,212.98
"SKU-0254","OuterBound Paracord III","Accessories","OuterBound",230.8,230.8,2,4,98,7,92,220.63
"SKU-0254","OuterBound Paracord III","Accessories","OuterBound",230.8,230.8,3,3,98,10,86,212.07
"SKU-0254","OuterBound Paracord III","Accessories","OuterBound",230.8,230.8,4,6,98,16,127,216.75
"SKU-0254","OuterBound Paracord III","Accessories","OuterBound",230.8,230.8,5,2,98,18,66,225.28
"SKU-0254","OuterBound Paracord III","Accessories","OuterBound",230.8,230.8,6,5,98,23,79,218.16
"SKU-0254","OuterBound Paracord III","Accessories","OuterBound",230.8,188.18,7,4,98,27,98,210.66
"SKU-0254","OuterBound Paracord III","Accessories","OuterBound",230.8,188.18,8,6,98,33,134,212.35
"SKU-0254","OuterBound Paracord III","Accessories","OuterBound",230.8,188.18,9,5,98,38,124,219.27
"SKU-0254","OuterBound Paracord III","Accessories","OuterBound",230.8,188.18,10,4,98,42,104,221.13
"SKU-0254","OuterBound Paracord III","Accessories","OuterBound",230.8,188.18,11,7,98,49,23,219.75
"SKU-0254","OuterBound Paracord III","Accessories","OuterBound",230.8,188.18,12,1,98,50,28,206.12
"SKU-0255","PeakGear Rain Jacket","Apparel","PeakGear",28.15,28.15,1,13,98,13,259,30.9
"SKU-0255","PeakGear Rain Jacket","Apparel","PeakGear",28.15,28.15,2,12,98,25,139,28.66
"SKU-0255","PeakGear Rain Jacket","Apparel","PeakGear",28.15,28.15,3,19,98,44,376,28.55
"SKU-0255","PeakGear Rain Jacket","Apparel","PeakGear",28.15,28.15,4,20,98,64,337,30.14
"SKU-0255","PeakGear Rain Jacket","Apparel","PeakGear",28.15,28.15,5,17,98,81,245,29.47
"SKU-0255","PeakGear Rain Jacket","Apparel","PeakGear",28.15,23.53,6,17,98,98,183,29.58
"SKU-0255","PeakGear Rain Jacket","Apparel","PeakGear",28.15,23.53,7,0,98,98,212,28.97
"SKU-0255","PeakGear Rain Jacket","Apparel","PeakGear",28.15,23.53,8,0,98,98,316,30.79
"SKU-0255","PeakGear Rain Jacket","Apparel","PeakGear",28.15,23.53,9,0,98,98,157,29.9
"SKU-0255","PeakGear Rain Jacket","Apparel","PeakGear",28.15,23.53,10,0,98,98,249,27.67
"SKU-0255","PeakGear Rain Jacket","Apparel","PeakGear",28.15,23.53,11,0,98,98,240,28.14
"SKU-0255","PeakGear Rain Jacket","Apparel","PeakGear",28.15,23.53,12,0,98,98,217,28.39
"SKU-0256","BaseCamp Windbreaker","Apparel","BaseCamp",233.9,233.9,1,15,69,15,175,209.23
"SKU-0256","BaseCamp Windbreaker","Apparel","BaseCamp",233.9,233.9,2,21,69,36,413,215.48
"SKU-0256","BaseCamp Windbreaker","Apparel","BaseCamp",233.9,233.9,3,16,69,52,218,208.34
"SKU-0256","BaseCamp Windbreaker","Apparel","BaseCamp",233.9,233.9,4,17,69,69,393,203.82
"SKU-0256","BaseCamp Windbreaker","Apparel","BaseCamp",233.9,171.03,5,0,69,69,438,225.31
"SKU-0256","BaseCamp Windbreaker","Apparel","BaseCamp",233.9,171.03,6,0,69,69,259,212.15
"SKU-0256","BaseCamp Windbreaker","Apparel","BaseCamp",233.9,171.03,7,0,69,69,460,203.82
"SKU-0256","BaseCamp Windbreaker","Apparel","BaseCamp",233.9,171.03,8,0,69,69,225,215.24
"SKU-0256","BaseCamp Windbreaker","Apparel","BaseCamp",233.9,171.03,9,0,69,69,383,202.81
"SKU-0256","BaseCamp Windbreaker","Apparel","BaseCamp",233.9,171.03,10,0,69,69,185,214.95
"SKU-0256","BaseCamp Windbreaker","Apparel","BaseCamp",233.9,171.03,11,0,69,69,152,218.8
"SKU-0256","BaseCamp Windbreaker","Apparel","BaseCamp",233.9,171.03,12,0,69,69,148,207.5
"SKU-0257","TerraFirm Neck Gaiter","Accessories","TerraFirm",77.1,77.1,1,5,55,5,89,67.99
"SKU-0257","TerraFirm Neck Gaiter","Accessories","TerraFirm",77.1,77.1,2,5,55,10,94,66.31
"SKU-0257","TerraFirm Neck Gaiter","Accessories","TerraFirm",77.1,77.1,3,6,55,16,81,70.5
"SKU-0257","TerraFirm Neck Gaiter","Accessories","TerraFirm",77.1,77.1,4,7,55,23,168,71.75
"SKU-0257","TerraFirm Neck Gaiter","Accessories","TerraFirm",77.1,67.46,5,6,55,29,139,70.47
"SKU-0257","TerraFirm Neck Gaiter","Accessories","TerraFirm",77.1,67.46,6,5,55,34,114,68.84
"SKU-0257","TerraFirm Neck Gaiter","Accessories","TerraFirm",77.1,67.46,7,5,55,39,146,71.64
"SKU-0257","TerraFirm Neck Gaiter","Accessories","TerraFirm",77.1,67.46,8,4,55,43,78,71.93
"SKU-0257","TerraFirm Neck Gaiter","Accessories","TerraFirm",77.1,67.46,9,6,55,49,156,72.01
"SKU-0257","TerraFirm Neck Gaiter","Accessories","TerraFirm",77.1,67.46,10,6,55,55,130,72.38
"SKU-0257","TerraFirm Neck Gaiter","Accessories","TerraFirm",77.1,67.46,11,0,55,55,65,72.78
"SKU-0257","TerraFirm Neck Gaiter","Accessories","TerraFirm",77.1,67.46,12,0,55,55,92,73.83
"SKU-0258","TerraFirm Tent","Camping","TerraFirm",220.91,220.91,1,10,90,10,209,211.62
"SKU-0258","TerraFirm Tent","Camping","TerraFirm",220.91,220.91,2,12,90,22,211,224.9
"SKU-0258","TerraFirm Tent","Camping","TerraFirm",220.91,220.91,3,13,90,35,285,219.76
"SKU-0258","TerraFirm Tent","Camping","TerraFirm",220.91,220.91,4,11,90,46,184,220.85
"SKU-0258","TerraFirm Tent","Camping","TerraFirm",220.91,220.91,5,9,90,55,134,229.19
"SKU-0258","TerraFirm Tent","Camping","TerraFirm",220.91,220.91,6,11,90,66,246,217.73
"SKU-0258","TerraFirm Tent","Camping","TerraFirm",220.91,220.91,7,13,90,79,197,222.31
"SKU-0258","TerraFirm Tent","Camping","TerraFirm",220.91,220.91,8,11,90,90,296,216.77
"SKU-0258","TerraFirm Tent","Camping","TerraFirm",220.91,220.91,9,0,90,90,208,232.86
"SKU-0258","TerraFirm Tent","Camping","TerraFirm",220.91,220.91,10,0,90,90,195,230.01
"SKU-0258","TerraFirm Tent","Camping","TerraFirm",220.91,220.91,11,0,90,90,194,223.15
"SKU-0258","TerraFirm Tent","Camping","TerraFirm",220.91,220.91,12,0,90,90,109,217.98
"SKU-0259","PeakGear Sleeping Bag IV","Camping","PeakGear",77.55,77.55,1,5,40,5,71,80.56
"SKU-0259","PeakGear Sleeping Bag IV","Camping","PeakGear",77.55,77.55,2,4,40,9,93,77.54
"SKU-0259","PeakGear Sleeping Bag IV","Camping","PeakGear",77.55,77.55,3,8,40,17,113,81.09
"SKU-0259","PeakGear Sleeping Bag IV","Camping","PeakGear",77.55,77.55,4,4,40,21,111,79.13
"SKU-0259","PeakGear Sleeping Bag IV","Camping","PeakGear",77.55,77.55,5,5,40,26,132,80.76
"SKU-0259","PeakGear Sleeping Bag IV","Camping","PeakGear",77.55,77.55,6,3,40,29,112,81.41
"SKU-0259","PeakGear Sleeping Bag IV","Camping","PeakGear",77.55,77.55,7,6,40,35,70,81.79
"SKU-0259","PeakGear Sleeping Bag IV","Camping","PeakGear",77.55,77.55,8,5,40,40,70,78.57
"SKU-0259","PeakGear Sleeping Bag IV","Camping","PeakGear",77.55,77.55,9,0,40,40,37,82.18
"SKU-0259","PeakGear Sleeping Bag IV","Camping","PeakGear",77.55,77.55,10,0,40,40,110,80.25
"SKU-0259","PeakGear Sleeping Bag IV","Camping","PeakGear",77.55,77.55,11,0,40,40,81,84.38
"SKU-0259","PeakGear Sleeping Bag IV","Camping","PeakGear",77.55,77.55,12,0,40,40,43,81.59
"SKU-0260","AlpineCore Paracord","Accessories","AlpineCore",56.74,56.74,1,10,104,10,223,60.33
"SKU-0260","AlpineCore Paracord","Accessories","AlpineCore",56.74,56.74,2,8,104,18,210,57.83
"SKU-0260","AlpineCore Paracord","Accessories","AlpineCore",56.74,56.74,3,8,104,26,167,60.03
"SKU-0260","AlpineCore Paracord","Accessories","AlpineCore",56.74,56.74,4,17,104,43,324,57.35
"SKU-0260","AlpineCore Paracord","Accessories","AlpineCore",56.74,56.74,5,15,104,58,288,59.85
"SKU-0260","AlpineCore Paracord","Accessories","AlpineCore",56.74,56.74,6,12,104,70,291,57.97
"SKU-0260","AlpineCore Paracord","Accessories","AlpineCore",56.74,56.74,7,14,104,84,250,57.99
"SKU-0260","AlpineCore Paracord","Accessories","AlpineCore",56.74,56.74,8,13,104,97,227,60.33
"SKU-0260","AlpineCore Paracord","Accessories","AlpineCore",56.74,56.74,9,7,104,104,159,57.27
"SKU-0260","AlpineCore Paracord","Accessories","AlpineCore",56.74,56.74,10,0,104,104,205,58.15
"SKU-0260","AlpineCore Paracord","Accessories","AlpineCore",56.74,56.74,11,0,104,104,121,59.67
"SKU-0260","AlpineCore Paracord","Accessories","AlpineCore",56.74,56.74,12,0,104,104,131,56.46
"SKU-0261","TrailBlaze Lantern","Camping","TrailBlaze",142.49,142.49,1,7,92,7,109,126.44
"SKU-0261","TrailBlaze Lantern","Camping","TrailBlaze",142.49,142.49,2,5,92,12,164,121.37
"SKU-0261","TrailBlaze Lantern","Camping","TrailBlaze",142.49,142.49,3,6,92,18,149,118.2
"SKU-0261","TrailBlaze Lantern","Camping","TrailBlaze",142.49,142.49,4,8,92,26,139,120.29
"SKU-0261","TrailBlaze Lantern","Camping","TrailBlaze",142.49,142.49,5,6,92,32,76,120.69
"SKU-0261","TrailBlaze Lantern","Camping","TrailBlaze",142.49,120.71,6,7,92,39,122,125.43
"SKU-0261","TrailBlaze Lantern","Camping","TrailBlaze",142.49,120.71,7,6,92,45,99,118.15
"SKU-0261","TrailBlaze Lantern","Camping","TrailBlaze",142.49,120.71,8,4,92,49,90,120.57
"SKU-0261","TrailBlaze Lantern","Camping","TrailBlaze",142.49,120.71,9,6,92,55,169,118.4
"SKU-0261","TrailBlaze Lantern","Camping","TrailBlaze",142.49,120.71,10,4,92,59,82,119.34
"SKU-0261","TrailBlaze Lantern","Camping","TrailBlaze",142.49,120.71,11,5,92,64,97,121.91
"SKU-0261","TrailBlaze Lantern","Camping","TrailBlaze",142.49,120.71,12,2,92,66,57,118.9
"SKU-0262","PeakGear Sunglasses II","Accessories","PeakGear",70.04,70.04,1,4,73,4,103,72.07
"SKU-0262","PeakGear Sunglasses II","Accessories","PeakGear",70.04,70.04,2,6,73,10,79,68.61
"SKU-0262","PeakGear Sunglasses II","Accessories","PeakGear",70.04,70.04,3,8,73,18,131,72.76
"SKU-0262","PeakGear Sunglasses II","Accessories","PeakGear",70.04,70.04,4,8,73,26,192,73.92
"SKU-0262","PeakGear Sunglasses II","Accessories","PeakGear",70.04,70.04,5,6,73,32,121,71.08
"SKU-0262","PeakGear Sunglasses II","Accessories","PeakGear",70.04,70.04,6,8,73,40,162,72.32
"SKU-0262","PeakGear Sunglasses II","Accessories","PeakGear",70.04,70.04,7,9,73,49,136,68.81
"SKU-0262","PeakGear Sunglasses II","Accessories","PeakGear",70.04,70.04,8,6,73,55,145,72.02
"SKU-0262","PeakGear Sunglasses II","Accessories","PeakGear",70.04,70.04,9,7,73,62,120,72.97
"SKU-0262","PeakGear Sunglasses II","Accessories","PeakGear",70.04,70.04,10,6,73,68,129,73.6
"SKU-0262","PeakGear Sunglasses II","Accessories","PeakGear",70.04,70.04,11,4,73,72,95,72.02
"SKU-0262","PeakGear Sunglasses II","Accessories","PeakGear",70.04,70.04,12,1,73,73,61,72.17
"SKU-0263","TrailBlaze Camp Towel","Accessories","TrailBlaze",235.71,235.71,1,4,108,4,90,235.74
"SKU-0263","TrailBlaze Camp Towel","Accessories","TrailBlaze",235.71,235.71,2,8,108,12,118,234.38
"SKU-0263","TrailBlaze Camp Towel","Accessories","TrailBlaze",235.71,235.71,3,10,108,22,80,220.57
"SKU-0263","TrailBlaze Camp Towel","Accessories","TrailBlaze",235.71,235.71,4,9,108,31,109,225.09
"SKU-0263","TrailBlaze Camp Towel","Accessories","TrailBlaze",235.71,235.71,5,7,108,38,138,212.36
"SKU-0263","TrailBlaze Camp Towel","Accessories","TrailBlaze",235.71,235.71,6,6,108,44,118,232.44
"SKU-0263","TrailBlaze Camp Towel","Accessories","TrailBlaze",235.71,189.84,7,6,108,50,105,222.13
"SKU-0263","TrailBlaze Camp Towel","Accessories","TrailBlaze",235.71,189.84,8,8,108,58,133,222.86
"SKU-0263","TrailBlaze Camp Towel","Accessories","TrailBlaze",235.71,189.84,9,8,108,66,114,216.49
"SKU-0263","TrailBlaze Camp Towel","Accessories","TrailBlaze",235.71,189.84,10,6,108,72,68,220.09
"SKU-0263","TrailBlaze Camp Towel","Accessories","TrailBlaze",235.71,189.84,11,6,108,78,79,214.92
"SKU-0263","TrailBlaze Camp Towel","Accessories","TrailBlaze",235.71,189.84,12,7,108,85,82,227.17
"SKU-0264","OuterBound First Aid Kit IV","Accessories","OuterBound",252.66,252.66,1,7,98,7,135,228.58
"SKU-0264","OuterBound First Aid Kit IV","Accessories","OuterBound",252.66,252.66,2,5,98,12,114,242.99
"SKU-0264","OuterBound First Aid Kit IV","Accessories","OuterBound",252.66,252.66,3,11,98,23,135,250.72
"SKU-0264","OuterBound First Aid Kit IV","Accessories","OuterBound",252.66,252.66,4,10,98,33,206,246.21
"SKU-0264","OuterBound First Aid Kit IV","Accessories","OuterBound",252.66,252.66,5,6,98,39,133,249.64
"SKU-0264","OuterBound First Aid Kit IV","Accessories","OuterBound",252.66,252.66,6,6,98,45,177,244.45
"SKU-0264","OuterBound First Aid Kit IV","Accessories","OuterBound",252.66,252.66,7,8,98,53,147,232.25
"SKU-0264","OuterBound First Aid Kit IV","Accessories","OuterBound",252.66,252.66,8,6,98,59,86,228.74
"SKU-0264","OuterBound First Aid Kit IV","Accessories","OuterBound",252.66,252.66,9,5,98,64,145,233.26
"SKU-0264","OuterBound First Aid Kit IV","Accessories","OuterBound",252.66,252.66,10,7,98,71,122,245.52
"SKU-0264","OuterBound First Aid Kit IV","Accessories","OuterBound",252.66,252.66,11,6,98,77,171,245.41
"SKU-0264","OuterBound First Aid Kit IV","Accessories","OuterBound",252.66,252.66,12,5,98,82,129,251.15
"SKU-0265","WildEdge Mattress Pad II","Camping","WildEdge",111.91,111.91,1,6,92,6,121,109.68
"SKU-0265","WildEdge Mattress Pad II","Camping","WildEdge",111.91,111.91,2,8,92,14,197,111.95
"SKU-0265","WildEdge Mattress Pad II","Camping","WildEdge",111.91,111.91,3,9,92,23,142,108.63
"SKU-0265","WildEdge Mattress Pad II","Camping","WildEdge",111.91,111.91,4,13,92,36,250,107.61
"SKU-0265","WildEdge Mattress Pad II","Camping","WildEdge",111.91,111.91,5,11,92,47,207,109.2
"SKU-0265","WildEdge Mattress Pad II","Camping","WildEdge",111.91,111.91,6,10,92,57,134,108.22
"SKU-0265","WildEdge Mattress Pad II","Camping","WildEdge",111.91,111.91,7,9,92,66,128,107.17
"SKU-0265","WildEdge Mattress Pad II","Camping","WildEdge",111.91,111.91,8,10,92,76,181,110.28
"SKU-0265","WildEdge Mattress Pad II","Camping","WildEdge",111.91,111.91,9,9,92,85,225,111.89
"SKU-0265","WildEdge Mattress Pad II","Camping","WildEdge",111.91,111.91,10,7,92,92,156,109.44
"SKU-0265","WildEdge Mattress Pad II","Camping","WildEdge",111.91,111.91,11,0,92,92,135,102.51
"SKU-0265","WildEdge Mattress Pad II","Camping","WildEdge",111.91,111.91,12,0,92,92,125,115.88
"SKU-0266","WildEdge Neck Gaiter","Accessories","WildEdge",148.18,148.18,1,6,106,6,89,167.77
"SKU-0266","WildEdge Neck Gaiter","Accessories","WildEdge",148.18,148.18,2,2,106,8,88,173.09
"SKU-0266","WildEdge Neck Gaiter","Accessories","WildEdge",148.18,148.18,3,2,106,10,118,165.08
"SKU-0266","WildEdge Neck Gaiter","Accessories","WildEdge",148.18,148.18,4,6,106,16,162,158.65
"SKU-0266","WildEdge Neck Gaiter","Accessories","WildEdge",148.18,148.18,5,5,106,21,133,161.8
"SKU-0266","WildEdge Neck Gaiter","Accessories","WildEdge",148.18,121.68,6,5,106,26,74,170.76
"SKU-0266","WildEdge Neck Gaiter","Accessories","WildEdge",148.18,121.68,7,4,106,30,130,166.88
"SKU-0266","WildEdge Neck Gaiter","Accessories","WildEdge",148.18,121.68,8,3,106,33,109,169.17
"SKU-0266","WildEdge Neck Gaiter","Accessories","WildEdge",148.18,121.68,9,2,106,35,91,170.33
"SKU-0266","WildEdge Neck Gaiter","Accessories","WildEdge",148.18,121.68,10,2,106,37,115,169.69
"SKU-0266","WildEdge Neck Gaiter","Accessories","WildEdge",148.18,121.68,11,6,106,43,55,170.9
"SKU-0266","WildEdge Neck Gaiter","Accessories","WildEdge",148.18,121.68,12,2,106,45,56,173.88
"SKU-0267","TrailBlaze Hammock","Camping","TrailBlaze",189.49,189.49,1,5,80,5,89,220.36
"SKU-0267","TrailBlaze Hammock","Camping","TrailBlaze",189.49,189.49,2,4,80,9,107,217.36
"SKU-0267","TrailBlaze Hammock","Camping","TrailBlaze",189.49,189.49,3,8,80,17,132,200.45
"SKU-0267","TrailBlaze Hammock","Camping","TrailBlaze",189.49,189.49,4,8,80,25,127,210.45
"SKU-0267","TrailBlaze Hammock","Camping","TrailBlaze",189.49,189.49,5,9,80,34,123,201.76
"SKU-0267","TrailBlaze Hammock","Camping","TrailBlaze",189.49,189.49,6,9,80,43,155,213.78
"SKU-0267","TrailBlaze Hammock","Camping","TrailBlaze",189.49,189.49,7,6,80,49,131,214.06
"SKU-0267","TrailBlaze Hammock","Camping","TrailBlaze",189.49,189.49,8,5,80,54,117,206.67
"SKU-0267","TrailBlaze Hammock","Camping","TrailBlaze",189.49,189.49,9,5,80,59,118,213.13
"SKU-0267","TrailBlaze Hammock","Camping","TrailBlaze",189.49,189.49,10,4,80,63,121,210.46
"SKU-0267","TrailBlaze Hammock","Camping","TrailBlaze",189.49,189.49,11,5,80,68,139,217.38
"SKU-0267","TrailBlaze Hammock","Camping","TrailBlaze",189.49,189.49,12,0,80,68,76,214.69
"SKU-0268","TerraFirm Trekking Poles","Hiking","TerraFirm",172.08,172.08,1,2,52,2,85,139.36
"SKU-0268","TerraFirm Trekking Poles","Hiking","TerraFirm",172.08,172.08,2,2,52,4,126,144.09
"SKU-0268","TerraFirm Trekking Poles","Hiking","TerraFirm",172.08,172.08,3,6,52,10,94,145.92
"SKU-0268","TerraFirm Trekking Poles","Hiking","TerraFirm",172.08,172.08,4,5,52,15,98,148.28
"SKU-0268","TerraFirm Trekking Poles","Hiking","TerraFirm",172.08,147.13,5,6,52,21,112,144.23
"SKU-0268","TerraFirm Trekking Poles","Hiking","TerraFirm",172.08,147.13,6,6,52,27,113,152.18
"SKU-0268","TerraFirm Trekking Poles","Hiking","TerraFirm",172.08,147.13,7,5,52,32,77,145.27
"SKU-0268","TerraFirm Trekking Poles","Hiking","TerraFirm",172.08,147.13,8,8,52,40,133,153.25
"SKU-0268","TerraFirm Trekking Poles","Hiking","TerraFirm",172.08,147.13,9,4,52,44,59,141.7
"SKU-0268","TerraFirm Trekking Poles","Hiking","TerraFirm",172.08,147.13,10,6,52,50,65,135.05
"SKU-0268","TerraFirm Trekking Poles","Hiking","TerraFirm",172.08,147.13,11,1,52,51,61,142.27
"SKU-0268","TerraFirm Trekking Poles","Hiking","TerraFirm",172.08,147.13,12,1,52,52,35,136.65
"SKU-0269","WildEdge Base Layer II","Apparel","WildEdge",265.23,265.23,1,1,46,1,66,261.08
"SKU-0269","WildEdge Base Layer II","Apparel","WildEdge",265.23,265.23,2,0,46,1,56,258.97
"SKU-0269","WildEdge Base Layer II","Apparel","WildEdge",265.23,265.23,3,0,46,1,72,265.41
"SKU-0269","WildEdge Base Layer II","Apparel","WildEdge",265.23,265.23,4,3,46,4,67,264.82
"SKU-0269","WildEdge Base Layer II","Apparel","WildEdge",265.23,192.9,5,6,46,10,102,262.9
"SKU-0269","WildEdge Base Layer II","Apparel","WildEdge",265.23,192.9,6,3,46,13,73,253.27
"SKU-0269","WildEdge Base Layer II","Apparel","WildEdge",265.23,192.9,7,11,46,24,69,264.8
"SKU-0269","WildEdge Base Layer II","Apparel","WildEdge",265.23,192.9,8,6,46,30,45,252.53
"SKU-0269","WildEdge Base Layer II","Apparel","WildEdge",265.23,192.9,9,5,46,35,31,259.13
"SKU-0269","WildEdge Base Layer II","Apparel","WildEdge",265.23,192.9,10,4,46,39,48,255.47
"SKU-0269","WildEdge Base Layer II","Apparel","WildEdge",265.23,192.9,11,5,46,44,60,263.71
"SKU-0269","WildEdge Base Layer II","Apparel","WildEdge",265.23,192.9,12,2,46,46,74,270.14
"SKU-0270","BaseCamp Water Filter","Hiking","BaseCamp",281.77,281.77,1,2,34,2,40,288.63
"SKU-0270","BaseCamp Water Filter","Hiking","BaseCamp",281.77,281.77,2,1,34,3,58,281.08
"SKU-0270","BaseCamp Water Filter","Hiking","BaseCamp",281.77,281.77,3,1,34,4,58,279.67
"SKU-0270","BaseCamp Water Filter","Hiking","BaseCamp",281.77,281.77,4,5,34,9,99,293.36
"SKU-0270","BaseCamp Water Filter","Hiking","BaseCamp",281.77,240.41,5,3,34,12,70,289.51
"SKU-0270","BaseCamp Water Filter","Hiking","BaseCamp",281.77,240.41,6,1,34,13,84,287.36
"SKU-0270","BaseCamp Water Filter","Hiking","BaseCamp",281.77,240.41,7,5,34,18,51,276.1
"SKU-0270","BaseCamp Water Filter","Hiking","BaseCamp",281.77,240.41,8,4,34,22,69,294.84
"SKU-0270","BaseCamp Water Filter","Hiking","BaseCamp",281.77,240.41,9,2,34,24,83,275.21
"SKU-0270","BaseCamp Water Filter","Hiking","BaseCamp",281.77,240.41,10,0,34,24,55,275.79
"SKU-0270","BaseCamp Water Filter","Hiking","BaseCamp",281.77,240.41,11,2,34,26,51,279.83
"SKU-0270","BaseCamp Water Filter","Hiking","BaseCamp",281.77,240.41,12,0,34,26,43,278.05
"SKU-0271","PeakGear Carabiner Set II","Accessories","PeakGear",114.86,114.86,1,2,117,2,83,111.77
"SKU-0271","PeakGear Carabiner Set II","Accessories","PeakGear",114.86,114.86,2,4,117,6,97,102.51
"SKU-0271","PeakGear Carabiner Set II","Accessories","PeakGear",114.86,114.86,3,6,117,12,153,107.52
"SKU-0271","PeakGear Carabiner Set II","Accessories","PeakGear",114.86,114.86,4,6,117,18,156,103.75
"SKU-0271","PeakGear Carabiner Set II","Accessories","PeakGear",114.86,114.86,5,6,117,24,104,104.43
"SKU-0271","PeakGear Carabiner Set II","Accessories","PeakGear",114.86,114.86,6,4,117,28,130,108.98
"SKU-0271","PeakGear Carabiner Set II","Accessories","PeakGear",114.86,102.59,7,6,117,34,64,103.68
"SKU-0271","PeakGear Carabiner Set II","Accessories","PeakGear",114.86,102.59,8,9,117,43,82,104.67
"SKU-0271","PeakGear Carabiner Set II","Accessories","PeakGear",114.86,102.59,9,5,117,48,56,104.39
"SKU-0271","PeakGear Carabiner Set II","Accessories","PeakGear",114.86,102.59,10,5,117,53,65,105.8
"SKU-0271","PeakGear Carabiner Set II","Accessories","PeakGear",114.86,102.59,11,5,117,58,78,103.41
"SKU-0271","PeakGear Carabiner Set II","Accessories","PeakGear",114.86,102.59,12,3,117,61,59,108.36
"SKU-0272","OuterBound Trekking Poles II","Hiking","OuterBound",216.45,216.45,1,4,67,4,143,191.13
"SKU-0272","OuterBound Trekking Poles II","Hiking","OuterBound",216.45,216.45,2,6,67,10,141,191.58
"SKU-0272","OuterBound Trekking Poles II","Hiking","OuterBound",216.45,216.45,3,4,67,14,171,201.62
"SKU-0272","OuterBound Trekking Poles II","Hiking","OuterBound",216.45,152.07,4,12,67,26,133,213.41
"SKU-0272","OuterBound Trekking Poles II","Hiking","OuterBound",216.45,152.07,5,8,67,34,127,206.63
"SKU-0272","OuterBound Trekking Poles II","Hiking","OuterBound",216.45,152.07,6,11,67,45,170,209.23
"SKU-0272","OuterBound Trekking Poles II","Hiking","OuterBound",216.45,152.07,7,10,67,55,75,202.36
"SKU-0272","OuterBound Trekking Poles II","Hiking","OuterBound",216.45,152.07,8,10,67,65,189,210.22
"SKU-0272","OuterBound Trekking Poles II","Hiking","OuterBound",216.45,152.07,9,2,67,67,117,206.09
"SKU-0272","OuterBound Trekking Poles II","Hiking","OuterBound",216.45,152.07,10,0,67,67,116,208.29
"SKU-0272","OuterBound Trekking Poles II","Hiking","OuterBound",216.45,152.07,11,0,67,67,80,202.88
"SKU-0272","OuterBound Trekking Poles II","Hiking","OuterBound",216.45,152.07,12,0,67,67,53,197.08
"SKU-0273","TrailBlaze GPS Watch","Hiking","TrailBlaze",211.57,211.57,1,5,72,5,112,206.72
"SKU-0273","TrailBlaze GPS Watch","Hiking","TrailBlaze",211.57,211.57,2,4,72,9,101,190.78
"SKU-0273","TrailBlaze GPS Watch","Hiking","TrailBlaze",211.57,211.57,3,6,72,15,168,189.56
"SKU-0273","TrailBlaze GPS Watch","Hiking","TrailBlaze",211.57,211.57,4,5,72,20,133,193.5
"SKU-0273","TrailBlaze GPS Watch","Hiking","TrailBlaze",211.57,211.57,5,6,72,26,184,190.43
"SKU-0273","TrailBlaze GPS Watch","Hiking","TrailBlaze",211.57,211.57,6,8,72,34,144,189.07
"SKU-0273","TrailBlaze GPS Watch","Hiking","TrailBlaze",211.57,211.57,7,6,72,40,88,190.17
"SKU-0273","TrailBlaze GPS Watch","Hiking","TrailBlaze",211.57,211.57,8,6,72,46,171,192.56
"SKU-0273","TrailBlaze GPS Watch","Hiking","TrailBlaze",211.57,211.57,9,6,72,52,153,186.44
"SKU-0273","TrailBlaze GPS Watch","Hiking","TrailBlaze",211.57,211.57,10,3,72,55,80,188.77
"SKU-0273","TrailBlaze GPS Watch","Hiking","TrailBlaze",211.57,211.57,11,7,72,62,65,183.98
"SKU-0273","TrailBlaze GPS Watch","Hiking","TrailBlaze",211.57,211.57,12,2,72,64,103,189.12
"SKU-0274","WildEdge Base Layer III","Apparel","WildEdge",98.68,98.68,1,5,57,5,77,105.71
"SKU-0274","WildEdge Base Layer III","Apparel","WildEdge",98.68,98.68,2,3,57,8,74,107.78
"SKU-0274","WildEdge Base Layer III","Apparel","WildEdge",98.68,98.68,3,4,57,12,127,104.31
"SKU-0274","WildEdge Base Layer III","Apparel","WildEdge",98.68,98.68,4,8,57,20,152,104.83
"SKU-0274","WildEdge Base Layer III","Apparel","WildEdge",98.68,86.91,5,6,57,26,85,108.57
"SKU-0274","WildEdge Base Layer III","Apparel","WildEdge",98.68,86.91,6,9,57,35,153,100.9
"SKU-0274","WildEdge Base Layer III","Apparel","WildEdge",98.68,86.91,7,10,57,45,97,101.02
"SKU-0274","WildEdge Base Layer III","Apparel","WildEdge",98.68,86.91,8,7,57,52,126,104.72
"SKU-0274","WildEdge Base Layer III","Apparel","WildEdge",98.68,86.91,9,5,57,57,100,100.74
"SKU-0274","WildEdge Base Layer III","Apparel","WildEdge",98.68,86.91,10,0,57,57,53,102.81
"SKU-0274","WildEdge Base Layer III","Apparel","WildEdge",98.68,86.91,11,0,57,57,68,105.48
"SKU-0274","WildEdge Base Layer III","Apparel","WildEdge",98.68,86.91,12,0,57,57,24,99.41
"SKU-0275","SummitPro Hammock III","Camping","SummitPro",25.98,25.98,1,11,71,11,226,21.91
"SKU-0275","SummitPro Hammock III","Camping","SummitPro",25.98,25.98,2,12,71,23,169,21.67
"SKU-0275","SummitPro Hammock III","Camping","SummitPro",25.98,25.98,3,14,71,37,280,23.24
"SKU-0275","SummitPro Hammock III","Camping","SummitPro",25.98,25.98,4,18,71,55,198,22.22
"SKU-0275","SummitPro Hammock III","Camping","SummitPro",25.98,25.98,5,16,71,71,279,21.76
"SKU-0275","SummitPro Hammock III","Camping","SummitPro",25.98,25.98,6,0,71,71,228,22.81
"SKU-0275","SummitPro Hammock III","Camping","SummitPro",25.98,22.06,7,0,71,71,349,22.87
"SKU-0275","SummitPro Hammock III","Camping","SummitPro",25.98,22.06,8,0,71,71,176,22.26
"SKU-0275","SummitPro Hammock III","Camping","SummitPro",25.98,22.06,9,0,71,71,265,22.57
"SKU-0275","SummitPro Hammock III","Camping","SummitPro",25.98,22.06,10,0,71,71,280,22.56
"SKU-0275","SummitPro Hammock III","Camping","SummitPro",25.98,22.06,11,0,71,71,98,23
"SKU-0275","SummitPro Hammock III","Camping","SummitPro",25.98,22.06,12,0,71,71,93,23.78
"SKU-0276","OuterBound GPS Watch II","Hiking","OuterBound",162.14,162.14,1,1,63,1,46,149.65
"SKU-0276","OuterBound GPS Watch II","Hiking","OuterBound",162.14,162.14,2,1,63,2,46,159.84
"SKU-0276","OuterBound GPS Watch II","Hiking","OuterBound",162.14,162.14,3,5,63,7,49,154.29
"SKU-0276","OuterBound GPS Watch II","Hiking","OuterBound",162.14,162.14,4,2,63,9,44,157.22
"SKU-0276","OuterBound GPS Watch II","Hiking","OuterBound",162.14,99.41,5,6,63,15,53,158.58
"SKU-0276","OuterBound GPS Watch II","Hiking","OuterBound",162.14,99.41,6,8,63,23,83,156.94
"SKU-0276","OuterBound GPS Watch II","Hiking","OuterBound",162.14,99.41,7,8,63,31,58,154.38
"SKU-0276","OuterBound GPS Watch II","Hiking","OuterBound",162.14,99.41,8,4,63,35,94,150.85
"SKU-0276","OuterBound GPS Watch II","Hiking","OuterBound",162.14,99.41,9,6,63,41,87,156.46
"SKU-0276","OuterBound GPS Watch II","Hiking","OuterBound",162.14,99.41,10,6,63,47,124,150.01
"SKU-0276","OuterBound GPS Watch II","Hiking","OuterBound",162.14,99.41,11,5,63,52,50,160.2
"SKU-0276","OuterBound GPS Watch II","Hiking","OuterBound",162.14,99.41,12,6,63,58,77,151.03
"SKU-0277","OuterBound Base Layer II","Apparel","OuterBound",118.7,118.7,1,4,75,4,99,126.02
"SKU-0277","OuterBound Base Layer II","Apparel","OuterBound",118.7,118.7,2,6,75,10,127,126.88
"SKU-0277","OuterBound Base Layer II","Apparel","OuterBound",118.7,118.7,3,7,75,17,121,125.2
"SKU-0277","OuterBound Base Layer II","Apparel","OuterBound",118.7,88.13,4,14,75,31,143,124.45
"SKU-0277","OuterBound Base Layer II","Apparel","OuterBound",118.7,88.13,5,13,75,44,179,129.22
"SKU-0277","OuterBound Base Layer II","Apparel","OuterBound",118.7,88.13,6,13,75,57,180,121.36
"SKU-0277","OuterBound Base Layer II","Apparel","OuterBound",118.7,88.13,7,13,75,70,166,128.64
"SKU-0277","OuterBound Base Layer II","Apparel","OuterBound",118.7,88.13,8,5,75,75,101,125.39
"SKU-0277","OuterBound Base Layer II","Apparel","OuterBound",118.7,88.13,9,0,75,75,118,126.4
"SKU-0277","OuterBound Base Layer II","Apparel","OuterBound",118.7,88.13,10,0,75,75,69,126.06
"SKU-0277","OuterBound Base Layer II","Apparel","OuterBound",118.7,88.13,11,0,75,75,59,129.42
"SKU-0277","OuterBound Base Layer II","Apparel","OuterBound",118.7,88.13,12,0,75,75,37,125.83
"SKU-0278","TrailBlaze Gaiters III","Hiking","TrailBlaze",65.63,65.63,1,24,119,24,352,67.92
"SKU-0278","TrailBlaze Gaiters III","Hiking","TrailBlaze",65.63,65.63,2,27,119,51,391,70.44
"SKU-0278","TrailBlaze Gaiters III","Hiking","TrailBlaze",65.63,65.63,3,30,119,81,437,69.97
"SKU-0278","TrailBlaze Gaiters III","Hiking","TrailBlaze",65.63,65.63,4,33,119,114,390,71.99
"SKU-0278","TrailBlaze Gaiters III","Hiking","TrailBlaze",65.63,65.63,5,5,119,119,360,72.36
"SKU-0278","TrailBlaze Gaiters III","Hiking","TrailBlaze",65.63,65.63,6,0,119,119,465,73.05
"SKU-0278","TrailBlaze Gaiters III","Hiking","TrailBlaze",65.63,65.63,7,0,119,119,303,69.29
"SKU-0278","TrailBlaze Gaiters III","Hiking","TrailBlaze",65.63,65.63,8,0,119,119,582,75.97
"SKU-0278","TrailBlaze Gaiters III","Hiking","TrailBlaze",65.63,65.63,9,0,119,119,282,71.06
"SKU-0278","TrailBlaze Gaiters III","Hiking","TrailBlaze",65.63,65.63,10,0,119,119,358,74.05
"SKU-0278","TrailBlaze Gaiters III","Hiking","TrailBlaze",65.63,65.63,11,0,119,119,336,73.03
"SKU-0278","TrailBlaze Gaiters III","Hiking","TrailBlaze",65.63,65.63,12,0,119,119,350,73.59
"SKU-0279","SummitPro Headlamp","Hiking","SummitPro",191.63,191.63,1,1,48,1,46,202.45
"SKU-0279","SummitPro Headlamp","Hiking","SummitPro",191.63,191.63,2,3,48,4,32,197.62
"SKU-0279","SummitPro Headlamp","Hiking","SummitPro",191.63,121.37,3,6,48,10,103,205.59
"SKU-0279","SummitPro Headlamp","Hiking","SummitPro",191.63,121.37,4,5,48,15,70,185.68
"SKU-0279","SummitPro Headlamp","Hiking","SummitPro",191.63,121.37,5,7,48,22,111,203.44
"SKU-0279","SummitPro Headlamp","Hiking","SummitPro",191.63,121.37,6,6,48,28,78,202.09
"SKU-0279","SummitPro Headlamp","Hiking","SummitPro",191.63,121.37,7,6,48,34,46,206.32
"SKU-0279","SummitPro Headlamp","Hiking","SummitPro",191.63,121.37,8,5,48,39,57,201.38
"SKU-0279","SummitPro Headlamp","Hiking","SummitPro",191.63,121.37,9,5,48,44,70,203.5
"SKU-0279","SummitPro Headlamp","Hiking","SummitPro",191.63,121.37,10,4,48,48,58,208.05
"SKU-0279","SummitPro Headlamp","Hiking","SummitPro",191.63,121.37,11,0,48,48,45,198.28
"SKU-0279","SummitPro Headlamp","Hiking","SummitPro",191.63,121.37,12,0,48,48,93,201.05
"SKU-0280","PeakGear Multi-Tool III","Accessories","PeakGear",65.52,65.52,1,4,88,4,47,65.85
"SKU-0280","PeakGear Multi-Tool III","Accessories","PeakGear",65.52,65.52,2,1,88,5,40,70.59
"SKU-0280","PeakGear Multi-Tool III","Accessories","PeakGear",65.52,65.52,3,2,88,7,40,68.52
"SKU-0280","PeakGear Multi-Tool III","Accessories","PeakGear",65.52,65.52,4,3,88,10,48,62.89
"SKU-0280","PeakGear Multi-Tool III","Accessories","PeakGear",65.52,41.17,5,6,88,16,110,67.28
"SKU-0280","PeakGear Multi-Tool III","Accessories","PeakGear",65.52,41.17,6,7,88,23,71,67.61
"SKU-0280","PeakGear Multi-Tool III","Accessories","PeakGear",65.52,41.17,7,4,88,27,54,70.69
"SKU-0280","PeakGear Multi-Tool III","Accessories","PeakGear",65.52,41.17,8,5,88,32,117,66.73
"SKU-0280","PeakGear Multi-Tool III","Accessories","PeakGear",65.52,41.17,9,2,88,34,94,71.5
"SKU-0280","PeakGear Multi-Tool III","Accessories","PeakGear",65.52,41.17,10,6,88,40,53,64.47
"SKU-0280","PeakGear Multi-Tool III","Accessories","PeakGear",65.52,41.17,11,6,88,46,51,68.23
"SKU-0280","PeakGear Multi-Tool III","Accessories","PeakGear",65.52,41.17,12,5,88,51,45,67.12
"SKU-0281","SummitPro Mattress Pad II","Camping","SummitPro",208.58,208.58,1,7,108,7,119,197.03
"SKU-0281","SummitPro Mattress Pad II","Camping","SummitPro",208.58,208.58,2,10,108,17,193,190.76
"SKU-0281","SummitPro Mattress Pad II","Camping","SummitPro",208.58,208.58,3,8,108,25,202,188.23
"SKU-0281","SummitPro Mattress Pad II","Camping","SummitPro",208.58,208.58,4,9,108,34,234,195.49
"SKU-0281","SummitPro Mattress Pad II","Camping","SummitPro",208.58,181.13,5,11,108,45,169,186.28
"SKU-0281","SummitPro Mattress Pad II","Camping","SummitPro",208.58,181.13,6,10,108,55,117,189.74
"SKU-0281","SummitPro Mattress Pad II","Camping","SummitPro",208.58,181.13,7,11,108,66,180,181.69
"SKU-0281","SummitPro Mattress Pad II","Camping","SummitPro",208.58,181.13,8,10,108,76,230,189.19
"SKU-0281","SummitPro Mattress Pad II","Camping","SummitPro",208.58,181.13,9,12,108,88,150,197.81
"SKU-0281","SummitPro Mattress Pad II","Camping","SummitPro",208.58,181.13,10,8,108,96,153,196.67
"SKU-0281","SummitPro Mattress Pad II","Camping","SummitPro",208.58,181.13,11,6,108,102,109,195.04
"SKU-0281","SummitPro Mattress Pad II","Camping","SummitPro",208.58,181.13,12,5,108,107,119,178.49
"SKU-0282","PeakGear Multi-Tool IV","Accessories","PeakGear",136.52,136.52,1,0,35,0,39,150.66
"SKU-0282","PeakGear Multi-Tool IV","Accessories","PeakGear",136.52,136.52,2,2,35,2,55,149.35
"SKU-0282","PeakGear Multi-Tool IV","Accessories","PeakGear",136.52,136.52,3,2,35,4,70,149.37
"SKU-0282","PeakGear Multi-Tool IV","Accessories","PeakGear",136.52,136.52,4,2,35,6,62,160.1
"SKU-0282","PeakGear Multi-Tool IV","Accessories","PeakGear",136.52,136.52,5,2,35,8,27,150.48
"SKU-0282","PeakGear Multi-Tool IV","Accessories","PeakGear",136.52,136.52,6,3,35,11,28,151.44
"SKU-0282","PeakGear Multi-Tool IV","Accessories","PeakGear",136.52,136.52,7,0,35,11,28,150.96
"SKU-0282","PeakGear Multi-Tool IV","Accessories","PeakGear",136.52,136.52,8,2,35,13,72,156.19
"SKU-0282","PeakGear Multi-Tool IV","Accessories","PeakGear",136.52,136.52,9,0,35,13,72,148.56
"SKU-0282","PeakGear Multi-Tool IV","Accessories","PeakGear",136.52,136.52,10,0,35,13,16,156.31
"SKU-0282","PeakGear Multi-Tool IV","Accessories","PeakGear",136.52,136.52,11,0,35,13,49,144.67
"SKU-0282","PeakGear Multi-Tool IV","Accessories","PeakGear",136.52,136.52,12,1,35,14,12,146.4
"SKU-0283","TerraFirm Carabiner Set","Accessories","TerraFirm",158.35,158.35,1,6,48,6,76,141.19
"SKU-0283","TerraFirm Carabiner Set","Accessories","TerraFirm",158.35,158.35,2,4,48,10,90,145.75
"SKU-0283","TerraFirm Carabiner Set","Accessories","TerraFirm",158.35,158.35,3,3,48,13,49,143.19
"SKU-0283","TerraFirm Carabiner Set","Accessories","TerraFirm",158.35,158.35,4,5,48,18,83,145.5
"SKU-0283","TerraFirm Carabiner Set","Accessories","TerraFirm",158.35,127.96,5,3,48,21,122,145.25
"SKU-0283","TerraFirm Carabiner Set","Accessories","TerraFirm",158.35,127.96,6,6,48,27,88,136.5
"SKU-0283","TerraFirm Carabiner Set","Accessories","TerraFirm",158.35,127.96,7,5,48,32,78,140.67
"SKU-0283","TerraFirm Carabiner Set","Accessories","TerraFirm",158.35,127.96,8,0,48,32,36,140.18
"SKU-0283","TerraFirm Carabiner Set","Accessories","TerraFirm",158.35,127.96,9,5,48,37,76,140.22
"SKU-0283","TerraFirm Carabiner Set","Accessories","TerraFirm",158.35,127.96,10,2,48,39,44,138.74
"SKU-0283","TerraFirm Carabiner Set","Accessories","TerraFirm",158.35,127.96,11,6,48,45,54,142.34
"SKU-0283","TerraFirm Carabiner Set","Accessories","TerraFirm",158.35,127.96,12,0,48,45,49,139.85
"SKU-0284","AlpineCore Rain Jacket","Apparel","AlpineCore",113.35,113.35,1,12,119,12,172,109.18
"SKU-0284","AlpineCore Rain Jacket","Apparel","AlpineCore",113.35,113.35,2,15,119,27,161,108.19
"SKU-0284","AlpineCore Rain Jacket","Apparel","AlpineCore",113.35,113.35,3,17,119,44,249,109.53
"SKU-0284","AlpineCore Rain Jacket","Apparel","AlpineCore",113.35,113.35,4,21,119,65,347,110.18
"SKU-0284","AlpineCore Rain Jacket","Apparel","AlpineCore",113.35,113.35,5,15,119,80,202,110.94
"SKU-0284","AlpineCore Rain Jacket","Apparel","AlpineCore",113.35,113.35,6,16,119,96,299,112.99
"SKU-0284","AlpineCore Rain Jacket","Apparel","AlpineCore",113.35,113.35,7,15,119,111,164,113.65
"SKU-0284","AlpineCore Rain Jacket","Apparel","AlpineCore",113.35,113.35,8,8,119,119,214,110.52
"SKU-0284","AlpineCore Rain Jacket","Apparel","AlpineCore",113.35,113.35,9,0,119,119,325,110.37
"SKU-0284","AlpineCore Rain Jacket","Apparel","AlpineCore",113.35,113.35,10,0,119,119,197,106.18
"SKU-0284","AlpineCore Rain Jacket","Apparel","AlpineCore",113.35,113.35,11,0,119,119,220,112.98
"SKU-0284","AlpineCore Rain Jacket","Apparel","AlpineCore",113.35,113.35,12,0,119,119,152,111.99
"SKU-0285","TerraFirm Windbreaker","Apparel","TerraFirm",161.51,161.51,1,2,50,2,89,160.56
"SKU-0285","TerraFirm Windbreaker","Apparel","TerraFirm",161.51,161.51,2,4,50,6,103,163.42
"SKU-0285","TerraFirm Windbreaker","Apparel","TerraFirm",161.51,123.87,3,9,50,15,97,159.78
"SKU-0285","TerraFirm Windbreaker","Apparel","TerraFirm",161.51,123.87,4,9,50,24,141,157.38
"SKU-0285","TerraFirm Windbreaker","Apparel","TerraFirm",161.51,123.87,5,9,50,33,140,156.82
"SKU-0285","TerraFirm Windbreaker","Apparel","TerraFirm",161.51,123.87,6,8,50,41,150,162.96
"SKU-0285","TerraFirm Windbreaker","Apparel","TerraFirm",161.51,123.87,7,9,50,50,158,161.15
"SKU-0285","TerraFirm Windbreaker","Apparel","TerraFirm",161.51,123.87,8,0,50,50,102,153.23
"SKU-0285","TerraFirm Windbreaker","Apparel","TerraFirm",161.51,123.87,9,0,50,50,120,153.01
"SKU-0285","TerraFirm Windbreaker","Apparel","TerraFirm",161.51,123.87,10,0,50,50,78,154.88
"SKU-0285","TerraFirm Windbreaker","Apparel","TerraFirm",161.51,123.87,11,0,50,50,47,157.99
"SKU-0285","TerraFirm Windbreaker","Apparel","TerraFirm",161.51,123.87,12,0,50,50,94,155.61
"SKU-0286","TrailBlaze Water Filter","Hiking","TrailBlaze",50.38,50.38,1,18,104,18,274,44.8
"SKU-0286","TrailBlaze Water Filter","Hiking","TrailBlaze",50.38,50.38,2,24,104,42,248,44.92
"SKU-0286","TrailBlaze Water Filter","Hiking","TrailBlaze",50.38,50.38,3,24,104,66,348,44.74
"SKU-0286","TrailBlaze Water Filter","Hiking","TrailBlaze",50.38,37.7,4,38,104,104,456,42.17
"SKU-0286","TrailBlaze Water Filter","Hiking","TrailBlaze",50.38,37.7,5,0,104,104,347,42.78
"SKU-0286","TrailBlaze Water Filter","Hiking","TrailBlaze",50.38,37.7,6,0,104,104,217,45.18
"SKU-0286","TrailBlaze Water Filter","Hiking","TrailBlaze",50.38,37.7,7,0,104,104,372,45.39
"SKU-0286","TrailBlaze Water Filter","Hiking","TrailBlaze",50.38,37.7,8,0,104,104,224,45.33
"SKU-0286","TrailBlaze Water Filter","Hiking","TrailBlaze",50.38,37.7,9,0,104,104,283,44.94
"SKU-0286","TrailBlaze Water Filter","Hiking","TrailBlaze",50.38,37.7,10,0,104,104,180,44
"SKU-0286","TrailBlaze Water Filter","Hiking","TrailBlaze",50.38,37.7,11,0,104,104,175,44.07
"SKU-0286","TrailBlaze Water Filter","Hiking","TrailBlaze",50.38,37.7,12,0,104,104,189,43.68
"SKU-0287","SummitPro Sun Hat IV","Apparel","SummitPro",41.92,41.92,1,12,86,12,205,42.47
"SKU-0287","SummitPro Sun Hat IV","Apparel","SummitPro",41.92,41.92,2,12,86,24,255,44.18
"SKU-0287","SummitPro Sun Hat IV","Apparel","SummitPro",41.92,41.92,3,18,86,42,271,42.74
"SKU-0287","SummitPro Sun Hat IV","Apparel","SummitPro",41.92,41.92,4,19,86,61,247,42.71
"SKU-0287","SummitPro Sun Hat IV","Apparel","SummitPro",41.92,41.92,5,14,86,75,202,41.49
"SKU-0287","SummitPro Sun Hat IV","Apparel","SummitPro",41.92,41.92,6,11,86,86,331,42.89
"SKU-0287","SummitPro Sun Hat IV","Apparel","SummitPro",41.92,41.92,7,0,86,86,280,43.68
"SKU-0287","SummitPro Sun Hat IV","Apparel","SummitPro",41.92,41.92,8,0,86,86,257,42.64
"SKU-0287","SummitPro Sun Hat IV","Apparel","SummitPro",41.92,41.92,9,0,86,86,309,42.51
"SKU-0287","SummitPro Sun Hat IV","Apparel","SummitPro",41.92,41.92,10,0,86,86,286,40.37
"SKU-0287","SummitPro Sun Hat IV","Apparel","SummitPro",41.92,41.92,11,0,86,86,193,40.78
"SKU-0287","SummitPro Sun Hat IV","Apparel","SummitPro",41.92,41.92,12,0,86,86,202,42.48
"SKU-0288","TerraFirm GPS Watch","Hiking","TerraFirm",117.72,117.72,1,3,53,3,69,107.28
"SKU-0288","TerraFirm GPS Watch","Hiking","TerraFirm",117.72,117.72,2,4,53,7,111,111.19
"SKU-0288","TerraFirm GPS Watch","Hiking","TerraFirm",117.72,117.72,3,3,53,10,63,111.6
"SKU-0288","TerraFirm GPS Watch","Hiking","TerraFirm",117.72,117.72,4,1,53,11,71,107.64
"SKU-0288","TerraFirm GPS Watch","Hiking","TerraFirm",117.72,117.72,5,4,53,15,44,107.43
"SKU-0288","TerraFirm GPS Watch","Hiking","TerraFirm",117.72,117.72,6,6,53,21,57,112.06
"SKU-0288","TerraFirm GPS Watch","Hiking","TerraFirm",117.72,117.72,7,5,53,26,100,107.34
"SKU-0288","TerraFirm GPS Watch","Hiking","TerraFirm",117.72,117.72,8,2,53,28,106,112.61
"SKU-0288","TerraFirm GPS Watch","Hiking","TerraFirm",117.72,117.72,9,4,53,32,53,112.37
"SKU-0288","TerraFirm GPS Watch","Hiking","TerraFirm",117.72,117.72,10,2,53,34,65,105.66
"SKU-0288","TerraFirm GPS Watch","Hiking","TerraFirm",117.72,117.72,11,2,53,36,49,107.66
"SKU-0288","TerraFirm GPS Watch","Hiking","TerraFirm",117.72,117.72,12,1,53,37,42,106.54
"SKU-0289","WildEdge Sleeping Bag III","Camping","WildEdge",155.6,155.6,1,4,84,4,119,169.21
"SKU-0289","WildEdge Sleeping Bag III","Camping","WildEdge",155.6,155.6,2,5,84,9,161,166.02
"SKU-0289","WildEdge Sleeping Bag III","Camping","WildEdge",155.6,155.6,3,7,84,16,73,169.66
"SKU-0289","WildEdge Sleeping Bag III","Camping","WildEdge",155.6,155.6,4,7,84,23,121,175.39
"SKU-0289","WildEdge Sleeping Bag III","Camping","WildEdge",155.6,155.6,5,8,84,31,91,168.28
"SKU-0289","WildEdge Sleeping Bag III","Camping","WildEdge",155.6,155.6,6,9,84,40,123,181.42
"SKU-0289","WildEdge Sleeping Bag III","Camping","WildEdge",155.6,155.6,7,6,84,46,202,179.26
"SKU-0289","WildEdge Sleeping Bag III","Camping","WildEdge",155.6,155.6,8,5,84,51,122,176.4
"SKU-0289","WildEdge Sleeping Bag III","Camping","WildEdge",155.6,155.6,9,7,84,58,130,180.56
"SKU-0289","WildEdge Sleeping Bag III","Camping","WildEdge",155.6,155.6,10,7,84,65,69,161.02
"SKU-0289","WildEdge Sleeping Bag III","Camping","WildEdge",155.6,155.6,11,4,84,69,102,169.01
"SKU-0289","WildEdge Sleeping Bag III","Camping","WildEdge",155.6,155.6,12,3,84,72,66,168.05
"SKU-0290","OuterBound Camp Towel III","Accessories","OuterBound",150.02,150.02,1,2,99,2,87,153.43
"SKU-0290","OuterBound Camp Towel III","Accessories","OuterBound",150.02,150.02,2,3,99,5,67,148.47
"SKU-0290","OuterBound Camp Towel III","Accessories","OuterBound",150.02,150.02,3,4,99,9,39,154.99
"SKU-0290","OuterBound Camp Towel III","Accessories","OuterBound",150.02,150.02,4,4,99,13,69,149.28
"SKU-0290","OuterBound Camp Towel III","Accessories","OuterBound",150.02,128.06,5,2,99,15,72,142.28
"SKU-0290","OuterBound Camp Towel III","Accessories","OuterBound",150.02,128.06,6,7,99,22,92,152.37
"SKU-0290","OuterBound Camp Towel III","Accessories","OuterBound",150.02,128.06,7,4,99,26,87,142.57
"SKU-0290","OuterBound Camp Towel III","Accessories","OuterBound",150.02,128.06,8,2,99,28,67,147.8
"SKU-0290","OuterBound Camp Towel III","Accessories","OuterBound",150.02,128.06,9,5,99,33,69,146.52
"SKU-0290","OuterBound Camp Towel III","Accessories","OuterBound",150.02,128.06,10,2,99,35,63,152.12
"SKU-0290","OuterBound Camp Towel III","Accessories","OuterBound",150.02,128.06,11,3,99,38,68,154.67
"SKU-0290","OuterBound Camp Towel III","Accessories","OuterBound",150.02,128.06,12,0,99,38,35,145.81
"SKU-0291","TerraFirm Tent II","Camping","TerraFirm",297.44,297.44,1,9,90,9,194,255.68
"SKU-0291","TerraFirm Tent II","Camping","TerraFirm",297.44,297.44,2,10,90,19,186,256.82
"SKU-0291","TerraFirm Tent II","Camping","TerraFirm",297.44,297.44,3,13,90,32,198,265.31
"SKU-0291","TerraFirm Tent II","Camping","TerraFirm",297.44,190.28,4,20,90,52,160,266.13
"SKU-0291","TerraFirm Tent II","Camping","TerraFirm",297.44,190.28,5,21,90,73,239,255.6
"SKU-0291","TerraFirm Tent II","Camping","TerraFirm",297.44,190.28,6,17,90,90,282,254.29
"SKU-0291","TerraFirm Tent II","Camping","TerraFirm",297.44,190.28,7,0,90,90,112,260.34
"SKU-0291","TerraFirm Tent II","Camping","TerraFirm",297.44,190.28,8,0,90,90,214,237.82
"SKU-0291","TerraFirm Tent II","Camping","TerraFirm",297.44,190.28,9,0,90,90,258,252.66
"SKU-0291","TerraFirm Tent II","Camping","TerraFirm",297.44,190.28,10,0,90,90,179,268.1
"SKU-0291","TerraFirm Tent II","Camping","TerraFirm",297.44,190.28,11,0,90,90,189,277.02
"SKU-0291","TerraFirm Tent II","Camping","TerraFirm",297.44,190.28,12,0,90,90,189,271.89
"SKU-0292","TerraFirm Lantern","Camping","TerraFirm",246.85,246.85,1,3,78,3,112,283.5
"SKU-0292","TerraFirm Lantern","Camping","TerraFirm",246.85,246.85,2,4,78,7,106,277.73
"SKU-0292","TerraFirm Lantern","Camping","TerraFirm",246.85,246.85,3,7,78,14,54,284.95
"SKU-0292","TerraFirm Lantern","Camping","TerraFirm",246.85,246.85,4,7,78,21,92,290.59
"SKU-0292","TerraFirm Lantern","Camping","TerraFirm",246.85,209.87,5,5,78,26,129,279.73
"SKU-0292","TerraFirm Lantern","Camping","TerraFirm",246.85,209.87,6,4,78,30,68,276.06
"SKU-0292","TerraFirm Lantern","Camping","TerraFirm",246.85,209.87,7,4,78,34,78,266.3
"SKU-0292","TerraFirm Lantern","Camping","TerraFirm",246.85,209.87,8,5,78,39,118,269.6
"SKU-0292","TerraFirm Lantern","Camping","TerraFirm",246.85,209.87,9,3,78,42,92,270.19
"SKU-0292","TerraFirm Lantern","Camping","TerraFirm",246.85,209.87,10,6,78,48,82,267.31
"SKU-0292","TerraFirm Lantern","Camping","TerraFirm",246.85,209.87,11,4,78,52,119,273.88
"SKU-0292","TerraFirm Lantern","Camping","TerraFirm",246.85,209.87,12,3,78,55,81,264.46
"SKU-0293","TrailBlaze Sun Hat","Apparel","TrailBlaze",124.76,124.76,1,19,93,19,353,131.99
"SKU-0293","TrailBlaze Sun Hat","Apparel","TrailBlaze",124.76,124.76,2,22,93,41,342,123.1
"SKU-0293","TrailBlaze Sun Hat","Apparel","TrailBlaze",124.76,124.76,3,24,93,65,267,127.85
"SKU-0293","TrailBlaze Sun Hat","Apparel","TrailBlaze",124.76,124.76,4,28,93,93,396,130.77
"SKU-0293","TrailBlaze Sun Hat","Apparel","TrailBlaze",124.76,124.76,5,0,93,93,324,131.31
"SKU-0293","TrailBlaze Sun Hat","Apparel","TrailBlaze",124.76,107.75,6,0,93,93,380,133.69
"SKU-0293","TrailBlaze Sun Hat","Apparel","TrailBlaze",124.76,107.75,7,0,93,93,452,131.37
"SKU-0293","TrailBlaze Sun Hat","Apparel","TrailBlaze",124.76,107.75,8,0,93,93,452,130.21
"SKU-0293","TrailBlaze Sun Hat","Apparel","TrailBlaze",124.76,107.75,9,0,93,93,350,120.55
"SKU-0293","TrailBlaze Sun Hat","Apparel","TrailBlaze",124.76,107.75,10,0,93,93,298,134.15
"SKU-0293","TrailBlaze Sun Hat","Apparel","TrailBlaze",124.76,107.75,11,0,93,93,273,130.25
"SKU-0293","TrailBlaze Sun Hat","Apparel","TrailBlaze",124.76,107.75,12,0,93,93,213,133.72
"SKU-0294","WildEdge Hydration Pack II","Hiking","WildEdge",148.31,148.31,1,11,80,11,136,169.57
"SKU-0294","WildEdge Hydration Pack II","Hiking","WildEdge",148.31,148.31,2,10,80,21,100,161.42
"SKU-0294","WildEdge Hydration Pack II","Hiking","WildEdge",148.31,148.31,3,10,80,31,253,165.07
"SKU-0294","WildEdge Hydration Pack II","Hiking","WildEdge",148.31,148.31,4,14,80,45,188,173.37
"SKU-0294","WildEdge Hydration Pack II","Hiking","WildEdge",148.31,100.51,5,18,80,63,249,164.68
"SKU-0294","WildEdge Hydration Pack II","Hiking","WildEdge",148.31,100.51,6,15,80,78,197,169.49
"SKU-0294","WildEdge Hydration Pack II","Hiking","WildEdge",148.31,100.51,7,2,80,80,303,173.77
"SKU-0294","WildEdge Hydration Pack II","Hiking","WildEdge",148.31,100.51,8,0,80,80,145,170.79
"SKU-0294","WildEdge Hydration Pack II","Hiking","WildEdge",148.31,100.51,9,0,80,80,191,168.87
"SKU-0294","WildEdge Hydration Pack II","Hiking","WildEdge",148.31,100.51,10,0,80,80,92,170.84
"SKU-0294","WildEdge Hydration Pack II","Hiking","WildEdge",148.31,100.51,11,0,80,80,121,173.16
"SKU-0294","WildEdge Hydration Pack II","Hiking","WildEdge",148.31,100.51,12,0,80,80,90,171.44
"SKU-0295","TrailBlaze Stove II","Camping","TrailBlaze",217.56,217.56,1,14,95,14,234,181.06
"SKU-0295","TrailBlaze Stove II","Camping","TrailBlaze",217.56,217.56,2,11,95,25,166,184.51
"SKU-0295","TrailBlaze Stove II","Camping","TrailBlaze",217.56,217.56,3,19,95,44,360,177.37
"SKU-0295","TrailBlaze Stove II","Camping","TrailBlaze",217.56,217.56,4,22,95,66,329,183.51
"SKU-0295","TrailBlaze Stove II","Camping","TrailBlaze",217.56,217.56,5,17,95,83,276,194.24
"SKU-0295","TrailBlaze Stove II","Camping","TrailBlaze",217.56,176.56,6,12,95,95,274,187.02
"SKU-0295","TrailBlaze Stove II","Camping","TrailBlaze",217.56,176.56,7,0,95,95,195,199.13
"SKU-0295","TrailBlaze Stove II","Camping","TrailBlaze",217.56,176.56,8,0,95,95,368,194.12
"SKU-0295","TrailBlaze Stove II","Camping","TrailBlaze",217.56,176.56,9,0,95,95,169,180.84
"SKU-0295","TrailBlaze Stove II","Camping","TrailBlaze",217.56,176.56,10,0,95,95,239,189.94
"SKU-0295","TrailBlaze Stove II","Camping","TrailBlaze",217.56,176.56,11,0,95,95,114,182.34
"SKU-0295","TrailBlaze Stove II","Camping","TrailBlaze",217.56,176.56,12,0,95,95,250,189.79
"SKU-0296","WildEdge Trekking Poles","Hiking","WildEdge",263.72,263.72,1,3,75,3,40,301.5
"SKU-0296","WildEdge Trekking Poles","Hiking","WildEdge",263.72,263.72,2,5,75,8,130,286.1
"SKU-0296","WildEdge Trekking Poles","Hiking","WildEdge",263.72,263.72,3,5,75,13,141,303.59
"SKU-0296","WildEdge Trekking Poles","Hiking","WildEdge",263.72,203.13,4,9,75,22,142,311.38
"SKU-0296","WildEdge Trekking Poles","Hiking","WildEdge",263.72,203.13,5,7,75,29,105,294.79
"SKU-0296","WildEdge Trekking Poles","Hiking","WildEdge",263.72,203.13,6,3,75,32,116,298.07
"SKU-0296","WildEdge Trekking Poles","Hiking","WildEdge",263.72,203.13,7,5,75,37,83,299.43
"SKU-0296","WildEdge Trekking Poles","Hiking","WildEdge",263.72,203.13,8,8,75,45,116,299.32
"SKU-0296","WildEdge Trekking Poles","Hiking","WildEdge",263.72,203.13,9,5,75,50,84,285.23
"SKU-0296","WildEdge Trekking Poles","Hiking","WildEdge",263.72,203.13,10,4,75,54,114,289.11
"SKU-0296","WildEdge Trekking Poles","Hiking","WildEdge",263.72,203.13,11,4,75,58,78,293.72
"SKU-0296","WildEdge Trekking Poles","Hiking","WildEdge",263.72,203.13,12,4,75,62,73,287.21
"SKU-0297","TerraFirm Hydration Pack","Hiking","TerraFirm",147.59,147.59,1,10,78,10,250,158.14
"SKU-0297","TerraFirm Hydration Pack","Hiking","TerraFirm",147.59,147.59,2,14,78,24,284,152.47
"SKU-0297","TerraFirm Hydration Pack","Hiking","TerraFirm",147.59,147.59,3,14,78,38,240,156.41
"SKU-0297","TerraFirm Hydration Pack","Hiking","TerraFirm",147.59,147.59,4,15,78,53,217,170.6
"SKU-0297","TerraFirm Hydration Pack","Hiking","TerraFirm",147.59,147.59,5,12,78,65,236,157.54
"SKU-0297","TerraFirm Hydration Pack","Hiking","TerraFirm",147.59,147.59,6,13,78,78,237,157.71
"SKU-0297","TerraFirm Hydration Pack","Hiking","TerraFirm",147.59,129.25,7,0,78,78,223,155.82
"SKU-0297","TerraFirm Hydration Pack","Hiking","TerraFirm",147.59,129.25,8,0,78,78,314,154.53
"SKU-0297","TerraFirm Hydration Pack","Hiking","TerraFirm",147.59,129.25,9,0,78,78,270,157.25
"SKU-0297","TerraFirm Hydration Pack","Hiking","TerraFirm",147.59,129.25,10,0,78,78,189,167.33
"SKU-0297","TerraFirm Hydration Pack","Hiking","TerraFirm",147.59,129.25,11,0,78,78,114,159.19
"SKU-0297","TerraFirm Hydration Pack","Hiking","TerraFirm",147.59,129.25,12,0,78,78,137,155.57
"SKU-0298","BaseCamp First Aid Kit","Accessories","BaseCamp",43.3,43.3,1,13,81,13,223,39.53
"SKU-0298","BaseCamp First Aid Kit","Accessories","BaseCamp",43.3,43.3,2,16,81,29,204,36.89
"SKU-0298","BaseCamp First Aid Kit","Accessories","BaseCamp",43.3,43.3,3,15,81,44,200,38.12
"SKU-0298","BaseCamp First Aid Kit","Accessories","BaseCamp",43.3,43.3,4,24,81,68,407,38.38
"SKU-0298","BaseCamp First Aid Kit","Accessories","BaseCamp",43.3,35.98,5,13,81,81,268,38.38
"SKU-0298","BaseCamp First Aid Kit","Accessories","BaseCamp",43.3,35.98,6,0,81,81,415,38.84
"SKU-0298","BaseCamp First Aid Kit","Accessories","BaseCamp",43.3,35.98,7,0,81,81,318,41.07
"SKU-0298","BaseCamp First Aid Kit","Accessories","BaseCamp",43.3,35.98,8,0,81,81,223,40.7
"SKU-0298","BaseCamp First Aid Kit","Accessories","BaseCamp",43.3,35.98,9,0,81,81,332,36.96
"SKU-0298","BaseCamp First Aid Kit","Accessories","BaseCamp",43.3,35.98,10,0,81,81,300,39.92
"SKU-0298","BaseCamp First Aid Kit","Accessories","BaseCamp",43.3,35.98,11,0,81,81,320,36.94
"SKU-0298","BaseCamp First Aid Kit","Accessories","BaseCamp",43.3,35.98,12,0,81,81,254,38.29
"SKU-0299","SummitPro Hammock IV","Camping","SummitPro",92.31,92.31,1,10,110,10,176,77.23
"SKU-0299","SummitPro Hammock IV","Camping","SummitPro",92.31,92.31,2,9,110,19,132,77.99
"SKU-0299","SummitPro Hammock IV","Camping","SummitPro",92.31,92.31,3,15,110,34,319,76.53
"SKU-0299","SummitPro Hammock IV","Camping","SummitPro",92.31,72.94,4,21,110,55,248,79.05
"SKU-0299","SummitPro Hammock IV","Camping","SummitPro",92.31,72.94,5,19,110,74,259,81.77
"SKU-0299","SummitPro Hammock IV","Camping","SummitPro",92.31,72.94,6,21,110,95,289,82.76
"SKU-0299","SummitPro Hammock IV","Camping","SummitPro",92.31,72.94,7,15,110,110,225,76.5
"SKU-0299","SummitPro Hammock IV","Camping","SummitPro",92.31,72.94,8,0,110,110,127,79.59
"SKU-0299","SummitPro Hammock IV","Camping","SummitPro",92.31,72.94,9,0,110,110,207,80.49
"SKU-0299","SummitPro Hammock IV","Camping","SummitPro",92.31,72.94,10,0,110,110,153,83.17
"SKU-0299","SummitPro Hammock IV","Camping","SummitPro",92.31,72.94,11,0,110,110,116,77.36
"SKU-0299","SummitPro Hammock IV","Camping","SummitPro",92.31,72.94,12,0,110,110,161,77.59
"SKU-0300","PeakGear Stove II","Camping","PeakGear",84.96,84.96,1,2,48,2,46,100.85
"SKU-0300","PeakGear Stove II","Camping","PeakGear",84.96,84.96,2,1,48,3,80,97.66
"SKU-0300","PeakGear Stove II","Camping","PeakGear",84.96,84.96,3,4,48,7,57,98.17
"SKU-0300","PeakGear Stove II","Camping","PeakGear",84.96,84.96,4,3,48,10,43,99.72
"SKU-0300","PeakGear Stove II","Camping","PeakGear",84.96,84.96,5,2,48,12,48,100.59
"SKU-0300","PeakGear Stove II","Camping","PeakGear",84.96,84.96,6,3,48,15,48,97.23
"SKU-0300","PeakGear Stove II","Camping","PeakGear",84.96,70.59,7,3,48,18,32,93.66
"SKU-0300","PeakGear Stove II","Camping","PeakGear",84.96,70.59,8,1,48,19,28,101.55
"SKU-0300","PeakGear Stove II","Camping","PeakGear",84.96,70.59,9,1,48,20,74,91.11
"SKU-0300","PeakGear Stove II","Camping","PeakGear",84.96,70.59,10,6,48,26,26,97.8
"SKU-0300","PeakGear Stove II","Camping","PeakGear",84.96,70.59,11,0,48,26,23,91.38
"SKU-0300","PeakGear Stove II","Camping","PeakGear",84.96,70.59,12,1,48,27,32,100.97
