"customer_id","age","income","household_size","years_member","membership_tier","distance_to_store","total_spent_12mo","num_purchases_12mo","avg_order_value","spend_camping","spend_hiking","spend_apparel","spend_accessories","pct_online","days_since_last_purchase","support_calls","satisfaction_score","referred_friend","churned"
"CUST-0001",21,48845,2,6,"Gold",6.1,142.68,1,142.68,11.91,27.91,54.84,48.02,0.56,161,1,8,0,0
"CUST-0002",55,42694,1,2,"Silver",4.2,1019.5,9,113.28,311.75,499.59,118.89,89.27,0.14,17,3,5,0,0
"CUST-0003",39,32627,4,2,"Silver",4.6,113.12,4,28.28,17.29,14.02,47.23,34.57,0.2,21,0,6,1,0
"CUST-0004",29,53049,1,1,"Bronze",11.5,126.4,3,42.13,13.89,25.16,53.28,34.07,0.2,72,1,8,0,0
"CUST-0005",26,75996,5,3,"Silver",2.7,345.73,3,115.24,50.13,72.79,128.32,94.5,0.31,14,0,10,0,0
"CUST-0006",56,57721,2,2,"Silver",22.1,221.63,2,110.82,114.23,35.09,48.46,23.85,0.33,25,0,7,0,0
"CUST-0007",45,50042,3,1,"Bronze",5.3,378.95,8,47.37,178.48,70.86,78.22,51.39,0.16,39,1,8,0,0
"CUST-0008",23,38831,1,2,"Silver",11.4,229.74,3,76.58,21.13,35.53,101.11,71.97,0.5,19,0,9,0,0
"CUST-0009",56,115826,3,2,"Silver",18.6,643.93,4,160.98,338.54,93.97,151.58,59.84,0.54,259,2,6,0,0
"CUST-0010",18,44166,2,2,"Silver",3.3,124.19,3,41.4,9.67,35.13,47.35,32.04,0.39,53,1,6,0,0
"CUST-0011",58,88112,1,11,"Gold",4.2,1067.41,11,97.04,243.63,553.31,127.06,143.41,0.31,60,1,6,0,0
"CUST-0012",39,82367,2,2,"Silver",3.2,497.77,13,38.29,112.73,243.56,97.62,43.85,0.18,14,0,8,0,0
"CUST-0013",41,56089,4,2,"Silver",7.4,457.85,6,76.31,226.8,82.01,89.12,59.93,0.26,7,1,5,0,0
"CUST-0014",44,45318,4,5,"Gold",5.2,423.47,9,47.05,231.25,48.7,95.09,48.43,0.1,30,1,9,1,0
"CUST-0015",28,65575,4,1,"Bronze",8.9,933.84,6,155.64,472.81,147.03,228.98,85.02,0.23,31,3,7,0,1
"CUST-0016",26,29614,2,1,"Bronze",17.8,109.52,3,36.51,8.87,15.13,46.99,38.54,0.33,86,0,6,0,0
"CUST-0017",35,33661,4,4,"Silver",4.6,140.66,8,17.58,19.08,22.25,50.58,48.75,0.23,8,1,6,0,0
"CUST-0018",38,124321,4,2,"Silver",7.7,1774.55,4,443.64,444.12,824.43,351.44,154.56,0.13,60,0,7,0,0
"CUST-0019",36,77206,2,2,"Silver",15.6,1553.77,9,172.64,398.02,662.42,339.66,153.67,0.27,13,0,6,0,0
"CUST-0020",41,97984,4,3,"Silver",4.8,743.42,9,82.6,405.68,142.98,145.06,49.7,0.21,94,2,7,1,0
"CUST-0021",42,38316,4,1,"Bronze",3.3,395.25,9,43.92,185.66,76.41,86.26,46.92,0.12,33,1,7,0,0
"CUST-0022",47,125840,3,3,"Silver",4.3,1488.68,6,248.11,328.52,745.69,343.89,70.58,0.2,25,1,7,1,1
"CUST-0023",18,41927,1,5,"Gold",15.5,84.63,3,28.21,9.84,15.81,27.23,31.75,0.56,7,0,4,1,0
"CUST-0024",27,54900,4,4,"Silver",9.6,1390.75,13,106.98,317.37,701.1,164.78,207.49,0.29,47,2,9,0,0
"CUST-0025",26,41921,1,1,"Bronze",7.3,93.15,2,46.58,6.96,17.97,46.1,22.11,0.42,3,1,5,0,1
"CUST-0026",47,66101,4,1,"Bronze",9.7,469.8,5,93.96,224.23,76.96,109.43,59.18,0.2,41,1,9,0,0
"CUST-0027",48,131861,3,2,"Silver",6.6,1319.27,12,109.94,391.11,587.77,248.35,92.04,0.13,10,2,5,0,0
"CUST-0028",40,97987,1,1,"Bronze",9.8,1678.66,10,167.87,325.54,940.46,273.73,138.93,0.39,151,0,9,0,0
"CUST-0029",27,20000,5,3,"Silver",17,41.67,1,41.67,2.68,8.17,20.16,10.66,0.46,4,1,10,0,0
"CUST-0030",48,69448,1,2,"Silver",6.9,1697.35,13,130.57,538.05,775.65,208.33,175.32,0.28,24,4,6,1,0
"CUST-0031",47,86237,2,7,"Gold",9.2,772.84,2,386.42,378.77,170.42,135.71,87.94,0.36,36,2,6,0,0
"CUST-0032",44,43090,3,2,"Silver",9.7,137.23,3,45.74,14.5,28.96,63.86,29.91,0.14,7,0,6,0,0
"CUST-0033",34,52419,4,1,"Bronze",4.2,769.11,6,128.18,378.94,121.27,142.76,126.13,0.22,11,0,8,0,0
"CUST-0034",46,106426,4,1,"Bronze",10.3,906.25,4,226.56,503.6,107.64,162.5,132.5,0.33,27,1,7,0,0
"CUST-0035",57,187658,4,13,"Gold",11.8,1630.44,6,271.74,375,850.57,278.29,126.58,0.32,4,1,7,0,0
"CUST-0036",32,52005,1,4,"Silver",11,208.94,4,52.24,15.11,42.48,100.61,50.74,0.2,28,1,8,0,0
"CUST-0037",54,103188,2,1,"Bronze",5.6,869.57,9,96.62,463.45,158.54,131.42,116.16,0.18,115,1,7,0,0
"CUST-0038",29,43512,4,1,"Bronze",12.9,138.58,1,138.58,22.45,27.63,51.88,36.62,0.22,5,0,7,0,1
"CUST-0039",26,40240,3,5,"Gold",8.1,162.62,3,54.21,9.55,39.98,63.63,49.45,0.53,164,1,8,0,0
"CUST-0040",48,42218,4,6,"Gold",3.5,443.15,4,110.79,191.34,86.25,111.38,54.18,0.17,16,1,7,1,0
"CUST-0041",39,107002,3,2,"Silver",11.8,1304.3,6,217.38,545.09,241.48,372.02,145.72,0.32,8,0,10,0,0
"CUST-0042",53,84491,4,3,"Silver",5.3,1483.44,11,134.86,343.93,749.34,284.07,106.1,0.25,48,2,7,1,0
"CUST-0043",22,36193,3,2,"Silver",1.8,72.34,3,24.11,7.92,17.6,29.41,17.42,0.29,5,0,5,0,0
"CUST-0044",18,41358,2,4,"Silver",5.1,276.31,3,92.1,43.6,43.77,122.15,66.8,0.34,10,1,7,1,0
"CUST-0045",48,64526,3,4,"Silver",9.4,324.95,11,29.54,156.6,42.73,97.9,27.72,0.32,21,0,7,0,0
"CUST-0046",45,52126,4,3,"Silver",2.4,796.18,4,199.04,358.91,140.44,157.32,139.51,0.24,127,0,6,0,0
"CUST-0047",35,69525,3,5,"Gold",3.8,101.46,4,25.36,9.12,17.36,46.17,28.81,0.17,91,1,7,0,0
"CUST-0048",37,46823,1,2,"Silver",6.4,88.28,3,29.43,12.02,17.94,32.97,25.34,0.2,100,0,10,0,0
"CUST-0049",48,47752,3,5,"Gold",3.2,450.37,9,50.04,239.64,62.67,81.67,66.39,0.16,87,0,6,0,0
"CUST-0050",34,46390,2,5,"Gold",7.2,137.68,1,137.68,19.87,35.27,53.1,29.44,0.26,12,1,5,0,0
"CUST-0051",21,33397,1,3,"Silver",9,109.53,1,109.53,11.58,21.28,45.58,31.08,0.24,41,2,6,0,0
"CUST-0052",37,38381,2,7,"Gold",8.1,130.97,2,65.48,10.39,19.54,54.92,46.11,0.32,69,0,8,0,1
"CUST-0053",46,122309,3,1,"Bronze",3.6,1821.29,11,165.57,511.56,918.52,229.19,162.01,0.32,23,1,6,0,1
"CUST-0054",36,32183,4,6,"Gold",5.8,151.73,7,21.68,19.99,35.05,61.01,35.68,0.3,44,2,6,0,1
"CUST-0055",57,81377,2,2,"Silver",9,1108.12,10,110.81,285.72,497.78,140.11,184.5,0.24,25,0,6,0,0
"CUST-0056",57,80124,5,3,"Silver",5.3,613.23,6,102.2,276.03,66.91,178.76,91.52,0.16,11,3,3,0,0
"CUST-0057",42,63369,4,1,"Bronze",14.4,278.43,7,39.78,146.96,34.95,66.98,29.55,0.24,40,0,5,0,0
"CUST-0058",41,62630,1,4,"Silver",8.8,1054.49,11,95.86,313.35,525.24,143.24,72.66,0.26,79,0,6,0,0
"CUST-0059",49,65734,3,3,"Silver",2.9,384.19,6,64.03,224.46,50.99,65.8,42.95,0.29,3,0,7,0,0
"CUST-0060",27,48672,4,2,"Silver",6.6,433.05,7,61.86,204.51,72.35,101.89,54.3,0.26,52,0,8,0,0
"CUST-0061",36,34638,2,7,"Gold",32.4,135.39,5,27.08,8.36,33.82,62.35,30.86,0.3,3,1,4,0,0
"CUST-0062",47,61887,2,1,"Bronze",11,2872.56,7,410.37,550.41,1475.67,606.95,239.52,0.3,21,0,6,0,0
"CUST-0063",24,31325,4,4,"Silver",5.2,88.71,3,29.57,9.76,17.45,30.76,30.74,0.46,2,1,7,0,0
"CUST-0064",33,32191,2,2,"Silver",4,114.74,5,22.95,14.15,25.56,35.85,39.18,0.27,77,1,7,0,0
"CUST-0065",26,56642,5,4,"Silver",7.8,281.43,2,140.72,39.05,53.62,125.83,62.93,0.45,12,0,6,1,0
"CUST-0066",40,51737,3,1,"Bronze",3.5,725.38,12,60.45,411.14,83.26,183.82,47.16,0.26,20,0,7,1,0
"CUST-0067",42,22491,1,2,"Silver",16.5,65.25,4,16.31,7.35,8.2,25.04,24.67,0.26,123,1,9,0,0
"CUST-0068",46,74139,4,3,"Silver",7.5,1649.03,12,137.42,338.44,795.05,254.2,261.34,0.16,112,1,7,0,0
"CUST-0069",22,45785,1,6,"Gold",7.7,136.05,6,22.68,9.87,26.04,54.38,45.76,0.26,95,0,10,0,0
"CUST-0070",33,63044,1,1,"Bronze",17.8,161.22,2,80.61,28.81,26.36,59.6,46.45,0.32,99,1,7,0,0
"CUST-0071",28,21635,1,3,"Silver",4.4,62.3,2,31.15,6.5,12.51,27.01,16.28,0.2,82,0,8,0,0
"CUST-0072",37,121215,2,3,"Silver",24.2,1570.94,13,120.84,337.04,670.83,353.98,209.09,0.45,26,0,7,0,0
"CUST-0073",36,44191,2,8,"Gold",21.9,99.27,5,19.85,7.48,20.63,41.74,29.43,0.36,109,1,7,0,0
"CUST-0074",50,70119,2,1,"Bronze",26.1,1060.87,8,132.61,284.67,503.75,167,105.45,0.3,7,2,7,0,0
"CUST-0075",33,33932,2,1,"Bronze",2.8,99.97,2,49.98,9.9,15.24,34.36,40.47,0.32,11,0,7,0,0
"CUST-0076",46,38122,2,1,"Bronze",7.5,1108.28,9,123.14,593.1,176.63,266.29,72.25,0.35,5,2,6,0,0
"CUST-0077",61,91080,4,8,"Gold",9.4,1300.92,13,100.07,351.38,620.62,235.09,93.83,0.11,6,0,9,0,0
"CUST-0078",29,56562,1,1,"Bronze",10,129.81,4,32.45,17.69,17.24,45.15,49.73,0.3,33,2,7,1,0
"CUST-0079",35,30542,1,2,"Silver",6.9,106.49,5,21.3,12.88,22.24,44.56,26.81,0.23,102,2,7,0,0
"CUST-0080",48,73096,3,2,"Silver",7.4,290.73,5,58.15,136.57,37.97,78.88,37.31,0.1,19,1,7,1,0
"CUST-0081",31,34235,2,5,"Gold",2.6,71.69,1,71.69,7.79,12.98,30.07,20.84,0.26,117,2,6,0,0
"CUST-0082",20,80889,1,2,"Silver",9.9,183.1,5,36.62,24.17,36.85,76.98,45.11,0.32,6,1,2,0,0
"CUST-0083",28,41812,3,3,"Silver",2.4,51.79,3,17.26,7.48,10.43,21.16,12.72,0.32,132,0,7,0,0
"CUST-0084",30,25605,1,4,"Silver",8.6,201.08,4,50.27,20.5,35.52,80.92,64.13,0.26,114,4,4,1,1
"CUST-0085",38,57124,2,3,"Silver",6.6,183.18,3,61.06,14.16,23.18,76.73,69.12,0.5,77,1,7,0,0
"CUST-0086",30,31181,2,2,"Silver",3,182.55,4,45.64,15.99,42.64,77.92,46,0.25,251,2,6,0,0
"CUST-0087",34,38351,2,6,"Gold",11.9,421.05,3,140.35,216.27,74.77,106.68,23.33,0.31,41,2,7,1,0
"CUST-0088",31,61836,4,4,"Silver",5.1,731.71,3,243.9,345.65,145.17,166.76,74.13,0.31,36,1,6,0,0
"CUST-0089",24,40777,3,6,"Gold",3.5,67.39,3,22.46,7.29,12.84,30.33,16.93,0.48,3,1,5,0,0
"CUST-0090",47,64139,5,3,"Silver",22.8,1493.83,15,99.59,453.19,702.25,233.61,104.77,0.27,87,0,8,0,0
"CUST-0091",30,42515,1,2,"Silver",11.7,83.05,1,83.05,4,16.26,34.94,27.85,0.33,5,0,7,0,0
"CUST-0092",46,64758,5,2,"Silver",7.7,472.94,4,118.24,263.89,83.41,96.7,28.93,0.32,223,0,8,0,1
"CUST-0093",32,62655,4,5,"Gold",18.3,1630.13,8,203.77,470.76,688.43,356.48,114.46,0.37,3,0,6,0,0
"CUST-0094",39,25571,3,3,"Silver",12.2,132.25,1,132.25,7.12,29.57,42.7,52.87,0.24,14,0,6,1,0
"CUST-0095",40,77058,2,1,"Bronze",3.6,497.21,5,99.44,224.4,91.2,112.17,69.44,0.29,13,2,5,0,1
"CUST-0096",42,61538,4,3,"Silver",4.5,163.88,1,163.88,9.87,41.96,55.9,56.15,0.45,41,2,5,0,0
"CUST-0097",44,48130,4,2,"Silver",6.1,480.09,9,53.34,218,85.31,142.51,34.27,0.19,114,0,9,0,0
"CUST-0098",35,21505,4,1,"Bronze",4.6,69.24,3,23.08,4.47,9.96,29.67,25.14,0.45,4,3,5,1,0
"CUST-0099",36,47514,5,3,"Silver",5.4,409.89,1,409.89,182.93,54.12,119.46,53.38,0.32,24,2,7,0,0
"CUST-0100",29,52282,1,6,"Gold",7.9,132.92,5,26.58,12.71,24.41,57.07,38.73,0.31,46,0,8,0,0
"CUST-0101",35,35026,5,14,"Gold",4.9,67.34,4,16.84,6.13,14.74,29.06,17.4,0.29,40,0,9,0,0
"CUST-0102",22,28694,1,2,"Silver",23.2,146.59,4,36.65,9.01,31.29,63.58,42.71,0.39,7,1,7,1,0
"CUST-0103",52,60613,4,3,"Silver",5.8,1115.3,10,111.53,259.48,584.24,147.45,124.14,0.2,24,0,9,0,0
"CUST-0104",46,43496,3,3,"Silver",3.7,348.55,4,87.14,160.87,54.55,74.05,59.07,0.3,32,2,9,0,0
"CUST-0105",57,64463,3,1,"Bronze",3.9,1775.73,10,177.57,428.16,795.36,367.25,184.96,0.31,88,0,8,0,0
"CUST-0106",27,54689,3,6,"Gold",5.1,236.36,4,59.09,17.8,56.81,87.92,73.83,0.34,62,0,9,0,0
"CUST-0107",43,115370,3,5,"Gold",15.1,1099.03,8,137.38,187.97,559.48,188.6,162.97,0.41,97,1,6,0,0
"CUST-0108",22,51699,2,4,"Silver",15,76.6,1,76.6,11.74,11.82,25.78,27.26,0.42,36,2,5,0,0
"CUST-0109",18,46927,1,5,"Gold",13.3,119.88,9,13.32,7.56,20.13,44.42,47.77,0.71,34,1,8,0,0
"CUST-0110",45,76725,1,2,"Silver",56.6,781.03,3,260.34,374.74,95.77,245.95,64.57,0.48,75,0,10,0,0
"CUST-0111",62,74841,4,4,"Silver",3.8,2236.35,6,372.72,445.03,1089.06,545.96,156.3,0.16,23,1,8,0,0
"CUST-0112",45,51514,3,2,"Silver",5.7,385.05,5,77.01,171.22,70.62,100.85,42.37,0.24,117,2,10,0,0
"CUST-0113",26,58162,1,10,"Gold",9.1,161.29,2,80.64,8.67,32.23,67.52,52.87,0.48,14,0,6,1,0
"CUST-0114",35,84404,3,1,"Bronze",2.7,216.19,7,30.88,17.41,41.08,89.19,68.52,0.33,58,0,9,1,0
"CUST-0115",23,21178,1,6,"Gold",8.2,44.39,6,7.4,5.45,11.04,17.19,10.71,0.26,157,1,9,0,0
"CUST-0116",29,25855,2,6,"Gold",23.9,50.45,5,10.09,6.04,12.41,16,16.01,0.41,50,0,6,0,0
"CUST-0117",42,50765,2,2,"Silver",6.4,327.58,6,54.6,29.07,84.63,136.5,77.38,0.32,69,1,7,0,1
"CUST-0118",34,88836,2,2,"Silver",5.7,291.95,2,145.98,29.38,66.8,111.22,84.55,0.25,22,1,4,0,0
"CUST-0119",20,33523,2,3,"Silver",8.5,76.97,2,38.48,5.82,12.01,38.91,20.24,0.45,7,1,8,0,0
"CUST-0120",41,40303,2,1,"Bronze",6,316.71,5,63.34,160.51,52.01,64.89,39.29,0.32,9,0,10,1,0
"CUST-0121",31,33463,1,3,"Silver",7.6,172.46,2,86.23,20.27,22.08,75.64,54.47,0.4,60,2,7,0,0
"CUST-0122",24,68818,1,4,"Silver",14.9,250.55,2,125.28,16.46,27.91,124.63,81.56,0.56,3,0,9,0,0
"CUST-0123",19,66601,2,12,"Gold",10.3,255.03,5,51.01,27.28,58.32,93.08,76.35,0.36,22,1,8,0,0
"CUST-0124",28,168390,5,1,"Bronze",5.1,1840.2,4,460.05,1016.55,320.85,393.44,109.36,0.29,19,0,9,0,0
"CUST-0125",40,25971,2,1,"Bronze",39.5,24.58,3,8.19,4.31,4.59,9.38,6.31,0.49,58,0,9,1,0
"CUST-0126",51,104558,5,1,"Bronze",14.2,442.04,8,55.26,190.5,74.76,108.98,67.8,0.25,31,2,7,0,0
"CUST-0127",44,74986,5,5,"Gold",4.1,560.77,5,112.15,274.41,114.67,130.7,40.98,0.17,58,0,9,0,0
"CUST-0128",51,51923,1,3,"Silver",12.1,37.87,4,9.47,2.58,4.51,13.35,17.43,0.17,131,0,8,0,0
"CUST-0129",55,105898,4,2,"Silver",9,383.33,8,47.92,185.5,75.74,83.79,38.3,0.35,66,0,6,0,0
"CUST-0130",47,28048,2,4,"Silver",2.5,120.01,2,60.01,15.83,29.5,41.1,33.57,0.24,84,0,7,0,0
"CUST-0131",60,106514,4,5,"Gold",10.9,945.22,10,94.52,239.66,467.71,164.44,73.42,0.14,12,0,7,1,0
"CUST-0132",52,58279,1,4,"Silver",17.3,1320.3,5,264.06,308.96,602,303.47,105.87,0.3,73,0,8,0,0
"CUST-0133",65,107723,3,1,"Bronze",5.5,2038.71,13,156.82,593.79,802.72,472.98,169.22,0.18,8,0,8,0,0
"CUST-0134",32,39523,1,1,"Bronze",7.5,181.33,4,45.33,15.56,31.84,73.67,60.26,0.23,180,1,7,0,1
"CUST-0135",54,83440,1,3,"Silver",12.8,1711.28,12,142.61,459.48,820.64,278.74,152.42,0.25,6,1,8,0,0
"CUST-0136",60,67889,2,2,"Silver",9.4,443.35,6,73.89,190.19,80.27,126.99,45.91,0.16,23,1,6,0,0
"CUST-0137",59,84655,2,9,"Gold",3.3,1651.79,11,150.16,321.29,779.55,317.23,233.71,0.09,130,0,8,1,0
"CUST-0138",31,25614,1,4,"Silver",8.9,102.59,2,51.3,6.96,26.32,42,27.31,0.21,4,0,8,0,0
"CUST-0139",18,37662,1,1,"Bronze",11.7,184.7,3,61.57,11.15,21.14,86.84,65.57,0.28,67,1,10,0,0
"CUST-0140",35,60764,4,5,"Gold",7.6,485.91,11,44.17,251.42,82.8,105.46,46.22,0.23,17,2,5,1,0
"CUST-0141",25,31921,2,1,"Bronze",11.6,76.51,4,19.13,4.35,15.06,30.72,26.37,0.57,55,1,6,0,0
"CUST-0142",27,56191,3,3,"Silver",5.7,118.19,1,118.19,6.6,29.25,58.52,23.82,0.2,48,1,9,0,1
"CUST-0143",27,70940,2,3,"Silver",16,238.44,2,119.22,16.93,42.6,98.45,80.46,0.45,2,0,6,0,0
"CUST-0144",43,43006,5,1,"Bronze",3.6,525,2,262.5,264.55,98.18,131.5,30.76,0.23,17,1,8,0,0
"CUST-0145",45,143003,3,1,"Bronze",12.7,1841.41,14,131.53,360.53,882.89,366.17,231.83,0.3,147,2,7,0,0
"CUST-0146",42,131583,1,1,"Bronze",37.7,1139.23,4,284.81,529.08,195.94,338.14,76.07,0.58,32,1,8,0,0
"CUST-0147",32,30019,1,3,"Silver",2.6,139.48,3,46.49,12.89,36.56,57.8,32.22,0.23,14,1,7,0,0
"CUST-0148",58,138681,3,12,"Gold",19.1,660.27,6,110.04,394.83,93.55,127.87,44.02,0.4,43,2,3,0,0
"CUST-0149",32,34476,4,1,"Bronze",9.3,175.23,4,43.81,12.82,26.67,91.39,44.35,0.36,5,0,8,1,0
"CUST-0150",21,44583,2,2,"Silver",8.7,222.53,3,74.18,15.67,50.4,70.61,85.86,0.33,1,0,9,0,0
"CUST-0151",34,34101,2,2,"Silver",16,335.38,7,47.91,177.1,51.12,82.21,24.95,0.46,44,0,8,0,0
"CUST-0152",28,51390,2,4,"Silver",7.1,103.96,4,25.99,12.43,12.34,48.54,30.65,0.17,50,1,8,0,0
"CUST-0153",53,88267,3,2,"Silver",4.9,420.81,8,52.6,208.82,82.74,98.06,31.19,0.17,42,1,7,1,0
"CUST-0154",39,56034,1,4,"Silver",31.4,275.35,7,39.34,16.43,50.16,112.56,96.2,0.48,161,1,6,0,0
"CUST-0155",30,28997,3,2,"Silver",7.2,101.82,9,11.31,9.79,14.48,47.61,29.94,0.23,44,1,7,0,0
"CUST-0156",27,29564,3,2,"Silver",2.5,197.33,1,197.33,17.75,25.3,75.4,78.88,0.37,14,0,10,0,0
"CUST-0157",40,66711,5,1,"Bronze",3.5,533.54,6,88.92,302.01,88.79,106.89,35.86,0.3,35,0,6,0,0
"CUST-0158",56,113120,1,1,"Bronze",13.5,2878.88,11,261.72,679.4,1491.81,450.75,256.92,0.28,14,1,6,0,0
"CUST-0159",30,44515,2,2,"Silver",4,74.02,1,74.02,4.66,13.46,31.75,24.15,0.17,117,2,5,0,0
"CUST-0160",18,30449,2,2,"Silver",3.9,74.76,3,24.92,8.28,18.57,32.05,15.86,0.4,93,0,9,0,0
"CUST-0161",21,46384,3,7,"Gold",3.4,81.37,2,40.69,9.78,16.42,32.56,22.6,0.25,134,2,5,0,0
"CUST-0162",24,36786,1,10,"Gold",12.2,308.49,3,102.83,22.05,79,125.94,81.5,0.47,12,2,8,1,0
"CUST-0163",36,61126,2,13,"Gold",7.3,704.91,5,140.98,312.59,127.57,203.22,61.53,0.26,27,0,9,0,0
"CUST-0164",18,63284,1,4,"Silver",4.4,160.48,2,80.24,23.97,27.8,73.92,34.8,0.35,41,2,8,0,0
"CUST-0165",43,90434,2,10,"Gold",13,1301.06,8,162.63,227.85,646.03,272.98,154.21,0.29,8,0,7,0,1
"CUST-0166",54,74313,3,6,"Gold",19.8,1300.47,6,216.74,253.6,601.75,344.18,100.94,0.29,226,0,8,0,0
"CUST-0167",38,51638,3,5,"Gold",30.7,230.07,6,38.34,92.18,38.62,67.42,31.85,0.42,14,0,9,0,0
"CUST-0168",29,58940,5,4,"Silver",8.4,898.74,7,128.39,397.28,119.8,240.33,141.33,0.43,21,0,8,0,0
"CUST-0169",48,46322,4,1,"Bronze",4.6,597.05,9,66.34,299.1,83.23,154.1,60.63,0.24,147,1,6,1,0
"CUST-0170",31,52869,4,2,"Silver",6.1,179.27,3,59.76,13.54,32.74,89.14,43.86,0.38,77,0,8,0,0
"CUST-0171",18,64196,1,1,"Bronze",3,97.38,3,32.46,12.18,21.86,40.09,23.25,0.25,26,1,7,0,0
"CUST-0172",37,70451,1,5,"Gold",10.5,380.67,4,95.17,26.67,49.71,152.27,152.03,0.2,31,1,7,0,0
"CUST-0173",38,39103,3,3,"Silver",3.1,409.88,5,81.98,226.78,57.87,90.15,35.08,0.18,19,1,7,0,0
"CUST-0174",18,50262,3,1,"Bronze",5.9,124.94,3,41.65,9.14,26.85,42.96,46,0.46,47,0,7,1,0
"CUST-0175",29,20000,3,3,"Silver",5.9,55.42,1,55.42,3.74,8.63,20.8,22.25,0.18,1,0,7,0,0
"CUST-0176",22,85038,5,1,"Bronze",6.4,732.38,6,122.06,371.49,111.78,163.88,85.23,0.3,13,0,6,0,0
"CUST-0177",37,84124,4,2,"Silver",10.9,1604.09,12,133.67,266.67,689.25,423.12,225.04,0.23,18,1,5,0,0
"CUST-0178",60,95924,1,1,"Bronze",15.6,1576.64,12,131.39,417.2,653.34,409.44,96.67,0.32,44,2,6,0,1
"CUST-0179",36,24393,2,2,"Silver",5.3,66.23,2,33.12,5.35,10.19,35.95,14.73,0.31,39,1,5,0,0
"CUST-0180",28,34557,1,3,"Silver",4.2,119.42,5,23.88,10.51,14.78,42.87,51.26,0.25,128,1,6,0,0
"CUST-0181",44,75691,2,3,"Silver",5.5,748.26,8,93.53,365.06,160.37,154.73,68.09,0.25,85,0,5,0,0
"CUST-0182",32,41349,4,5,"Gold",6.4,359.78,6,59.96,179.96,77.82,58.82,43.19,0.64,82,0,8,1,0
"CUST-0183",35,68550,3,1,"Bronze",7.9,662.22,10,66.22,304.73,109.61,140.03,107.84,0.22,14,0,7,0,1
"CUST-0184",31,41652,2,3,"Silver",3,55.83,6,9.3,3.77,7.34,23.39,21.33,0.36,23,1,8,1,0
"CUST-0185",48,80081,3,4,"Silver",7.7,535.5,7,76.5,265.92,73.97,155.85,39.76,0.2,116,0,7,0,0
"CUST-0186",52,120482,4,5,"Gold",6.1,3220.24,9,357.8,1050.44,1317.35,561.95,290.5,0.45,42,2,8,0,0
"CUST-0187",43,47213,2,9,"Gold",16.7,346.39,3,115.46,208.89,55.7,59.91,21.89,0.36,21,0,7,0,0
"CUST-0188",40,73964,2,1,"Bronze",4.9,117.4,6,19.57,14.58,19.26,47.02,36.54,0.27,77,2,5,0,1
"CUST-0189",40,57165,3,1,"Bronze",9.9,348.88,9,38.76,151.65,48.55,89.93,58.76,0.35,16,0,9,0,0
"CUST-0190",44,62215,5,8,"Gold",3.8,564.24,3,188.08,239.59,96.34,156.14,72.17,0.27,3,1,7,0,1
"CUST-0191",34,40092,4,1,"Bronze",4.8,280.26,2,140.13,125,46.24,67.11,41.92,0.33,30,0,8,0,0
"CUST-0192",22,31401,1,2,"Silver",5.9,135.82,5,27.16,16.34,16.49,61.52,41.47,0.4,74,1,7,0,0
"CUST-0193",35,37446,1,9,"Gold",22.4,83.21,2,41.6,12.3,14.53,36.75,19.63,0.43,222,1,5,0,0
"CUST-0194",48,87326,3,1,"Bronze",3.1,657.05,8,82.13,126.44,285.71,161.4,83.5,0.48,33,0,8,1,0
"CUST-0195",37,150282,2,3,"Silver",4,2586.85,15,172.46,660.63,1222.66,347.98,355.58,0.23,103,1,6,0,0
"CUST-0196",29,32564,3,1,"Bronze",6.7,42.68,1,42.68,4.73,10.25,17.37,10.33,0.35,23,0,6,0,0
"CUST-0197",30,30145,1,6,"Gold",41.8,104.63,5,20.93,10.11,20.41,43.35,30.76,0.5,49,0,8,0,0
"CUST-0198",18,52692,5,5,"Gold",6,139.63,1,139.63,12.23,26.61,66.24,34.55,0.43,133,0,4,0,0
"CUST-0199",35,41654,3,8,"Gold",3.1,343.61,2,171.8,46.61,62.13,154.06,80.8,0.25,17,2,6,0,0
"CUST-0200",33,27423,4,3,"Silver",3.8,82.9,4,20.73,4.79,15.23,34.4,28.48,0.3,11,0,7,0,0
"CUST-0201",20,54778,1,3,"Silver",14,1067.16,11,97.01,232.25,534.81,172.97,127.13,0.39,19,2,8,0,0
"CUST-0202",48,95371,4,1,"Bronze",4.4,2209.11,11,200.83,564.14,1067.51,431.46,146,0.26,11,0,5,0,0
"CUST-0203",50,76054,3,5,"Gold",3.6,1659.37,13,127.64,376.14,766.91,293.51,222.81,0.19,18,0,6,1,0
"CUST-0204",39,76376,3,1,"Bronze",4.4,1302.75,8,162.84,298.95,608.16,253.32,142.31,0.21,13,0,9,1,0
"CUST-0205",45,53693,3,2,"Silver",45,738.25,11,67.11,352.64,120.64,142.32,122.65,0.35,84,1,6,0,0
"CUST-0206",28,40911,2,6,"Gold",7.4,296.72,2,148.36,37.14,63.17,132.24,64.17,0.28,32,1,7,0,0
"CUST-0207",33,108528,2,6,"Gold",11.1,1669.68,5,333.94,519.79,802.22,249.84,97.83,0.3,36,1,7,0,0
"CUST-0208",18,31897,1,5,"Gold",19.2,37.77,2,18.89,5.65,4.64,18.17,9.31,0.44,244,0,5,0,0
"CUST-0209",21,54357,1,1,"Bronze",12.6,102.92,3,34.31,7.25,11.42,44.14,40.1,0.23,25,0,9,0,0
"CUST-0210",53,85756,3,3,"Silver",8.6,1066.7,11,96.97,191.72,496.91,266.61,111.46,0.26,117,1,6,0,0
"CUST-0211",46,73012,1,3,"Silver",8.9,372.05,10,37.2,170.3,46.21,95.95,59.58,0.3,26,0,7,0,0
"CUST-0212",31,48455,2,5,"Gold",9,531.04,8,66.38,285.99,99.56,114.19,31.29,0.34,45,0,7,1,0
"CUST-0213",51,127048,5,3,"Silver",12.5,2374.13,10,237.41,601.55,1090.85,366.06,315.67,0.23,1,1,7,1,0
"CUST-0214",32,28318,1,2,"Silver",10.1,37.72,2,18.86,3.33,4.29,15.93,14.18,0.12,128,0,7,1,0
"CUST-0215",66,90178,4,4,"Silver",5.1,1260.14,9,140.02,325.46,512.79,276.99,144.9,0.14,56,1,6,0,0
"CUST-0216",41,66164,5,1,"Bronze",10.7,185.61,4,46.4,109.22,21.72,42.99,11.68,0.29,57,0,6,0,0
"CUST-0217",41,83816,3,3,"Silver",2.6,840.08,5,168.02,433.05,141.08,179.49,86.46,0.32,129,0,9,0,0
"CUST-0218",51,101595,4,13,"Gold",7.3,1610.56,10,161.06,462.19,736.82,218.74,192.81,0.24,51,1,6,0,0
"CUST-0219",27,73132,2,2,"Silver",19.3,241.6,3,80.53,28.13,52.33,86.83,74.31,0.5,28,1,6,1,0
"CUST-0220",34,68858,2,3,"Silver",41.2,522.08,5,104.42,212.29,66.64,156.81,86.34,0.5,98,0,6,0,1
"CUST-0221",40,149694,1,2,"Silver",8.5,2118.2,11,192.56,601.46,943.84,363.48,209.42,0.13,47,1,7,1,0
"CUST-0222",33,101528,4,7,"Gold",4,884.66,4,221.16,438.14,96.15,257.77,92.61,0.28,43,1,8,1,0
"CUST-0223",29,20419,2,5,"Gold",15.2,27.61,6,4.6,3.24,5.26,11.46,7.65,0.48,40,1,8,0,0
"CUST-0224",38,47938,2,2,"Silver",3.4,133.89,4,33.47,19.14,17.78,62.78,34.2,0.22,17,0,10,0,0
"CUST-0225",27,24395,1,2,"Silver",4.4,66.47,2,33.24,7.71,8.39,27.15,23.22,0.18,4,2,5,0,0
"CUST-0226",38,81439,5,5,"Gold",4.6,1087.38,6,181.23,532.88,220.81,222.13,111.57,0.35,20,0,7,0,0
"CUST-0227",22,33082,3,1,"Bronze",5.3,65.86,1,65.86,5.14,11.34,27.9,21.48,0.24,38,0,8,0,0
"CUST-0228",41,108717,2,2,"Silver",4.4,2510.98,8,313.87,658.67,1202.91,361.9,287.49,0.44,81,0,9,0,0
"CUST-0229",42,44098,1,1,"Bronze",3.9,120.04,1,120.04,8.86,19.28,51.93,39.98,0.3,11,1,6,0,0
"CUST-0230",30,47702,1,5,"Gold",6.1,128.46,3,42.82,12.13,24.74,58.47,33.13,0.44,68,1,8,0,0
"CUST-0231",32,61202,1,2,"Silver",6.3,381.58,2,190.79,39.32,68.62,121.21,152.43,0.51,15,1,6,0,0
"CUST-0232",30,24463,4,2,"Silver",9.9,59.34,1,59.34,5.47,11.34,20.86,21.67,0.28,55,0,6,0,0
"CUST-0233",26,25972,5,2,"Silver",3.8,77.83,2,38.92,11.06,10.72,38.46,17.59,0.43,80,0,10,0,0
"CUST-0234",41,69887,1,1,"Bronze",18,1587.9,6,264.65,356.56,786.03,267.98,177.33,0.48,2,2,7,0,0
"CUST-0235",45,66331,3,3,"Silver",12.9,214.45,3,71.48,100.92,40.4,43.1,30.03,0.09,52,0,7,1,0
"CUST-0236",34,26840,1,7,"Gold",7.5,100.93,2,50.47,10.5,12.61,44.15,33.66,0.33,60,1,6,1,0
"CUST-0237",62,113113,4,1,"Bronze",6.7,1117.05,16,69.82,232.78,572.73,149.13,162.41,0.11,18,1,7,1,0
"CUST-0238",18,25018,3,7,"Gold",1.8,24.3,2,12.15,3.07,2.83,10.79,7.61,0.33,30,1,6,0,0
"CUST-0239",67,94372,3,2,"Silver",7.1,380.89,4,95.22,191.89,80.18,80.01,28.81,0.11,5,4,3,0,0
"CUST-0240",26,79311,3,1,"Bronze",13.6,619.17,5,123.83,258.96,141.41,124.43,94.38,0.31,4,1,9,1,0
"CUST-0241",40,67058,5,3,"Silver",10.3,1928.44,6,321.41,489.67,835.83,463.3,139.65,0.21,14,1,4,0,0
"CUST-0242",39,116631,1,1,"Bronze",4.7,1599.34,11,145.39,362.75,713.21,353.79,169.59,0.36,39,1,8,0,0
"CUST-0243",51,47996,5,4,"Silver",9.4,466.05,7,66.58,239.54,88.28,97.07,41.16,0.36,17,1,8,1,0
"CUST-0244",52,108811,1,3,"Silver",7.5,2286.98,15,152.47,587.23,1020.89,391.37,287.49,0.16,30,1,8,0,0
"CUST-0245",50,84431,4,1,"Bronze",1,616.95,9,68.55,286.31,144.17,147.18,39.28,0.17,23,0,9,0,0
"CUST-0246",59,138025,1,1,"Bronze",8.9,1733.83,11,157.62,554.68,709.97,237.07,232.11,0.36,13,3,5,1,0
"CUST-0247",52,121619,1,8,"Gold",3.2,858.81,8,107.35,350.16,178.07,220.26,110.32,0.19,106,0,7,0,0
"CUST-0248",18,54351,3,3,"Silver",3.5,195.85,1,195.85,22.78,29.56,94.19,49.33,0.34,21,0,6,0,0
"CUST-0249",49,76918,3,3,"Silver",12.4,506.51,7,72.36,225.02,78.82,160.39,42.28,0.34,237,2,6,0,0
"CUST-0250",27,30506,2,1,"Bronze",2.6,68.44,1,68.44,8.79,9.28,28.08,22.28,0.24,11,0,9,0,0
"CUST-0251",21,39954,3,3,"Silver",8.9,146.18,3,48.73,11.52,25.43,62.05,47.18,0.23,50,2,6,0,0
"CUST-0252",44,58784,3,1,"Bronze",8.7,550.7,9,61.19,228.61,65.73,170.34,86.03,0.33,58,0,7,0,0
"CUST-0253",52,100163,2,3,"Silver",5.8,1606.65,10,160.67,343.64,809.98,361.98,91.05,0.11,14,1,7,1,0
"CUST-0254",40,56095,1,1,"Bronze",3,235.05,4,58.76,19.71,60.64,91.12,63.59,0.22,140,2,8,0,0
"CUST-0255",21,49483,1,4,"Silver",3,121.47,2,60.74,13.84,19.13,40.47,48.02,0.22,33,1,7,0,0
"CUST-0256",28,51753,4,5,"Gold",19.8,566.83,13,43.6,257.91,114.61,133.05,61.26,0.45,47,0,8,1,0
"CUST-0257",30,58158,1,2,"Silver",12.1,164.98,3,54.99,12.52,25.83,56.7,69.92,0.33,19,5,9,0,0
"CUST-0258",75,72556,3,13,"Gold",5,1364.19,14,97.44,359.1,661.84,266.74,76.51,0.24,68,0,9,1,0
"CUST-0259",38,71844,4,2,"Silver",4.9,1627.95,10,162.8,329.36,869.18,301.65,127.75,0.28,8,0,8,0,0
"CUST-0260",37,77847,4,2,"Silver",5,306.37,7,43.77,122.87,42.89,99.2,41.41,0.31,21,0,10,0,0
"CUST-0261",24,48460,1,1,"Bronze",6.1,54.81,2,27.41,7.07,13.31,22.45,11.98,0.32,92,0,8,0,0
"CUST-0262",45,49354,2,1,"Bronze",12.3,1468.45,9,163.16,301.56,705.44,220.61,240.83,0.46,12,0,5,0,0
"CUST-0263",34,45211,2,2,"Silver",9.4,45.77,1,45.77,2.85,5.73,21.96,15.24,0.22,196,1,8,0,0
"CUST-0264",53,109235,2,2,"Silver",7.7,1352.94,1,1352.94,254.28,793.32,200.54,104.8,0.22,76,1,5,0,0
"CUST-0265",34,28366,1,1,"Bronze",10.2,50.76,2,25.38,3.62,7.35,23.06,16.73,0.4,15,0,7,0,0
"CUST-0266",65,87763,1,2,"Silver",3.7,1793.93,7,256.28,325.64,982.45,250.76,235.08,0.23,12,1,7,0,0
"CUST-0267",44,51550,3,3,"Silver",7.1,366.75,5,73.35,152.16,75.47,114.96,24.16,0.16,42,0,3,0,0
"CUST-0268",54,52151,4,7,"Gold",4.8,759.7,8,94.96,334.76,104.5,235.5,84.94,0.13,11,0,5,0,0
"CUST-0269",49,71680,1,4,"Silver",16,1698.58,13,130.66,468.4,863.53,166.74,199.9,0.3,31,1,6,0,0
"CUST-0270",34,39103,1,4,"Silver",20.2,60.74,1,60.74,7.33,7.85,23.48,22.08,0.3,33,1,10,0,0
"CUST-0271",36,37337,1,1,"Bronze",4.2,282.66,1,282.66,14.01,55.77,114.57,98.3,0.19,7,0,8,0,0
"CUST-0272",57,74984,2,2,"Silver",6.9,1621.07,13,124.7,299.12,827.78,288.73,205.44,0.24,20,2,7,0,0
"CUST-0273",34,63062,2,3,"Silver",5.7,1307.48,7,186.78,301.8,668.81,246.8,90.07,0.28,15,2,6,0,0
"CUST-0274",34,83326,2,4,"Silver",17.3,384.34,1,384.34,48.72,55.71,173.47,106.44,0.32,132,0,9,0,0
"CUST-0275",40,164276,2,1,"Bronze",7.1,2132.49,12,177.71,537.22,992.21,319.21,283.84,0.42,73,0,8,0,0
"CUST-0276",48,78392,5,7,"Gold",6.8,592.07,6,98.68,316.17,83.61,122.74,69.54,0.17,5,2,7,0,0
"CUST-0277",50,118762,3,1,"Bronze",2.8,1649.3,8,206.16,379.42,761.23,286.33,222.32,0.15,34,0,6,0,1
"CUST-0278",20,64756,3,8,"Gold",5,100.66,4,25.16,13.55,13.73,50.75,22.62,0.44,99,0,9,0,0
"CUST-0279",44,75386,4,3,"Silver",1.8,1219.7,6,203.28,235.83,539.12,286.79,157.97,0.13,1,0,6,0,0
"CUST-0280",44,60622,2,1,"Bronze",5.7,225.87,7,32.27,107.91,27.26,57.98,32.72,0.18,4,1,8,0,0
"CUST-0281",44,42295,3,1,"Bronze",4.6,785.9,1,785.9,397.21,142.34,150.16,96.18,0.31,19,0,10,0,0
"CUST-0282",34,93093,1,9,"Gold",14.5,97.38,2,48.69,5.76,13.02,37.12,41.47,0.42,41,1,3,0,0
"CUST-0283",43,44747,2,2,"Silver",3,132.77,3,44.26,15.73,17.93,50.45,48.66,0.22,16,2,5,0,1
"CUST-0284",47,151815,3,2,"Silver",5.6,1206.58,16,75.41,301.89,563.18,232.07,109.44,0.2,13,0,6,0,0
"CUST-0285",33,71415,2,5,"Gold",25.8,895.39,11,81.4,486.83,133.75,201.74,73.07,0.33,145,1,6,0,0
"CUST-0286",30,37925,2,2,"Silver",11.5,452.79,3,150.93,237.18,68.88,98.3,48.44,0.31,22,0,8,0,0
"CUST-0287",73,60006,5,1,"Bronze",11.2,1474.18,12,122.85,416.26,655.28,298.88,103.76,0.3,43,2,8,0,0
"CUST-0288",43,122615,2,12,"Gold",5.7,2480.65,10,248.06,557.33,1138.38,538.51,246.44,0.31,58,0,10,0,0
"CUST-0289",40,58718,2,1,"Bronze",8.6,102.52,1,102.52,6.21,19.07,39.98,37.26,0.34,8,2,6,0,0
"CUST-0290",39,35764,3,1,"Bronze",10,380.96,9,42.33,189.06,56.13,93.21,42.56,0.52,24,0,9,0,1
"CUST-0291",28,82731,1,1,"Bronze",12.2,318.04,3,106.01,147.91,54.01,74.38,41.74,0.29,3,1,9,0,0
"CUST-0292",41,54604,4,2,"Silver",4.2,827.62,13,63.66,202.32,366.39,201.93,56.98,0.18,95,1,9,0,0
"CUST-0293",30,23229,3,2,"Silver",10.2,36.78,3,12.26,2.29,7.61,15.99,10.89,0.32,51,1,8,0,1
"CUST-0294",24,96325,4,5,"Gold",3.6,521.4,7,74.49,235.15,101.97,140.33,43.95,0.35,29,0,8,1,0
"CUST-0295",26,47028,3,8,"Gold",3.8,206.5,3,68.83,17.6,43.76,90.78,54.36,0.21,27,1,8,0,0
"CUST-0296",41,37246,4,11,"Gold",19.5,399.75,7,57.11,180.35,75.93,89.26,54.2,0.35,7,1,10,0,0
"CUST-0297",41,111291,1,1,"Bronze",7,1968.51,13,151.42,486.46,825.15,416.64,240.26,0.25,12,1,6,0,0
"CUST-0298",28,34504,2,3,"Silver",3.3,54.35,5,10.87,6.05,13.22,23.53,11.55,0.34,25,0,5,0,0
"CUST-0299",33,43630,2,1,"Bronze",5.9,49.64,7,7.09,4.81,8.12,19.24,17.47,0.36,19,0,5,0,0
"CUST-0300",33,42167,2,4,"Silver",7.2,50.88,4,12.72,4.77,10.49,16.94,18.68,0.25,19,1,6,0,0
"CUST-0301",31,60600,3,5,"Gold",18.1,340.33,1,340.33,50.41,43.48,167.16,79.29,0.52,7,0,6,0,0
"CUST-0302",23,31291,2,1,"Bronze",7.7,128.68,1,128.68,9.38,20.14,51.64,47.51,0.35,17,0,6,0,0
"CUST-0303",18,41628,2,15,"Gold",5.7,63.06,1,63.06,3.76,11.33,25.21,22.76,0.51,3,0,7,1,0
"CUST-0304",39,46736,1,11,"Gold",9.9,125.79,1,125.79,14.23,25.86,46.74,38.96,0.38,20,3,4,0,1
"CUST-0305",23,20000,4,2,"Silver",8.9,64.73,4,16.18,7.82,12.42,27.76,16.72,0.4,106,3,5,0,0
"CUST-0306",69,73375,2,4,"Silver",6.2,1040.01,13,80,261.43,412.8,253.75,112.03,0.17,98,1,8,0,0
"CUST-0307",35,87766,3,1,"Bronze",3.7,1010.4,3,336.8,486.82,238.34,192.28,92.96,0.4,40,0,8,0,0
"CUST-0308",44,52790,3,6,"Gold",4,931.45,6,155.24,474.92,156.2,203.59,96.74,0.15,51,1,8,1,0
"CUST-0309",40,80299,3,3,"Silver",3,632.44,7,90.35,300,104.05,190.94,37.44,0.4,34,0,10,0,0
"CUST-0310",42,28884,1,5,"Gold",9.7,206.45,4,51.61,20.42,43.21,83.26,59.56,0.32,18,0,8,0,0
"CUST-0311",32,46210,3,2,"Silver",8.4,286.71,8,35.84,145.64,41.62,75.14,24.3,0.28,29,0,7,0,0
"CUST-0312",51,84690,3,4,"Silver",5,829.32,3,276.44,374.02,127.63,226.53,101.15,0.31,82,1,4,0,0
"CUST-0313",47,68131,3,10,"Gold",18.2,1842.93,15,122.86,282.36,977.57,317.21,265.78,0.19,50,2,5,1,0
"CUST-0314",22,36908,4,3,"Silver",2.5,144.64,4,36.16,18.06,17.15,49.67,59.76,0.26,1,0,8,0,0
"CUST-0315",37,34234,1,1,"Bronze",11.9,64.72,1,64.72,3.99,9.08,29.39,22.27,0.26,139,0,5,0,0
"CUST-0316",36,91208,5,1,"Bronze",5.9,1227.17,7,175.31,739.96,167.4,229.51,90.3,0.25,29,1,6,0,0
"CUST-0317",22,29405,3,1,"Bronze",7.1,116.36,1,116.36,10.76,21.61,37.79,46.2,0.21,5,0,6,0,0
"CUST-0318",21,55995,3,2,"Silver",14.2,231.45,2,115.72,34.43,45.38,83.73,67.91,0.3,125,0,7,0,0
"CUST-0319",35,42855,4,3,"Silver",2.1,62.53,3,20.84,5.98,16.13,21.37,19.05,0.1,14,0,10,0,0
"CUST-0320",28,43737,3,2,"Silver",5.9,415.09,5,83.02,238.41,52.34,93.36,30.98,0.39,49,0,7,0,1
"CUST-0321",21,44625,3,4,"Silver",29.9,67.56,3,22.52,5.74,10.32,30.29,21.2,0.55,34,2,6,0,0
"CUST-0322",32,42086,3,1,"Bronze",21.5,112.52,5,22.5,7.44,22.57,45.74,36.78,0.43,24,0,9,1,0
"CUST-0323",43,101440,4,1,"Bronze",25.7,881.25,6,146.88,416.99,150.45,251.01,62.79,0.4,10,1,6,0,0
"CUST-0324",44,56353,1,2,"Silver",2.3,419.13,7,59.88,171.79,71.63,106.89,68.82,0.26,74,0,9,0,0
"CUST-0325",24,72836,4,2,"Silver",23.5,1340.51,5,268.1,771.83,168.77,305.94,93.97,0.51,65,1,6,1,0
"CUST-0326",23,24199,2,5,"Gold",6.8,58.02,1,58.02,6.89,11.98,20.28,18.88,0.4,71,1,4,0,1
"CUST-0327",35,37812,2,1,"Bronze",5.5,210.95,1,210.95,24.01,35.81,81.81,69.32,0.25,35,1,8,0,0
"CUST-0328",18,31760,3,15,"Gold",9.3,71.21,5,14.24,6.41,15.48,23.73,25.59,0.35,24,2,5,0,0
"CUST-0329",48,121125,2,8,"Gold",15.1,1007.71,9,111.97,566.55,120.91,187.89,132.36,0.43,7,0,7,1,0
"CUST-0330",30,39427,3,1,"Bronze",4.7,67.59,4,16.9,8.22,14.7,26.58,18.09,0.45,212,1,6,0,0
"CUST-0331",66,106987,1,5,"Gold",4.2,1644.52,10,164.45,341.05,776.16,362.64,164.67,0.12,63,1,5,0,0
"CUST-0332",34,59611,1,9,"Gold",3.6,184.67,6,30.78,19.77,38.09,75.15,51.67,0.33,87,0,5,0,0
"CUST-0333",61,143928,3,3,"Silver",11.9,2073.04,3,691.01,496.14,1046.73,379.65,150.51,0.27,68,1,6,0,0
"CUST-0334",57,120248,4,2,"Silver",9.8,600.81,7,85.83,301.9,85.21,114.4,99.3,0.18,6,0,7,0,0
"CUST-0335",67,76857,2,5,"Gold",33.3,2251.2,9,250.13,475.5,1006.29,460.13,309.28,0.45,29,0,8,0,0
"CUST-0336",43,79180,4,7,"Gold",4.4,416.73,5,83.35,216.5,70.88,81.26,48.09,0.24,23,0,6,1,0
"CUST-0337",48,25750,4,1,"Bronze",2.3,54.79,1,54.79,4.68,10.39,23.04,16.68,0.18,21,1,10,0,0
"CUST-0338",35,77984,2,7,"Gold",9.7,560.3,6,93.38,276.04,101.25,149.01,34,0.37,55,1,5,0,0
"CUST-0339",18,37685,1,1,"Bronze",14.6,225.69,3,75.23,13,36.12,107.01,69.56,0.53,14,1,7,0,0
"CUST-0340",23,27307,3,2,"Silver",4.7,77.05,5,15.41,5.43,18.08,25.81,27.73,0.13,1,1,6,0,0
"CUST-0341",42,63709,5,1,"Bronze",3.5,671.96,6,111.99,304.45,77.55,205.04,84.91,0.38,17,1,7,1,0
"CUST-0342",47,94826,4,3,"Silver",17.7,1660.02,13,127.69,405.07,756.77,289.56,208.62,0.18,168,2,8,1,0
"CUST-0343",49,59762,4,1,"Bronze",20.3,757.97,8,94.75,396.32,128.24,120.52,112.89,0.23,14,3,5,0,0
"CUST-0344",61,65325,3,2,"Silver",4.6,1019.19,12,84.93,242.94,461,188.57,126.68,0.23,43,2,6,0,0
"CUST-0345",34,75009,3,3,"Silver",14.2,686.56,7,98.08,326.93,150.29,152.15,57.2,0.24,105,0,8,0,0
"CUST-0346",36,36473,1,7,"Gold",3.8,105.78,3,35.26,6.01,19.6,42.28,37.89,0.1,66,0,8,1,0
"CUST-0347",52,115487,1,5,"Gold",8.8,1145.51,10,114.55,311.92,563.67,175.96,93.96,0.25,49,1,5,0,0
"CUST-0348",26,61454,1,2,"Silver",12.5,264.53,4,66.13,17.73,57.44,113.6,75.76,0.45,3,1,8,0,0
"CUST-0349",34,75210,2,2,"Silver",21.5,1222.11,8,152.76,368.14,491.89,273.88,88.2,0.3,107,0,9,0,0
"CUST-0350",48,74288,2,2,"Silver",34.3,1138.07,16,71.13,268.47,582.14,221.62,65.84,0.41,18,2,6,0,0
"CUST-0351",39,55618,4,3,"Silver",30.5,590.98,2,295.49,290.93,116.85,145.13,38.08,0.57,9,1,7,0,0
"CUST-0352",30,37610,2,1,"Bronze",16.1,298.38,5,59.68,24.01,65.66,114.02,94.69,0.34,26,1,8,0,0
"CUST-0353",27,20000,2,2,"Silver",24,25.05,1,25.05,2.21,3.98,8.86,10,0.41,25,0,9,0,0
"CUST-0354",34,21548,5,11,"Gold",3.6,76.86,2,38.43,6.74,11.66,35.39,23.07,0.41,52,0,5,0,0
"CUST-0355",51,72270,5,12,"Gold",6,929.95,10,93,245.02,448.88,174.49,61.56,0.25,57,1,6,0,0
"CUST-0356",30,30941,3,3,"Silver",18.9,162.24,2,81.12,14.65,16.15,79.18,52.25,0.41,41,2,7,0,0
"CUST-0357",20,64959,2,12,"Gold",11.2,137.6,1,137.6,8.08,27.38,64.89,37.25,0.54,23,0,8,1,0
"CUST-0358",45,113020,1,2,"Silver",7.5,935.01,7,133.57,472.33,151.88,250.45,60.35,0.19,16,0,8,1,0
"CUST-0359",21,26939,1,5,"Gold",16.1,62.1,5,12.42,7.8,14.73,24.37,15.2,0.53,27,1,8,0,1
"CUST-0360",41,36559,5,2,"Silver",1.1,460.51,4,115.13,201.07,89.93,142.14,27.36,0.4,15,1,8,1,0
"CUST-0361",27,50112,1,2,"Silver",20.4,135.6,6,22.6,18.06,25.23,51.6,40.72,0.55,78,0,7,0,0
"CUST-0362",27,55216,3,3,"Silver",24.9,215.23,2,107.61,24.2,36.54,74.5,79.99,0.36,102,1,6,0,0
"CUST-0363",46,91721,2,3,"Silver",5.4,1770.17,7,252.88,394.92,821.48,388.03,165.74,0.28,47,1,9,0,0
"CUST-0364",45,36160,2,3,"Silver",3.6,112.55,1,112.55,10.06,17.02,54.25,31.22,0.34,99,1,7,1,0
"CUST-0365",53,131678,4,2,"Silver",13.9,1103.44,4,275.86,532.56,237.28,205.34,128.26,0.2,89,0,7,0,0
"CUST-0366",46,79875,4,3,"Silver",9.7,469.15,5,93.83,201.73,66.12,141.12,60.17,0.3,45,3,7,0,0
"CUST-0367",40,71219,3,4,"Silver",5.5,709.3,5,141.86,341.52,142.52,177.46,47.8,0.33,8,2,5,0,0
"CUST-0368",26,28863,4,3,"Silver",4.9,36.03,6,6,2.8,5.96,17.63,9.64,0.54,147,0,6,1,0
"CUST-0369",52,48128,5,3,"Silver",2.3,498.56,8,62.32,251.83,99.67,88.41,58.66,0.21,2,1,8,0,0
"CUST-0370",26,28492,1,1,"Bronze",17.6,64.28,2,32.14,8.14,12.17,24.32,19.65,0.53,4,0,6,1,1
"CUST-0371",55,56409,4,1,"Bronze",10.4,968.36,4,242.09,432,169.59,259.33,107.43,0.3,126,1,6,0,0
"CUST-0372",57,67981,5,5,"Gold",5.2,600.6,8,75.08,262.56,108.97,167.86,61.21,0.28,15,1,6,1,0
"CUST-0373",59,88684,2,8,"Gold",24.1,1842.3,12,153.52,373.42,1032.52,201.92,234.44,0.17,16,0,8,1,0
"CUST-0374",28,64078,4,3,"Silver",4.8,585.27,6,97.54,249.62,113.42,132.57,89.66,0.31,64,0,6,0,0
"CUST-0375",34,45894,1,7,"Gold",8.6,152.49,2,76.25,19.17,21.9,51.33,60.08,0.41,38,2,5,0,0
"CUST-0376",22,83370,2,3,"Silver",6,65.12,2,32.56,5.04,11.42,32.47,16.19,0.52,137,2,4,1,1
"CUST-0377",21,42430,2,2,"Silver",2.2,160.12,3,53.37,23.87,22.48,67.33,46.43,0.22,42,1,9,0,0
"CUST-0378",18,102513,3,14,"Gold",3.9,497.44,5,99.49,270.01,85.37,90.39,51.67,0.42,37,0,8,1,0
"CUST-0379",34,55457,4,4,"Silver",1.4,185.94,1,185.94,13.16,27.08,90.62,55.07,0.48,31,0,9,0,0
"CUST-0380",35,49266,1,11,"Gold",18.5,162.04,1,162.04,23.65,36.43,65.16,36.81,0.17,10,0,6,0,0
"CUST-0381",23,36824,3,4,"Silver",2.1,66.03,1,66.03,4.66,10.12,29.79,21.46,0.4,41,0,6,0,0
"CUST-0382",40,70810,5,5,"Gold",3.2,399.78,3,133.26,174.84,62.14,132.51,30.3,0.33,1,0,8,0,0
"CUST-0383",23,34132,5,7,"Gold",2.3,50.78,1,50.78,4.88,6.8,24.94,14.15,0.31,65,0,9,0,0
"CUST-0384",46,99967,3,1,"Bronze",6.5,529.04,5,105.81,243.95,69.56,145.98,69.55,0.17,6,0,8,0,0
"CUST-0385",28,34750,1,1,"Bronze",6.1,102.76,1,102.76,9.97,13.72,40.23,38.85,0.4,9,0,7,0,0
"CUST-0386",47,80121,4,1,"Bronze",7.7,1883,8,235.38,460.45,864.7,323.15,234.7,0.19,9,3,4,0,0
"CUST-0387",45,45426,3,5,"Gold",4.7,366.02,10,36.6,202.47,65.29,62.03,36.22,0.37,11,1,5,0,0
"CUST-0388",26,46349,2,2,"Silver",6.7,105.64,7,15.09,9.14,28.37,37.46,30.67,0.28,104,3,3,0,0
"CUST-0389",53,80600,5,7,"Gold",5.4,1224.58,9,136.06,235.53,607.26,212.12,169.67,0.3,10,1,7,0,0
"CUST-0390",36,54719,1,3,"Silver",3.6,269.34,2,134.67,25.78,35.94,114.55,93.07,0.23,26,0,7,0,0
"CUST-0391",34,29122,4,6,"Gold",10.3,149.13,4,37.28,17.78,16.81,60.02,54.53,0.35,39,1,8,0,1
"CUST-0392",38,80330,2,2,"Silver",11,310.65,4,77.66,50.75,34.48,139.53,85.88,0.2,23,0,6,0,0
"CUST-0393",37,63945,4,3,"Silver",6.2,293,5,58.6,156.77,46.31,73.62,16.3,0.21,99,3,5,0,1
"CUST-0394",30,34961,4,4,"Silver",10.1,127.67,3,42.56,18.03,22.75,58.98,27.91,0.34,137,1,8,0,0
"CUST-0395",31,33514,1,1,"Bronze",5.7,240.67,3,80.22,39.98,28.47,104.67,67.55,0.36,44,0,7,0,0
"CUST-0396",35,54436,3,3,"Silver",14.7,496.08,3,165.36,260.6,79.19,96.28,60.01,0.32,50,1,7,0,1
"CUST-0397",37,68517,1,7,"Gold",4.8,124.3,3,41.43,14.72,25.32,48.12,36.14,0.3,124,0,7,1,0
"CUST-0398",50,64209,5,5,"Gold",3.7,612.73,5,122.55,290.23,111.35,164.68,46.47,0.38,18,0,8,0,0
"CUST-0399",51,61444,5,2,"Silver",6.2,568.79,7,81.26,307.58,80.96,145.9,34.34,0.2,66,0,7,0,0
"CUST-0400",47,83152,5,8,"Gold",8,518.74,3,172.91,221.23,79.47,152.26,65.78,0.39,41,1,6,0,0
"CUST-0401",24,48375,1,6,"Gold",32.7,68.43,3,22.81,4.71,16.51,27.01,20.2,0.66,7,0,5,0,1
"CUST-0402",29,36050,2,7,"Gold",7,86.58,2,43.29,10.17,14.77,35.2,26.44,0.29,34,3,5,1,0
"CUST-0403",39,75043,1,1,"Bronze",15.6,74.21,1,74.21,4.21,15.63,28.27,26.1,0.28,52,1,8,0,0
"CUST-0404",22,41930,3,5,"Gold",8.6,202.83,1,202.83,27.67,23.8,70.32,81.04,0.38,95,1,9,0,0
"CUST-0405",38,97973,3,2,"Silver",25.1,1766.59,14,126.18,441.1,943.61,271.57,110.31,0.45,26,1,7,0,0
"CUST-0406",47,105274,5,6,"Gold",2.8,575.41,4,143.85,309.63,57.65,151.63,56.5,0.23,8,2,9,1,0
"CUST-0407",41,88533,3,1,"Bronze",5.2,1010.13,6,168.35,498.74,155.66,212.45,143.28,0.32,51,1,7,0,0
"CUST-0408",37,43583,2,1,"Bronze",6.1,143.07,4,35.77,19.06,37.08,50.32,36.61,0.19,2,1,6,0,0
"CUST-0409",28,56921,4,1,"Bronze",11.7,265.7,4,66.42,17.96,43.08,111.49,93.17,0.41,52,0,6,0,0
"CUST-0410",38,39918,3,1,"Bronze",7.7,102.68,4,25.67,15.12,22.54,40.67,24.35,0.37,48,0,7,0,0
"CUST-0411",38,62592,3,2,"Silver",6.1,238.53,3,79.51,24.68,53.61,89.82,70.42,0.2,11,1,9,0,0
"CUST-0412",57,112025,4,7,"Gold",7.2,1746.68,8,218.34,339.01,941.35,211.97,254.35,0.3,96,2,3,0,0
"CUST-0413",26,41956,2,4,"Silver",7.3,453.15,2,226.57,45.74,53.88,183.7,169.83,0.21,14,0,8,1,0
"CUST-0414",28,55159,2,1,"Bronze",6.1,181.13,1,181.13,21.21,39.4,76.16,44.35,0.25,11,1,7,0,0
"CUST-0415",34,44781,1,5,"Gold",14.6,179.26,2,89.63,17.63,30.08,73.26,58.3,0.27,170,0,8,0,0
"CUST-0416",26,60120,4,2,"Silver",21.5,63.74,1,63.74,7.61,11.11,27.75,17.26,0.54,7,0,8,0,0
"CUST-0417",45,48410,2,5,"Gold",10.5,490.7,8,61.34,270.74,84.12,104.19,31.65,0.25,42,1,6,0,0
"CUST-0418",35,55381,2,7,"Gold",6.4,851.27,6,141.88,226.62,413.95,147.24,63.45,0.39,77,2,6,0,0
"CUST-0419",47,67433,4,1,"Bronze",6.2,537.87,6,89.64,246.53,104.73,123.99,62.62,0.36,7,0,6,1,1
"CUST-0420",23,40710,3,5,"Gold",5.5,160.83,3,53.61,18.96,35.61,63.45,42.81,0.22,42,1,6,0,0
"CUST-0421",66,96623,4,3,"Silver",7,718.56,9,79.84,392.77,81.66,164.89,79.25,0.2,90,3,3,0,0
"CUST-0422",35,114207,4,3,"Silver",5,2823.04,15,188.2,545.79,1586.15,407.9,283.2,0.16,104,0,9,1,0
"CUST-0423",38,67727,3,1,"Bronze",7.9,424,7,60.57,231.7,64.57,94.25,33.48,0.3,170,1,8,0,0
"CUST-0424",40,81813,2,3,"Silver",5,1293.34,10,129.33,368.18,591.74,168.65,164.77,0.36,128,1,7,1,0
"CUST-0425",37,148203,4,2,"Silver",1.9,521.19,4,130.3,247.08,66.21,126.06,81.84,0.24,148,0,8,0,0
"CUST-0426",42,161566,4,9,"Gold",4.7,2801.98,7,400.28,492.68,1412.41,624.3,272.59,0.18,4,1,6,1,0
"CUST-0427",56,43400,2,5,"Gold",7.9,373.2,3,124.4,187.72,51.69,71.37,62.41,0.22,11,1,7,0,0
"CUST-0428",57,61365,3,4,"Silver",4.3,1244.56,14,88.9,262.18,601.3,294.18,86.9,0.12,6,2,6,1,0
"CUST-0429",42,49972,4,2,"Silver",14.7,466.99,8,58.37,240.6,56.67,101.37,68.35,0.38,6,0,4,0,0
"CUST-0430",33,45201,1,1,"Bronze",16.7,209.69,1,209.69,19.22,39.34,96.31,54.83,0.42,9,0,6,1,1
"CUST-0431",33,82856,1,2,"Silver",4.4,1740.86,6,290.14,464.25,867.62,254.82,154.17,0.35,41,0,8,0,0
"CUST-0432",31,131130,2,15,"Gold",2.6,1898.05,8,237.26,371.1,974.05,374.76,178.14,0.38,74,2,7,0,0
"CUST-0433",41,78215,1,3,"Silver",2.9,1080.11,4,270.03,590.83,169.21,224.16,95.91,0.59,65,0,10,0,0
"CUST-0434",73,76108,1,4,"Silver",18.8,1038.97,7,148.42,270.8,440.83,201.96,125.38,0.33,4,0,9,1,0
"CUST-0435",18,36144,4,1,"Bronze",13.4,84.68,1,84.68,7.85,16.93,32.64,27.26,0.46,43,0,7,0,0
"CUST-0436",54,97804,3,5,"Gold",6.7,838.34,13,64.49,198.45,350.67,213.67,75.54,0.2,28,0,8,0,0
"CUST-0437",21,49809,4,1,"Bronze",23.6,111.82,1,111.82,15.15,19.37,43.97,33.33,0.25,34,0,8,0,0
"CUST-0438",40,129169,2,2,"Silver",10.8,2183.29,7,311.9,665.76,895.74,366.23,255.57,0.44,117,0,9,0,0
"CUST-0439",27,59222,1,15,"Gold",8.3,167.26,3,55.75,24.56,27.79,66.41,48.49,0.43,89,0,8,1,0
"CUST-0440",34,29123,1,3,"Silver",11.9,239.53,1,239.53,27.81,44.91,105.89,60.92,0.3,99,1,8,0,0
"CUST-0441",56,93458,2,5,"Gold",2.3,510.08,6,85.01,208.97,91.95,136.34,72.83,0.25,7,1,5,1,0
"CUST-0442",45,110849,2,2,"Silver",6.2,1242.32,16,77.64,215.77,608.97,268.43,149.15,0.16,16,0,8,0,0
"CUST-0443",26,43019,2,1,"Bronze",10.1,97.85,3,32.62,9.48,20.14,40.58,27.65,0.35,19,1,8,0,0
"CUST-0444",45,64475,4,4,"Silver",8.5,550.95,2,275.48,259.07,81.23,143.25,67.4,0.32,47,0,7,0,0
"CUST-0445",47,88778,3,5,"Gold",1.8,1186.76,12,98.9,210.86,600.55,297.15,78.2,0.32,68,2,5,0,0
"CUST-0446",19,30659,2,5,"Gold",5.8,143.24,5,28.65,12.16,37.2,57.12,36.76,0.44,56,0,7,0,0
"CUST-0447",42,34707,1,1,"Bronze",10.3,271.9,2,135.95,14.1,69.26,118.58,69.96,0.17,164,0,6,0,1
"CUST-0448",18,30338,3,3,"Silver",5.3,91.9,2,45.95,12.54,20.35,40.31,18.7,0.45,26,2,5,0,0
"CUST-0449",50,93095,3,3,"Silver",6.6,431.75,8,53.97,244.54,60.32,90.94,35.96,0.27,265,1,9,0,0
"CUST-0450",23,64987,2,3,"Silver",7,256.51,5,51.3,19.47,39.77,116.43,80.84,0.36,25,0,6,0,0
"CUST-0451",38,60831,3,1,"Bronze",11.9,1314.24,9,146.03,305.37,617.39,298.95,92.53,0.35,5,0,8,1,0
"CUST-0452",33,89926,5,15,"Gold",2.1,498.01,6,83,257.69,62.69,137.29,40.34,0.29,58,1,6,0,0
"CUST-0453",42,74866,4,3,"Silver",6.6,1116.19,8,139.52,282.55,520.54,220.7,92.4,0.33,10,1,8,0,0
"CUST-0454",41,88215,4,4,"Silver",20.3,317.66,8,39.71,136.63,53.5,78.63,48.89,0.45,173,1,7,0,0
"CUST-0455",34,44003,1,1,"Bronze",22.5,91.11,4,22.78,14.76,13.4,35.96,26.99,0.42,16,0,8,0,0
"CUST-0456",45,29471,4,7,"Gold",6.6,562.72,9,62.52,301.11,110.43,96.01,55.17,0.36,173,2,5,1,0
"CUST-0457",22,49331,5,7,"Gold",20,399.12,8,49.89,203.2,48.72,96.84,50.36,0.46,31,0,8,1,0
"CUST-0458",25,46100,2,2,"Silver",2.8,77.03,1,77.03,6.78,16.45,34.77,19.02,0.28,76,0,7,0,0
"CUST-0459",26,86808,3,10,"Gold",3.7,285.42,5,57.08,16.8,47.33,111.75,109.54,0.15,65,2,8,0,0
"CUST-0460",26,34429,2,1,"Bronze",5.3,116.31,2,58.16,10.62,19.34,50.52,35.84,0.45,38,2,7,0,0
"CUST-0461",37,55832,2,4,"Silver",2.3,141.43,2,70.72,11.03,25.8,53.23,51.37,0.36,3,2,7,0,0
"CUST-0462",18,63318,1,2,"Silver",18,96.52,5,19.3,14.54,11.24,46.11,24.63,0.62,22,1,7,0,0
"CUST-0463",46,77654,3,3,"Silver",4.1,895.29,11,81.39,394.32,192.27,256.66,52.04,0.44,4,1,7,0,0
"CUST-0464",33,64779,3,1,"Bronze",5.4,770.62,7,110.09,420.2,148.46,139.46,62.51,0.23,18,0,8,0,0
"CUST-0465",64,76390,4,1,"Bronze",8.6,511.32,3,170.44,294.3,77.03,97.05,42.94,0.31,86,0,7,0,0
"CUST-0466",42,52625,4,1,"Bronze",4.8,198.14,4,49.53,110.78,21.05,55.75,10.55,0.19,43,2,4,0,0
"CUST-0467",33,53529,3,10,"Gold",5.4,435.98,5,87.2,242.06,46.03,94.36,53.53,0.32,25,1,5,0,0
"CUST-0468",39,34289,1,1,"Bronze",4.5,48.53,1,48.53,6.31,7.02,20.94,14.26,0.17,71,0,6,0,0
"CUST-0469",42,75411,1,1,"Bronze",9.9,1799.81,11,163.62,415.9,765.88,475.52,142.51,0.23,10,1,7,0,0
"CUST-0470",50,58109,1,1,"Bronze",3.6,1195.02,8,149.38,249.68,623.76,220.94,100.65,0.27,54,3,5,1,1
"CUST-0471",30,49577,3,11,"Gold",3.6,106.9,3,35.63,9.53,22.16,37.23,37.97,0.33,19,0,8,0,0
"CUST-0472",57,60647,3,3,"Silver",6.4,340.18,8,42.52,163.24,70.19,69.45,37.3,0.1,21,1,9,0,0
"CUST-0473",31,29799,1,5,"Gold",16.9,32.25,1,32.25,3.52,5.64,15.58,7.51,0.46,67,0,6,0,0
"CUST-0474",54,61521,2,1,"Bronze",8.6,500.91,5,100.18,230.33,81.81,125.17,63.61,0.22,151,0,6,1,0
"CUST-0475",36,61497,2,5,"Gold",11.8,969.77,11,88.16,210.9,501.41,145.71,111.75,0.49,20,0,6,1,0
"CUST-0476",27,29209,3,2,"Silver",9.4,135.66,3,45.22,15.94,19.62,50.42,49.68,0.36,3,1,6,0,0
"CUST-0477",37,117730,4,1,"Bronze",3.4,764.99,2,382.5,402.99,94.6,145.93,121.48,0.31,24,0,6,0,0
"CUST-0478",71,98156,1,15,"Gold",7.4,1978.46,11,179.86,590.51,816.24,280.04,291.68,0.14,18,0,8,0,0
"CUST-0479",24,28900,4,11,"Gold",1.8,64.22,4,16.06,10.55,9.78,22.58,21.31,0.2,58,0,4,0,0
"CUST-0480",27,21051,2,5,"Gold",3,35.71,3,11.9,4.28,8.47,12.69,10.27,0.31,18,0,8,0,0
"CUST-0481",37,51357,3,5,"Gold",30.4,171.44,6,28.57,17.29,24.37,71.53,58.24,0.6,63,1,6,1,0
"CUST-0482",32,37670,1,2,"Silver",25.2,165.53,4,41.38,21.59,24.09,64.25,55.61,0.62,72,2,7,0,0
"CUST-0483",37,45113,4,1,"Bronze",2.6,194.01,2,97,16.74,20.6,86.46,70.21,0.36,23,1,7,0,0
"CUST-0484",29,55038,3,2,"Silver",3.5,98.35,2,49.17,6.12,14.49,41.32,36.42,0.26,5,0,7,0,0
"CUST-0485",18,34208,2,4,"Silver",30.7,118.82,5,23.76,9.52,17.83,51.98,39.49,0.52,39,0,7,0,0
"CUST-0486",61,85974,2,6,"Gold",1.8,1874.72,10,187.47,497.55,953.55,229.75,193.86,0.18,96,2,10,0,0
"CUST-0487",39,66801,2,2,"Silver",2.8,142.18,4,35.55,16.61,22.92,63.23,39.43,0.19,96,2,6,0,0
"CUST-0488",41,49500,1,1,"Bronze",5.2,270.02,3,90.01,34.08,33.1,110.93,91.92,0.28,43,1,3,0,0
"CUST-0489",18,50643,1,3,"Silver",25.7,113.33,3,37.78,11.13,25.09,38.7,38.41,0.54,12,1,6,0,0
"CUST-0490",26,24580,2,7,"Gold",19.6,166.66,1,166.66,15.98,30.83,77.74,42.12,0.69,77,0,7,0,0
"CUST-0491",44,39565,1,6,"Gold",4.4,217.31,3,72.44,29.5,26.19,81.53,80.08,0.28,35,1,5,0,0
"CUST-0492",24,34425,4,7,"Gold",4.8,120.48,5,24.1,13.2,22.64,57.1,27.55,0.48,72,1,6,0,1
"CUST-0493",20,38864,3,4,"Silver",22.1,213.62,3,71.21,28.23,29.87,96.38,59.14,0.65,144,0,5,0,0
"CUST-0494",44,68792,2,3,"Silver",9.5,3721.56,16,232.6,1088.72,1663.35,412.65,556.84,0.26,4,0,7,0,0
"CUST-0495",47,31637,5,2,"Silver",24.2,289.98,6,48.33,147.06,51.58,58.68,32.66,0.32,4,0,7,0,1
"CUST-0496",38,31592,1,15,"Gold",8.3,64.55,2,32.27,5.33,10.34,29.59,19.29,0.32,13,5,7,0,0
"CUST-0497",27,34948,1,1,"Bronze",3.1,66.21,3,22.07,4.33,8.88,30,23,0.3,159,2,4,0,1
"CUST-0498",36,42699,2,4,"Silver",19,90.84,1,90.84,5.17,10.47,44.68,30.52,0.52,31,1,6,0,0
"CUST-0499",26,42776,5,3,"Silver",2.8,200.07,8,25.01,22.55,34.26,81.21,62.05,0.36,128,0,8,0,0
"CUST-0500",35,65655,3,1,"Bronze",8.9,843.74,7,120.53,435.96,156.51,136.61,114.66,0.37,20,1,5,0,0
"CUST-0501",33,172532,2,4,"Silver",8.8,2032.01,10,203.2,407.83,929.72,472.91,221.55,0.25,80,0,7,0,0
"CUST-0502",33,25077,3,1,"Bronze",4.5,64.1,4,16.02,6.07,9.15,28.24,20.63,0.35,21,1,7,0,0
"CUST-0503",24,34993,5,1,"Bronze",5.1,128.32,5,25.66,14.6,24.89,45.71,43.12,0.28,4,1,7,0,0
"CUST-0504",32,74874,1,13,"Gold",10.4,1100.85,7,157.26,592.02,179.19,198.73,130.91,0.34,233,0,8,0,0
"CUST-0505",38,38362,2,4,"Silver",10.1,90.45,1,90.45,5.82,11.98,38.81,33.85,0.28,52,1,7,0,0
"CUST-0506",41,47054,5,1,"Bronze",2.6,280,1,280,25.44,56.01,110.45,88.1,0.3,102,2,4,0,0
"CUST-0507",43,60271,4,1,"Bronze",8.7,477.62,7,68.23,204.61,65.75,153.98,53.28,0.25,22,1,5,0,0
"CUST-0508",42,87034,4,9,"Gold",5.9,317.2,10,31.72,181.08,49.24,61.21,25.67,0.13,13,0,7,0,0
"CUST-0509",35,37567,3,3,"Silver",2,211.6,1,211.6,19.39,49.9,67.69,74.62,0.27,39,1,5,0,0
"CUST-0510",37,82888,3,6,"Gold",51.4,922.37,2,461.18,447.37,136.19,216.4,122.41,0.83,70,0,4,0,0
"CUST-0511",30,59589,1,2,"Silver",9.8,680.21,8,85.03,350.26,79.23,184.25,66.47,0.24,29,0,7,0,0
"CUST-0512",42,86404,5,4,"Silver",13,663.19,3,221.06,361.48,105.4,135.81,60.5,0.24,5,2,6,0,0
"CUST-0513",21,55565,3,3,"Silver",1.3,832.25,12,69.35,257.31,348.99,126.81,99.13,0.37,65,0,10,1,0
"CUST-0514",42,72235,2,4,"Silver",4.9,411.87,4,102.97,195.93,74.46,79.08,62.4,0.34,16,0,7,0,0
"CUST-0515",40,139446,4,3,"Silver",4.8,2898.65,12,241.55,739.91,1259.24,536.43,363.07,0.17,131,0,6,0,0
"CUST-0516",23,62693,2,2,"Silver",11.4,80.18,4,20.05,6.32,16.25,33.59,24.01,0.43,44,1,6,0,0
"CUST-0517",28,32646,1,9,"Gold",11.7,81.39,2,40.7,12.46,21.34,26.77,20.81,0.25,133,1,6,0,0
"CUST-0518",45,149573,4,1,"Bronze",2.5,1992.49,12,166.04,594.36,881.17,246.63,270.33,0.29,1,0,6,0,0
"CUST-0519",39,23388,2,2,"Silver",4.4,45.05,4,11.26,2.66,8.69,17.14,16.57,0.19,47,1,5,0,0
"CUST-0520",34,57235,1,1,"Bronze",50.3,450.96,5,90.19,238.97,70.19,96.11,45.69,0.62,2,1,7,0,0
"CUST-0521",48,103598,4,2,"Silver",8.6,1925.57,15,128.37,460.03,942.21,304.65,218.68,0.14,29,0,3,1,0
"CUST-0522",27,21364,3,1,"Bronze",14.8,32.83,3,10.94,3.81,5.95,10.69,12.38,0.52,81,2,5,1,1
"CUST-0523",54,91563,1,4,"Silver",22.7,1310.3,9,145.59,224.56,688.28,247.53,149.93,0.35,12,1,8,0,0
"CUST-0524",41,127104,1,1,"Bronze",5.2,1730.39,6,288.4,476.68,812.08,333.94,107.69,0.49,150,2,6,1,0
"CUST-0525",61,63884,3,1,"Bronze",10,1929.22,11,175.38,513.03,848.17,238.54,329.48,0.17,67,1,9,0,0
"CUST-0526",34,53797,3,1,"Bronze",25.5,191.93,4,47.98,15.63,52.79,74.31,49.2,0.46,54,2,6,0,0
"CUST-0527",67,126548,3,5,"Gold",4.3,1138.92,8,142.36,293.34,424.31,263.79,157.47,0.15,7,3,4,0,0
"CUST-0528",56,82075,2,1,"Bronze",9.4,2000.49,12,166.71,503.7,1061.33,229.32,206.14,0.2,79,1,5,0,0
"CUST-0529",42,73087,4,4,"Silver",5.6,477.6,7,68.23,257.03,81.26,109.54,29.77,0.22,11,2,6,0,0
"CUST-0530",49,55367,2,4,"Silver",4.1,399.17,4,99.79,182.01,61.48,108.77,46.91,0.14,12,0,7,0,0
"CUST-0531",44,100106,3,2,"Silver",33.4,615.45,5,123.09,299.19,103.29,169.97,43,0.47,43,1,7,0,0
"CUST-0532",23,72410,3,2,"Silver",3.6,151.27,1,151.27,11.96,34.66,69.61,35.04,0.2,30,1,5,0,0
"CUST-0533",25,57132,4,7,"Gold",9.9,1768.79,12,147.4,470.36,883.31,317.73,97.4,0.34,35,3,7,0,1
"CUST-0534",51,57940,3,7,"Gold",6.9,2191.33,14,156.52,626.27,1125.22,268.44,171.4,0.25,9,0,8,0,0
"CUST-0535",62,104625,1,3,"Silver",2.5,2704.58,20,135.23,771.17,1322.62,399.43,211.37,0.16,6,2,5,1,0
"CUST-0536",28,21243,1,11,"Gold",22.1,37.65,5,7.53,4.4,8.45,14.16,10.64,0.31,5,0,9,0,0
"CUST-0537",29,43747,1,6,"Gold",29.2,64.72,3,21.57,4.52,11.71,30.18,18.3,0.25,38,0,8,0,0
"CUST-0538",39,39532,2,1,"Bronze",2.3,154.03,5,30.81,78.48,27.28,32.95,15.31,0.45,21,1,6,0,0
"CUST-0539",26,42726,2,3,"Silver",11,138.05,3,46.02,11.5,27.69,55.72,43.13,0.51,31,0,8,1,0
"CUST-0540",51,113848,1,3,"Silver",19.1,3390.86,8,423.86,991.07,1302.36,635.26,462.17,0.23,20,0,9,0,0
"CUST-0541",38,42023,1,3,"Silver",27.2,161.21,2,80.61,13.19,34.38,62.15,51.49,0.35,217,0,7,0,0
"CUST-0542",24,43000,2,10,"Gold",4.6,97.75,5,19.55,5.99,18.2,40.41,33.15,0.4,41,1,9,0,0
"CUST-0543",62,115289,5,13,"Gold",2.6,1077.58,5,215.52,289.53,544.16,178.66,65.23,0.07,172,0,6,1,0
"CUST-0544",56,59957,4,3,"Silver",4.4,1264.09,12,105.34,361.7,614.88,145.17,142.34,0.14,66,0,5,0,0
"CUST-0545",28,21653,1,2,"Silver",7,36.41,3,12.14,3.69,6.36,15.22,11.15,0.43,60,2,6,0,1
"CUST-0546",37,73320,3,9,"Gold",5.2,389.41,4,97.35,205.42,64.8,87.11,32.08,0.21,33,3,6,0,0
"CUST-0547",33,100169,4,15,"Gold",13.3,2031.82,18,112.88,579.14,998.57,332.3,121.81,0.34,62,1,10,0,0
"CUST-0548",52,96167,3,1,"Bronze",5.5,1312.28,11,119.3,311.55,532.21,313.02,155.51,0.25,53,1,7,1,0
"CUST-0549",43,49710,2,4,"Silver",5.2,968.64,11,88.06,257.72,419.41,202.19,89.33,0.26,42,0,10,1,0
"CUST-0550",43,75471,3,1,"Bronze",10.3,829.04,11,75.37,156.32,451.79,171.49,49.44,0.26,45,0,7,0,0
"CUST-0551",31,34819,1,2,"Silver",9.4,83.93,2,41.97,4.97,20.25,40.36,18.36,0.38,42,0,5,0,0
"CUST-0552",46,67907,4,1,"Bronze",13.4,515.41,12,42.95,211,104.16,151.44,48.8,0.2,3,0,7,0,0
"CUST-0553",49,69647,4,2,"Silver",24.1,321.59,4,80.4,158.89,55.34,83.8,23.57,0.36,61,0,5,0,0
"CUST-0554",21,42218,2,5,"Gold",10.1,87.23,2,43.62,10.01,11.89,41.89,23.44,0.38,17,0,8,0,0
"CUST-0555",56,66763,4,9,"Gold",7.7,1636.26,10,163.63,370.62,773.03,246,246.61,0.25,23,0,8,0,0
"CUST-0556",32,20000,1,2,"Silver",5.2,31.2,3,10.4,3.55,7.28,10.34,10.03,0.22,21,1,4,0,0
"CUST-0557",51,59626,5,3,"Silver",12.8,306.48,8,38.31,160.79,49.62,56.49,39.58,0.24,3,0,7,0,0
"CUST-0558",22,24696,5,2,"Silver",6.7,176.55,2,88.28,16.06,20.93,91.39,48.16,0.38,43,1,8,0,0
"CUST-0559",66,104381,1,2,"Silver",8.4,1443.91,10,144.39,369.72,573.7,307.78,192.71,0.23,117,0,5,0,0
"CUST-0560",36,95378,1,4,"Silver",4.2,2152.25,14,153.73,572.84,894.32,427.39,257.71,0.27,34,1,10,0,0
"CUST-0561",30,73617,1,3,"Silver",4,623.58,6,103.93,338.33,117.26,127.42,40.58,0.4,249,1,6,0,0
"CUST-0562",29,41658,2,4,"Silver",14,277.43,1,277.43,31.32,51.63,98.04,96.43,0.23,38,0,6,0,0
"CUST-0563",52,93401,5,2,"Silver",14.9,1929.96,10,193,421.61,991.03,363.78,153.54,0.27,2,0,7,0,1
"CUST-0564",53,63975,1,3,"Silver",5.6,1150.54,14,82.18,296.49,487.68,178,188.37,0.2,31,2,7,0,0
"CUST-0565",45,90852,3,1,"Bronze",3.3,1969.31,12,164.11,541.77,934.82,305.36,187.36,0.28,91,1,8,0,0
"CUST-0566",42,62819,1,7,"Gold",12.1,359.6,4,89.9,37.09,58.04,150.24,114.23,0.26,73,2,7,0,0
"CUST-0567",52,64156,3,11,"Gold",10.1,1651.92,9,183.55,378.02,845.16,324.4,104.34,0.46,60,0,7,0,0
"CUST-0568",18,47233,3,7,"Gold",8.5,160.68,2,80.34,13.44,28.38,65.77,53.09,0.32,11,0,8,1,0
"CUST-0569",24,32217,3,1,"Bronze",15.8,72.82,1,72.82,9.65,12.91,30.34,19.92,0.26,6,0,7,0,0
"CUST-0570",45,88331,5,5,"Gold",19.3,582.91,3,194.3,280.06,82.93,155.72,64.19,0.31,83,0,6,0,0
"CUST-0571",36,34273,1,6,"Gold",16.3,150.17,4,37.54,23.87,26.35,56.97,42.98,0.15,3,0,7,1,0
"CUST-0572",31,44588,2,4,"Silver",24.1,82.24,1,82.24,5.03,13.45,34.11,29.65,0.34,151,1,5,1,1
"CUST-0573",28,28253,3,3,"Silver",3.9,69.85,4,17.46,5.95,16.42,22.6,24.88,0.2,19,1,7,1,0
"CUST-0574",26,38026,5,2,"Silver",17.3,108.93,2,54.47,12.08,15.37,46.97,34.52,0.42,19,0,7,0,0
"CUST-0575",32,51691,4,2,"Silver",2.8,139.85,3,46.62,18.1,27.14,54.83,39.78,0.24,26,1,9,0,1
"CUST-0576",26,24185,1,4,"Silver",6,51.18,7,7.31,4.48,9.37,19.53,17.8,0.3,15,1,5,0,0
"CUST-0577",30,85233,3,5,"Gold",16.6,533.94,8,66.74,273.47,93.5,116.25,50.71,0.52,88,1,7,1,0
"CUST-0578",48,78929,2,1,"Bronze",1.8,754.34,5,150.87,385.13,153.29,168.76,47.17,0.19,116,2,5,0,0
"CUST-0579",37,105836,3,3,"Silver",5,1297.15,5,259.43,598.01,254.3,315.04,129.81,0.24,57,2,6,0,0
"CUST-0580",43,69065,4,13,"Gold",7.4,693.81,6,115.63,354.37,86.87,176.7,75.86,0.32,22,0,5,0,0
"CUST-0581",56,68405,3,1,"Bronze",9.6,1518.23,9,168.69,310.87,749.85,268.64,188.87,0.19,9,0,6,0,0
"CUST-0582",18,23993,2,1,"Bronze",16.2,28.38,3,9.46,1.94,4.34,14.26,7.84,0.44,69,0,6,1,0
"CUST-0583",62,110196,4,3,"Silver",2.3,2228.32,10,222.83,494.82,1134.07,359.02,240.4,0.21,7,1,6,0,0
"CUST-0584",54,93011,3,5,"Gold",3.5,1829.74,14,130.7,472.77,875.3,312.61,169.06,0.12,32,2,5,0,0
"CUST-0585",56,49464,2,1,"Bronze",3.5,1834.76,8,229.34,509.37,903.82,238.64,182.93,0.21,44,1,5,0,0
"CUST-0586",47,92602,2,12,"Gold",9.1,1434.89,12,119.57,281.43,684.01,326.26,143.19,0.2,6,1,7,1,0
"CUST-0587",43,32021,2,1,"Bronze",4.8,103.36,5,20.67,9.14,11.03,45.33,37.86,0.19,80,0,6,0,0
"CUST-0588",32,105491,2,2,"Silver",3,1198.3,9,133.14,647.16,151.78,268.68,130.67,0.25,59,0,7,0,0
"CUST-0589",40,77240,3,2,"Silver",13.4,437.11,9,48.57,197.62,62.68,123.43,53.38,0.19,22,1,4,1,0
"CUST-0590",57,53104,2,5,"Gold",18.5,1006.06,9,111.78,292.13,448.05,136.6,129.27,0.23,49,0,7,0,0
"CUST-0591",52,66516,2,1,"Bronze",1.2,1288.87,11,117.17,296.55,543.06,246.64,202.61,0.34,103,0,4,0,0
"CUST-0592",23,38005,1,1,"Bronze",14.2,65.99,4,16.5,6,10.9,31.73,17.36,0.57,56,0,7,0,0
"CUST-0593",55,80681,5,10,"Gold",6.4,1260.94,7,180.13,240.66,621.18,209.82,189.29,0.23,6,0,6,1,0
"CUST-0594",31,33736,2,1,"Bronze",5.8,116.52,1,116.52,11.01,13.42,49.86,42.23,0.18,81,1,5,0,0
"CUST-0595",46,94019,2,3,"Silver",9,3195.56,12,266.3,619.73,1516.98,749.75,309.09,0.28,22,2,8,0,0
"CUST-0596",45,52439,4,8,"Gold",30.1,408.6,4,102.15,181,55.59,142.95,29.06,0.31,97,0,7,0,0
"CUST-0597",52,114553,3,11,"Gold",16.8,1133.43,9,125.94,284.94,539.94,171.64,136.91,0.22,38,2,8,0,0
"CUST-0598",39,34223,4,8,"Gold",4.5,156.74,3,52.25,16.77,31.68,63.31,44.98,0.21,84,1,8,0,0
"CUST-0599",31,48724,3,1,"Bronze",31.7,641.08,6,106.85,270.31,118.35,163.46,88.96,0.43,226,1,7,0,0
"CUST-0600",58,82453,3,9,"Gold",5.9,740.09,8,92.51,295.45,151.86,247.09,45.69,0.13,48,2,5,1,0
"CUST-0601",49,58946,4,2,"Silver",17.5,755.9,11,68.72,348.98,122.07,186.29,98.57,0.21,121,1,9,0,0
"CUST-0602",42,64329,3,1,"Bronze",11.4,466.14,7,66.59,226.15,54.67,123.03,62.28,0.35,6,0,6,0,1
"CUST-0603",32,28716,2,1,"Bronze",8.1,258.24,1,258.24,29.28,49.63,110.84,68.5,0.31,2,0,9,0,0
"CUST-0604",48,83723,2,15,"Gold",13.7,802.47,4,200.62,362.22,143.89,193.24,103.12,0.53,13,1,5,0,0
"CUST-0605",37,170676,4,3,"Silver",8.9,4446.55,9,494.06,1202.17,1834.98,1087.93,321.46,0.63,126,0,6,0,0
"CUST-0606",33,44323,4,1,"Bronze",2.3,243.87,6,40.65,19.97,40.87,96.3,86.73,0.19,3,1,6,0,0
"CUST-0607",50,102998,3,2,"Silver",3,2070.89,8,258.86,440.51,855.43,455.1,319.85,0.17,50,1,8,1,0
"CUST-0608",64,57864,2,1,"Bronze",3.8,1257.05,7,179.58,226.48,775.61,152.46,102.49,0.12,17,1,9,0,0
"CUST-0609",30,29021,3,2,"Silver",14,74.74,1,74.74,10.98,7.54,34.99,21.23,0.25,7,0,7,0,0
"CUST-0610",30,75369,5,15,"Gold",20.4,1451.09,8,181.39,749.32,140.15,397.65,163.97,0.44,34,0,8,0,0
"CUST-0611",24,33517,2,3,"Silver",11.6,121.14,3,40.38,8.26,23.37,49.61,39.9,0.31,16,0,8,0,0
"CUST-0612",18,30948,1,2,"Silver",8.1,45.9,1,45.9,4.29,6.24,20.82,14.56,0.6,21,2,6,0,0
"CUST-0613",56,62842,3,10,"Gold",9.7,468.91,10,46.89,245.98,73.92,117.72,31.29,0.24,20,1,8,0,0
"CUST-0614",54,98364,3,2,"Silver",15.2,1552.07,10,155.21,369.32,681.57,340.09,161.09,0.28,26,0,8,0,0
"CUST-0615",35,56483,5,3,"Silver",27,439.66,2,219.83,188.75,70.44,130.04,50.44,0.35,30,1,7,1,0
"CUST-0616",52,117949,2,1,"Bronze",32.5,1689.74,7,241.39,376.41,783.82,418.18,111.33,0.54,20,0,7,0,1
"CUST-0617",25,77663,5,6,"Gold",6.3,1101.53,12,91.79,297.87,455.3,228,120.36,0.21,5,0,7,0,0
"CUST-0618",45,40201,3,6,"Gold",4.7,74.23,4,18.56,10.44,11.17,30.68,21.93,0.35,17,1,6,0,0
"CUST-0619",42,61810,3,4,"Silver",10.2,698.87,10,69.89,312.07,157.59,133.12,96.09,0.23,88,1,5,0,0
"CUST-0620",44,63830,4,7,"Gold",14.1,256.51,4,64.13,125.53,33.84,69,28.15,0.34,44,2,8,0,0
"CUST-0621",32,68447,3,1,"Bronze",6.1,549,5,109.8,252.2,71.47,148.26,77.07,0.28,65,1,5,0,1
"CUST-0622",35,33080,4,5,"Gold",15.5,63.59,4,15.9,10.8,14.27,22.92,15.6,0.47,42,1,6,0,0
"CUST-0623",55,133435,2,15,"Gold",5.2,1709.14,10,170.91,312.65,841.62,390.71,164.16,0.26,60,1,6,0,0
"CUST-0624",34,53193,4,1,"Bronze",25.5,345.2,9,38.36,140.73,57.07,104.51,42.89,0.37,5,0,5,0,0
"CUST-0625",48,109375,4,7,"Gold",7.1,1876.22,9,208.47,468.45,893.59,354.8,159.38,0.18,25,0,8,0,0
"CUST-0626",24,77741,4,3,"Silver",16.3,404.14,10,40.41,198.65,80.16,82.84,42.49,0.44,50,0,7,0,0
"CUST-0627",53,88512,2,8,"Gold",4.4,1355.2,11,123.2,391.25,699.55,189.96,74.44,0.15,30,1,9,0,0
"CUST-0628",57,171007,1,1,"Bronze",4.7,1913.31,5,382.66,373.11,820.83,452.28,267.08,0.15,119,0,8,0,0
"CUST-0629",46,96800,2,4,"Silver",43.5,1827.05,10,182.7,486.5,889.96,309.28,141.31,0.64,6,1,6,0,0
"CUST-0630",47,150674,3,2,"Silver",17.9,1749.1,8,218.64,393.21,689.62,418.57,247.71,0.22,42,0,8,0,0
"CUST-0631",48,45520,3,4,"Silver",6.3,213.71,6,35.62,101.92,32.19,46.32,33.29,0.28,8,0,8,0,0
"CUST-0632",40,97813,5,2,"Silver",3.2,1576.64,5,315.33,357.8,712.32,359.57,146.94,0.23,135,2,4,0,0
"CUST-0633",47,85153,2,2,"Silver",5,2121.44,11,192.86,618.2,899.74,416.47,187.03,0.27,59,0,10,0,0
"CUST-0634",24,41603,1,1,"Bronze",21.7,124.18,3,41.39,12.02,24,47.96,40.2,0.36,22,1,5,0,0
"CUST-0635",23,42190,1,4,"Silver",6.1,138.53,4,34.63,13.35,22.14,58.32,44.73,0.42,102,0,6,0,0
"CUST-0636",50,135345,2,5,"Gold",1.7,2192.25,8,274.03,491.09,1154.4,354.79,191.96,0.18,77,2,4,0,0
"CUST-0637",29,41112,1,4,"Silver",5.8,81.36,5,16.27,7.11,13.7,29.49,31.06,0.44,131,1,6,1,1
"CUST-0638",26,52571,3,4,"Silver",1.6,147.31,4,36.83,14.09,20.17,75.61,37.44,0.36,38,0,8,0,0
"CUST-0639",48,79654,5,5,"Gold",4.8,821.13,6,136.85,367.44,122.15,268.79,62.75,0.26,48,1,4,0,0
"CUST-0640",58,80726,4,13,"Gold",14,469.45,4,117.36,204.75,56.3,156.63,51.77,0.37,51,0,7,1,0
"CUST-0641",30,37703,1,9,"Gold",15.3,60.6,3,20.2,5.68,11.62,26.96,16.34,0.44,146,1,8,0,0
"CUST-0642",34,51633,2,1,"Bronze",20.7,66.18,1,66.18,5.98,12.54,24.95,22.7,0.4,22,0,9,0,0
"CUST-0643",59,75479,1,3,"Silver",12.1,1855.8,8,231.98,364.72,872.51,458.09,160.49,0.26,30,0,9,0,0
"CUST-0644",48,80782,3,5,"Gold",13.8,563.98,2,281.99,268.37,77.08,143.54,74.99,0.3,4,0,8,0,0
"CUST-0645",42,85002,4,2,"Silver",6.6,1154.03,5,230.81,564.84,198.98,233.31,156.9,0.35,42,0,7,0,0
"CUST-0646",32,54565,2,2,"Silver",0.5,354.75,9,39.42,194.01,50.35,71.69,38.7,0.2,9,2,6,1,0
"CUST-0647",32,89085,3,6,"Gold",5.9,328.72,7,46.96,182.98,42.02,64.7,39.02,0.26,22,0,6,0,0
"CUST-0648",41,105125,2,5,"Gold",6.3,1804.83,6,300.8,365.05,1015.87,209.4,214.51,0.15,9,1,9,0,0
"CUST-0649",23,32994,1,1,"Bronze",9.1,78.43,1,78.43,9.17,7.78,35.79,25.69,0.46,2,1,7,0,0
"CUST-0650",44,105726,4,1,"Bronze",4.2,1186.01,11,107.82,243.64,646.66,196.6,99.11,0.34,14,1,7,0,0
"CUST-0651",30,72663,1,5,"Gold",9.3,265.91,3,88.64,31.97,46.49,103.64,83.81,0.26,107,1,6,0,0
"CUST-0652",34,35286,2,2,"Silver",10.2,46.14,3,15.38,3.86,6.4,23.69,12.19,0.36,23,0,7,0,0
"CUST-0653",36,87121,3,4,"Silver",3.9,1941.47,14,138.68,518.63,990.07,256.35,176.42,0.39,69,0,2,0,0
"CUST-0654",64,106844,2,1,"Bronze",2.8,1369.84,11,124.53,295.55,597.28,334.56,142.44,0.13,26,1,7,0,0
"CUST-0655",33,75528,5,1,"Bronze",11.7,402.6,6,67.1,196.39,64.74,93.42,48.05,0.47,43,0,9,0,0
"CUST-0656",37,87814,2,4,"Silver",10.8,1334.69,11,121.34,418.87,656.83,182.31,76.68,0.25,139,0,8,0,0
"CUST-0657",31,38828,1,15,"Gold",4.2,119.47,3,39.82,12.25,22.49,41.11,43.62,0.34,30,0,9,1,0
"CUST-0658",43,36037,2,1,"Bronze",17.5,504.49,9,56.05,235.65,83.5,127.11,58.24,0.44,26,3,4,0,1
"CUST-0659",30,20248,1,1,"Bronze",38.7,50.57,3,16.86,4.75,7.09,21.26,17.47,0.53,8,0,8,0,0
"CUST-0660",41,92388,2,2,"Silver",5.2,1245.89,9,138.43,230.5,634.29,218.17,162.93,0.2,62,1,8,0,0
"CUST-0661",24,23750,2,5,"Gold",10.1,30.62,4,7.66,3.99,3.83,12.47,10.33,0.51,9,0,6,0,0
"CUST-0662",70,69691,2,2,"Silver",10,1401.06,13,107.77,426.73,603.27,156.77,214.29,0.16,70,1,7,0,0
"CUST-0663",30,59465,3,15,"Gold",11.8,85.79,3,28.6,9.32,14.23,34.45,27.79,0.3,145,1,4,0,0
"CUST-0664",28,20000,1,1,"Bronze",12.9,148.22,1,148.22,8.75,17.79,67.72,53.97,0.45,20,1,8,0,0
"CUST-0665",58,46728,3,5,"Gold",3.4,569.03,4,142.26,290.37,109.75,134.44,34.47,0.11,54,1,6,0,0
"CUST-0666",18,70383,5,3,"Silver",5.4,155.86,2,77.93,19.06,19.48,65.47,51.84,0.36,61,0,8,0,0
"CUST-0667",42,25448,2,4,"Silver",6.4,46.15,4,11.54,5.06,8.74,20.16,12.19,0.19,55,2,4,0,0
"CUST-0668",23,25634,2,2,"Silver",5.1,58.6,3,19.53,3.52,12.99,24.45,17.63,0.5,71,0,8,0,0
"CUST-0669",63,61030,4,1,"Bronze",8.9,940.82,7,134.4,513.02,142.53,205.21,80.07,0.17,46,1,8,0,0
"CUST-0670",36,22910,3,1,"Bronze",5.6,51.51,3,17.17,6.07,6.38,20.32,18.74,0.3,66,1,9,0,0
"CUST-0671",54,77014,5,1,"Bronze",8.9,1195.84,5,239.17,538.8,166.27,306.25,184.52,0.26,186,0,8,0,0
"CUST-0672",56,59620,3,2,"Silver",5,232.87,5,46.57,117.79,32.83,62.7,19.55,0.21,87,3,5,0,1
"CUST-0673",56,92708,3,2,"Silver",2.9,895.62,9,99.51,226.43,383.14,225.67,60.38,0.47,134,2,7,0,0
"CUST-0674",28,36452,2,4,"Silver",2.8,101.9,3,33.97,9.84,21.29,45.63,25.14,0.4,74,0,7,1,0
"CUST-0675",61,81271,5,5,"Gold",2.9,999.19,9,111.02,290.8,396.58,153.22,158.58,0.14,8,0,7,0,0
"CUST-0676",18,30605,3,7,"Gold",5.8,107.31,5,21.46,6.26,24.09,49.75,27.21,0.46,71,0,7,1,0
"CUST-0677",28,27701,2,6,"Gold",4.9,94.46,2,47.23,9.21,13.27,47.04,24.94,0.37,33,0,3,0,0
"CUST-0678",44,80668,3,3,"Silver",22.7,1313.03,9,145.89,219.73,696.75,325.73,70.82,0.45,7,0,10,0,0
"CUST-0679",39,53430,2,7,"Gold",28.3,181.71,8,22.71,92.4,34.9,32.58,21.84,0.41,2,0,7,1,0
"CUST-0680",21,65427,5,3,"Silver",7.6,95.6,6,15.93,9.89,13.62,33.72,38.37,0.32,62,2,7,0,0
"CUST-0681",35,33030,1,4,"Silver",12.7,137.2,5,27.44,12.08,32.7,53.55,38.87,0.16,127,1,8,0,1
"CUST-0682",45,76726,4,1,"Bronze",5.2,346.23,7,49.46,198.75,49.52,68.45,29.52,0.34,73,3,5,0,0
"CUST-0683",40,74426,5,7,"Gold",3.9,1692.02,6,282,364.04,754.13,427.17,146.69,0.27,4,1,4,0,0
"CUST-0684",47,66974,3,4,"Silver",4,309.17,7,44.17,163.11,34.74,76.45,34.86,0.31,48,0,8,1,0
"CUST-0685",44,108323,1,8,"Gold",18.6,1330.78,9,147.86,347.91,644.28,211.54,127.05,0.22,44,0,10,0,0
"CUST-0686",56,48819,4,3,"Silver",27.7,402.75,5,80.55,177.88,63.98,114.22,46.67,0.43,25,1,8,0,0
"CUST-0687",18,62949,1,2,"Silver",19.2,95.71,2,47.85,5.45,21.89,44.1,24.26,0.69,67,1,7,0,0
"CUST-0688",34,44390,5,2,"Silver",10.2,75.59,5,15.12,8.91,17.57,23.28,25.83,0.37,49,2,8,0,0
"CUST-0689",49,87833,3,11,"Gold",11.4,920.82,7,131.55,426.16,161.16,213.26,120.24,0.27,4,1,7,0,1
"CUST-0690",43,43061,5,1,"Bronze",17.9,249.67,9,27.74,128.5,30.73,76,14.43,0.42,106,1,5,0,0
"CUST-0691",38,41365,4,1,"Bronze",6.8,230.66,2,115.33,35.19,37.76,105.6,52.11,0.2,52,0,5,0,0
"CUST-0692",43,35976,2,2,"Silver",6.6,114.85,3,38.28,16.43,19.9,46.75,31.77,0.32,63,0,7,0,0
"CUST-0693",50,52490,5,7,"Gold",4.5,336.04,10,33.6,175.98,45.49,77.28,37.29,0.15,9,0,9,0,0
"CUST-0694",56,65960,2,5,"Gold",3.5,800.98,4,200.24,396.49,145.07,216.15,43.27,0.06,15,2,5,0,0
"CUST-0695",47,98812,3,3,"Silver",3.4,2945.54,13,226.58,769.86,1413.11,375.58,386.99,0.18,46,0,8,0,0
"CUST-0696",30,40555,1,4,"Silver",8.2,97.79,2,48.9,12.88,21.05,33.22,30.65,0.39,22,0,6,1,0
"CUST-0697",20,26333,1,1,"Bronze",5.6,127.04,4,31.76,10.57,18.38,48.68,49.41,0.25,19,1,7,0,0
"CUST-0698",41,110429,2,7,"Gold",7.1,1257.75,10,125.78,235.33,697.59,173.51,151.32,0.41,112,3,9,0,0
"CUST-0699",42,51417,5,2,"Silver",7.3,756.81,5,151.36,332.79,138.71,240.45,44.86,0.31,2,1,4,0,0
"CUST-0700",33,62281,3,1,"Bronze",7.7,666.75,3,222.25,271.01,115.96,211.34,68.44,0.34,19,1,7,0,1
"CUST-0701",33,22087,3,2,"Silver",13.3,45.23,1,45.23,4.81,5.85,18.48,16.1,0.37,27,0,8,0,0
"CUST-0702",43,127782,2,10,"Gold",8,2390.42,9,265.6,666.52,1022.08,351.1,350.71,0.28,44,0,7,0,0
"CUST-0703",35,132050,3,2,"Silver",9.3,737.1,11,67.01,168.17,329.66,146.93,92.34,0.2,21,0,7,1,0
"CUST-0704",50,70169,3,6,"Gold",7.5,426.27,7,60.9,213.35,78.48,102.87,31.58,0.17,16,0,5,0,0
"CUST-0705",46,67824,1,2,"Silver",5.3,1426.93,11,129.72,294.06,725.67,314.8,92.4,0.26,4,0,6,0,0
"CUST-0706",38,37993,2,15,"Gold",16,104.73,4,26.18,5.81,24.4,42.43,32.08,0.31,30,1,6,0,0
"CUST-0707",25,48089,1,3,"Silver",28.1,209.06,4,52.26,24.23,38.22,88.97,57.65,0.54,37,0,8,0,1
"CUST-0708",56,76117,3,2,"Silver",4.5,503.64,6,83.94,252.11,48.91,140.88,61.74,0.12,22,0,6,0,0
"CUST-0709",22,40897,3,7,"Gold",11.4,122.2,4,30.55,12.41,14.75,51.11,43.92,0.3,32,0,7,0,1
"CUST-0710",48,167377,4,15,"Gold",2.9,4155.8,12,346.32,1151.15,1750.84,859,394.81,0.38,57,2,6,0,0
"CUST-0711",36,49564,3,1,"Bronze",31,700.59,6,116.76,333.56,117.87,174.84,74.32,0.62,15,1,9,0,0
"CUST-0712",55,145930,2,2,"Silver",4.2,2161.76,7,308.82,591.1,981.25,397.91,191.5,0.15,93,2,5,0,0
"CUST-0713",35,72788,5,1,"Bronze",4.5,356.48,8,44.56,181.74,66.38,80.04,28.31,0.23,13,3,4,1,0
"CUST-0714",47,74205,4,9,"Gold",6.1,604.37,8,75.55,250.35,136.31,179.82,37.89,0.33,42,0,10,0,0
"CUST-0715",44,92328,4,7,"Gold",11,628.13,4,157.03,340.63,75.95,122.87,88.68,0.36,11,0,9,1,0
"CUST-0716",43,135338,3,3,"Silver",2.1,1745.66,12,145.47,277.84,873.77,356.91,237.13,0.13,192,2,4,0,0
"CUST-0717",34,65852,1,1,"Bronze",10.7,1846.1,12,153.84,447.74,1080.2,211.88,106.28,0.24,16,0,6,0,0
"CUST-0718",35,22568,2,4,"Silver",7.4,107.28,4,26.82,14.05,17.28,34.52,41.43,0.39,153,1,8,0,0
"CUST-0719",32,85208,3,1,"Bronze",5.7,738.65,7,105.52,320.79,143.71,210.84,63.31,0.34,9,0,6,0,0
"CUST-0720",48,70810,3,2,"Silver",32.1,893.93,16,55.87,170.96,488.55,103.1,131.31,0.41,24,1,9,0,1
"CUST-0721",41,35400,2,1,"Bronze",6.1,172.17,2,86.08,20.87,17.08,70.02,64.19,0.18,21,0,8,1,0
"CUST-0722",41,74623,1,5,"Gold",9.9,1427.04,11,129.73,373.74,664.64,282.71,105.95,0.24,159,1,7,1,0
"CUST-0723",37,46457,1,2,"Silver",10.6,196.24,3,65.41,24.21,37.15,80.85,54.02,0.19,9,1,6,0,0
"CUST-0724",42,98594,4,2,"Silver",1.1,1160.81,14,82.91,207.4,531.77,232.06,189.58,0.46,219,0,9,0,0
"CUST-0725",43,91118,3,2,"Silver",9.6,502.76,3,167.59,261.6,95.95,102.25,42.96,0.2,4,1,3,0,0
"CUST-0726",51,94145,2,3,"Silver",6.7,378.48,8,47.31,180.08,74.58,96.86,26.97,0.38,64,0,7,0,0
"CUST-0727",41,33123,4,1,"Bronze",6.8,231.45,5,46.29,99.56,41.78,76.07,14.05,0.32,140,0,5,0,0
"CUST-0728",40,74935,3,5,"Gold",6.5,622.03,4,155.51,329.41,92.83,144.83,54.96,0.39,41,0,7,1,0
"CUST-0729",44,65828,1,1,"Bronze",7.2,1303.95,11,118.54,596.47,227.3,327.67,152.5,0.35,99,0,10,0,0
"CUST-0730",33,27307,3,1,"Bronze",20.6,54.7,4,13.68,4.24,10.01,26.82,13.63,0.4,56,1,7,1,0
"CUST-0731",45,61960,5,7,"Gold",11,515.49,9,57.28,257.61,59.37,136.16,62.35,0.56,3,1,7,0,0
"CUST-0732",30,45291,1,8,"Gold",3.3,172.37,5,34.47,17.9,32.87,63.31,58.29,0.3,11,2,7,0,0
"CUST-0733",39,51153,4,1,"Bronze",3.4,258.46,6,43.08,123.08,34.07,72.62,28.69,0.17,10,0,7,1,0
"CUST-0734",38,58030,1,2,"Silver",9.8,240.69,6,40.12,33.68,52.64,88.37,66.01,0.3,98,2,6,0,0
"CUST-0735",46,27794,3,5,"Gold",20.3,60.64,3,20.21,4.39,11.02,24.26,20.97,0.36,21,2,7,0,0
"CUST-0736",35,100990,3,3,"Silver",19.2,352.05,8,44.01,176.93,59.99,62.08,53.05,0.28,160,0,6,0,0
"CUST-0737",30,46406,1,2,"Silver",7.1,144.37,6,24.06,11.03,31.86,46.96,54.53,0.37,22,0,7,0,0
"CUST-0738",45,105257,2,3,"Silver",6,920.82,8,115.1,247.34,422.98,130.01,120.49,0.16,57,0,8,0,0
"CUST-0739",31,79461,5,4,"Silver",10,525.93,4,131.48,265.7,101.68,129.11,29.44,0.22,10,2,4,0,0
"CUST-0740",28,58898,3,1,"Bronze",7.2,269.33,2,134.66,18.83,54.27,103.51,92.72,0.24,33,1,5,0,1
"CUST-0741",47,53236,1,2,"Silver",6.1,148.71,4,37.18,17.56,33.76,60.02,37.37,0.27,87,0,9,0,0
"CUST-0742",49,77963,3,1,"Bronze",9.1,1237.04,6,206.17,371.2,485.42,207.08,173.34,0.25,39,2,7,0,0
"CUST-0743",43,86622,2,1,"Bronze",5.9,587.01,4,146.75,278.39,68.73,195.55,44.33,0.25,32,0,7,0,0
"CUST-0744",39,80934,2,2,"Silver",20.5,1175.87,7,167.98,382.51,570.56,155.12,67.68,0.24,70,1,5,0,1
"CUST-0745",45,40614,1,3,"Silver",5.4,65.41,3,21.8,6.73,16.7,23.3,18.68,0.33,22,1,5,0,0
"CUST-0746",59,82094,3,2,"Silver",1.4,1563.25,8,195.41,413.93,676.05,278.85,194.41,0.2,40,0,8,0,0
"CUST-0747",43,68347,3,2,"Silver",4.5,714.05,6,119.01,422.84,95.29,138.48,57.44,0.27,2,0,7,0,0
"CUST-0748",23,35827,1,1,"Bronze",5.4,94.56,2,47.28,7.76,22.52,30.63,33.65,0.23,24,1,8,0,0
"CUST-0749",54,56771,4,2,"Silver",12.9,557.15,3,185.72,243.19,103.66,136.11,74.18,0.14,62,0,7,0,0
"CUST-0750",43,92675,4,6,"Gold",7,774.92,7,110.7,418.74,95.63,214.96,45.59,0.19,164,1,8,0,0
"CUST-0751",28,53720,2,1,"Bronze",8.2,113.94,2,56.97,8.55,15,44.73,45.67,0.19,75,1,7,0,0
"CUST-0752",24,80905,2,3,"Silver",14,121.68,4,30.42,7.58,20.05,50.28,43.77,0.4,21,1,6,0,1
"CUST-0753",54,98581,2,3,"Silver",10.7,2271.63,10,227.16,402.13,1076.7,494.78,298.02,0.31,2,0,7,0,0
"CUST-0754",23,36890,1,8,"Gold",5.2,48.6,4,12.15,4.81,5.25,19.15,19.39,0.23,16,1,5,1,0
"CUST-0755",42,86302,5,1,"Bronze",10.5,761.2,9,84.58,301.9,142.76,202.44,114.1,0.32,182,1,8,0,0
"CUST-0756",26,40886,1,2,"Silver",8,80.17,3,26.72,4.36,18.11,40.14,17.55,0.44,139,0,8,0,0
"CUST-0757",44,53789,5,1,"Bronze",6.3,554.73,6,92.46,238.28,69.79,160.25,86.4,0.09,80,1,8,1,0
"CUST-0758",28,22934,4,1,"Bronze",13.4,35.02,1,35.02,3.39,4.33,13.74,13.57,0.39,19,0,6,0,0
"CUST-0759",21,28103,1,8,"Gold",6.4,55.67,2,27.84,4.3,14.71,24.49,12.18,0.52,25,1,8,0,0
"CUST-0760",44,83965,1,2,"Silver",12.4,1223.7,6,203.95,287.77,524.08,228.11,183.74,0.24,13,1,7,0,0
"CUST-0761",36,101521,3,4,"Silver",10.3,666.19,7,95.17,143.8,308.25,135.38,78.76,0.15,16,1,6,1,0
"CUST-0762",26,59181,4,4,"Silver",13.7,377.29,2,188.65,28.02,91.36,176.43,81.48,0.31,1,1,7,0,0
"CUST-0763",46,69938,3,1,"Bronze",7.5,828.7,9,92.08,455.9,130.47,198.9,43.44,0.21,44,1,7,0,0
"CUST-0764",27,32284,1,4,"Silver",1.5,69.79,6,11.63,9.58,9.8,26.6,23.81,0.19,4,2,9,0,0
"CUST-0765",45,104815,5,1,"Bronze",12.1,890.65,5,178.13,416.65,157.58,171.61,144.81,0.35,3,0,8,0,0
"CUST-0766",40,31893,1,1,"Bronze",16.1,81.12,7,11.59,6.9,12.55,33.68,28,0.2,22,0,8,1,0
"CUST-0767",23,27188,1,9,"Gold",4.2,82.47,5,16.49,13.06,13.1,30.6,25.71,0.18,19,1,9,0,0
"CUST-0768",36,120321,5,4,"Silver",7.7,935.77,14,66.84,206.44,401.47,255.57,72.29,0.32,36,1,7,0,0
"CUST-0769",53,70174,2,1,"Bronze",6.7,747.83,7,106.83,167.2,365.04,99.94,115.65,0.27,81,0,8,0,0
"CUST-0770",57,46949,3,10,"Gold",3.9,785.82,11,71.44,384.53,149.05,203.15,49.09,0.16,45,0,5,1,0
"CUST-0771",18,49412,2,3,"Silver",15.3,139.48,1,139.48,20.93,18.44,53.43,46.68,0.51,49,1,7,0,0
"CUST-0772",32,61622,2,2,"Silver",3.3,228.87,2,114.44,13.3,41.03,105.23,69.31,0.44,7,0,3,0,0
"CUST-0773",26,57201,2,2,"Silver",3.1,145.65,3,48.55,17.61,25.73,58.56,43.75,0.21,7,0,7,0,0
"CUST-0774",49,98576,2,15,"Gold",24.4,1316.94,5,263.39,237.31,634.51,315.04,130.08,0.33,73,1,8,0,0
"CUST-0775",47,62896,4,1,"Bronze",7.1,539.82,9,59.98,279.59,104.38,122.2,33.65,0.31,17,1,8,0,0
"CUST-0776",31,40107,2,2,"Silver",26,236.18,6,39.36,29.83,31.92,90.37,84.07,0.71,20,1,3,1,0
"CUST-0777",29,38035,1,2,"Silver",11.4,54.42,3,18.14,5.71,9.24,21.65,17.81,0.29,18,1,6,0,0
"CUST-0778",41,64111,5,1,"Bronze",9.5,597.92,5,119.58,259.49,108.45,153.92,76.06,0.38,43,0,7,0,0
"CUST-0779",60,61558,4,1,"Bronze",10.5,2265.09,10,226.51,474.74,1031.27,477.24,281.85,0.16,33,0,8,0,0
"CUST-0780",31,40568,2,4,"Silver",10.2,66.96,3,22.32,7.26,10.52,25.79,23.39,0.25,77,0,9,0,0
"CUST-0781",57,88638,4,2,"Silver",16,1467.72,9,163.08,320.67,732.31,324.83,89.91,0.34,55,0,6,0,0
"CUST-0782",33,26296,2,1,"Bronze",20.5,69.7,5,13.94,5.29,10.63,25.49,28.28,0.53,64,1,7,0,0
"CUST-0783",42,30082,2,5,"Gold",15,36.06,3,12.02,3.56,5.9,16.43,10.17,0.29,217,0,6,0,0
"CUST-0784",37,75235,3,2,"Silver",14.8,1081.38,8,135.17,259.54,520.79,149.31,151.74,0.28,72,0,9,0,0
"CUST-0785",53,76791,4,2,"Silver",1.9,1794.93,14,128.21,568.91,708.91,314.44,202.68,0.19,4,0,9,0,0
"CUST-0786",74,73708,2,4,"Silver",12.3,1623.31,9,180.37,309.52,816.32,247.07,250.4,0.13,48,3,5,0,0
"CUST-0787",20,36935,4,2,"Silver",8.4,153.56,4,38.39,20.87,24.45,56.5,51.74,0.39,33,2,8,0,0
"CUST-0788",44,60766,2,11,"Gold",5.8,1319.9,10,131.99,343.36,681.51,142.33,152.7,0.29,22,1,7,0,0
"CUST-0789",18,34819,5,5,"Gold",20.3,46.1,3,15.37,5.68,10.55,16.79,13.08,0.53,25,1,9,1,0
"CUST-0790",49,43201,3,4,"Silver",3.6,317.77,7,45.4,151.05,59.21,69.45,38.07,0.16,19,0,8,0,0
"CUST-0791",39,35535,1,2,"Silver",10.9,193.07,2,96.53,18.55,37.22,72.26,65.04,0.34,8,2,7,0,0
"CUST-0792",60,136985,2,1,"Bronze",19.1,1500.95,13,115.46,452.13,650.53,280.24,118.05,0.51,82,1,5,0,0
"CUST-0793",41,71224,4,3,"Silver",11.5,721.55,8,90.19,409.71,83.23,140.25,88.36,0.42,4,1,9,0,0
"CUST-0794",33,48609,1,1,"Bronze",18.1,83.1,3,27.7,8.71,15.18,36.72,22.49,0.38,112,1,6,0,0
"CUST-0795",34,29981,2,1,"Bronze",13,59.41,2,29.7,4.52,6.62,26.07,22.19,0.19,29,1,6,0,0
"CUST-0796",29,37467,1,2,"Silver",14.2,80.15,1,80.15,6.22,17.28,39.01,17.63,0.36,18,0,4,0,0
"CUST-0797",28,55030,3,5,"Gold",12.1,289.48,3,96.49,22.54,63.36,120.91,82.67,0.26,93,2,6,0,0
"CUST-0798",49,68461,2,5,"Gold",6.9,1433.26,7,204.75,404.96,658.86,234.77,134.66,0.26,55,1,6,0,0
"CUST-0799",27,72847,4,14,"Gold",4.4,908.15,6,151.36,417.59,152.37,216.96,121.22,0.36,21,0,8,0,0
"CUST-0800",47,26423,2,2,"Silver",30.6,45.9,2,22.95,5.52,10.18,16.42,13.77,0.34,55,0,9,0,0
"CUST-0801",23,56150,2,3,"Silver",5,57.75,4,14.44,3.56,12.56,19.79,21.84,0.28,64,1,5,0,0
"CUST-0802",18,32568,3,1,"Bronze",13.3,78.55,4,19.64,9.94,16.54,27.7,24.37,0.3,96,2,6,1,0
"CUST-0803",36,75228,4,4,"Silver",9.2,250.3,6,41.72,119.32,36.69,78.01,16.28,0.31,91,0,8,0,0
"CUST-0804",43,48471,1,2,"Silver",12.2,103.09,4,25.77,14.72,23.21,34.24,30.93,0.32,124,2,8,0,1
"CUST-0805",56,83093,4,7,"Gold",5.9,947.69,2,473.85,401.74,163.13,258.68,124.14,0.26,107,2,7,0,0
"CUST-0806",54,100421,3,2,"Silver",12.8,2152.3,10,215.23,582.87,861.43,548.86,159.14,0.14,26,1,7,0,0
"CUST-0807",35,83895,3,4,"Silver",11.4,2109.62,7,301.37,591.2,909.25,424.45,184.73,0.13,36,1,7,0,0
"CUST-0808",33,88884,2,3,"Silver",9.8,936.7,7,133.81,512.25,146.77,190.93,86.75,0.47,13,1,7,0,0
"CUST-0809",26,42235,2,3,"Silver",9.2,148.36,3,49.45,12.38,20.78,58.76,56.43,0.25,51,1,7,0,0
"CUST-0810",65,69593,2,3,"Silver",26.9,1862.61,8,232.83,391.49,820.87,384.14,266.11,0.17,18,1,7,0,0
"CUST-0811",33,84215,2,2,"Silver",13.7,467.46,4,116.86,236.48,48.22,139.25,43.51,0.22,13,1,7,0,0
"CUST-0812",49,89554,3,7,"Gold",10.8,1987.33,13,152.87,602.96,776.74,329.81,277.82,0.19,72,0,5,0,0
"CUST-0813",40,40296,2,9,"Gold",19.1,363.23,7,51.89,149.49,66.21,95.56,51.96,0.47,15,1,7,0,0
"CUST-0814",21,43621,1,4,"Silver",4.5,32.98,2,16.49,5.19,3.88,12.43,11.48,0.37,11,0,7,0,0
"CUST-0815",34,52471,1,6,"Gold",1.9,156.04,1,156.04,20.14,42.37,55.8,37.73,0.29,8,0,7,0,0
"CUST-0816",29,30701,2,4,"Silver",10,111.98,2,55.99,18.52,21.09,39.89,32.49,0.09,19,1,6,0,0
"CUST-0817",33,69051,1,7,"Gold",5.3,279.58,1,279.58,26.3,52.42,120.06,80.8,0.15,6,1,7,0,1
"CUST-0818",39,48024,5,1,"Bronze",5.6,483.99,5,96.8,235.9,85.46,121.29,41.34,0.19,9,0,5,1,0
"CUST-0819",18,40328,5,1,"Bronze",21.5,82.75,1,82.75,9.48,11.46,36.58,25.23,0.24,204,0,6,0,0
"CUST-0820",52,52888,5,1,"Bronze",12.1,452.99,8,56.62,210.87,81.94,114.61,45.57,0.34,51,1,4,0,0
"CUST-0821",27,53406,1,2,"Silver",8.3,284.7,2,142.35,38.4,32.01,119.7,94.59,0.27,2,1,8,0,0
"CUST-0822",41,90684,1,3,"Silver",8,1994.12,7,284.87,486.02,1024.93,323.44,159.74,0.2,92,0,9,0,0
"CUST-0823",31,30539,2,7,"Gold",8.1,42.37,4,10.59,3.8,7.39,17.86,13.32,0.47,143,0,7,1,0
"CUST-0824",49,98107,1,2,"Silver",7.2,1272.8,7,181.83,326.29,566.7,269.73,110.08,0.21,4,1,6,0,0
"CUST-0825",32,54493,3,1,"Bronze",4.3,323.35,3,107.78,40.66,46.74,143.8,92.16,0.32,13,1,5,0,1
"CUST-0826",18,38199,3,6,"Gold",14.3,82.13,2,41.06,5.17,17,27.8,32.17,0.46,28,1,5,0,0
"CUST-0827",31,23647,3,1,"Bronze",3.1,45.86,4,11.46,5.93,9.67,16.61,13.65,0.17,11,0,4,0,0
"CUST-0828",25,31395,3,15,"Gold",3.5,135.97,2,67.98,11.39,30.72,60.41,33.45,0.28,9,1,5,0,0
"CUST-0829",69,66161,2,3,"Silver",5.8,1590.62,11,144.6,371.22,839.56,258.45,121.39,0.23,6,3,4,0,1
"CUST-0830",39,73212,5,4,"Silver",3.6,316.02,3,105.34,128.54,45.6,92.58,49.31,0.19,17,3,7,1,0
"CUST-0831",26,83455,3,1,"Bronze",6.4,1236.63,12,103.05,205.23,626.82,237.5,167.08,0.44,34,1,7,0,0
"CUST-0832",46,65625,3,1,"Bronze",18.1,530.44,6,88.41,247.07,93.17,139.22,50.98,0.11,8,1,7,0,0
"CUST-0833",60,90586,2,3,"Silver",5.9,832.35,11,75.67,229.63,336.05,170.25,96.42,0.17,36,0,10,0,0
"CUST-0834",37,49889,2,3,"Silver",31,354.86,4,88.72,183.78,49.86,87.22,34,0.24,28,1,3,0,0
"CUST-0835",23,89171,4,2,"Silver",15.2,503.75,6,83.96,229.19,95.05,94.95,84.57,0.26,52,0,9,0,0
"CUST-0836",36,47617,3,5,"Gold",5.9,326.45,7,46.64,187.7,52.13,58.94,27.69,0.22,36,1,10,0,0
"CUST-0837",54,106249,2,9,"Gold",8.1,1914.72,7,273.53,507.98,693.14,429.76,283.83,0.43,34,0,9,0,0
"CUST-0838",53,38726,4,2,"Silver",26.5,340.26,7,48.61,161.29,62.79,90.84,25.34,0.27,12,0,10,0,0
"CUST-0839",26,80725,2,8,"Gold",19,322.99,4,80.75,41.08,71.02,116.76,94.13,0.31,64,2,7,0,0
"CUST-0840",36,57250,1,15,"Gold",13.7,226.65,2,113.33,15.08,47.57,84.5,79.5,0.4,2,0,8,0,0
"CUST-0841",18,22981,1,1,"Bronze",4.3,89.56,2,44.78,13.93,18.98,30.96,25.69,0.25,9,0,7,0,0
"CUST-0842",20,51936,5,1,"Bronze",7.2,306.96,2,153.48,29.05,55.58,119.89,102.44,0.4,11,1,8,1,0
"CUST-0843",40,88998,5,4,"Silver",7.4,993.22,5,198.64,446.35,135.97,311.85,99.06,0.18,51,1,8,0,0
"CUST-0844",37,64324,3,2,"Silver",3.4,850.78,6,141.8,430.47,119.83,182.12,118.36,0.4,82,0,4,0,0
"CUST-0845",20,66151,1,8,"Gold",19.1,131.02,2,65.51,14.43,28.66,56.26,31.68,0.38,4,0,7,0,0
"CUST-0846",55,71002,3,4,"Silver",2.8,1566.73,10,156.67,257.84,747.25,317.58,244.06,0.34,48,0,6,0,0
"CUST-0847",45,37201,1,12,"Gold",26.4,199.5,3,66.5,22.4,34.75,78.84,63.51,0.3,10,2,8,0,0
"CUST-0848",26,48595,2,12,"Gold",8.2,237.15,2,118.58,35.85,55.26,81.99,64.05,0.41,34,0,7,0,0
"CUST-0849",40,101971,4,1,"Bronze",13.5,1749.56,18,97.2,402.76,778.9,451.45,116.45,0.44,8,1,5,1,0
"CUST-0850",43,95097,2,2,"Silver",3.4,1270.97,6,211.83,335.53,645.92,197.54,91.97,0.22,106,0,9,0,0
"CUST-0851",19,54852,3,2,"Silver",4.2,131.87,2,65.94,12.18,15.95,63.32,40.43,0.45,45,0,8,0,0
"CUST-0852",46,47894,4,2,"Silver",16.3,330.87,3,110.29,168.98,62.91,74.51,24.47,0.31,65,1,6,0,0
"CUST-0853",39,45693,3,1,"Bronze",32.5,86.43,1,86.43,12.64,12.08,36.07,25.64,0.36,26,1,10,0,1
"CUST-0854",59,77156,2,4,"Silver",3.9,1237.83,13,95.22,258.85,684.54,165.08,129.36,0.17,129,0,10,0,0
"CUST-0855",22,43278,1,1,"Bronze",13.5,228.49,6,38.08,32.07,50.4,92.73,53.29,0.23,45,1,7,1,0
"CUST-0856",60,125445,4,5,"Gold",13.4,1954.42,10,195.44,497.14,885.82,274.23,297.23,0.15,88,0,6,0,0
"CUST-0857",40,36441,5,1,"Bronze",14.7,300.46,5,60.09,132.53,54.44,71.5,41.99,0.45,22,4,3,1,0
"CUST-0858",59,94572,5,10,"Gold",16.2,1701.51,13,130.89,502.77,753.04,344.39,101.32,0.34,14,2,6,0,0
"CUST-0859",45,44624,3,9,"Gold",7,460.15,11,41.83,254.4,59.5,110.43,35.81,0.41,47,0,7,1,0
"CUST-0860",21,45605,1,8,"Gold",8.2,138.47,4,34.62,13.14,33.02,50.78,41.52,0.32,33,0,6,1,1
"CUST-0861",42,28186,2,5,"Gold",13,89.5,1,89.5,7.33,17.65,30.17,34.35,0.28,61,0,7,0,1
"CUST-0862",27,27056,1,7,"Gold",2.5,84.43,4,21.11,9.01,12.8,30.91,31.71,0.27,64,0,7,0,0
"CUST-0863",18,28235,1,1,"Bronze",6.6,81.73,3,27.24,10.48,17.33,29.92,24,0.28,17,1,10,0,0
"CUST-0864",21,26217,3,3,"Silver",11.1,77.11,1,77.11,9.73,15.38,33.86,18.14,0.43,8,0,6,0,0
"CUST-0865",42,43042,3,4,"Silver",12.2,397.88,4,99.47,171.63,75.67,111.8,38.78,0.34,7,1,8,0,0
"CUST-0866",50,46448,1,3,"Silver",3.6,203.26,4,50.81,11.24,48.42,65.55,78.05,0.24,20,1,7,1,0
"CUST-0867",21,50170,2,6,"Gold",28.5,331.63,3,110.54,37.28,74.09,103.42,116.84,0.56,1,1,8,0,0
"CUST-0868",36,70689,3,1,"Bronze",16,1715.24,6,285.87,455.47,866.81,222.08,170.89,0.33,23,1,10,1,0
"CUST-0869",41,23656,4,1,"Bronze",10,70.3,6,11.72,7.73,14.78,25.05,22.74,0.24,9,0,8,0,0
"CUST-0870",44,71598,3,1,"Bronze",2.1,858.95,16,53.68,256.54,398.59,145.02,58.8,0.46,124,2,5,0,0
"CUST-0871",51,113151,2,1,"Bronze",6.6,2784.47,9,309.39,553.45,1570.59,325.03,335.4,0.2,61,0,8,0,0
"CUST-0872",47,41419,4,1,"Bronze",2.3,533.75,6,88.96,234.62,80.92,145.74,72.48,0.17,45,0,6,0,0
"CUST-0873",19,51361,2,5,"Gold",9.9,186.87,3,62.29,20.75,31.22,72.73,62.17,0.51,92,1,8,0,0
"CUST-0874",56,119956,2,1,"Bronze",13.4,1148.02,8,143.5,318.23,498.65,250.35,80.78,0.26,32,1,6,0,0
"CUST-0875",45,62691,4,2,"Silver",9,945.28,8,118.16,399.13,170.66,304.59,70.9,0.16,70,0,3,0,0
"CUST-0876",42,105317,2,2,"Silver",1.7,1804.09,7,257.73,433.37,803.32,462.5,104.9,0.22,4,0,8,0,0
"CUST-0877",43,50621,1,1,"Bronze",4.1,218.02,1,218.02,29.62,31.19,91.08,66.13,0.33,78,1,7,0,0
"CUST-0878",47,90152,2,2,"Silver",7.2,1907.15,9,211.91,343.51,1016.22,377.02,170.4,0.3,70,0,7,0,0
"CUST-0879",30,24337,3,1,"Bronze",7.3,110.09,1,110.09,13.12,13.15,43.11,40.71,0.47,81,0,7,0,0
"CUST-0880",33,74036,1,3,"Silver",6.8,553.36,6,92.23,237.7,94.53,154.55,66.58,0.17,62,0,7,0,0
"CUST-0881",40,53668,5,2,"Silver",1.9,468.46,4,117.11,223.04,84.3,115.28,45.85,0.29,252,0,6,0,0
"CUST-0882",28,29151,2,5,"Gold",20.7,138.12,2,69.06,19.96,15.8,55.85,46.51,0.26,143,2,7,0,0
"CUST-0883",39,83614,4,6,"Gold",3.2,887.86,4,221.96,211.17,484.17,137.16,55.35,0.16,74,1,6,0,0
"CUST-0884",30,33718,3,6,"Gold",17.3,88.87,3,29.62,11.06,14.19,35.82,27.8,0.47,122,2,4,0,1
"CUST-0885",32,34329,1,3,"Silver",4.4,104.63,6,17.44,10.61,14.38,45.35,34.29,0.13,12,0,6,0,1
"CUST-0886",31,58242,4,2,"Silver",10.3,811.85,10,81.18,382.19,113.12,191.48,125.06,0.32,127,0,6,1,0
"CUST-0887",55,113977,4,8,"Gold",7.3,1949.15,9,216.57,463.65,874.39,437.95,173.15,0.18,3,0,7,0,0
"CUST-0888",35,73428,4,1,"Bronze",4.9,1040.25,9,115.58,587.59,151.59,165.52,135.55,0.38,29,0,8,0,0
"CUST-0889",18,35845,2,6,"Gold",6.4,176.81,4,44.2,17.29,27.2,74.68,57.64,0.44,50,0,7,0,0
"CUST-0890",51,59379,4,3,"Silver",5.9,825,5,165,431.42,137.38,171.41,84.8,0.3,14,0,8,0,0
"CUST-0891",43,71650,5,7,"Gold",9.4,568.24,7,81.18,235.67,116.15,150.13,66.29,0.59,5,2,7,0,0
"CUST-0892",37,64654,5,1,"Bronze",1.6,427.06,7,61.01,173.37,62.83,133.72,57.14,0.37,77,2,6,0,0
"CUST-0893",28,44387,4,1,"Bronze",12.4,117.9,2,58.95,10.71,16.15,61.62,29.42,0.5,1,1,7,1,0
"CUST-0894",53,55474,1,1,"Bronze",10.6,1128.56,6,188.09,263.85,503.5,179.39,181.82,0.27,91,2,7,0,0
"CUST-0895",18,43261,3,4,"Silver",13.1,275.92,5,55.18,32.29,43.39,107.24,93,0.24,26,1,6,0,0
"CUST-0896",50,89817,3,3,"Silver",13.6,659.97,6,110,306.61,132.55,121.05,99.76,0.3,169,2,6,0,0
"CUST-0897",28,20000,5,4,"Silver",3.2,67.95,4,16.99,4.83,14.91,31.3,16.92,0.47,91,2,6,0,0
"CUST-0898",27,23785,1,4,"Silver",5.8,103.37,2,51.69,12.91,15.86,50.81,23.79,0.37,2,0,7,0,0
"CUST-0899",29,104321,2,2,"Silver",16.5,824.14,4,206.04,367.56,202.33,169.78,84.47,0.55,94,0,8,1,0
"CUST-0900",31,29545,2,1,"Bronze",3.3,57.35,4,14.34,8.98,11.96,21.39,15.01,0.25,6,2,3,0,1
"CUST-0901",36,161414,5,1,"Bronze",5.4,2503.78,11,227.62,642.14,1177.07,500.51,184.05,0.29,111,0,4,0,0
"CUST-0902",51,98128,4,5,"Gold",26.4,966.82,7,138.12,174.88,473.34,225.9,92.71,0.35,3,0,6,1,0
"CUST-0903",20,39590,3,1,"Bronze",21.3,54.65,2,27.32,3.09,9.35,23.7,18.5,0.54,61,1,5,1,0
"CUST-0904",59,57487,3,5,"Gold",6.7,2292.57,9,254.73,466.59,1143.76,505.21,177.01,0.06,175,3,8,0,0
"CUST-0905",34,68726,4,2,"Silver",2.9,1217.46,16,76.09,292.08,572.93,220.25,132.21,0.4,146,0,8,1,0
"CUST-0906",37,20000,3,4,"Silver",23.4,43.43,2,21.72,5.94,5.69,14.94,16.86,0.4,79,1,7,0,1
"CUST-0907",43,55511,4,7,"Gold",10.1,262.55,4,65.64,120.13,51.55,57.38,33.49,0.3,116,1,9,1,0
"CUST-0908",35,69387,4,3,"Silver",4.2,655.5,6,109.25,352.35,91.06,150.26,61.83,0.42,52,1,7,0,0
"CUST-0909",21,40572,1,1,"Bronze",5.6,97.29,2,48.65,9.37,15.06,38.7,34.16,0.23,51,1,8,0,0
"CUST-0910",36,74485,5,4,"Silver",9.7,702.21,8,87.78,307.63,122.85,193.53,78.19,0.31,40,2,4,0,0
"CUST-0911",18,23809,2,6,"Gold",11.7,85.4,2,42.7,12.28,10.87,32.51,29.74,0.56,41,2,4,0,0
"CUST-0912",44,71439,5,4,"Silver",13,582.85,2,291.42,303.28,84.22,144.82,50.53,0.24,54,0,9,0,0
"CUST-0913",37,73323,4,1,"Bronze",5.7,260.27,5,52.05,136.59,39.12,51.89,32.66,0.17,3,1,7,0,0
"CUST-0914",47,42792,3,1,"Bronze",16.5,1418.25,9,157.58,342.38,665.26,175.9,234.71,0.31,39,1,8,0,0
"CUST-0915",40,102692,4,15,"Gold",7.2,599.1,10,59.91,285.53,103.85,160.65,49.08,0.19,2,0,8,0,0
"CUST-0916",50,119385,4,3,"Silver",3.4,1822.43,16,113.9,321.79,798.34,457.74,244.57,0.19,37,0,8,0,0
"CUST-0917",34,62541,5,7,"Gold",22.4,264.96,2,132.48,130.18,46.31,47.2,41.27,0.44,1,0,8,1,0
"CUST-0918",26,49690,3,3,"Silver",6.3,122.43,2,61.22,9.78,22.34,46.8,43.51,0.3,13,0,8,0,0
"CUST-0919",41,42529,1,4,"Silver",4.5,178.66,2,89.33,15.42,31.86,70.04,61.34,0.17,99,1,7,0,0
"CUST-0920",46,59244,4,2,"Silver",13.2,670.2,5,134.04,334.79,112.41,148.47,74.54,0.46,68,1,6,0,0
"CUST-0921",44,54229,2,1,"Bronze",5.4,263.43,8,32.93,126.58,37.09,53.87,45.9,0.14,140,1,9,0,0
"CUST-0922",41,48035,4,1,"Bronze",5.8,703.68,8,87.96,376.8,81.32,198.9,46.66,0.42,3,0,8,0,0
"CUST-0923",49,36358,3,1,"Bronze",9.6,221.24,5,44.25,98.7,31.72,73.84,16.98,0.29,11,0,7,0,0
"CUST-0924",33,58611,1,1,"Bronze",3.1,150.5,6,25.08,20.29,25.85,61.73,42.63,0.6,92,1,7,0,0
"CUST-0925",42,66523,3,1,"Bronze",17.6,1372.89,5,274.58,284.6,694.04,246.28,147.98,0.26,1,0,8,0,0
"CUST-0926",36,86398,3,1,"Bronze",3,2050.56,9,227.84,496.72,1037.19,404.17,112.48,0.24,37,2,6,0,1
"CUST-0927",38,34103,1,2,"Silver",4.4,29.07,3,9.69,2.46,5.83,11.87,8.91,0.25,44,0,9,0,0
"CUST-0928",36,39253,2,1,"Bronze",18.6,521.2,11,47.38,263.23,89.4,99.57,69,0.35,8,2,6,0,0
"CUST-0929",56,81243,1,2,"Silver",5,1299.77,12,108.31,351.12,646.25,239.17,63.23,0.18,5,0,8,0,0
"CUST-0930",56,86472,3,6,"Gold",7.7,1902.54,8,237.82,536.26,715.65,452.88,197.75,0.16,47,0,7,0,0
"CUST-0931",59,80260,4,2,"Silver",8.5,1477.13,7,211.02,415,646.57,222.28,193.28,0.16,20,0,6,0,1
"CUST-0932",26,33298,2,5,"Gold",3.7,104.76,2,52.38,9.19,17.88,47.8,29.89,0.21,18,0,9,0,0
"CUST-0933",60,102530,1,9,"Gold",9.6,1732.47,5,346.49,466.48,777.31,262.77,225.91,0.12,10,1,6,1,0
"CUST-0934",49,107680,2,4,"Silver",7.7,1757.82,6,292.97,541.9,670.59,406.13,139.21,0.34,121,0,6,0,0
"CUST-0935",33,43652,1,6,"Gold",19.1,218.84,8,27.36,110.82,28.29,59.67,20.07,0.37,85,1,6,1,0
"CUST-0936",30,47274,3,5,"Gold",13.3,118.54,2,59.27,9.01,26.77,53.69,29.07,0.26,152,0,4,0,0
"CUST-0937",42,60088,4,4,"Silver",17,705.64,7,100.81,218.66,310.45,121.18,55.34,0.27,49,0,8,0,0
"CUST-0938",42,66034,3,1,"Bronze",4,297.06,1,297.06,137.13,52.51,74.43,32.99,0.31,19,0,7,0,0
"CUST-0939",22,100922,5,4,"Silver",18.4,881.44,7,125.92,169.72,436.8,159.81,115.11,0.64,68,1,10,1,0
"CUST-0940",25,78540,1,1,"Bronze",11,1530.87,5,306.17,324.08,700.84,318.11,187.85,0.68,7,0,8,0,0
"CUST-0941",35,51780,3,8,"Gold",11.5,512.21,3,170.74,268.75,90.47,112.36,40.63,0.12,3,0,6,0,0
"CUST-0942",50,70117,2,1,"Bronze",3.3,1977.61,13,152.12,482.8,987.23,339.49,168.09,0.11,5,0,7,0,0
"CUST-0943",44,84616,2,3,"Silver",17.1,1582.75,9,175.86,408.56,648.42,333.59,192.18,0.43,57,0,9,0,0
"CUST-0944",19,65374,3,3,"Silver",5.4,343.54,5,68.71,149.79,77.56,65.44,50.76,0.21,8,0,8,0,0
"CUST-0945",51,65624,5,1,"Bronze",22.4,483.81,7,69.12,251.52,69.81,96.9,65.58,0.21,19,0,9,0,0
"CUST-0946",43,69572,3,2,"Silver",18.1,809.81,5,161.96,383.88,145.08,195.12,85.74,0.25,15,1,6,0,0
"CUST-0947",64,76270,4,6,"Gold",8.2,1422.64,7,203.23,368.67,682.01,256.74,115.23,0.14,62,1,9,0,0
"CUST-0948",36,83717,5,1,"Bronze",3.1,1978.87,16,123.68,551.3,907.38,366.25,153.94,0.35,56,1,8,0,0
"CUST-0949",54,47326,3,2,"Silver",13.4,447.98,2,223.99,178.49,81.92,136.47,51.1,0.17,34,1,6,1,0
"CUST-0950",30,72450,3,2,"Silver",12.5,505.87,8,63.23,235.71,77.91,111.83,80.42,0.27,12,0,8,0,0
"CUST-0951",42,92715,5,1,"Bronze",4.6,1653.33,11,150.3,445.2,797.74,205.26,205.13,0.23,63,0,7,0,0
"CUST-0952",44,50188,2,2,"Silver",7.4,317.98,4,79.5,155.04,31.49,86.49,44.96,0.12,116,1,5,0,0
"CUST-0953",50,101847,3,4,"Silver",7.9,1730.81,8,216.35,436.57,785.83,299.45,208.96,0.3,13,3,8,1,0
"CUST-0954",33,40122,2,7,"Gold",9.6,71.01,3,23.67,4.49,12.53,30.19,23.8,0.27,61,3,4,0,0
"CUST-0955",39,138575,2,2,"Silver",2.6,4193.27,9,465.92,829.11,2431.05,650.97,282.14,0.18,28,0,8,0,0
"CUST-0956",49,95519,3,1,"Bronze",9.8,1391.92,8,173.99,292.86,695.69,225.47,177.89,0.14,26,0,8,0,0
"CUST-0957",63,76282,3,1,"Bronze",6.8,636.18,8,79.52,347.39,121.38,133.88,33.53,0.16,25,0,5,0,0
"CUST-0958",34,24498,1,5,"Gold",5,48.01,2,24,4.9,10,17.15,15.96,0.36,16,0,8,0,0
"CUST-0959",29,82455,2,3,"Silver",13.3,2041.1,8,255.14,440.78,950.47,280.61,369.24,0.48,5,1,8,0,0
"CUST-0960",24,25773,3,2,"Silver",11.6,36.72,1,36.72,4.19,5.38,14.29,12.86,0.3,63,1,7,0,0
"CUST-0961",38,36486,4,1,"Bronze",5.8,133.47,4,33.37,15.03,24.18,49.51,44.75,0.28,13,1,7,0,0
"CUST-0962",18,24600,2,1,"Bronze",5.2,99.4,2,49.7,8.37,17.36,39.61,34.07,0.52,2,1,6,0,0
"CUST-0963",36,108670,3,10,"Gold",4.9,674.6,5,134.92,335.48,118.28,127.38,93.46,0.37,2,0,8,0,0
"CUST-0964",18,43549,2,1,"Bronze",4.4,69.52,5,13.9,4.67,11.93,26.3,26.61,0.14,87,0,10,0,0
"CUST-0965",37,27986,4,9,"Gold",2.4,515.42,8,64.43,284.56,54.23,103.26,73.37,0.16,18,0,8,1,0
"CUST-0966",42,36284,2,5,"Gold",3.5,46.28,5,9.26,6.29,7.3,18.89,13.8,0.16,4,0,9,0,0
"CUST-0967",32,31560,1,2,"Silver",4.6,60.74,3,20.25,6.5,8.96,30.89,14.39,0.24,12,1,9,0,0
"CUST-0968",42,25996,1,5,"Gold",6.2,65.84,3,21.95,9.22,11.44,23.75,21.42,0.13,54,0,8,0,0
"CUST-0969",36,62237,3,3,"Silver",20.8,167.37,5,33.47,23.48,24.81,77.99,41.1,0.49,7,1,5,0,0
"CUST-0970",24,47947,1,2,"Silver",8.8,277.35,3,92.45,37.94,32.2,112.1,95.11,0.44,23,2,5,0,0
"CUST-0971",42,81043,5,2,"Silver",3.8,682.54,5,136.51,296.99,100.56,180.73,104.27,0.19,62,2,6,1,0
"CUST-0972",50,115260,2,1,"Bronze",5,1981.83,10,198.18,451.08,970.02,288.79,271.94,0.41,157,2,5,0,0
"CUST-0973",36,57007,4,2,"Silver",9.7,633.63,3,211.21,334.08,101.69,161.12,36.74,0.36,22,2,8,0,0
"CUST-0974",34,37291,1,2,"Silver",2.6,218.86,2,109.43,28.36,25.04,86.52,78.94,0.12,34,0,6,0,0
"CUST-0975",65,110926,5,1,"Bronze",13.7,1785.56,11,162.32,375.59,823.28,482.98,103.71,0.23,82,0,9,0,0
"CUST-0976",37,32037,2,2,"Silver",5.1,82.39,2,41.2,8.51,18.62,31.71,23.55,0.21,6,2,4,0,0
"CUST-0977",35,75099,3,5,"Gold",3.9,1088,11,98.91,285.8,434.99,246.15,121.06,0.16,11,0,8,1,0
"CUST-0978",47,82455,1,2,"Silver",9.1,1158.16,11,105.29,277.03,508.85,257.01,115.27,0.2,32,1,7,0,0
"CUST-0979",23,53219,3,3,"Silver",7.4,93.76,4,23.44,5.76,14.77,42.89,30.34,0.36,59,0,9,0,0
"CUST-0980",35,108998,2,4,"Silver",15.3,426.8,5,85.36,204.12,58.69,115.16,48.82,0.25,39,0,7,0,0
"CUST-0981",52,59212,2,2,"Silver",10.5,391.37,4,97.84,154.64,79.88,100.45,56.41,0.19,73,0,6,0,0
"CUST-0982",22,26888,2,3,"Silver",1.6,25.12,2,12.56,3.31,5.58,10.2,6.03,0.24,35,2,4,0,0
"CUST-0983",50,33453,1,3,"Silver",14.8,64.79,1,64.79,6.23,10.95,30.8,16.81,0.52,53,1,4,0,0
"CUST-0984",48,129011,2,8,"Gold",20.1,2107.8,8,263.48,463.15,1091.7,445.3,107.66,0.37,13,0,5,0,0
"CUST-0985",24,41807,2,2,"Silver",6.9,155.07,5,31.01,9.35,36.11,54.95,54.67,0.44,12,1,6,0,0
"CUST-0986",40,29784,2,1,"Bronze",10.9,69.67,1,69.67,6.04,15.85,32.77,15.01,0.62,52,0,3,0,0
"CUST-0987",45,51174,4,8,"Gold",2.5,635.81,3,211.94,347.22,125.4,124.76,38.44,0.19,91,0,6,0,0
"CUST-0988",21,59590,1,8,"Gold",11,179.24,1,179.24,25.72,30.75,76.4,46.36,0.49,26,2,6,0,0
"CUST-0989",52,112261,2,2,"Silver",6.5,1320.08,9,146.68,351.25,609.42,282.2,77.21,0.29,36,1,7,0,0
"CUST-0990",34,31983,2,6,"Gold",5.5,56.87,7,8.12,5.6,8.87,25.58,16.82,0.13,97,0,9,0,0
"CUST-0991",26,26017,1,6,"Gold",11.1,123.81,6,20.64,18.14,26.27,43.22,36.18,0.43,75,0,7,0,0
"CUST-0992",24,25122,2,6,"Gold",7.4,50.26,2,25.13,3.94,12.1,20.55,13.67,0.3,58,0,8,0,0
"CUST-0993",54,86850,5,1,"Bronze",3.1,413.25,7,59.04,224.11,51.04,74.99,63.1,0.35,22,0,7,0,0
"CUST-0994",51,117662,5,2,"Silver",27.9,1812.51,9,201.39,348.93,1050.16,275.67,137.75,0.4,176,0,7,0,0
"CUST-0995",38,59065,4,1,"Bronze",9.3,171.12,8,21.39,75.69,30.44,43.64,21.36,0.36,26,1,9,1,0
"CUST-0996",67,86461,3,2,"Silver",3.1,1818.83,5,363.77,519.24,891.21,278.24,130.14,0.1,65,1,5,0,0
"CUST-0997",29,20564,2,1,"Bronze",2.4,26.34,7,3.76,3.05,3.26,10.96,9.07,0.37,88,0,3,1,1
"CUST-0998",22,50923,1,2,"Silver",6.1,124.73,5,24.95,12.35,22.78,60.32,29.29,0.36,83,1,7,0,0
"CUST-0999",27,42303,1,5,"Gold",3.7,46.25,5,9.25,7.35,7.38,17.93,13.6,0.2,17,1,8,0,0
"CUST-1000",34,47233,2,15,"Gold",7.1,186.8,5,37.36,11.27,29,87.14,59.39,0.27,12,2,4,1,0
"CUST-1001",25,64322,1,6,"Gold",4.3,308.25,3,102.75,21.19,60.96,130.74,95.35,0.23,6,1,8,0,0
"CUST-1002",31,79356,4,2,"Silver",8.7,1135.25,8,141.91,545.45,262.46,231.66,95.67,0.17,117,0,9,0,0
"CUST-1003",26,43836,3,1,"Bronze",9.8,117.59,1,117.59,10.57,17.1,59.82,30.1,0.42,194,1,6,0,0
"CUST-1004",25,49278,4,7,"Gold",4.1,68.12,2,34.06,6.72,10.47,29.39,21.54,0.39,116,1,8,0,0
"CUST-1005",38,42535,1,1,"Bronze",6.3,94.64,3,31.55,8.94,17.86,43.72,24.12,0.28,4,1,5,0,0
"CUST-1006",35,37138,5,8,"Gold",6.6,107.71,2,53.85,10.88,13.23,38.07,45.54,0.44,117,0,7,0,0
"CUST-1007",23,26441,1,2,"Silver",15.2,69,4,17.25,7.93,7.77,30.4,22.9,0.43,14,0,6,0,0
"CUST-1008",52,56109,1,1,"Bronze",8.4,324.07,8,40.51,141.22,64.06,80.59,38.2,0.21,71,0,10,0,0
"CUST-1009",59,66226,3,2,"Silver",12.1,724.91,6,120.82,145.81,373.76,156.97,48.37,0.15,48,0,10,1,0
"CUST-1010",44,63203,3,6,"Gold",15.8,593.01,6,98.83,260.32,100.22,188.28,44.19,0.43,18,1,7,1,0
"CUST-1011",33,56647,1,2,"Silver",1.9,106.58,5,21.32,8.71,24.12,42.95,30.8,0.32,20,0,6,0,0
"CUST-1012",29,39571,1,1,"Bronze",7,68.15,1,68.15,9.71,10.78,25.57,22.09,0.48,138,1,7,0,0
"CUST-1013",47,68429,3,6,"Gold",7.7,1333.44,5,266.69,704.14,150.97,352.9,125.43,0.23,111,0,8,0,0
"CUST-1014",27,42803,2,3,"Silver",7.7,113.82,9,12.65,12.96,18.66,41.31,40.89,0.25,56,2,6,0,0
"CUST-1015",28,34970,3,6,"Gold",45.5,119.69,4,29.92,10.13,26.36,51.1,32.11,0.51,10,1,7,0,0
"CUST-1016",19,34174,1,1,"Bronze",12.5,41.23,1,41.23,5.92,5.64,14.33,15.34,0.53,34,1,4,0,0
"CUST-1017",51,54718,1,4,"Silver",10.2,1239.91,13,95.38,300.39,612.18,236.28,91.06,0.12,19,1,7,0,0
"CUST-1018",49,74899,1,2,"Silver",18,783.91,4,195.98,405.92,81.13,227.55,69.31,0.49,96,1,8,0,0
"CUST-1019",27,43115,5,2,"Silver",10.3,122.42,4,30.6,15.8,19.48,48.89,38.24,0.64,2,1,5,0,0
"CUST-1020",18,55374,2,5,"Gold",7.7,119.47,4,29.87,12.37,21.79,47.74,37.57,0.4,101,0,6,1,0
"CUST-1021",34,49930,2,1,"Bronze",7.3,191.99,3,64,17.9,33.91,91.75,48.43,0.43,44,1,6,1,0
"CUST-1022",24,22848,3,10,"Gold",13.2,21.55,3,7.18,2.56,2.71,8.73,7.55,0.4,82,1,8,1,0
"CUST-1023",33,83799,4,4,"Silver",4.4,348.38,9,38.71,180.63,70.8,73.13,23.83,0.1,10,0,4,1,0
"CUST-1024",44,41628,1,2,"Silver",12.5,471.99,6,78.67,242.81,83.01,84.98,61.19,0.22,12,0,8,0,0
"CUST-1025",31,32337,1,3,"Silver",30.2,128.87,3,42.96,7.04,25.75,54.35,41.73,0.39,7,2,8,1,0
"CUST-1026",48,83646,5,1,"Bronze",32.9,1347.74,13,103.67,242.58,747.08,270.67,87.41,0.47,1,2,7,0,0
"CUST-1027",45,39671,5,1,"Bronze",5.3,403.09,9,44.79,211.19,60.23,79.17,52.5,0.3,8,1,7,1,0
"CUST-1028",34,63735,3,1,"Bronze",5.7,1722.52,7,246.07,317.91,770.61,480.96,153.04,0.47,3,0,8,0,0
"CUST-1029",44,83743,4,1,"Bronze",11,571.72,11,51.97,280.25,111.42,129.8,50.25,0.26,2,2,5,0,0
"CUST-1030",43,86520,2,1,"Bronze",5.1,539.22,6,89.87,258.58,92.94,145.14,42.56,0.43,13,0,8,0,1
"CUST-1031",54,47889,5,15,"Gold",2.3,636.25,4,159.06,342.13,100.58,140.49,53.05,0.29,44,0,7,0,0
"CUST-1032",18,76358,2,6,"Gold",4,197.96,8,24.75,16.5,38.1,67.99,75.36,0.3,167,0,5,0,0
"CUST-1033",51,70594,4,5,"Gold",7.9,1301.28,19,68.49,304.72,690.8,179.21,126.54,0.22,198,1,8,0,1
"CUST-1034",38,60693,3,2,"Silver",6.5,481.64,5,96.33,243.33,55.87,117.31,65.14,0.3,50,2,10,0,0
"CUST-1035",26,32001,2,6,"Gold",6.1,185.21,6,30.87,18.31,22.69,93.72,50.49,0.4,103,1,8,0,0
"CUST-1036",44,68497,2,4,"Silver",23.1,741.98,4,185.5,328.22,130.06,198.84,84.87,0.44,9,1,6,0,0
"CUST-1037",38,76565,2,3,"Silver",20.2,421.5,9,46.83,206.38,82.7,87.43,45,0.4,2,0,10,1,0
"CUST-1038",45,43102,5,2,"Silver",2,492.68,3,164.23,191.46,94.82,131.05,75.35,0.53,75,0,5,0,0
"CUST-1039",37,43439,2,4,"Silver",8,339.77,3,113.26,45.5,73.12,127.65,93.5,0.27,72,1,8,0,0
"CUST-1040",35,75378,2,3,"Silver",4.3,219.54,1,219.54,22.92,46.52,86.7,63.39,0.33,60,2,8,1,0
"CUST-1041",37,92455,3,2,"Silver",10.2,116.28,5,23.26,10.23,21.41,47.41,37.23,0.26,18,2,5,0,0
"CUST-1042",20,21639,1,6,"Gold",8.4,41.86,3,13.95,3.22,5.27,21.1,12.27,0.4,28,1,5,1,0
"CUST-1043",24,50522,1,3,"Silver",12,318.41,5,63.68,34.46,45.14,146.7,92.1,0.36,176,1,5,0,0
"CUST-1044",30,50424,4,6,"Gold",14.3,239.95,6,39.99,22.09,52.86,94.52,70.48,0.44,34,0,5,0,0
"CUST-1045",32,41515,2,8,"Gold",9.4,74.97,3,24.99,4.81,17,32.44,20.73,0.45,171,0,9,0,0
"CUST-1046",37,97053,4,2,"Silver",7.5,464.02,6,77.34,200.08,79.2,152.86,31.88,0.26,4,1,9,0,0
"CUST-1047",36,20950,4,2,"Silver",8.8,96.65,4,24.16,12.52,10.28,40.54,33.31,0.28,44,3,3,0,0
"CUST-1048",32,101112,1,1,"Bronze",4.5,2160.64,11,196.42,546.12,905.31,483.18,226.04,0.36,36,2,5,1,0
"CUST-1049",51,45235,2,1,"Bronze",5.5,268.89,1,268.89,25.14,52.61,98.3,92.83,0.39,4,0,5,0,0
"CUST-1050",56,154975,1,2,"Silver",14.9,1191.63,11,108.33,249.28,560.37,260.37,121.62,0.26,17,1,7,0,0
"CUST-1051",25,52438,2,4,"Silver",1.6,217.04,1,217.04,16.96,41.82,99.57,58.68,0.31,115,0,9,0,1
"CUST-1052",34,39201,1,5,"Gold",9.6,88.64,1,88.64,11.28,11.57,39.6,26.2,0.18,39,0,5,0,0
"CUST-1053",43,63251,3,1,"Bronze",20.9,615.05,6,102.51,251.64,115.97,178.47,68.97,0.44,8,1,8,0,0
"CUST-1054",45,106737,4,1,"Bronze",23.5,879.55,4,219.89,428.35,153.85,190.19,107.16,0.39,32,1,5,1,0
"CUST-1055",21,94901,2,3,"Silver",11.7,123.34,5,24.67,15.84,20.48,51.63,35.39,0.22,3,0,6,0,0
"CUST-1056",34,199835,3,8,"Gold",12.7,1032.43,2,516.22,551.42,158.32,207.7,115,0.17,5,2,8,1,0
"CUST-1057",39,68239,2,3,"Silver",15.5,227.67,3,75.89,23.31,37.08,80.52,86.76,0.15,53,0,6,0,0
"CUST-1058",34,41156,1,1,"Bronze",8,382.27,1,382.27,49.31,66.55,133.21,133.2,0.29,23,1,10,0,0
"CUST-1059",25,32514,2,1,"Bronze",9.3,67.97,5,13.59,5.63,11.34,25.37,25.63,0.34,35,2,7,0,0
"CUST-1060",37,38806,1,5,"Gold",6.9,131.08,4,32.77,19.21,17.65,57.49,36.72,0.28,73,1,9,0,0
"CUST-1061",27,55136,4,1,"Bronze",33.8,120.93,6,20.16,16.33,16.89,57.33,30.38,0.48,39,1,8,0,0
"CUST-1062",40,70367,5,1,"Bronze",17.7,1002.79,12,83.57,213.99,541.11,182.52,65.17,0.35,59,2,5,0,0
"CUST-1063",18,27030,1,2,"Silver",1.6,62.7,5,12.54,4.8,13.11,26.84,17.95,0.27,96,0,6,0,1
"CUST-1064",41,34761,3,12,"Gold",25.6,57.34,3,19.11,8.59,12.28,20.64,15.83,0.51,137,1,8,0,0
"CUST-1065",39,39175,3,7,"Gold",7.5,86.1,1,86.1,5.76,13.56,42.91,23.86,0.34,12,0,7,0,0
"CUST-1066",30,35854,1,1,"Bronze",4.4,228.15,2,114.08,35.62,26.99,95.12,70.42,0.25,51,0,8,0,0
"CUST-1067",36,46443,3,1,"Bronze",10.9,494.28,2,247.14,249.22,70.56,120.1,54.4,0.32,39,0,7,0,0
"CUST-1068",36,58852,2,1,"Bronze",4.9,186.25,1,186.25,16.29,36.32,75.41,58.23,0.42,29,1,6,0,0
"CUST-1069",28,35560,1,1,"Bronze",33.6,153.46,7,21.92,11.87,32.17,57.98,51.44,0.25,6,1,7,0,0
"CUST-1070",37,22427,1,3,"Silver",18.2,21.86,5,4.37,1.85,4.58,9.25,6.19,0.36,12,2,7,0,0
"CUST-1071",53,173802,2,3,"Silver",9.8,2918.63,15,194.58,611.97,1616.35,420.12,270.19,0.25,21,2,5,1,0
"CUST-1072",53,68203,4,1,"Bronze",0.9,351.88,7,50.27,195.08,39.49,86.91,30.41,0.16,33,0,9,0,0
"CUST-1073",34,51832,4,4,"Silver",30.9,239.16,5,47.83,110.24,37.62,70.15,21.15,0.5,4,2,5,0,1
"CUST-1074",49,58210,4,10,"Gold",2.3,970.1,8,121.26,465.92,153.12,241.08,109.98,0.17,97,0,6,1,0
"CUST-1075",33,41630,2,1,"Bronze",4.5,146.87,7,20.98,19.18,18.9,70.14,38.66,0.31,68,2,7,0,0
"CUST-1076",40,92916,3,4,"Silver",16.3,1121.06,7,160.15,571.39,140.83,313,95.84,0.37,50,1,7,0,0
"CUST-1077",40,32443,5,4,"Silver",27.8,307.41,1,307.41,44,39.55,117.61,106.25,0.26,37,1,7,0,1
"CUST-1078",36,131872,2,1,"Bronze",7.6,1679.6,17,98.8,476.25,684.78,285.41,233.15,0.31,60,1,7,0,0
"CUST-1079",47,32207,2,1,"Bronze",12.2,216.15,10,21.62,19.95,41.06,79.53,75.6,0.27,138,0,5,0,0
"CUST-1080",51,115495,3,1,"Bronze",22.5,1449.78,13,111.52,363.07,694.57,256.94,135.2,0.22,177,1,5,0,0
"CUST-1081",46,107392,5,4,"Silver",6.2,1142.88,5,228.58,250,550.19,230.11,112.58,0.27,52,2,7,0,0
"CUST-1082",20,73170,3,5,"Gold",8.5,425.91,1,425.91,26.18,66.42,190.41,142.9,0.53,50,0,6,0,0
"CUST-1083",22,115028,5,2,"Silver",5.7,2462.02,6,410.34,1217.77,336.26,713.38,194.6,0.35,21,0,7,0,0
"CUST-1084",50,62276,3,1,"Bronze",3,870.4,3,290.13,449.4,164.54,135.42,121.04,0.12,57,0,8,0,0
"CUST-1085",45,123087,3,7,"Gold",4.2,2148.18,11,195.29,399.61,1028.22,522.54,197.81,0.44,23,0,7,0,0
"CUST-1086",44,74629,3,6,"Gold",8.7,738.68,5,147.74,362.04,140.66,127.06,108.92,0.23,7,0,5,0,0
"CUST-1087",49,43880,2,3,"Silver",1.1,71.92,4,17.98,11.75,14.5,25.06,20.61,0.22,19,2,6,0,0
"CUST-1088",36,62860,3,1,"Bronze",2.9,113.55,4,28.39,12.67,22.43,42.65,35.8,0.19,23,0,8,1,0
"CUST-1089",24,63667,5,1,"Bronze",5.7,762.96,7,108.99,366.17,128.69,203.77,64.33,0.23,33,1,8,0,0
"CUST-1090",55,64185,3,1,"Bronze",6.7,519.31,3,173.1,231.39,92,117.58,78.34,0.17,20,1,5,0,0
"CUST-1091",54,76099,1,2,"Silver",5.4,1427.09,10,142.71,371.19,645.39,266.17,144.35,0.27,78,1,7,0,0
"CUST-1092",26,43856,2,11,"Gold",12,265.83,5,53.17,18.27,50.65,111.06,85.85,0.18,14,0,8,0,0
"CUST-1093",18,26778,4,1,"Bronze",28.9,118.01,2,59.01,7.48,24.64,53.99,31.9,0.55,97,0,8,1,0
"CUST-1094",31,90383,3,5,"Gold",5.1,1339.09,13,103.01,304.66,613.29,302.43,118.7,0.18,63,1,8,0,0
"CUST-1095",39,64824,4,2,"Silver",20.7,422.5,4,105.62,197.33,57.92,107.6,59.65,0.41,70,1,7,0,0
"CUST-1096",39,86758,3,1,"Bronze",9.7,375.32,4,93.83,209.47,49.05,75.15,41.65,0.55,42,1,8,0,0
"CUST-1097",34,78613,4,4,"Silver",12.1,754.83,12,62.9,359.24,88.08,231.56,75.94,0.24,29,2,6,1,0
"CUST-1098",45,22714,2,1,"Bronze",4.9,102.78,3,34.26,12.26,17.46,34.47,38.58,0.26,65,2,8,0,0
"CUST-1099",37,92232,5,2,"Silver",9.8,501.18,5,100.24,282.17,99.54,86.39,33.07,0.35,6,0,6,0,0
"CUST-1100",53,106999,1,9,"Gold",5.6,1279.33,6,213.22,336.81,686.24,152.21,104.08,0.1,77,0,9,0,0
"CUST-1101",42,58705,5,2,"Silver",17,364.08,8,45.51,180.55,52.48,80.49,50.57,0.29,12,1,7,0,0
"CUST-1102",61,47654,3,3,"Silver",7,733.63,7,104.8,194.55,378.12,81.73,79.23,0.21,90,1,7,1,0
"CUST-1103",39,51066,4,6,"Gold",6.2,289.26,7,41.32,123.36,59.24,64.71,41.95,0.37,9,0,9,0,0
"CUST-1104",50,51143,4,1,"Bronze",13,385.27,3,128.42,157.47,55.59,121,51.21,0.36,89,4,5,0,1
"CUST-1105",26,36612,1,1,"Bronze",5.5,153.17,2,76.58,21.57,23.08,70.33,38.19,0.16,65,1,7,0,0
"CUST-1106",44,47766,3,3,"Silver",17,546.68,6,91.11,237.14,84.42,146.23,78.89,0.44,61,0,5,0,0
"CUST-1107",20,36847,2,2,"Silver",8.4,57.58,5,11.52,7.5,5.69,24.56,19.84,0.21,95,1,5,0,0
"CUST-1108",56,99055,5,2,"Silver",5.2,1534.6,9,170.51,333.4,857.05,232.4,111.75,0.13,107,0,10,0,0
"CUST-1109",31,29261,4,2,"Silver",9.9,141.43,2,70.72,72.59,24.95,36.26,7.62,0.21,66,1,7,0,0
"CUST-1110",36,30643,1,2,"Silver",12.8,84.15,6,14.03,10.49,12.57,35.13,25.96,0.35,16,1,6,0,0
"CUST-1111",31,66626,3,4,"Silver",8.1,626.93,11,56.99,297.23,125.89,129.91,73.89,0.39,36,1,5,0,0
"CUST-1112",31,35731,1,1,"Bronze",7.7,76.18,2,38.09,5.62,12.53,32.31,25.72,0.24,6,0,8,0,1
"CUST-1113",61,104591,3,2,"Silver",7.2,1480.18,5,296.04,389.54,675.28,261.42,153.94,0.16,68,0,8,0,0
"CUST-1114",53,92058,5,11,"Gold",3.5,410.03,9,45.56,209.81,69.41,86.88,43.94,0.28,46,2,7,0,0
"CUST-1115",37,52993,3,6,"Gold",14.2,1694.93,14,121.07,308.53,775.69,372.62,238.1,0.17,78,3,5,0,0
"CUST-1116",39,91824,3,3,"Silver",3.8,2086.44,12,173.87,400.46,1090.75,468.74,126.49,0.19,36,1,8,0,0
"CUST-1117",46,34134,1,2,"Silver",15.3,192.8,4,48.2,9.82,36.48,81.41,65.09,0.25,91,0,6,0,0
"CUST-1118",36,46284,1,2,"Silver",11.9,204.96,1,204.96,15.07,45.39,74.57,69.93,0.27,115,0,4,0,0
"CUST-1119",25,46424,2,2,"Silver",18.7,110.07,2,55.03,17.37,15.01,48.49,29.2,0.3,10,1,6,0,0
"CUST-1120",31,53824,1,4,"Silver",2.3,168.92,3,56.31,22.16,38.79,62.15,45.82,0.21,70,1,3,0,1
"CUST-1121",42,37346,3,7,"Gold",6.6,636.92,9,70.77,295.31,102.72,128.17,110.72,0.33,54,1,5,0,0
"CUST-1122",38,34085,2,12,"Gold",1.9,147.2,1,147.2,12.63,26.3,61.53,46.74,0.1,92,1,6,1,0
"CUST-1123",42,49575,3,4,"Silver",8,362.63,4,90.66,163.47,69.19,108.48,21.49,0.54,95,1,7,0,0
"CUST-1124",33,74790,4,2,"Silver",3,652.41,6,108.74,305.04,91.02,214.26,42.09,0.28,100,0,6,1,0
"CUST-1125",38,48519,4,1,"Bronze",12.3,118.34,4,29.59,11.58,22.15,47.23,37.38,0.33,11,0,6,0,0
"CUST-1126",34,80035,5,5,"Gold",8.3,399.27,5,79.85,187.94,45.34,113.32,52.67,0.32,6,0,9,0,0
"CUST-1127",40,29554,2,3,"Silver",18.3,79.13,3,26.38,6.67,15.78,32.6,24.08,0.53,135,1,6,0,0
"CUST-1128",36,62629,3,1,"Bronze",14.8,552.07,7,78.87,268.27,75.91,124.84,83.05,0.33,57,3,7,0,0
"CUST-1129",48,75797,3,1,"Bronze",5.1,373.62,7,53.37,147.25,81.25,108.47,36.65,0.23,46,0,6,0,1
"CUST-1130",25,45217,3,2,"Silver",38.8,1124.04,6,187.34,611.07,214.72,208.07,90.19,0.67,74,0,6,0,0
"CUST-1131",27,47621,4,6,"Gold",10.8,192.58,2,96.29,12.59,33.11,84.59,62.29,0.56,27,0,5,0,0
"CUST-1132",55,94262,1,5,"Gold",10.4,1610.75,8,201.34,400.39,777.89,279.21,153.27,0.16,20,1,6,1,0
"CUST-1133",21,65742,5,2,"Silver",18.8,310.95,2,155.48,27.94,70.07,120.15,92.79,0.43,29,1,4,0,0
"CUST-1134",25,42575,1,6,"Gold",22.7,144.59,6,24.1,21.81,22.72,64.99,35.07,0.25,2,0,7,0,0
"CUST-1135",25,32401,1,11,"Gold",4.4,55.03,2,27.52,3.33,11.53,22.61,17.56,0.26,9,0,8,1,0
"CUST-1136",39,77323,2,15,"Gold",13.1,734.33,3,244.78,335.93,84.47,219.72,94.21,0.46,61,1,5,1,0
"CUST-1137",43,48015,4,1,"Bronze",7.6,168.6,8,21.08,82.15,25.35,32.78,28.32,0.37,35,0,6,0,1
"CUST-1138",44,38243,2,5,"Gold",15.4,93.43,4,23.36,10.71,24.95,32.62,25.15,0.48,61,2,6,0,0
"CUST-1139",64,83965,2,9,"Gold",29.1,1151.3,15,76.75,196.56,612.36,196.22,146.16,0.31,65,1,7,1,0
"CUST-1140",36,35888,2,11,"Gold",8.7,146.52,6,24.42,18.14,21.49,55.42,51.47,0.32,90,0,5,0,0
"CUST-1141",37,62487,3,2,"Silver",7.1,420.43,4,105.11,247.25,74.51,72.49,26.18,0.29,45,1,5,0,0
"CUST-1142",44,52125,4,1,"Bronze",6.7,283.01,1,283.01,27.14,50.48,99.58,105.8,0.45,51,1,5,0,0
"CUST-1143",40,69663,3,7,"Gold",10.1,578.61,1,578.61,255.39,85.81,165.88,71.54,0.39,96,3,4,1,0
"CUST-1144",31,57889,1,1,"Bronze",21.6,648.77,9,72.09,299.98,89.99,209.54,49.26,0.46,30,0,7,0,0
"CUST-1145",61,54078,5,2,"Silver",7.1,357.12,10,35.71,187.38,56.52,88.26,24.96,0.19,9,0,6,0,0
"CUST-1146",47,147397,2,3,"Silver",6.3,1681.69,10,168.17,373.04,815.4,294.89,198.36,0.28,129,1,7,0,0
"CUST-1147",30,30348,2,11,"Gold",11.1,74.54,2,37.27,9.8,14.11,30.49,20.14,0.32,13,0,7,0,0
"CUST-1148",52,53738,2,3,"Silver",7.8,727.7,8,90.96,202.33,341.2,141.36,42.81,0.16,15,0,6,0,1
"CUST-1149",48,105836,1,2,"Silver",6.9,1543.22,21,73.49,406.72,738.2,273.37,124.93,0.21,70,0,8,0,0
"CUST-1150",29,61649,3,6,"Gold",4,175.29,2,87.64,18.56,23.58,75.6,57.54,0.14,10,2,7,0,0
"CUST-1151",35,38278,3,3,"Silver",2.6,114.25,1,114.25,7.14,11.57,51.32,44.22,0.25,6,2,6,0,0
"CUST-1152",34,52385,3,9,"Gold",14.4,262.54,1,262.54,16.24,40.03,106.36,99.92,0.17,13,1,6,0,0
"CUST-1153",57,74276,4,1,"Bronze",13.5,531.14,6,88.52,300.28,82.26,114.43,34.18,0.17,31,0,9,0,0
"CUST-1154",42,69188,3,2,"Silver",17.3,484.7,3,161.57,223.93,80.25,152.87,27.64,0.38,27,2,8,0,0
"CUST-1155",35,58980,3,4,"Silver",6.8,97.26,3,32.42,9.84,15.38,41.29,30.75,0.29,20,1,4,0,0
"CUST-1156",59,116290,1,1,"Bronze",10.3,1566.65,18,87.04,366.78,898.35,193.88,107.65,0.23,2,1,7,0,0
"CUST-1157",34,22150,1,1,"Bronze",17.7,90.73,4,22.68,5.66,15.42,37.78,31.87,0.52,50,2,8,0,0
"CUST-1158",37,72787,1,1,"Bronze",7.3,2389.89,7,341.41,703.55,1009.3,524.74,152.31,0.21,37,1,5,1,0
"CUST-1159",67,75757,3,5,"Gold",2.8,772.2,7,110.31,306.33,151.85,235.3,78.72,0.15,94,0,8,0,0
"CUST-1160",49,64010,3,4,"Silver",9,1106.09,9,122.9,245.87,558.49,226.8,74.92,0.47,41,3,6,0,0
"CUST-1161",29,87578,3,6,"Gold",29.3,1386.21,12,115.52,267.86,653.98,254.86,209.51,0.55,223,2,6,0,0
"CUST-1162",47,65965,3,3,"Silver",10,269.12,8,33.64,145.78,29.32,76.43,17.59,0.28,5,0,8,0,0
"CUST-1163",43,27731,2,1,"Bronze",14.5,120.27,5,24.05,15.58,27.64,48.63,28.42,0.44,82,1,8,0,0
"CUST-1164",58,61124,3,7,"Gold",4.3,1569.8,6,261.63,450.23,622.09,362.71,134.77,0.17,10,0,9,0,0
"CUST-1165",42,79842,3,1,"Bronze",4.6,1263.17,11,114.83,266.97,568.72,316.71,110.77,0.34,20,0,7,0,0
"CUST-1166",23,30531,2,1,"Bronze",10,156.73,6,26.12,11.39,36.73,70.64,37.97,0.38,42,3,6,0,0
"CUST-1167",45,93236,5,13,"Gold",15.6,1451.68,7,207.38,367.16,723.05,180.93,180.53,0.3,225,2,9,0,0
"CUST-1168",50,84783,1,3,"Silver",12.5,1624.85,9,180.54,385.23,643.15,370.59,225.88,0.26,24,0,8,0,0
"CUST-1169",18,24516,3,1,"Bronze",15.5,65.21,2,32.6,3.86,7.04,29.06,25.26,0.57,32,1,7,0,0
"CUST-1170",38,62070,5,2,"Silver",4.7,1071.82,7,153.12,493.17,188.08,277.33,113.24,0.58,60,1,5,0,0
"CUST-1171",33,28208,1,1,"Bronze",3.3,65.89,1,65.89,3.64,9.62,31.41,21.21,0.4,2,2,7,0,0
"CUST-1172",46,59440,2,1,"Bronze",4.9,265.52,8,33.19,137.28,45.94,58.88,23.42,0.22,14,0,6,0,0
"CUST-1173",18,20838,4,1,"Bronze",5,47.81,9,5.31,3.01,10.77,17.38,16.66,0.37,13,3,4,0,0
"CUST-1174",43,85332,1,1,"Bronze",22.7,2128.72,10,212.87,522.44,1114.47,289.78,202.03,0.36,3,0,8,0,0
"CUST-1175",23,20777,3,2,"Silver",18.2,23.33,3,7.78,2.94,4.06,8.71,7.62,0.49,2,2,3,1,0
"CUST-1176",28,49588,2,1,"Bronze",4.2,265.77,1,265.77,29.65,49.72,84.68,101.72,0.19,37,0,7,0,0
"CUST-1177",25,60908,4,4,"Silver",7.8,113.91,2,56.95,14.69,19.14,48.85,31.24,0.52,159,1,9,0,0
"CUST-1178",29,26596,4,1,"Bronze",7.8,33.5,2,16.75,2.58,7.53,14.22,9.18,0.38,133,1,6,0,0
"CUST-1179",51,71524,2,1,"Bronze",7.5,1206.64,13,92.82,205.75,674.07,232.23,94.59,0.2,3,0,5,0,1
"CUST-1180",42,123002,4,2,"Silver",3.6,2252.58,3,750.86,406.69,1120.36,449.39,276.14,0.28,19,2,7,0,0
"CUST-1181",31,43693,3,6,"Gold",2.2,68.3,1,68.3,8.01,13.54,29.31,17.44,0.34,47,1,8,0,0
"CUST-1182",38,78658,3,7,"Gold",4.1,598.55,6,99.76,325.86,101.14,115.88,55.67,0.3,30,0,10,1,0
"CUST-1183",36,50070,4,1,"Bronze",10,658.66,5,131.73,317.16,115.8,140.54,85.17,0.45,46,0,7,0,0
"CUST-1184",19,47315,3,2,"Silver",5.6,196.39,4,49.1,11.97,47.65,66.98,69.79,0.4,113,0,7,0,0
"CUST-1185",38,82518,5,2,"Silver",2.7,1666.45,9,185.16,395.16,803.63,215.49,252.17,0.33,101,0,9,0,0
"CUST-1186",43,66169,3,1,"Bronze",9.6,948.7,4,237.18,511.6,153.66,210.25,73.19,0.4,111,0,6,0,0
"CUST-1187",41,46540,2,1,"Bronze",4.1,75.2,4,18.8,7.69,17.05,32.79,17.68,0.35,97,1,6,0,1
"CUST-1188",35,43911,2,4,"Silver",13.1,233.28,3,77.76,18.04,53.73,96.93,64.58,0.27,61,1,9,0,0
"CUST-1189",46,59335,3,7,"Gold",25.4,913.12,17,53.71,218.35,393.44,206.18,95.15,0.25,90,2,8,0,0
"CUST-1190",39,46684,2,1,"Bronze",7.4,68.57,2,34.28,6.72,11.15,30.23,20.47,0.14,10,2,6,1,0
"CUST-1191",46,2e+05,5,2,"Silver",2.6,1805.15,8,225.64,399.94,864.63,389.05,151.54,0.42,10,0,9,1,0
"CUST-1192",37,70417,3,1,"Bronze",6.4,1204.08,4,301.02,576.23,176.19,296.76,154.91,0.14,15,1,6,0,0
"CUST-1193",43,38117,1,2,"Silver",5.4,465.86,8,58.23,221.79,87.52,122.62,33.92,0.17,7,1,8,0,0
"CUST-1194",37,45368,2,12,"Gold",25.3,167.82,3,55.94,22.73,28.67,68.4,48.02,0.35,120,2,6,0,0
"CUST-1195",29,25224,1,4,"Silver",6.5,133.68,2,66.84,14.42,24.46,55.95,38.85,0.24,14,1,8,0,0
"CUST-1196",37,32982,2,5,"Gold",9.6,45.97,7,6.57,6.55,10.6,16.64,12.18,0.41,72,0,7,0,0
"CUST-1197",25,39535,2,1,"Bronze",19.6,79.33,2,39.66,8.41,21.66,28.42,20.84,0.32,10,1,6,0,0
"CUST-1198",26,30592,3,1,"Bronze",28.4,58.8,3,19.6,3.71,8.46,25.5,21.13,0.64,39,1,5,0,0
"CUST-1199",42,62084,4,3,"Silver",3.3,777.81,9,86.42,309.05,129.85,213.09,125.82,0.44,7,0,10,0,0
"CUST-1200",48,56201,3,1,"Bronze",13.7,505.06,7,72.15,239.27,84.6,123.64,57.55,0.35,24,0,10,0,0
"CUST-1201",49,28165,1,1,"Bronze",17.5,57.22,6,9.54,5.09,11.18,23.24,17.7,0.23,4,1,7,0,0
"CUST-1202",51,79635,5,1,"Bronze",21.1,1836.92,13,141.3,422.27,889.99,295.4,229.26,0.41,1,0,7,0,0
"CUST-1203",33,93645,3,5,"Gold",8.1,467.86,3,155.95,203.47,81.64,119.35,63.39,0.27,28,0,5,0,0
"CUST-1204",30,73807,2,8,"Gold",1.4,1795.19,15,119.68,556.15,757.67,222.66,258.72,0.23,65,0,6,0,0
"CUST-1205",39,58075,2,1,"Bronze",11.7,1059.91,4,264.98,516.49,150.05,265.04,128.34,0.36,27,0,6,0,0
"CUST-1206",38,104622,1,1,"Bronze",6.5,2158.23,14,154.16,642.2,928.83,401.31,185.89,0.23,137,2,5,1,0
"CUST-1207",51,69892,4,9,"Gold",12.4,825.13,1,825.13,452.24,153.56,153.47,65.86,0.21,28,0,6,0,1
"CUST-1208",27,36229,2,1,"Bronze",7.2,70.05,3,23.35,7.2,17.68,23.05,22.13,0.34,10,2,5,0,0
"CUST-1209",45,39335,2,1,"Bronze",26.3,84.45,1,84.45,12.54,14.3,27.36,30.25,0.48,38,3,7,0,0
"CUST-1210",30,41110,2,4,"Silver",13.6,72.71,7,10.39,9.85,9.36,30.86,22.64,0.58,113,1,5,0,0
"CUST-1211",32,37818,2,1,"Bronze",5.6,135.11,4,33.78,18.47,25.57,50.58,40.49,0.14,16,0,10,0,0
"CUST-1212",47,44774,1,1,"Bronze",6.3,95.64,3,31.88,6.93,11.8,40.06,36.84,0.21,77,1,5,0,0
"CUST-1213",45,33623,3,4,"Silver",19.4,324.44,6,54.07,189.74,55.77,58.02,20.91,0.26,29,3,3,0,0
"CUST-1214",18,39990,3,3,"Silver",8.9,71.18,6,11.86,6.82,16.33,23.04,24.99,0.4,61,0,10,0,0
"CUST-1215",27,25813,1,2,"Silver",24.1,98.21,4,24.55,10.82,20.82,37.99,28.59,0.31,12,0,10,0,0
"CUST-1216",38,33158,2,6,"Gold",2.7,157.21,1,157.21,13.39,29.85,71.16,42.8,0.18,46,1,6,1,0
"CUST-1217",56,31580,4,2,"Silver",11.9,351.64,8,43.95,192.68,51.98,64.25,42.73,0.31,11,0,3,0,0
"CUST-1218",47,81206,5,1,"Bronze",15.9,2194.74,9,243.86,387.96,1064.72,431.17,310.9,0.22,51,0,6,0,0
"CUST-1219",32,37727,2,8,"Gold",3.4,119.82,4,29.95,12.1,14.16,51.61,41.95,0.21,45,2,5,0,0
"CUST-1220",38,54628,1,2,"Silver",7.4,158.84,2,79.42,16.1,34.74,54.9,53.1,0.29,93,0,7,1,0
"CUST-1221",33,45405,2,4,"Silver",6.8,143.78,5,28.76,22.15,28.74,53.91,38.98,0.22,143,2,4,0,0
"CUST-1222",35,68422,2,6,"Gold",6.1,110.92,3,36.97,8.14,23.63,47.95,31.2,0.38,52,1,4,1,0
"CUST-1223",36,50991,2,2,"Silver",14.6,625.67,10,62.57,284.46,105.23,150.78,85.2,0.53,23,0,6,0,0
"CUST-1224",43,37308,3,1,"Bronze",18.7,940.9,8,117.61,461.63,139.15,263.43,76.69,0.28,71,3,3,0,1
"CUST-1225",38,85597,3,3,"Silver",8.8,286.05,9,31.78,122.88,47.65,73.81,41.71,0.36,20,0,4,0,0
"CUST-1226",58,125138,2,3,"Silver",26.5,2138.35,11,194.4,387.04,1035.01,407.4,308.9,0.42,41,1,9,1,0
"CUST-1227",35,20000,2,6,"Gold",13.2,39.09,6,6.52,5.04,9.03,11.6,13.43,0.21,176,1,5,0,0
"CUST-1228",44,121490,2,12,"Gold",6.3,982.18,7,140.31,474.13,149.24,230.27,128.54,0.16,104,4,5,0,0
"CUST-1229",31,33595,3,1,"Bronze",5,85.86,1,85.86,11.91,9.33,39.72,24.9,0.37,23,0,6,0,0
"CUST-1230",24,40654,2,2,"Silver",4.7,86.57,6,14.43,7.6,12.88,37.48,28.61,0.56,145,0,8,0,0
"CUST-1231",50,66566,5,2,"Silver",4.2,615.51,6,102.58,297.27,83.96,143.85,90.43,0.15,10,1,7,1,0
"CUST-1232",62,140909,1,2,"Silver",7.9,1510.7,13,116.21,381.33,766.92,234.86,127.59,0.27,18,0,8,0,0
"CUST-1233",29,26073,1,2,"Silver",6.4,38.38,2,19.19,3,8.72,17.71,8.95,0.3,13,0,5,0,0
"CUST-1234",29,59047,5,2,"Silver",43.5,393.06,6,65.51,179.14,58.78,103.55,51.59,0.74,102,0,6,0,0
"CUST-1235",37,62144,5,1,"Bronze",54.1,445.27,6,74.21,219.37,89.64,88.62,47.64,0.69,50,0,5,1,0
"CUST-1236",18,42079,2,13,"Gold",13.3,50.12,2,25.06,3.67,11.59,21.29,13.57,0.4,10,1,10,0,0
"CUST-1237",39,34321,1,5,"Gold",16.6,99.79,3,33.26,6.57,27.73,39.09,26.4,0.27,33,1,7,1,0
"CUST-1238",46,42058,3,1,"Bronze",8.4,128.55,1,128.55,15.81,27.68,53.44,31.62,0.36,59,0,7,0,0
"CUST-1239",31,47200,1,10,"Gold",3.9,263.24,1,263.24,40.88,51.35,99.91,71.1,0.4,31,1,5,0,0
"CUST-1240",29,41398,2,3,"Silver",9.4,181.78,3,60.59,13.63,36.49,71.71,59.96,0.45,93,0,5,0,0
"CUST-1241",58,105251,3,7,"Gold",15.2,2832.35,9,314.71,771.86,1193.73,636.42,230.34,0.33,11,0,7,0,0
"CUST-1242",64,102319,2,2,"Silver",7.1,1781.3,6,296.88,519.92,919.84,237.71,103.82,0.1,109,0,6,0,0
"CUST-1243",42,54490,2,1,"Bronze",4.6,175.52,6,29.25,11.65,40.03,80.72,43.12,0.27,28,0,8,0,0
"CUST-1244",35,43791,1,6,"Gold",12.9,155.6,1,155.6,18.01,25.14,59.22,53.23,0.28,27,0,8,0,0
"CUST-1245",52,105447,1,11,"Gold",16.9,1586.86,5,317.37,389.66,791.5,177.13,228.56,0.27,96,0,7,0,0
"CUST-1246",24,80662,1,4,"Silver",7,77.84,1,77.84,7.97,17.37,34.21,18.29,0.22,63,0,6,0,0
"CUST-1247",44,47379,4,1,"Bronze",11.3,525.07,5,105.01,222.12,93.48,141.2,68.27,0.5,19,0,8,0,0
"CUST-1248",50,43231,4,1,"Bronze",3.8,286.96,6,47.83,139.72,37.22,80.53,29.49,0.22,77,2,5,0,1
"CUST-1249",39,128663,4,3,"Silver",5.7,443.58,10,44.36,199,80.32,98.69,65.56,0.22,73,1,6,0,0
"CUST-1250",38,47666,2,2,"Silver",8.5,118.35,1,118.35,8.25,22.61,53.85,33.64,0.15,74,2,6,0,0
"CUST-1251",47,78766,4,5,"Gold",4.7,1147.2,3,382.4,495.62,155.63,356.63,139.33,0.3,112,2,4,1,0
"CUST-1252",55,82057,4,10,"Gold",6.1,642.85,1,642.85,309.51,111.35,172.57,49.42,0.17,69,0,8,0,0
"CUST-1253",32,56221,2,6,"Gold",3,149.43,3,49.81,10.88,29.77,63.61,45.17,0.32,2,2,6,0,0
"CUST-1254",65,66831,1,1,"Bronze",4,1082.73,11,98.43,196.14,546.86,200.19,139.54,0.12,34,0,6,0,0
"CUST-1255",23,33988,3,4,"Silver",12.5,85.31,2,42.66,8.53,9.73,37.45,29.61,0.46,13,1,6,0,0
"CUST-1256",51,158516,3,1,"Bronze",6.2,1546.71,8,193.34,366.31,739.76,303.42,137.23,0.32,271,1,7,0,0
"CUST-1257",45,38125,4,1,"Bronze",6.5,95.63,7,13.66,5.85,15.27,44.48,30.03,0.32,78,0,5,0,0
"CUST-1258",32,71269,4,1,"Bronze",3.7,591.11,7,84.44,235.55,118.26,174.08,63.22,0.31,63,0,9,0,0
"CUST-1259",29,95760,5,9,"Gold",4.3,517.87,7,73.98,275.58,71.53,92.97,77.79,0.32,182,0,9,0,0
"CUST-1260",44,92266,4,3,"Silver",5.5,856.85,10,85.68,353.1,192.46,256.68,54.62,0.23,132,1,6,0,1
"CUST-1261",34,35858,3,2,"Silver",10,51.66,4,12.91,7.63,8.01,21.87,14.16,0.33,66,1,6,0,0
"CUST-1262",24,36831,1,7,"Gold",2.9,45.69,3,15.23,3.92,7.69,20.14,13.95,0.31,4,1,4,0,0
"CUST-1263",25,28770,5,2,"Silver",7.9,92.79,4,23.2,5.92,16.71,34.58,35.58,0.2,27,1,7,0,0
"CUST-1264",43,101847,3,3,"Silver",7.6,845.13,4,211.28,426.33,89.05,209.78,119.97,0.23,35,1,8,0,0
"CUST-1265",39,89595,4,5,"Gold",8.8,1059.51,9,117.72,237.16,501.17,158.21,162.97,0.36,1,0,8,0,0
"CUST-1266",47,56298,1,2,"Silver",6.2,1379.6,13,106.12,242.39,797.33,196.17,143.71,0.24,44,0,7,0,0
"CUST-1267",29,34140,3,3,"Silver",8.9,131.44,3,43.81,16.02,32.84,47.88,34.69,0.47,36,0,8,0,0
"CUST-1268",46,45312,4,5,"Gold",9.8,274.53,1,274.53,132.31,56.31,55.27,30.65,0.26,83,0,8,0,0
"CUST-1269",51,69879,5,2,"Silver",2.5,744.85,5,148.97,377.72,155.57,132.28,79.28,0.24,11,1,7,0,0
"CUST-1270",33,34058,4,3,"Silver",30.2,83.75,3,27.92,8.04,21.81,33.94,19.96,0.55,85,0,7,1,0
"CUST-1271",36,56968,3,8,"Gold",1.8,291.93,2,145.96,31.33,61.94,127.37,71.28,0.19,32,0,8,0,0
"CUST-1272",39,45708,1,6,"Gold",6.6,95.41,3,31.8,5.76,21.67,33.82,34.17,0.18,17,1,7,0,0
"CUST-1273",28,46842,2,3,"Silver",12.2,531.09,7,75.87,215.22,112.66,127.06,76.16,0.4,26,1,9,0,0
"CUST-1274",32,55759,1,4,"Silver",19.7,95.1,3,31.7,9.78,14.71,40.29,30.33,0.49,35,0,10,1,0
"CUST-1275",45,78920,5,2,"Silver",5.5,625.8,2,312.9,256.89,134.99,136.98,96.94,0.19,127,0,8,0,0
"CUST-1276",61,59964,4,5,"Gold",5.7,550.62,3,183.54,293.97,75.81,101.45,79.38,0.26,109,4,8,0,1
"CUST-1277",47,55207,1,2,"Silver",8.5,811.15,6,135.19,363.1,142.58,219.44,86.03,0.26,39,2,6,0,0
"CUST-1278",29,76221,3,1,"Bronze",21.1,1315.19,16,82.2,424.3,556.16,181.25,153.49,0.57,72,0,6,0,0
"CUST-1279",27,35772,1,1,"Bronze",12.5,174.61,2,87.31,14.01,19.62,78.08,62.9,0.31,107,1,9,1,0
"CUST-1280",44,116290,3,2,"Silver",6.6,2135.29,13,164.25,466.93,965.24,472.28,230.84,0.35,25,0,6,0,0
"CUST-1281",23,28116,2,2,"Silver",2.2,66.25,2,33.12,5.76,12.92,28.81,18.76,0.29,31,0,8,0,0
"CUST-1282",54,76189,4,1,"Bronze",9.2,1929.46,9,214.38,553.57,965.91,256.73,153.24,0.33,28,1,6,1,0
"CUST-1283",31,27039,1,1,"Bronze",2.1,30.2,3,10.07,3.45,4.51,11.46,10.78,0.25,58,1,10,0,0
"CUST-1284",50,74457,3,3,"Silver",9.4,641.18,17,37.72,172.64,241.71,165.86,60.97,0.17,5,1,9,0,0
"CUST-1285",55,65404,4,6,"Gold",13.1,1341.8,10,134.18,275.31,709.87,261.14,95.48,0.25,160,1,7,0,0
"CUST-1286",32,46061,1,2,"Silver",5.9,99.91,5,19.98,5.69,20.56,38.66,35,0.4,19,0,7,0,0
"CUST-1287",37,104308,3,4,"Silver",9.8,1459.2,5,291.84,849.86,185.49,326.61,97.24,0.26,92,0,6,0,0
"CUST-1288",33,32132,1,6,"Gold",8.3,114.6,1,114.6,11.59,15.6,45.27,42.13,0.38,20,1,7,0,0
"CUST-1289",21,41437,2,4,"Silver",2.5,32.28,1,32.28,2.88,4.25,15.8,9.34,0.25,58,0,6,0,0
"CUST-1290",32,21756,3,1,"Bronze",9,57.81,1,57.81,4.76,13.86,23.03,16.16,0.42,74,0,6,1,0
"CUST-1291",51,94959,4,2,"Silver",4.4,1290.85,10,129.08,211.73,583.7,306.2,189.22,0.18,13,2,6,0,0
"CUST-1292",35,29428,1,7,"Gold",15.5,69.12,2,34.56,11.07,11.26,30.53,16.26,0.36,30,2,8,0,0
"CUST-1293",44,39962,4,7,"Gold",3.8,253.26,7,36.18,132.28,35.4,57.76,27.82,0.16,7,0,7,0,0
"CUST-1294",30,29987,1,7,"Gold",4.5,74.6,5,14.92,5.63,10.47,35.69,22.82,0.38,94,0,9,1,0
"CUST-1295",50,42641,1,2,"Silver",4.8,826.62,13,63.59,207.72,425.39,82.56,110.95,0.35,16,0,9,0,0
"CUST-1296",39,36987,1,1,"Bronze",8.7,65.4,5,13.08,7.05,10.97,27.58,19.8,0.23,11,0,8,0,0
"CUST-1297",44,161572,3,3,"Silver",7.3,635.84,5,127.17,303.64,104.07,174.74,53.38,0.41,5,2,5,0,0
"CUST-1298",27,53407,4,13,"Gold",6,143.05,1,143.05,20.75,17.11,67.74,37.44,0.4,7,1,6,0,0
"CUST-1299",37,57872,4,4,"Silver",2.6,551.91,5,110.38,290.48,77.66,106.41,77.36,0.16,72,1,5,0,1
"CUST-1300",51,35234,3,10,"Gold",4.1,361.8,5,72.36,157.82,64.46,87.76,51.77,0.18,11,0,5,0,0
"CUST-1301",37,100769,2,5,"Gold",8.1,689.28,8,86.16,343.02,113.66,139.17,93.43,0.35,10,0,5,0,0
"CUST-1302",61,70430,5,4,"Silver",6.3,663.22,9,73.69,337.27,68.55,195.54,61.86,0.12,1,0,7,0,1
"CUST-1303",41,34215,1,3,"Silver",3.5,300.88,3,100.29,28.68,62.99,117.82,91.4,0.13,4,2,6,0,0
"CUST-1304",29,80261,1,13,"Gold",20.8,2351.55,11,213.78,470.23,1010.35,616.48,254.49,0.45,65,0,8,1,0
"CUST-1305",28,62436,5,1,"Bronze",8.4,494.41,4,123.6,231.6,70.97,132.73,59.12,0.42,32,0,7,0,0
"CUST-1306",47,52380,2,5,"Gold",8.4,709.63,5,141.93,352.23,99.99,215.97,41.44,0.3,36,1,6,0,0
"CUST-1307",18,60250,4,2,"Silver",7.2,236.73,7,33.82,36.44,46.83,87.09,66.37,0.35,59,0,8,0,0
"CUST-1308",45,82740,2,5,"Gold",24.8,927.86,10,92.79,158.93,464.54,202.67,101.71,0.27,7,1,4,1,0
"CUST-1309",24,39998,3,5,"Gold",6,136.62,3,45.54,16.58,28.8,47.31,43.94,0.23,4,0,7,0,0
"CUST-1310",37,34754,1,4,"Silver",10.3,85.45,4,21.36,9.14,12.46,37.98,25.87,0.29,22,0,8,0,0
"CUST-1311",53,96389,5,10,"Gold",3.1,1696.19,8,212.02,529.34,802.98,247.62,116.25,0.22,19,0,7,0,0
"CUST-1312",27,62836,4,1,"Bronze",3.4,125.72,4,31.43,15.56,16.3,54.62,39.24,0.23,2,1,7,0,0
"CUST-1313",26,34849,5,1,"Bronze",10,214.16,2,107.08,21.27,47.14,64.16,81.59,0.31,13,1,8,0,1
"CUST-1314",33,36153,1,3,"Silver",7.6,108.44,2,54.22,14.14,19.56,34.46,40.28,0.3,224,0,7,0,0
"CUST-1315",44,47720,1,1,"Bronze",15.1,63.55,4,15.89,8.29,9.63,26.8,18.83,0.25,51,1,8,0,0
"CUST-1316",32,78599,3,6,"Gold",3.5,244.9,3,81.63,23.66,28.51,114.73,78,0.19,114,0,5,1,0
"CUST-1317",44,38567,2,1,"Bronze",16.3,69.36,7,9.91,7.83,17.22,23.38,20.93,0.4,83,1,8,0,0
"CUST-1318",31,56801,2,7,"Gold",14.7,114.77,4,28.69,13.75,21.85,40.7,38.46,0.31,38,0,7,1,0
"CUST-1319",36,67632,3,1,"Bronze",3.4,107.63,2,53.81,9.82,21.53,52.71,23.56,0.18,7,1,8,0,0
"CUST-1320",50,99286,2,13,"Gold",2,511.67,5,102.33,267.58,80.47,100.52,63.1,0.34,11,1,8,0,0
"CUST-1321",47,79867,5,4,"Silver",6.5,214.98,8,26.87,93.77,40.13,49.11,31.97,0.26,202,1,8,0,0
"CUST-1322",51,82560,2,1,"Bronze",2.6,770.97,7,110.14,339.34,152.47,222.23,56.93,0.12,205,2,5,0,0
"CUST-1323",61,73442,5,2,"Silver",6.8,1461.5,10,146.15,413.04,602.36,278.79,167.31,0.32,154,0,9,0,0
"CUST-1324",33,103919,5,3,"Silver",6.8,789.33,5,157.87,385.08,101.29,202.53,100.43,0.43,2,0,8,0,0
"CUST-1325",18,79899,4,7,"Gold",7.2,323.34,4,80.83,152.92,44.68,83.73,42.01,0.54,72,2,7,1,0
"CUST-1326",32,37337,2,4,"Silver",13.4,72.19,2,36.09,7.66,8.08,29.21,27.24,0.37,40,0,6,0,0
"CUST-1327",28,28044,1,2,"Silver",27.6,103.34,2,51.67,8.65,19.5,40.02,35.17,0.56,88,1,6,0,1
"CUST-1328",20,54446,1,15,"Gold",7,284.68,5,56.94,39.17,52.06,128.26,65.19,0.47,4,2,6,0,0
"CUST-1329",55,70755,3,2,"Silver",5.9,708.29,5,141.66,326.9,146.74,171.15,63.51,0.16,33,0,6,0,0
"CUST-1330",41,59133,2,1,"Bronze",4.7,333.07,6,55.51,185.22,43.22,71.59,33.03,0.27,56,1,8,0,1
"CUST-1331",28,49909,2,3,"Silver",9,156.7,4,39.17,14.4,26.16,63.25,52.89,0.35,17,1,5,0,0
"CUST-1332",40,99874,4,6,"Gold",11.9,1070.41,13,82.34,269.78,507.29,148.25,145.09,0.31,176,1,5,0,0
"CUST-1333",40,73330,4,1,"Bronze",17.3,988.57,12,82.38,186.26,453.32,252.05,96.94,0.33,62,1,7,0,1
"CUST-1334",38,23942,2,13,"Gold",7.1,116.42,4,29.1,9.18,23.88,40.24,43.11,0.42,62,0,5,0,0
"CUST-1335",41,36206,5,4,"Silver",6.9,188.39,8,23.55,90.37,25.92,54.51,17.59,0.17,270,0,5,0,0
"CUST-1336",28,95735,2,2,"Silver",1.9,986.01,1,986.01,467.24,119.41,281.14,118.22,0.24,129,3,7,0,0
"CUST-1337",41,78051,3,5,"Gold",3.2,1664.69,7,237.81,434.41,792.82,300.51,136.94,0.09,22,1,8,0,0
"CUST-1338",41,20000,3,4,"Silver",13.1,58.09,5,11.62,9.03,13.92,20.48,14.66,0.25,18,0,7,0,0
"CUST-1339",33,51407,5,1,"Bronze",10.1,810.23,6,135.04,349.43,143.13,233.41,84.26,0.24,16,1,6,0,0
"CUST-1340",34,27964,2,2,"Silver",10.9,46.44,1,46.44,2.29,6.06,20.97,17.13,0.43,91,1,7,1,1
"CUST-1341",64,139125,2,3,"Silver",11.2,1513.95,13,116.46,300.43,747.48,290.47,175.57,0.2,5,0,8,1,0
"CUST-1342",30,20000,4,1,"Bronze",3.3,21.89,5,4.38,3.13,3.97,7.19,7.6,0.34,9,0,7,0,0
"CUST-1343",30,60131,2,3,"Silver",6.8,216.27,3,72.09,27.73,57.71,73.01,57.81,0.32,67,1,6,1,0
"CUST-1344",27,27458,2,2,"Silver",2.5,80.97,2,40.48,12.7,13.88,32.27,22.12,0.37,12,1,5,0,0
"CUST-1345",33,23748,3,3,"Silver",2.5,54.67,3,18.22,5.33,10.37,23.96,15.01,0.24,15,0,8,0,0
"CUST-1346",33,54997,5,5,"Gold",6.6,368.45,3,122.82,173.19,60.86,100.83,33.58,0.22,18,2,7,1,0
"CUST-1347",30,34368,1,3,"Silver",9.5,59.19,4,14.8,8.92,6.39,24.96,18.92,0.47,25,0,6,1,0
"CUST-1348",44,37315,1,2,"Silver",8.8,149.65,7,21.38,12,29.81,63.16,44.68,0.51,161,0,7,0,0
"CUST-1349",28,40478,1,5,"Gold",12.7,109.53,4,27.38,8.58,12.3,50.14,38.51,0.64,16,2,5,0,0
"CUST-1350",52,63851,2,10,"Gold",6.8,423.53,5,84.71,198.71,71.96,100.4,52.47,0.28,7,0,8,0,0
"CUST-1351",29,34868,1,3,"Silver",14,75.42,3,25.14,10.42,12.59,32.16,20.25,0.6,3,2,6,0,0
"CUST-1352",48,96178,5,10,"Gold",4.8,257.27,10,25.73,104.42,49.68,76.72,26.45,0.2,94,0,8,0,0
"CUST-1353",37,64108,5,8,"Gold",8.2,779.52,6,129.92,452.43,114.15,151.65,61.3,0.48,80,2,7,0,0
"CUST-1354",37,25055,3,4,"Silver",4.3,90.93,3,30.31,8.05,11.26,36.89,34.73,0.5,34,0,10,0,0
"CUST-1355",22,65085,2,5,"Gold",33.9,148.01,1,148.01,9.9,26.57,69.85,41.69,0.52,78,1,7,0,0
"CUST-1356",43,45864,3,6,"Gold",12.4,351.33,7,50.19,157.71,42.81,106.17,44.64,0.29,42,0,6,0,0
"CUST-1357",45,65244,2,10,"Gold",5.3,642.32,8,80.29,178.78,272.98,125.99,64.57,0.12,13,0,7,0,0
"CUST-1358",31,29424,2,1,"Bronze",24.2,40.53,3,13.51,5.9,7.94,13.32,13.37,0.23,64,0,3,0,1
"CUST-1359",35,20000,2,1,"Bronze",6,35.41,5,7.08,4.22,5.29,14.31,11.59,0.35,25,3,6,0,0
"CUST-1360",49,69647,2,6,"Gold",7.8,595.54,3,198.51,245.17,79.51,186.01,84.86,0.3,34,0,7,0,0
"CUST-1361",48,60595,1,4,"Silver",5.6,1743.65,7,249.09,505.8,727.72,265.35,244.77,0.43,19,1,7,0,0
"CUST-1362",34,72465,3,2,"Silver",14.3,792.5,7,113.21,406.51,163.66,164.61,57.72,0.42,168,1,7,0,0
"CUST-1363",39,67709,3,15,"Gold",11.5,1763.27,12,146.94,394.59,700.05,385.19,283.44,0.21,42,0,7,0,0
"CUST-1364",40,50847,2,2,"Silver",6,106.98,2,53.49,6.13,17.63,45.05,38.17,0.19,35,1,6,0,0
"CUST-1365",27,52582,1,5,"Gold",11.5,208.69,1,208.69,13.24,53.35,86.81,55.29,0.32,35,2,5,1,0
"CUST-1366",51,76496,1,4,"Silver",22.7,514.99,7,73.57,213.33,84,143.06,74.6,0.49,9,1,7,1,0
"CUST-1367",22,37731,1,1,"Bronze",5.5,155.05,5,31.01,8.89,26.33,72.24,47.58,0.17,26,0,6,1,0
"CUST-1368",23,26709,5,7,"Gold",14.2,70.34,2,35.17,9.9,12.5,24.62,23.32,0.35,29,0,10,0,0
"CUST-1369",45,60867,5,2,"Silver",14.4,748.87,4,187.22,405.36,135.36,137.29,70.86,0.28,37,2,8,0,0
"CUST-1370",62,82239,2,1,"Bronze",17.8,1623.1,6,270.52,366.55,752.27,325.86,178.42,0.32,7,0,5,0,0
"CUST-1371",41,67258,4,1,"Bronze",19.7,508.27,6,84.71,228.32,70.94,134.04,74.97,0.48,58,0,8,0,0
"CUST-1372",38,35191,1,12,"Gold",45.8,82.77,6,13.8,6.56,10.73,33.25,32.22,0.46,27,1,8,1,0
"CUST-1373",36,25230,3,1,"Bronze",1.8,73.02,4,18.25,9.12,12.49,28.81,22.6,0.14,136,1,7,0,0
"CUST-1374",55,98647,3,13,"Gold",6.1,1457.8,9,161.98,346.69,698.28,251.55,161.28,0.28,23,1,9,1,0
"CUST-1375",43,25758,1,5,"Gold",13.6,22.72,1,22.72,3.25,2.54,10.24,6.69,0.23,157,3,5,0,0
"CUST-1376",40,48106,4,1,"Bronze",4.9,521.35,3,173.78,257.53,118.06,100.68,45.08,0.47,104,1,6,1,0
"CUST-1377",44,66688,3,3,"Silver",8.2,445.94,6,74.32,217.56,95.76,96.64,35.98,0.29,28,0,9,0,0
"CUST-1378",45,84974,4,2,"Silver",1.5,216.42,3,72.14,24.29,56.44,78.54,57.15,0.44,31,1,5,0,0
"CUST-1379",43,40646,5,7,"Gold",25.4,581.52,3,193.84,253.84,110.78,152.73,64.17,0.25,20,0,7,1,0
"CUST-1380",38,24274,4,3,"Silver",20,51.71,1,51.71,3.85,7.77,24.79,15.3,0.41,85,0,7,0,0
"CUST-1381",42,95869,2,1,"Bronze",9.5,1266.12,3,422.04,278.78,574.57,337.5,75.28,0.4,12,0,7,0,0
"CUST-1382",30,36627,1,2,"Silver",3,76.48,3,25.49,5.68,11.45,38.07,21.28,0.29,31,0,8,0,0
"CUST-1383",48,80976,4,4,"Silver",2.2,769.12,9,85.46,320.76,139.69,224.47,84.21,0.27,15,0,7,0,0
"CUST-1384",24,44682,2,11,"Gold",3.2,137.33,3,45.78,16.51,32.19,42.49,46.15,0.31,11,0,10,1,0
"CUST-1385",42,99415,3,4,"Silver",2.6,628.03,7,89.72,286.69,67.51,177.88,95.96,0.21,41,0,9,0,0
"CUST-1386",33,59553,3,1,"Bronze",6.6,368.67,4,92.17,173.15,58.1,92.3,45.13,0.3,13,0,7,1,0
"CUST-1387",45,38494,1,5,"Gold",11.5,114.86,3,38.29,16.73,14.81,41.65,41.67,0.28,73,1,7,0,0
"CUST-1388",33,126329,3,1,"Bronze",4.4,2462.43,13,189.42,765.43,1006.84,335.82,354.34,0.2,118,0,8,0,0
"CUST-1389",35,20000,1,1,"Bronze",38,75.6,1,75.6,7.23,8.78,38.8,20.79,0.36,107,0,9,0,0
"CUST-1390",34,65707,4,2,"Silver",11.3,664.93,1,664.93,313.65,79.34,177.1,94.84,0.45,1,0,4,0,0
"CUST-1391",56,66375,1,6,"Gold",15,459.9,5,91.98,246.23,69.52,100.65,43.49,0.19,73,1,6,0,0
"CUST-1392",33,30726,3,2,"Silver",3.9,102.32,1,102.32,8.78,12.22,43.41,37.91,0.23,9,0,7,1,0
"CUST-1393",75,51590,2,7,"Gold",7.6,1354.57,4,338.64,365.99,655.55,247.73,85.3,0.09,58,0,7,1,0
"CUST-1394",29,93182,2,2,"Silver",3,1298,7,185.43,343.75,656.01,143.88,154.36,0.34,2,1,6,0,0
"CUST-1395",30,38750,4,2,"Silver",10.4,79.17,3,26.39,6.3,12.63,40.77,19.48,0.17,101,3,7,0,0
"CUST-1396",45,44404,1,7,"Gold",33.2,1273.76,16,79.61,236.04,623.93,217.54,196.24,0.29,61,1,8,0,0
"CUST-1397",43,95849,1,2,"Silver",7.7,1144.06,5,228.81,238.87,586.56,144.94,173.69,0.11,16,1,8,0,0
"CUST-1398",52,96557,1,6,"Gold",5,466.79,8,58.35,200.99,108.13,124.05,33.63,0.16,101,1,5,1,1
"CUST-1399",32,40345,1,15,"Gold",3.4,346.8,1,346.8,63.59,43.23,148.14,91.84,0.31,67,1,7,0,0
"CUST-1400",35,46548,5,3,"Silver",10.7,548.28,2,274.14,262.61,85.81,128.68,71.19,0.15,43,3,7,0,0
"CUST-1401",52,99204,4,3,"Silver",10.4,1210.4,9,134.49,277.61,551.33,199.94,181.52,0.14,69,0,6,0,0
"CUST-1402",23,47717,2,3,"Silver",24.9,108.58,1,108.58,11.2,14.49,36.89,46,0.49,95,0,8,0,0
"CUST-1403",34,46092,3,1,"Bronze",6.4,384.42,2,192.21,194.94,48.32,104.74,36.42,0.43,65,1,8,0,0
"CUST-1404",39,110375,1,1,"Bronze",19.6,1629.77,10,162.98,267.9,787.66,372.42,201.79,0.3,48,1,8,1,0
"CUST-1405",55,54811,5,9,"Gold",11.6,1034.76,9,114.97,224.31,458.75,207.9,143.8,0.28,58,1,8,0,0
"CUST-1406",59,98812,1,1,"Bronze",60,733.41,3,244.47,319.91,90.36,220.79,102.35,0.51,68,0,7,0,0
"CUST-1407",21,30747,5,8,"Gold",2.5,44.41,3,14.8,5.03,7.66,16.54,15.17,0.23,27,1,6,0,0
"CUST-1408",47,42781,3,1,"Bronze",2.4,719.71,9,79.97,135.43,311.82,160.27,112.18,0.31,24,1,9,0,0
"CUST-1409",52,78343,2,3,"Silver",6.4,1087.87,8,135.98,250.24,535.24,171.05,131.34,0.13,52,1,7,0,0
"CUST-1410",60,74791,4,7,"Gold",3.2,1212.13,6,202.02,509.61,145.82,371.25,185.46,0.2,57,0,8,1,0
"CUST-1411",34,36003,1,1,"Bronze",11.2,185.88,2,92.94,29.86,21.66,92.99,41.37,0.23,121,1,8,0,1
"CUST-1412",31,107753,2,3,"Silver",7.6,1272.07,15,84.8,277.29,708.68,158.58,127.52,0.28,15,0,10,0,0
"CUST-1413",23,44487,3,1,"Bronze",11.6,84.31,6,14.05,10.34,12.19,31.62,30.15,0.46,51,1,5,0,0
"CUST-1414",39,58206,2,5,"Gold",9.6,804.93,3,268.31,401.99,94.27,252.19,56.48,0.42,45,0,8,0,0
"CUST-1415",33,32206,3,3,"Silver",15.9,155.42,1,155.42,11.92,22.9,66.25,54.35,0.4,6,2,7,0,0
"CUST-1416",18,49180,4,2,"Silver",6.6,142.07,1,142.07,15.38,16.82,58.86,51,0.47,17,0,7,0,0
"CUST-1417",45,81642,1,4,"Silver",8.2,1487.59,14,106.26,437.66,646.33,228.16,175.44,0.42,4,0,6,0,0
"CUST-1418",23,22435,2,1,"Bronze",12.4,50.38,4,12.6,3.88,11.1,23.07,12.34,0.58,135,1,7,0,0
"CUST-1419",55,105347,3,1,"Bronze",6,931.29,7,133.04,190.88,517.24,113,110.18,0.26,37,2,6,0,0
"CUST-1420",38,66637,5,7,"Gold",6,717.44,8,89.68,386.03,82.94,197.15,51.32,0.34,18,1,4,0,0
"CUST-1421",51,88701,1,4,"Silver",21.5,938.68,8,117.33,258.78,444.76,151.52,83.62,0.32,11,2,9,0,0
"CUST-1422",43,44867,5,3,"Silver",8.9,87.88,1,87.88,13.35,14.2,33.16,27.17,0.16,15,1,7,0,0
"CUST-1423",41,58103,2,7,"Gold",2.4,62.57,2,31.28,4.02,12.38,21.75,24.42,0.28,13,2,2,0,0
"CUST-1424",32,67764,3,3,"Silver",12.7,109.53,4,27.38,11.43,11.48,45.72,40.91,0.35,11,0,6,0,0
"CUST-1425",54,82918,2,2,"Silver",11.5,1742.82,16,108.93,354.96,910.88,322.4,154.58,0.22,16,0,7,0,0
"CUST-1426",51,91427,2,2,"Silver",7.4,1834.6,7,262.09,479.99,955,199.08,200.53,0.33,26,1,6,0,1
"CUST-1427",18,22794,3,2,"Silver",7.3,73,4,18.25,11.27,9.85,26.89,25,0.2,18,1,3,0,0
"CUST-1428",18,34437,2,8,"Gold",8.1,81.56,2,40.78,12.76,11.16,36.51,21.13,0.43,44,0,5,1,0
"CUST-1429",49,98640,2,3,"Silver",9.8,1368.18,7,195.45,255.65,643.01,342.02,127.5,0.14,23,2,5,0,0
"CUST-1430",42,62696,2,3,"Silver",26,286.2,5,57.24,126.89,44.55,76.31,38.44,0.35,210,2,9,0,1
"CUST-1431",38,70820,3,1,"Bronze",2.1,1042.18,3,347.39,561.61,150.13,226.44,104,0.2,130,0,6,0,0
"CUST-1432",53,48600,5,7,"Gold",5.5,729.59,6,121.6,339.99,148.47,141.28,99.84,0.22,16,1,8,0,0
"CUST-1433",18,26757,3,4,"Silver",4.3,119.07,5,23.81,7.5,15.47,54.04,42.06,0.34,43,0,6,0,0
"CUST-1434",29,74011,3,2,"Silver",12.2,761.8,10,76.18,385.33,151.77,169.06,55.65,0.39,5,1,7,0,0
"CUST-1435",51,111526,4,3,"Silver",6.4,1000.74,10,100.07,208.99,497.82,180.04,113.88,0.3,50,2,7,0,0
"CUST-1436",50,52048,4,5,"Gold",9.4,449.05,4,112.26,196.58,80.72,102.71,69.05,0.23,46,0,7,0,0
"CUST-1437",18,63106,2,5,"Gold",2.9,327.41,5,65.48,51.4,46.67,109.78,119.56,0.49,153,4,7,0,0
"CUST-1438",51,107041,1,2,"Silver",2.4,1915.56,14,136.83,394.61,952.26,326.79,241.91,0.14,30,1,7,0,0
"CUST-1439",27,34249,1,7,"Gold",8,170.09,4,42.52,18.57,38.48,63.57,49.47,0.25,33,3,4,0,0
"CUST-1440",49,65169,4,2,"Silver",18.6,228.67,5,45.73,108.38,39.2,59.42,21.66,0.41,19,0,8,0,0
"CUST-1441",56,73320,4,15,"Gold",4.4,639.99,6,106.67,340.13,73.53,137,89.33,0.27,26,3,4,1,0
"CUST-1442",48,59088,2,1,"Bronze",11,161.71,6,26.95,14.3,28.68,55.47,63.27,0.31,104,0,7,0,0
"CUST-1443",48,119071,4,2,"Silver",2.5,2101.89,9,233.54,570.64,988.73,333.14,209.38,0.23,48,1,6,0,0
"CUST-1444",50,50930,3,1,"Bronze",8.3,1534.29,7,219.18,367.58,679.94,345.88,140.89,0.3,73,0,7,1,0
"CUST-1445",24,37994,1,3,"Silver",13.2,62.67,2,31.34,3.75,8.89,25.97,24.05,0.5,110,1,6,0,0
"CUST-1446",19,47817,2,4,"Silver",11.6,131.97,3,43.99,11.29,27.71,48.18,44.79,0.49,158,0,7,0,0
"CUST-1447",42,96884,5,1,"Bronze",12.4,2750.69,10,275.07,645.11,1158.81,643.87,302.9,0.37,73,1,8,0,0
"CUST-1448",57,80528,2,4,"Silver",7,1460.73,10,146.07,323.06,672.2,339.39,126.08,0.06,7,2,6,0,0
"CUST-1449",31,101477,2,5,"Gold",10,959.89,6,159.98,420.16,150.48,257.6,131.65,0.44,9,0,7,0,0
"CUST-1450",34,51042,3,1,"Bronze",7.8,231.16,3,77.05,39.24,33.17,83.66,75.09,0.44,9,1,7,0,0
"CUST-1451",30,64761,3,2,"Silver",18,166.97,7,23.85,18.8,18.81,76.41,52.94,0.32,2,0,10,0,1
"CUST-1452",49,78816,1,5,"Gold",8.4,1554.18,5,310.84,339.32,798.66,195.76,220.44,0.16,13,1,5,0,0
"CUST-1453",40,77167,4,11,"Gold",10.7,1063.21,4,265.8,209.11,515.84,259.82,78.44,0.26,14,0,8,0,0
"CUST-1454",18,55925,2,3,"Silver",45.1,85.12,4,21.28,9.06,12.93,38.86,24.26,0.68,106,1,8,0,0
"CUST-1455",18,64016,2,7,"Gold",9.6,315.86,1,315.86,49.79,69.17,115.15,81.75,0.34,88,3,9,0,0
"CUST-1456",49,46175,4,8,"Gold",19.3,565.33,3,188.44,278.49,91.79,146.78,48.27,0.51,23,2,8,1,0
"CUST-1457",53,72638,2,1,"Bronze",14,410.1,4,102.53,208.37,75.38,97.68,28.67,0.56,34,1,8,0,0
"CUST-1458",52,100402,2,2,"Silver",19,2175.54,6,362.59,596.36,878.81,490.13,210.25,0.25,30,2,7,0,0
"CUST-1459",34,27860,1,3,"Silver",9.5,76.71,1,76.71,9.28,10.98,31.97,24.48,0.24,10,2,8,0,0
"CUST-1460",29,46563,3,12,"Gold",5.3,144.7,3,48.23,9.51,19.43,64.56,51.2,0.24,74,1,7,0,0
"CUST-1461",21,30797,4,4,"Silver",22.4,43.45,5,8.69,3.75,10.11,17.74,11.85,0.47,1,0,8,1,0
"CUST-1462",29,54395,3,5,"Gold",17.2,119.16,1,119.16,15.14,20.29,45.59,38.14,0.36,73,0,7,0,1
"CUST-1463",40,111635,1,6,"Gold",6.3,2417.62,9,268.62,500.57,1286.17,461.4,169.48,0.46,47,3,6,0,0
"CUST-1464",35,53120,2,1,"Bronze",15.2,745.56,11,67.78,218.79,398.27,83.77,44.73,0.35,86,0,6,1,0
"CUST-1465",45,69844,5,4,"Silver",7.8,549.26,4,137.32,284.49,58.01,162.86,43.9,0.16,143,3,6,0,0
"CUST-1466",48,64449,5,1,"Bronze",8.6,379.33,8,47.42,202.42,62.82,93.25,20.84,0.23,28,0,9,0,0
"CUST-1467",46,88704,2,4,"Silver",22.4,442.25,4,110.56,181.22,73.35,118.8,68.88,0.55,95,2,7,0,0
"CUST-1468",39,55648,5,1,"Bronze",16.7,238.01,4,59.5,132.14,33.36,56.85,15.67,0.27,4,4,6,0,0
"CUST-1469",29,31040,4,2,"Silver",14.8,76.57,3,25.52,7.84,9.89,35.49,23.34,0.28,57,1,10,0,0
"CUST-1470",52,76126,3,10,"Gold",8.5,1296.41,7,185.2,204.29,664.25,280.53,147.34,0.22,16,1,8,0,0
"CUST-1471",34,20308,2,3,"Silver",5.1,20,1,20,2.26,2.99,9.33,5.41,0.32,31,2,5,0,0
"CUST-1472",38,74672,3,12,"Gold",4.8,1884.57,11,171.32,516.81,795.06,452.55,120.15,0.38,238,2,6,0,1
"CUST-1473",37,87709,5,3,"Silver",13.6,581.96,4,145.49,241.39,63.56,184.15,92.86,0.39,11,0,8,0,0
"CUST-1474",48,115397,1,3,"Silver",5.7,1424.85,10,142.48,413.45,646.18,234.5,130.72,0.34,13,0,8,0,0
"CUST-1475",18,28388,5,1,"Bronze",34.6,102.55,4,25.64,11.73,18.25,38.97,33.6,0.44,25,0,4,0,0
"CUST-1476",49,56354,4,3,"Silver",10.6,2467.85,15,164.52,813.8,1117.2,341.09,195.75,0.12,54,0,10,0,0
"CUST-1477",46,61455,2,1,"Bronze",7.1,867.7,8,108.46,479.84,139.72,160.37,87.78,0.29,41,0,7,0,0
"CUST-1478",37,67970,2,3,"Silver",4.9,269.8,2,134.9,14.72,46.3,121.49,87.29,0.29,9,1,6,0,0
"CUST-1479",34,30931,3,2,"Silver",3.5,404.92,6,67.49,165.52,88.29,115.12,36,0.31,16,2,7,0,0
"CUST-1480",26,51846,1,2,"Silver",10.2,90.42,5,18.08,5.85,16.41,39.65,28.51,0.4,49,2,3,0,0
"CUST-1481",24,52149,1,7,"Gold",12,264.17,6,44.03,21.18,39.02,104.16,99.81,0.19,104,0,6,0,0
"CUST-1482",37,38074,2,3,"Silver",48.9,96.17,6,16.03,8.82,21.64,34.15,31.56,0.73,30,0,6,1,1
"CUST-1483",46,59302,5,7,"Gold",8.6,420.54,6,70.09,169.94,82.79,119.46,48.35,0.23,128,1,6,0,0
"CUST-1484",18,25918,3,1,"Bronze",2.1,46,2,23,6.42,5.46,23.6,10.52,0.32,63,1,5,1,0
"CUST-1485",46,86373,2,2,"Silver",5.8,1054,13,81.08,273.51,495.32,165.79,119.38,0.38,64,1,10,0,0
"CUST-1486",33,95456,2,3,"Silver",9.3,915.22,14,65.37,194.59,489.43,119.5,111.7,0.45,13,0,7,0,0
"CUST-1487",36,52766,5,3,"Silver",14.4,102.75,2,51.38,14.47,24.53,43.65,20.09,0.3,48,2,4,1,0
"CUST-1488",37,50960,3,2,"Silver",6.4,508.35,5,101.67,272.67,98.24,90.51,46.93,0.17,9,0,6,0,1
"CUST-1489",22,123361,1,2,"Silver",9.2,1648.5,9,183.17,345.74,907.86,212.7,182.2,0.38,16,2,5,0,0
"CUST-1490",45,73544,1,5,"Gold",5.6,793.9,5,158.78,373.27,115.5,166.32,138.81,0.12,127,2,6,0,0
"CUST-1491",24,81733,3,12,"Gold",7,365.86,5,73.17,178.3,51.35,108.73,27.48,0.46,104,1,5,0,0
"CUST-1492",49,96133,2,2,"Silver",4.8,2660.17,6,443.36,552.78,1051.02,732.06,324.31,0.2,149,0,6,1,0
"CUST-1493",49,80346,4,5,"Gold",16,1342.49,14,95.89,259.86,641.09,319.2,122.34,0.22,58,1,8,0,0
"CUST-1494",59,108597,3,4,"Silver",17,1265.02,8,158.13,237.61,630.99,256.47,139.95,0.14,89,0,6,0,0
"CUST-1495",32,20000,4,2,"Silver",10.2,26.12,4,6.53,4.3,4.29,10.53,6.99,0.42,98,1,6,0,1
"CUST-1496",35,39856,2,1,"Bronze",8.7,85.89,9,9.54,5.4,16.69,37.32,26.48,0.28,131,0,7,1,0
"CUST-1497",57,97120,1,2,"Silver",4.1,1331.89,7,190.27,232.01,759.38,214.8,125.7,0.2,37,0,10,0,0
"CUST-1498",25,39392,2,1,"Bronze",3.7,129.67,2,64.83,14.42,33.07,48.22,33.96,0.25,4,1,6,0,0
"CUST-1499",40,81492,3,11,"Gold",21.5,734.07,8,91.76,297.27,140.38,206.6,89.82,0.36,57,1,9,0,0
"CUST-1500",46,66619,3,9,"Gold",8.4,844.29,7,120.61,383.28,146.41,180.82,133.78,0.43,16,0,7,0,1
"CUST-1501",24,38806,1,2,"Silver",13.3,79.86,3,26.62,7.92,13.97,30.13,27.85,0.38,14,1,8,0,0
"CUST-1502",41,44152,1,1,"Bronze",11.1,65.66,3,21.89,7.91,10.84,27.27,19.64,0.36,3,0,6,0,0
"CUST-1503",38,59305,4,1,"Bronze",3.4,848.26,5,169.65,367.02,156.01,215.93,109.3,0.21,18,3,9,0,0
"CUST-1504",18,38076,1,5,"Gold",16.3,63.81,3,21.27,7.09,12.94,19.69,24.09,0.47,6,0,9,0,0
"CUST-1505",25,23501,1,4,"Silver",4.7,154.82,5,30.96,19.19,20.12,55.41,60.1,0.38,203,1,5,0,1
"CUST-1506",49,45279,5,13,"Gold",2,501.08,6,83.51,240.35,102.33,123.13,35.26,0.31,45,1,6,0,0
"CUST-1507",39,40135,5,2,"Silver",22.1,577.13,13,44.39,290.77,75.12,130.95,80.29,0.52,2,2,7,0,0
"CUST-1508",41,114203,4,3,"Silver",4.2,1889.62,7,269.95,416.23,779.74,384.33,309.32,0.16,153,0,9,0,0
"CUST-1509",51,97843,2,5,"Gold",6.6,1285.31,12,107.11,313.61,631,183.87,156.82,0.14,18,1,8,0,0
"CUST-1510",45,88976,2,2,"Silver",7.3,1373.27,7,196.18,302.64,774.16,179.51,116.95,0.3,167,0,10,0,0
"CUST-1511",45,85513,2,1,"Bronze",2.5,1867.24,7,266.75,378.2,964.12,365.42,159.49,0.41,181,0,7,1,0
"CUST-1512",33,22619,3,1,"Bronze",3.2,73.97,1,73.97,6.88,17.75,31.87,17.47,0.12,7,1,7,0,0
"CUST-1513",58,84549,3,2,"Silver",3,372.79,4,93.2,173.06,64.38,108.07,27.27,0.14,59,0,7,0,0
"CUST-1514",18,68653,4,2,"Silver",5.8,59.4,4,14.85,5.56,10.15,22.71,20.98,0.32,11,0,9,1,1
"CUST-1515",43,41618,1,5,"Gold",4.1,179.18,7,25.6,11.12,48.02,66.15,53.9,0.28,33,0,10,1,0
"CUST-1516",24,57722,4,8,"Gold",10.8,124.09,6,20.68,15.03,15.62,43.72,49.73,0.33,44,1,8,0,0
"CUST-1517",31,58919,3,4,"Silver",6.5,160.45,5,32.09,87.14,31.3,26.4,15.61,0.35,70,1,8,0,1
"CUST-1518",24,40415,1,4,"Silver",6.2,240.07,3,80.02,33.02,44.74,102.61,59.69,0.3,69,3,5,0,0
"CUST-1519",45,102832,5,4,"Silver",2.3,1809.41,12,150.78,327.82,825.53,430.72,225.34,0.09,105,2,5,0,0
"CUST-1520",50,110408,4,6,"Gold",3.1,1766.2,12,147.18,526.87,871.57,264.33,103.43,0.14,57,1,6,0,0
"CUST-1521",41,34330,2,13,"Gold",8.6,61.21,2,30.6,7.96,10.27,25.64,17.34,0.31,83,1,8,0,0
"CUST-1522",23,31292,3,1,"Bronze",29.6,51.29,2,25.64,2.9,5.86,24.01,18.52,0.51,52,0,9,0,0
"CUST-1523",45,99037,4,2,"Silver",5.8,2228.9,6,371.48,439.55,940.18,542.55,306.61,0.25,34,0,9,0,0
"CUST-1524",30,24486,5,7,"Gold",6.1,33.73,1,33.73,2.93,4.2,16.83,9.77,0.14,35,1,7,1,0
"CUST-1525",28,56501,2,2,"Silver",8,118,1,118,17.43,15.97,45.19,39.41,0.43,38,2,3,0,0
"CUST-1526",48,118695,2,2,"Silver",4.2,775.2,2,387.6,332.19,153.07,224.83,65.12,0.18,5,0,8,0,0
"CUST-1527",53,90623,3,2,"Silver",2.4,1691.84,8,211.48,302.61,983.25,298.25,107.74,0.13,30,0,10,0,1
"CUST-1528",30,71980,4,3,"Silver",6.6,1176.66,7,168.09,228.46,642.04,231.58,74.58,0.37,36,1,6,0,0
"CUST-1529",46,54193,1,12,"Gold",35.9,716.05,1,716.05,417.69,91.78,152.49,54.09,0.55,16,1,5,0,0
"CUST-1530",42,69651,3,5,"Gold",5.1,568.48,4,142.12,295.92,93.76,145.55,33.25,0.13,66,1,3,1,1
"CUST-1531",26,38021,1,1,"Bronze",12.1,44.02,2,22.01,4.78,9.34,16.68,13.22,0.35,186,2,6,0,1
"CUST-1532",42,52762,4,2,"Silver",6.7,492.39,12,41.03,102.65,241.5,87.99,60.25,0.24,39,0,8,0,0
"CUST-1533",34,34120,1,1,"Bronze",9.2,120.76,1,120.76,10.59,30.35,45.49,34.32,0.22,92,1,7,0,0
"CUST-1534",34,76062,3,1,"Bronze",13,437.4,4,109.35,211.54,57.9,104.97,63,0.25,37,1,6,0,0
"CUST-1535",30,78577,3,1,"Bronze",10.9,1308.99,6,218.16,648.13,265.88,281.22,113.77,0.28,65,0,10,1,0
"CUST-1536",40,87887,4,1,"Bronze",27.9,1751.83,11,159.26,342.12,799.23,404.32,206.15,0.47,157,0,8,0,0
"CUST-1537",39,61576,5,12,"Gold",15.1,403.61,8,50.45,221.68,81.75,63.94,36.24,0.29,53,3,6,0,0
"CUST-1538",37,48111,2,3,"Silver",20.8,70.32,3,23.44,6.11,9.09,26.95,28.17,0.49,105,2,6,1,0
"CUST-1539",61,126435,3,1,"Bronze",5.6,2589.78,5,517.96,683.99,1207.76,492.37,205.66,0.4,9,0,8,0,0
"CUST-1540",57,119485,4,1,"Bronze",15.4,2517.13,11,228.83,755.97,1116.65,261.87,382.64,0.13,29,0,9,0,0
"CUST-1541",28,42140,2,1,"Bronze",4.2,151.73,7,21.68,17.55,29.39,54.56,50.23,0.11,3,1,5,0,0
"CUST-1542",24,65827,2,1,"Bronze",10.7,2322.15,8,290.27,495.28,998.59,626.48,201.8,0.39,16,2,6,0,0
"CUST-1543",33,45853,4,4,"Silver",13.1,61.33,2,30.66,6.29,14.35,27.77,12.92,0.31,90,2,9,0,0
"CUST-1544",28,55002,4,4,"Silver",12.2,503.34,6,83.89,257.21,73.1,90.3,82.72,0.18,7,0,4,0,0
"CUST-1545",32,45440,5,11,"Gold",7.8,488.49,3,162.83,49.83,54.06,234.71,149.89,0.39,137,0,8,0,0
"CUST-1546",47,102356,1,1,"Bronze",5.8,1850.16,13,142.32,471.69,741.91,377.12,259.43,0.29,72,1,6,0,0
"CUST-1547",47,60669,2,1,"Bronze",7.1,805.88,10,80.59,240.42,392.07,125.78,47.61,0.35,37,1,6,0,0
"CUST-1548",38,53416,2,3,"Silver",5.6,105.2,2,52.6,7.87,11.21,49.94,36.18,0.35,9,1,4,1,0
"CUST-1549",38,34311,1,2,"Silver",4.5,120.98,1,120.98,8.01,28.15,46.51,38.31,0.3,19,1,6,0,0
"CUST-1550",36,40368,3,6,"Gold",4.1,63.95,2,31.98,8.61,13.09,19.89,22.37,0.14,26,0,9,0,0
"CUST-1551",48,50197,5,1,"Bronze",20.5,364.49,9,40.5,175.99,65.69,82.4,40.41,0.24,82,1,8,0,0
"CUST-1552",57,86460,1,5,"Gold",9.8,2004.96,5,400.99,515.12,1014.2,224.89,250.75,0.23,115,0,8,1,0
"CUST-1553",37,79284,4,12,"Gold",5.1,128.22,7,18.32,19.31,19.01,61.95,27.95,0.27,92,0,8,0,0
"CUST-1554",24,40556,2,7,"Gold",6.4,130.98,3,43.66,11.89,13.41,60.11,45.56,0.47,5,1,5,1,0
"CUST-1555",38,87964,3,10,"Gold",5.3,1902.01,8,237.75,487.53,983.21,187.7,243.57,0.24,56,0,10,1,0
"CUST-1556",24,43879,3,5,"Gold",4.8,287.24,1,287.24,38.77,40.92,110.98,96.58,0.31,48,1,8,1,0
"CUST-1557",41,86919,3,2,"Silver",12.9,923.97,5,184.79,497.93,129.42,234.42,62.2,0.27,13,0,8,0,0
"CUST-1558",25,48463,1,1,"Bronze",7.4,263,3,87.67,33.64,40.38,86.82,102.16,0.3,52,0,10,0,0
"CUST-1559",46,119149,2,11,"Gold",8.4,2187.34,9,243.04,664.8,1046.58,313.13,162.83,0.17,55,1,9,0,0
"CUST-1560",28,31085,1,1,"Bronze",13.1,68.54,1,68.54,10.94,13.41,24.26,19.93,0.34,75,2,9,0,1
"CUST-1561",36,37932,3,1,"Bronze",4,51.19,5,10.24,6.67,8.4,20.72,15.4,0.12,33,0,9,0,0
"CUST-1562",53,95441,2,1,"Bronze",10.4,1653.71,9,183.75,320.91,925.53,266.6,140.66,0.35,139,0,8,1,0
"CUST-1563",49,55506,2,4,"Silver",10.1,493.38,2,246.69,256.5,97.93,105.34,33.61,0.29,82,2,9,0,0
"CUST-1564",44,106598,2,12,"Gold",8.2,441.36,9,49.04,237.39,75.96,87.4,40.61,0.25,83,1,7,0,0
"CUST-1565",46,151959,5,2,"Silver",24,2147.58,10,214.76,572.03,930.92,407.57,237.06,0.24,49,3,5,0,0
"CUST-1566",32,27628,2,1,"Bronze",5.4,61.03,1,61.03,4.52,9.78,26.34,20.39,0.25,57,0,7,0,0
"CUST-1567",18,32831,4,9,"Gold",2,75.74,1,75.74,6.21,10,34.58,24.94,0.38,51,1,8,0,0
"CUST-1568",46,42270,4,3,"Silver",3.2,414.24,6,69.04,223.31,51.17,110.8,28.96,0.21,5,0,9,1,0
"CUST-1569",22,34497,3,6,"Gold",13.7,59.11,2,29.56,6.86,8.46,24.38,19.4,0.37,120,0,7,1,0
"CUST-1570",46,52290,4,2,"Silver",17,238.64,2,119.32,114.82,28.51,78.87,16.44,0.31,54,1,6,0,0
"CUST-1571",53,84087,3,4,"Silver",9.5,1179.15,5,235.83,568.54,176.86,330.57,103.18,0.29,3,2,9,0,0
"CUST-1572",19,68940,4,1,"Bronze",6.2,150.28,4,37.57,11.83,30.02,61.07,47.37,0.3,10,1,6,0,0
"CUST-1573",36,42455,2,3,"Silver",21.7,102.65,7,14.66,9.82,19.15,46.45,27.23,0.33,51,0,9,0,0
"CUST-1574",60,155265,3,4,"Silver",7.3,1514.46,8,189.31,415.45,719.97,159.15,219.89,0.15,69,1,9,0,0
"CUST-1575",33,42033,1,6,"Gold",10.2,155.19,5,31.04,23.36,35.69,61.96,34.18,0.22,37,1,6,0,0
"CUST-1576",32,31093,2,1,"Bronze",6.3,204.36,2,102.18,15.72,30.49,98.96,59.19,0.28,29,1,6,0,0
"CUST-1577",18,50020,1,4,"Silver",14.7,109.1,2,54.55,11.86,15.88,47.14,34.22,0.54,41,0,8,0,0
"CUST-1578",48,83160,5,3,"Silver",16.5,1375.52,21,65.5,406.06,694.32,188.84,86.31,0.49,136,1,4,1,1
"CUST-1579",36,127112,2,2,"Silver",11.4,2564.87,11,233.17,584.24,1152.24,455.81,372.58,0.3,36,0,8,1,0
"CUST-1580",35,106041,3,8,"Gold",60,2755.75,6,459.29,427.88,1407.21,635.02,285.65,0.65,40,1,8,0,0
"CUST-1581",30,64399,4,4,"Silver",4,446.95,5,89.39,223.15,92.09,102.96,28.75,0.43,6,0,10,1,0
"CUST-1582",49,105294,1,2,"Silver",14.1,888.08,15,59.21,239.74,446.08,98.05,104.21,0.13,2,1,7,0,0
"CUST-1583",52,70733,5,4,"Silver",11.4,412.07,7,58.87,194.07,58.85,135.45,23.7,0.23,89,0,6,0,0
"CUST-1584",33,61949,1,3,"Silver",14.4,163.33,5,32.67,17.87,29.62,64.47,51.37,0.36,152,0,6,0,0
"CUST-1585",35,96257,4,7,"Gold",5.5,446.47,5,89.29,233.84,62.63,104.19,45.82,0.42,49,0,6,0,0
"CUST-1586",18,47563,1,6,"Gold",8.8,218.52,1,218.52,26.92,31.35,89.35,70.89,0.49,19,2,5,1,1
"CUST-1587",20,50332,3,4,"Silver",16.2,112.61,1,112.61,11.39,23.44,36.24,41.54,0.45,37,0,5,0,0
"CUST-1588",54,52918,3,2,"Silver",3.6,466.87,5,93.37,216.89,81.19,100.09,68.7,0.35,33,0,6,0,0
"CUST-1589",29,29964,2,2,"Silver",23.6,137.45,1,137.45,12.65,31.75,63.89,29.16,0.37,84,0,6,0,1
"CUST-1590",30,53154,1,1,"Bronze",7.5,233.6,5,46.72,23.7,55.74,86.82,67.34,0.37,8,1,7,1,0
"CUST-1591",34,94091,2,8,"Gold",6.5,940.43,6,156.74,189.29,533.64,126.33,91.16,0.31,8,1,9,0,0
"CUST-1592",54,67871,5,5,"Gold",2.6,1430.35,13,110.03,414.24,557.12,261.75,197.23,0.26,64,1,7,0,0
"CUST-1593",57,57718,1,2,"Silver",3,1103.83,13,84.91,270.75,538.69,169,125.38,0.09,43,1,8,0,0
"CUST-1594",44,77187,1,3,"Silver",7.1,1848.29,7,264.04,514.28,809.7,302.22,222.09,0.23,76,0,10,0,0
"CUST-1595",62,59441,2,2,"Silver",4,762.29,8,95.29,221.7,325.56,140.69,74.35,0.27,258,0,5,0,0
"CUST-1596",35,84681,2,10,"Gold",41.5,264.38,1,264.38,23.09,41.87,104.02,95.39,0.73,98,1,4,0,0
"CUST-1597",36,20000,1,1,"Bronze",20,134.06,1,134.06,18.83,17.08,45.08,53.07,0.35,110,0,5,0,0
"CUST-1598",40,49271,4,1,"Bronze",12.8,166.29,3,55.43,73.42,35.25,39.29,18.33,0.23,2,2,6,0,0
"CUST-1599",36,52430,1,3,"Silver",58,98.53,5,19.71,9.2,20.45,40.96,27.93,0.7,40,1,6,0,0
"CUST-1600",31,84373,4,3,"Silver",30.1,770.13,6,128.35,302.8,144.63,234.26,88.44,0.53,50,0,8,0,1
"CUST-1601",40,22967,3,1,"Bronze",7.9,32.81,4,8.2,2.01,4.34,12.98,13.48,0.13,4,2,5,0,1
"CUST-1602",23,73088,3,2,"Silver",33.8,1097.49,5,219.5,583.05,142.19,309.07,63.18,0.67,6,0,7,0,0
"CUST-1603",21,34093,2,2,"Silver",50,114.33,5,22.87,12.03,15.4,48.9,38,0.58,22,2,7,0,1
"CUST-1604",26,45507,4,7,"Gold",1.4,814.61,7,116.37,407.78,122.79,221.99,62.05,0.28,39,0,6,1,0
"CUST-1605",33,25331,1,1,"Bronze",5,86.9,5,17.38,13.72,10.92,28.07,34.2,0.24,75,0,6,0,1
"CUST-1606",44,57953,2,6,"Gold",26.6,288.94,3,96.31,124.18,50.89,74.51,39.37,0.44,115,1,7,0,0
"CUST-1607",35,59327,2,15,"Gold",3.4,112.32,3,37.44,13.44,22.88,48.09,27.91,0.45,54,0,7,1,0
"CUST-1608",35,59156,5,6,"Gold",30.6,482.01,4,120.5,236.5,81.32,107.83,56.37,0.26,185,0,6,0,0
"CUST-1609",35,52392,2,4,"Silver",6.4,623.05,8,77.88,234.98,120.2,185.54,82.32,0.19,3,0,7,0,0
"CUST-1610",33,63461,2,3,"Silver",4.4,307.6,3,102.53,29.08,69.36,115.09,94.07,0.16,18,1,7,0,0
"CUST-1611",28,59519,4,7,"Gold",19.7,732.59,10,73.26,404.4,81.46,172.09,74.64,0.54,94,0,7,0,0
"CUST-1612",52,57879,2,2,"Silver",6.5,2543.82,8,317.98,480.45,1405.97,472.91,184.5,0.45,8,0,6,0,0
"CUST-1613",40,48471,1,4,"Silver",10.6,97.44,4,24.36,11.23,12.25,41.41,32.56,0.38,13,2,5,0,0
"CUST-1614",26,23719,2,2,"Silver",52.7,72.21,4,18.05,8.62,14.07,23.51,26.01,0.7,42,1,7,0,0
"CUST-1615",47,42261,3,3,"Silver",4.8,389.94,6,64.99,189.81,90.93,77.21,31.99,0.09,63,0,8,0,0
"CUST-1616",30,83446,5,4,"Silver",3.3,623.9,5,124.78,275.18,109.73,166.83,72.15,0.31,13,1,10,0,0
"CUST-1617",41,73178,4,3,"Silver",11.3,894.04,5,178.81,350.87,178.82,261.7,102.65,0.27,31,2,5,0,0
"CUST-1618",51,65977,5,7,"Gold",14.1,1591.18,14,113.66,434.49,598.81,358.92,198.97,0.41,56,0,6,0,0
"CUST-1619",35,90871,3,10,"Gold",4,523.52,5,104.7,249.19,106.44,109.2,58.69,0.18,85,5,3,0,1
"CUST-1620",59,76154,4,3,"Silver",14.4,778.45,9,86.49,443.62,86.01,175.4,73.42,0.15,92,1,8,0,0
"CUST-1621",43,45944,5,2,"Silver",4.3,462.04,11,42,231.29,93.21,113.26,24.28,0.17,8,1,5,0,0
"CUST-1622",61,63699,5,2,"Silver",12.7,524.09,10,52.41,266.69,66.79,126.93,63.68,0.17,33,0,8,0,0
"CUST-1623",41,134664,2,2,"Silver",5.6,2380.65,6,396.78,497.32,1345.63,303.19,234.52,0.48,9,0,9,0,0
"CUST-1624",30,65284,2,1,"Bronze",10.8,73.63,8,9.2,8.72,14.99,32.9,17.02,0.27,171,1,5,0,1
"CUST-1625",39,99353,4,1,"Bronze",7.4,563.42,6,93.9,257.89,88.12,133.15,84.27,0.25,81,1,8,1,1
"CUST-1626",43,32003,3,1,"Bronze",2.1,237.71,5,47.54,17.7,54.88,97.46,67.67,0.2,31,1,8,0,0
"CUST-1627",38,93914,2,3,"Silver",8,506.26,5,101.25,223.17,87.51,152.44,43.14,0.35,62,1,8,0,0
"CUST-1628",43,37253,4,2,"Silver",25.3,620.53,10,62.05,262.89,89.03,188.26,80.35,0.44,104,1,7,0,0
"CUST-1629",47,60996,2,7,"Gold",9,1018.81,11,92.62,287.26,469.07,167.26,95.22,0.18,169,1,8,1,0
"CUST-1630",28,67030,4,1,"Bronze",15.4,1415.71,11,128.7,310.14,616.78,295.82,192.97,0.47,23,1,6,0,1
"CUST-1631",40,60266,5,13,"Gold",10.6,964.84,2,482.42,478.44,163.22,268.31,54.87,0.27,71,1,8,1,0
"CUST-1632",18,54366,4,4,"Silver",9.6,682.94,4,170.74,304.13,167.12,159.16,52.54,0.4,42,0,5,1,0
"CUST-1633",33,39694,2,2,"Silver",4.5,97.79,1,97.79,6.65,24.88,37.92,28.35,0.17,24,4,5,1,0
"CUST-1634",30,58300,1,1,"Bronze",5.3,90.14,1,90.14,11.64,21.1,28.03,29.38,0.26,60,0,9,0,0
"CUST-1635",18,26083,1,1,"Bronze",20.5,63.51,2,31.75,5.62,12.53,28.36,17,0.71,84,0,10,0,0
"CUST-1636",51,97087,3,1,"Bronze",11.8,536.55,9,59.62,260.71,101.52,136.15,38.17,0.37,38,1,9,1,0
"CUST-1637",22,50466,1,4,"Silver",23.1,70.73,5,14.15,5.78,17.97,26.49,20.49,0.44,4,0,7,1,0
"CUST-1638",23,38613,2,9,"Gold",12.4,64.81,4,16.2,8.2,13.55,23.24,19.82,0.39,23,1,9,1,0
"CUST-1639",47,110865,1,5,"Gold",15.5,1466.22,8,183.28,311.93,746.82,290.46,117,0.23,143,0,9,0,0
"CUST-1640",28,36064,2,7,"Gold",7,240.01,3,80,29.35,45.65,83.91,81.11,0.4,39,0,6,0,0
"CUST-1641",35,95088,3,1,"Bronze",8.1,2078.4,7,296.91,561.44,1038.2,316.59,162.17,0.17,17,0,6,0,0
"CUST-1642",51,97916,1,2,"Silver",9.1,1448.62,7,206.95,380.53,748.72,170.56,148.81,0.41,137,0,8,0,0
"CUST-1643",43,77855,4,4,"Silver",7.1,1340.76,12,111.73,374.78,563.49,312.76,89.73,0.21,107,0,9,0,0
"CUST-1644",39,74234,5,7,"Gold",4.1,634.89,3,211.63,309.78,92.28,169.15,63.69,0.42,4,0,5,0,0
"CUST-1645",42,57066,1,1,"Bronze",6.5,96.42,2,48.21,5.24,15.68,51.31,24.19,0.21,19,0,9,0,0
"CUST-1646",18,45856,1,1,"Bronze",12.3,183.57,1,183.57,16.05,28.25,86.21,53.06,0.49,95,1,6,0,0
"CUST-1647",27,105714,4,6,"Gold",14.9,1298.58,7,185.51,376.58,598.86,219.18,103.96,0.4,52,1,7,0,0
"CUST-1648",61,95401,4,3,"Silver",11.5,1435.74,9,159.53,262.02,682.37,302.32,189.03,0.24,3,0,5,1,0
"CUST-1649",47,87797,3,1,"Bronze",4,443.65,7,63.38,206.22,48.41,137.68,51.34,0.3,24,0,8,0,0
"CUST-1650",49,71536,2,6,"Gold",34.1,1380.05,9,153.34,330.64,694.83,222.81,131.78,0.42,39,0,9,0,0
"CUST-1651",34,49731,2,8,"Gold",20.2,85.92,2,42.96,11.51,16.95,30.02,27.44,0.22,10,0,7,0,0
"CUST-1652",33,63570,3,1,"Bronze",8.7,535.13,5,107.03,241.97,80.28,163.05,49.83,0.28,112,0,8,1,0
"CUST-1653",18,50964,3,2,"Silver",8.8,401.23,2,200.62,30.82,78.2,151.49,140.72,0.51,18,0,6,0,0
"CUST-1654",40,156141,4,2,"Silver",5.5,962.89,6,160.48,492,148.82,206.64,115.42,0.31,6,2,6,0,0
"CUST-1655",26,54280,1,9,"Gold",9.7,132.32,1,132.32,16.61,17.33,59.84,38.55,0.39,113,0,9,0,0
"CUST-1656",35,99934,4,8,"Gold",11.9,783.82,3,261.27,377.24,159.3,201.02,46.26,0.44,143,0,9,1,0
"CUST-1657",27,37668,5,2,"Silver",19.8,461.04,7,65.86,230.11,79.12,88.31,63.5,0.55,7,3,4,0,0
"CUST-1658",29,50893,1,3,"Silver",4.9,23.46,5,4.69,2.36,5.55,8.95,6.6,0.25,10,1,5,1,0
"CUST-1659",44,45269,3,12,"Gold",3.6,360.76,3,120.25,189.4,44.88,66.98,59.49,0.19,18,1,5,0,0
"CUST-1660",40,71682,3,5,"Gold",11,1749.37,13,134.57,513.31,928.09,216.58,91.39,0.24,44,1,6,1,0
"CUST-1661",48,71452,3,2,"Silver",14.7,1306.64,11,118.79,331.18,575.08,275.5,124.88,0.22,27,1,5,0,0
"CUST-1662",24,99905,1,2,"Silver",2.2,1440.17,9,160.02,397.88,529.6,348.24,164.45,0.27,46,0,10,0,0
"CUST-1663",35,77597,5,1,"Bronze",4.4,1086.31,5,217.26,599.57,151.47,225.31,109.95,0.25,44,1,7,0,0
"CUST-1664",38,79468,3,5,"Gold",7.6,603.75,6,100.62,320.32,123.28,120.36,39.79,0.21,164,0,9,0,0
"CUST-1665",54,72421,5,3,"Silver",14.6,1354.59,17,79.68,381.85,578.22,184.18,210.34,0.32,94,0,9,0,0
"CUST-1666",26,35072,5,3,"Silver",14.4,73.09,7,10.44,7.41,9.02,35.11,21.55,0.37,2,1,5,0,0
"CUST-1667",34,75067,2,2,"Silver",6.4,1218.89,10,121.89,242.72,580.27,205.56,190.35,0.39,30,1,5,0,0
"CUST-1668",39,77601,3,4,"Silver",8.4,671.12,12,55.93,266.49,136.46,162.77,105.4,0.48,110,1,5,0,0
"CUST-1669",41,79365,1,5,"Gold",19,1720.22,6,286.7,318.54,857.5,449.38,94.8,0.35,50,1,5,0,0
"CUST-1670",27,52137,1,2,"Silver",12.9,117.7,5,23.54,10.59,18.51,53.08,35.53,0.6,63,0,6,0,0
"CUST-1671",50,42828,5,2,"Silver",2.1,340.1,6,56.68,137.31,62.94,99.4,40.44,0.36,41,0,8,0,0
"CUST-1672",23,48617,1,2,"Silver",7.7,188.67,1,188.67,18.34,38.26,74.35,57.72,0.35,8,0,8,0,0
"CUST-1673",59,57705,1,1,"Bronze",6.1,1518.31,6,253.05,413.33,650.1,294.64,160.23,0.11,51,0,6,0,0
"CUST-1674",63,83303,1,1,"Bronze",1.4,1618.37,13,124.49,270.4,789.55,352.98,205.44,0.19,71,0,8,0,0
"CUST-1675",44,42844,4,2,"Silver",2.4,608.88,6,101.48,360.18,93.76,113.84,41.1,0.34,14,0,8,1,0
"CUST-1676",35,38267,4,2,"Silver",9.5,78.68,3,26.23,8.78,16.1,30.89,22.91,0.23,103,4,3,0,0
"CUST-1677",25,30108,3,1,"Bronze",19.8,52.9,3,17.63,4.11,11.19,23.91,13.7,0.48,107,0,8,1,0
"CUST-1678",21,41875,1,1,"Bronze",1.7,258.05,6,43.01,23.94,58.41,113.05,62.64,0.23,53,2,6,0,0
"CUST-1679",40,50480,4,5,"Gold",9.5,334.61,4,83.65,145.4,73.48,83.31,32.42,0.23,40,1,7,0,0
"CUST-1680",38,42288,2,5,"Gold",3.6,116.57,2,58.28,10.4,20.52,44.35,41.3,0.21,3,1,8,0,0
"CUST-1681",40,96515,5,4,"Silver",10,2494.76,9,277.2,709.67,1005.23,527.17,252.7,0.53,48,1,8,0,0
"CUST-1682",43,65456,4,3,"Silver",23.7,680.09,2,340.04,287.39,95.16,228.85,68.69,0.45,59,1,5,0,0
"CUST-1683",65,59869,1,12,"Gold",3.6,794.66,6,132.44,199.81,307.64,181.13,106.08,0.15,37,0,5,1,0
"CUST-1684",23,40734,2,4,"Silver",2.7,111.14,1,111.14,13.65,22.7,41.27,33.53,0.46,34,3,4,0,0
"CUST-1685",47,82027,4,8,"Gold",17.4,698.1,4,174.52,367.06,148.09,127.65,55.3,0.23,58,1,5,0,0
"CUST-1686",35,52512,2,10,"Gold",3.7,187.16,2,93.58,14.61,31.08,81.58,59.9,0.27,2,2,10,0,0
"CUST-1687",51,36478,3,2,"Silver",20.2,98.92,4,24.73,8.99,16.85,51.41,21.67,0.27,110,0,6,0,0
"CUST-1688",38,22366,2,1,"Bronze",8.4,57.14,8,7.14,3.38,12.77,25.6,15.39,0.51,45,0,7,1,0
"CUST-1689",33,45820,1,3,"Silver",8.8,50.36,6,8.39,3.59,9.02,22.39,15.36,0.36,37,1,7,0,0
"CUST-1690",47,97254,2,1,"Bronze",3.7,1582.25,8,197.78,449.8,692.8,328.35,111.31,0.17,175,0,4,0,0
"CUST-1691",46,65707,2,3,"Silver",5.6,698.38,3,232.79,387.43,109.04,142.34,59.57,0.2,119,0,4,0,0
"CUST-1692",54,66124,2,6,"Gold",7.6,1705.32,11,155.03,316.5,977.65,219.67,191.5,0.3,92,0,6,1,0
"CUST-1693",49,73064,3,2,"Silver",2.2,2049.57,6,341.6,436.17,981.76,470.83,160.81,0.31,27,1,5,0,0
"CUST-1694",53,42831,1,1,"Bronze",56.1,944.17,13,72.63,223.94,495.71,147.22,77.3,0.4,29,1,10,0,0
"CUST-1695",36,20000,1,2,"Silver",5.3,25.62,3,8.54,3.28,3.88,8.5,9.96,0.22,3,0,8,0,0
"CUST-1696",33,45893,1,1,"Bronze",18.4,67.91,4,16.98,6.1,13.36,27.74,20.72,0.41,72,1,6,0,0
"CUST-1697",33,59093,1,11,"Gold",4.2,219.7,8,27.46,34.92,24.11,72.74,87.92,0.34,12,1,9,0,0
"CUST-1698",34,103180,4,3,"Silver",5.7,654.23,4,163.56,360.33,84.37,110.86,98.66,0.31,9,0,6,0,0
"CUST-1699",39,61480,4,7,"Gold",9.3,107.42,5,21.48,14.7,14.9,40.33,37.49,0.16,120,0,8,0,0
"CUST-1700",48,104629,4,8,"Gold",2,628.18,8,78.52,242.78,121.61,184.02,79.77,0.11,26,1,7,0,0
"CUST-1701",56,105518,3,10,"Gold",8,1631.81,9,181.31,433.56,777.94,233.78,186.53,0.16,45,0,9,0,0
"CUST-1702",48,69382,3,5,"Gold",5.3,1607.1,9,178.57,246.08,796.84,384.47,179.71,0.25,45,0,7,0,0
"CUST-1703",37,81909,4,4,"Silver",10.2,1019.81,3,339.94,426.56,166.39,309.71,117.15,0.26,34,1,7,0,0
"CUST-1704",37,81514,1,1,"Bronze",11.7,1873.9,11,170.35,470.05,804.68,340,259.16,0.14,126,1,7,1,0
"CUST-1705",39,41116,3,1,"Bronze",7.3,289.54,6,48.26,154.64,50.45,53.47,30.98,0.45,28,1,5,1,0
"CUST-1706",46,106401,1,2,"Silver",6.7,1659.05,12,138.25,402.9,852.17,282.18,121.8,0.21,53,0,9,0,0
"CUST-1707",52,56471,2,2,"Silver",4.7,104.97,1,104.97,11.39,18.36,45.41,29.8,0.16,64,1,6,0,0
"CUST-1708",47,144563,2,9,"Gold",5.8,2390.1,9,265.57,615.17,1015.48,494.65,264.8,0.42,36,1,7,1,0
"CUST-1709",51,137381,1,1,"Bronze",9.2,2818.94,14,201.35,670.49,1263.98,632.34,252.13,0.33,72,1,7,0,0
"CUST-1710",57,140720,4,3,"Silver",2.4,2341.96,8,292.74,666.61,1010.56,469,195.78,0.11,61,1,4,0,0
"CUST-1711",33,46698,5,1,"Bronze",4,89.71,5,17.94,7.08,19.87,43.21,19.55,0.3,44,0,8,0,0
"CUST-1712",41,81124,3,1,"Bronze",3.2,1108.29,13,85.25,289.71,441.96,255.97,120.66,0.18,77,0,6,0,0
"CUST-1713",45,102173,5,3,"Silver",2.1,1440.24,7,205.75,376.41,693.86,249.48,120.49,0.28,81,2,8,0,0
"CUST-1714",44,71371,2,5,"Gold",11.2,922.29,13,70.95,196.96,393.4,220.99,110.94,0.21,10,0,9,0,0
"CUST-1715",30,65155,3,4,"Silver",4.6,681.35,2,340.68,349.67,102.23,156.49,72.96,0.15,5,2,4,0,0
"CUST-1716",23,38976,3,2,"Silver",7.3,46.45,2,23.23,7.03,6.19,17.92,15.31,0.29,18,2,5,0,0
"CUST-1717",55,98475,4,6,"Gold",5.2,442.7,4,110.67,225.68,71.97,91.03,54.03,0.15,14,1,6,0,0
"CUST-1718",46,60340,1,9,"Gold",12.9,873.27,7,124.75,233.88,393.4,130.67,115.32,0.27,55,0,6,0,0
"CUST-1719",61,113103,2,2,"Silver",12,2093.07,17,123.12,664.92,923.91,367.17,137.07,0.19,66,0,7,1,0
"CUST-1720",38,58454,3,2,"Silver",11.1,324.71,9,36.08,159.08,51.36,79.88,34.39,0.38,13,1,7,1,0
"CUST-1721",40,62542,5,2,"Silver",12.1,642.03,3,214.01,290.56,92.59,187.58,71.3,0.35,3,0,6,0,0
"CUST-1722",29,122042,5,1,"Bronze",11.7,1819.51,16,113.72,284.76,967.24,340.6,226.91,0.19,4,1,6,0,0
"CUST-1723",40,62268,5,4,"Silver",16.3,348.41,7,49.77,154.45,61.36,98,34.59,0.3,74,0,8,0,0
"CUST-1724",45,62324,4,2,"Silver",20,458.43,7,65.49,247.79,72.57,107.81,30.26,0.43,117,0,6,0,0
"CUST-1725",47,170249,1,2,"Silver",4.8,1911.17,17,112.42,402.5,929.81,320.86,257.99,0.29,94,1,8,0,0
"CUST-1726",31,144194,3,8,"Gold",4.6,3135.31,12,261.28,920.29,1434.53,582.56,197.92,0.16,48,1,6,0,0
"CUST-1727",41,40685,2,1,"Bronze",3.5,161.94,2,80.97,19.99,18.4,77.54,46.01,0.11,67,0,8,0,0
"CUST-1728",26,30698,1,2,"Silver",17,60.9,1,60.9,4.96,10.89,29.5,15.55,0.49,14,1,6,0,0
"CUST-1729",22,20000,3,5,"Gold",17.4,55.46,1,55.46,6.89,12.67,19.07,16.83,0.51,156,1,6,0,0
"CUST-1730",51,113915,4,1,"Bronze",2.4,1631.03,12,135.92,499.71,710.51,197.98,222.83,0.19,92,1,6,1,0
"CUST-1731",42,57819,2,1,"Bronze",12.4,1332.31,12,111.03,334.77,559.78,293.96,143.8,0.31,4,0,8,0,0
"CUST-1732",21,84851,5,2,"Silver",15.3,154.86,6,25.81,14.71,27.51,78.14,34.5,0.34,2,1,5,0,0
"CUST-1733",36,62973,5,6,"Gold",7.2,712.35,4,178.09,345.72,131.43,195.84,39.36,0.25,58,0,6,0,0
"CUST-1734",35,66421,2,1,"Bronze",12.9,1521.13,12,126.76,492.87,715.39,209.41,103.46,0.18,35,1,9,0,0
"CUST-1735",33,39154,1,1,"Bronze",8.5,138.59,4,34.65,8.45,25.1,57.21,47.82,0.3,18,0,6,0,0
"CUST-1736",46,58002,2,4,"Silver",7.3,2179.21,10,217.92,469.87,1107.78,303.52,298.04,0.28,107,0,9,0,0
"CUST-1737",35,36729,3,2,"Silver",57.5,458.04,6,76.34,258.79,66.34,94.26,38.66,0.76,60,1,6,0,0
"CUST-1738",65,84428,2,2,"Silver",3.4,1607.2,10,160.72,338.49,911.16,226,131.55,0.12,177,0,6,0,0
"CUST-1739",35,75468,4,5,"Gold",12.8,503.33,4,125.83,219.74,91.88,163.8,27.92,0.17,58,1,10,0,0
"CUST-1740",51,94789,2,4,"Silver",9.6,1179.53,13,90.73,205.94,525.29,287.9,160.4,0.28,100,0,8,1,0
"CUST-1741",39,84754,2,8,"Gold",2.8,1363.3,6,227.22,220.4,648.49,309.59,184.82,0.25,99,1,5,0,0
"CUST-1742",26,31625,2,5,"Gold",12.4,56.91,4,14.23,4.85,8.43,24.37,19.26,0.31,50,1,6,0,0
"CUST-1743",30,49960,3,15,"Gold",23.2,61.34,3,20.45,7.19,11.74,22.36,20.05,0.49,228,1,6,0,0
"CUST-1744",43,96939,1,3,"Silver",8.2,1259.15,8,157.39,353.46,495.41,245.03,165.25,0.27,8,1,9,0,0
"CUST-1745",22,37075,5,3,"Silver",14.9,445.8,7,63.69,197.16,68.64,121.34,58.66,0.35,45,1,5,0,0
"CUST-1746",31,85860,3,15,"Gold",10.7,444.38,6,74.06,203.99,84.09,112.29,44.01,0.21,17,2,6,0,0
"CUST-1747",36,73225,4,6,"Gold",9.6,1016.48,4,254.12,557.29,140.11,171.04,148.05,0.4,30,0,8,0,0
"CUST-1748",32,74243,4,8,"Gold",40.2,1143.24,9,127.03,364.7,545.55,155.57,77.42,0.61,13,0,8,0,0
"CUST-1749",27,44934,2,4,"Silver",13,146.2,4,36.55,15.61,29.9,46.85,53.83,0.63,145,2,7,0,0
"CUST-1750",36,33120,3,1,"Bronze",4.7,168.56,4,42.14,10.38,37.93,64.3,55.96,0.28,46,0,9,0,1
"CUST-1751",55,43250,4,3,"Silver",12.2,590.6,5,118.12,290.32,93.6,154.49,52.19,0.41,166,4,7,1,1
"CUST-1752",26,42440,1,5,"Gold",6.1,56.09,3,18.7,7.92,10.26,20.75,17.16,0.4,351,2,5,1,0
"CUST-1753",31,32603,3,8,"Gold",5.5,87.47,4,21.87,9.1,17.9,31.38,29.09,0.6,129,1,6,0,0
"CUST-1754",45,72653,5,1,"Bronze",4.9,417.48,6,69.58,183.97,84.96,112.75,35.8,0.29,33,0,8,0,0
"CUST-1755",48,78519,4,4,"Silver",42.3,1027.16,13,79.01,273.64,489.45,122.28,141.79,0.51,85,2,8,0,0
"CUST-1756",30,56299,1,2,"Silver",3,143.37,1,143.37,12.16,26.81,58.17,46.23,0.26,3,1,5,0,0
"CUST-1757",53,43271,4,3,"Silver",9.1,482.55,6,80.42,267.43,94.4,91.91,28.82,0.12,54,1,7,0,0
"CUST-1758",25,47011,3,2,"Silver",9.2,175.1,7,25.01,12.23,29.74,65.24,67.9,0.42,127,0,6,1,0
"CUST-1759",50,43743,5,1,"Bronze",2.9,537.94,6,89.66,240.35,116.57,94.07,86.95,0.36,5,1,7,0,0
"CUST-1760",55,86395,1,3,"Silver",3.1,1456.65,14,104.05,432.33,596.14,190.01,238.17,0.19,34,1,10,0,0
"CUST-1761",56,81357,1,1,"Bronze",3,1049.57,9,116.62,217.66,498.73,229.01,104.16,0.12,30,2,6,0,0
"CUST-1762",25,61428,3,1,"Bronze",1.5,95.28,2,47.64,14.84,12.29,34.21,33.94,0.54,170,1,8,1,1
"CUST-1763",37,59807,4,3,"Silver",19.4,1383.32,10,138.33,329.75,612.53,329.29,111.75,0.33,6,0,6,0,0
"CUST-1764",39,76227,5,3,"Silver",3,601.78,3,200.59,305.6,113.5,126.52,56.16,0.2,11,0,7,0,0
"CUST-1765",37,55258,2,2,"Silver",6.4,249.88,5,49.98,17.64,38.54,105.28,88.43,0.35,47,0,7,0,0
"CUST-1766",22,42352,1,2,"Silver",18.1,106.39,2,53.2,15.1,22.06,40.76,28.47,0.49,16,2,4,0,0
"CUST-1767",27,88682,1,3,"Silver",5.7,147.92,2,73.96,12.93,19.88,61.89,53.22,0.21,74,4,5,0,0
"CUST-1768",42,117719,4,6,"Gold",12.7,517.41,6,86.24,214.25,111.42,108.21,83.54,0.38,14,1,5,0,0
"CUST-1769",33,58087,1,2,"Silver",3.7,120.37,3,40.12,9.34,29.37,49.41,32.26,0.28,28,0,5,0,0
"CUST-1770",53,91965,3,8,"Gold",16.6,1053.75,9,117.08,333.76,467.92,157.03,95.04,0.29,16,3,6,0,0
"CUST-1771",34,105144,4,1,"Bronze",5.4,673.32,13,51.79,299.5,133.61,146.25,93.97,0.29,1,0,8,0,0
"CUST-1772",30,42587,2,2,"Silver",33.4,96.53,3,32.18,9.86,11.78,39.36,35.53,0.44,133,0,9,0,0
"CUST-1773",34,31229,2,5,"Gold",21.2,112.56,1,112.56,7.99,24.53,39.91,40.14,0.32,6,1,8,0,0
"CUST-1774",30,33118,2,3,"Silver",6.3,147.1,4,36.77,21.03,16.94,60.04,49.09,0.23,32,2,6,0,0
"CUST-1775",49,68707,5,4,"Silver",9.3,680.32,4,170.08,325.46,134.05,131.28,89.53,0.11,45,0,7,0,1
"CUST-1776",40,48787,3,3,"Silver",2.7,350.67,5,70.13,184.15,69.88,66.22,30.42,0.2,10,1,8,0,0
"CUST-1777",34,36332,5,2,"Silver",24.2,289.75,5,57.95,132.35,49.86,81.77,25.77,0.48,152,2,6,0,0
"CUST-1778",41,80611,2,1,"Bronze",24.1,1630.97,10,163.1,329.61,663.14,430.04,208.17,0.46,115,1,7,0,0
"CUST-1779",65,72644,3,3,"Silver",8.9,678.79,2,339.4,336.52,109.3,129.2,103.77,0.05,102,0,8,0,0
"CUST-1780",28,85084,5,6,"Gold",11.2,251.18,11,22.83,133.22,42.44,58.08,17.44,0.2,124,3,5,1,0
"CUST-1781",33,31179,2,3,"Silver",16.1,130.28,1,130.28,15.75,27.69,42.89,43.95,0.57,50,0,7,0,0
"CUST-1782",39,67877,1,1,"Bronze",3.7,60.95,2,30.48,7.18,12.48,21.04,20.25,0.27,141,0,7,0,0
"CUST-1783",32,24850,3,1,"Bronze",11.4,45.58,3,15.19,3.97,8.46,17.77,15.38,0.2,172,3,5,0,0
"CUST-1784",46,34713,3,9,"Gold",25.5,106.19,1,106.19,11.18,29.61,38.36,27.04,0.44,76,0,7,0,0
"CUST-1785",53,77677,2,5,"Gold",1.6,1405.34,6,234.22,288.22,723.4,306.36,87.35,0.16,10,1,4,0,0
"CUST-1786",47,121584,3,5,"Gold",4,1672.21,11,152.02,451.46,749.13,210.06,261.55,0.32,7,1,6,0,0
"CUST-1787",38,65336,5,6,"Gold",30.3,534.69,8,66.84,238.35,72.5,176.4,47.45,0.45,88,1,5,0,0
"CUST-1788",53,80283,5,1,"Bronze",8.2,1440.75,13,110.83,346.09,764.01,191.11,139.54,0.38,123,1,6,0,0
"CUST-1789",31,26505,3,2,"Silver",2.6,61.06,3,20.35,7.47,9.45,27.23,16.91,0.33,63,0,4,0,0
"CUST-1790",42,92293,4,3,"Silver",3.4,408.76,8,51.09,185.38,79.49,111.1,32.79,0.41,43,0,9,0,0
"CUST-1791",44,58017,3,3,"Silver",11.7,872.4,7,124.63,457.05,106.89,252.27,56.19,0.43,251,1,5,0,0
"CUST-1792",43,84585,4,9,"Gold",5.7,430.37,6,71.73,179.04,64.25,119.59,67.49,0.28,169,0,9,1,0
"CUST-1793",25,79723,5,3,"Silver",3.3,102.98,4,25.75,9.11,17.87,36.98,39.02,0.29,18,0,6,0,0
"CUST-1794",35,33082,1,2,"Silver",5.9,72.9,2,36.45,6.2,11.83,29.53,25.34,0.28,30,0,7,0,0
"CUST-1795",42,53869,3,2,"Silver",16.2,369.71,5,73.94,191.42,54.87,82.8,40.62,0.19,67,0,5,0,0
"CUST-1796",34,35167,2,8,"Gold",5.5,45.43,3,15.14,5.29,5.37,18.28,16.49,0.25,244,0,9,0,0
"CUST-1797",50,70861,4,1,"Bronze",24.8,497.56,10,49.76,256.97,89.63,97.32,53.64,0.22,49,1,5,0,0
"CUST-1798",57,109093,4,1,"Bronze",12.3,1557.9,10,155.79,293.37,725.54,339.61,199.38,0.17,117,3,8,0,0
"CUST-1799",34,67101,5,5,"Gold",6.7,959.1,5,191.82,384.5,182.35,252.47,139.78,0.4,38,2,7,0,0
"CUST-1800",65,54305,2,8,"Gold",35.3,1011.92,3,337.31,435.91,215.14,293.43,67.44,0.25,28,1,4,0,0
"CUST-1801",55,195961,5,4,"Silver",2.2,2373.56,14,169.54,548.6,1372.33,261.31,191.32,0.25,26,0,10,0,0
"CUST-1802",18,35417,5,4,"Silver",5.3,112.63,1,112.63,13.05,19.11,47.74,32.73,0.24,4,1,8,0,0
"CUST-1803",26,50315,2,1,"Bronze",2.7,167.73,3,55.91,23.38,25.05,73.11,46.19,0.34,111,1,7,0,0
"CUST-1804",31,68590,2,5,"Gold",12.8,138.26,1,138.26,18.33,23.16,48.57,48.21,0.14,47,2,5,0,0
"CUST-1805",28,64641,4,4,"Silver",8,580.23,4,145.06,302.03,78.8,156.74,42.66,0.29,15,1,6,0,0
"CUST-1806",18,63047,2,6,"Gold",7.3,199.18,3,66.39,19.28,33.49,84.41,61.99,0.21,7,1,3,0,0
"CUST-1807",24,65716,3,7,"Gold",1.5,862.2,7,123.17,379.63,204.55,216.63,61.39,0.39,3,0,6,0,0
"CUST-1808",45,145067,3,3,"Silver",6.2,1680.73,12,140.06,457.67,804.68,227.9,190.48,0.12,47,0,5,0,0
"CUST-1809",34,58727,1,1,"Bronze",3.7,195.56,2,97.78,25.16,29.69,88.45,52.27,0.23,17,0,7,0,0
"CUST-1810",57,64753,1,7,"Gold",11.9,334.81,8,41.85,163.9,51.88,95.81,23.22,0.36,8,1,7,0,0
"CUST-1811",20,42555,1,4,"Silver",8.3,259.66,9,28.85,26.56,44.71,97.16,91.24,0.46,134,0,8,0,0
"CUST-1812",36,34795,5,4,"Silver",15.7,88.64,1,88.64,12.21,14.55,32.33,29.55,0.51,87,0,4,0,0
"CUST-1813",32,73798,1,1,"Bronze",7.8,122.28,5,24.46,11.21,17.41,52.48,41.18,0.38,17,0,7,1,0
"CUST-1814",32,38310,3,2,"Silver",20.9,80.77,1,80.77,10.64,14.3,30.93,24.91,0.42,36,0,6,0,0
"CUST-1815",20,33880,4,3,"Silver",17.6,169.79,2,84.89,23.16,41.06,66.62,38.95,0.54,54,1,9,0,0
"CUST-1816",75,63343,2,2,"Silver",8.2,723.67,12,60.31,199.13,291.06,174.01,59.48,0.22,45,0,7,1,1
"CUST-1817",72,117528,5,1,"Bronze",0.9,2221.74,5,444.35,1094.55,286.53,526.8,313.85,0.16,48,1,8,0,0
"CUST-1818",35,28866,1,4,"Silver",4.6,131.38,3,43.79,18.15,18.45,58.18,36.6,0.45,32,1,6,0,0
"CUST-1819",38,63209,5,2,"Silver",29.7,1318.28,6,219.71,415.03,602.89,204.45,95.91,0.38,123,2,7,0,0
"CUST-1820",42,37588,3,9,"Gold",2.5,278.57,6,46.43,147.97,41.42,73.64,15.53,0.22,14,1,6,0,0
"CUST-1821",54,72961,2,2,"Silver",18.5,1361.24,14,97.23,253,596.11,356.43,155.7,0.3,2,3,7,0,0
"CUST-1822",18,20000,5,11,"Gold",24.1,49.42,3,16.47,6.27,8.26,20.61,14.28,0.34,99,1,6,0,0
"CUST-1823",35,33732,2,1,"Bronze",3,102.34,6,17.06,13.24,17.61,41.41,30.08,0.23,13,1,6,0,0
"CUST-1824",27,82422,2,4,"Silver",9,157.65,2,78.83,14.72,30.78,66.8,45.35,0.5,73,0,6,0,0
"CUST-1825",28,49375,1,2,"Silver",1.2,218.89,4,54.72,31.2,25.68,85.05,76.96,0.4,78,0,8,0,1
"CUST-1826",49,112975,3,4,"Silver",5,1608.43,10,160.84,341.05,808.99,236.4,221.98,0.13,69,0,7,0,0
"CUST-1827",26,40585,2,2,"Silver",7,587.92,3,195.97,44.85,137.45,249.66,155.96,0.32,5,1,6,0,0
"CUST-1828",22,37688,3,2,"Silver",3.7,90.73,3,30.24,8,9.8,38.88,34.05,0.35,37,1,8,0,0
"CUST-1829",63,102847,1,2,"Silver",3,2043.33,6,340.56,456.75,941.03,401.49,244.05,0.17,40,0,8,0,0
"CUST-1830",37,92896,2,8,"Gold",8.7,208.68,2,104.34,12.55,30.3,97.23,68.6,0.18,5,0,5,0,0
"CUST-1831",28,23173,3,3,"Silver",10.8,81.67,3,27.22,10.82,11.06,37.17,22.62,0.34,63,0,10,0,0
"CUST-1832",31,22720,1,3,"Silver",8,74.76,3,24.92,9.18,15.95,26.1,23.53,0.24,20,0,9,0,0
"CUST-1833",42,81513,4,5,"Gold",6.6,746.59,5,149.32,324.17,98.12,220.81,103.49,0.27,21,1,7,0,0
"CUST-1834",40,35704,1,4,"Silver",8.6,132.48,3,44.16,17.91,15.98,59.9,38.69,0.28,65,1,2,0,0
"CUST-1835",22,63735,2,4,"Silver",5.8,102.97,5,20.59,6.17,19.58,39.84,37.37,0.48,67,0,9,0,0
"CUST-1836",47,53670,2,2,"Silver",9.1,871.22,10,87.12,194.23,428.08,181.84,67.07,0.28,21,1,7,1,0
"CUST-1837",28,55541,2,2,"Silver",5.2,106.66,2,53.33,11.22,27.38,43.07,25,0.18,40,1,8,0,0
"CUST-1838",34,37938,2,4,"Silver",4,156.38,1,156.38,14.14,31,70.34,40.9,0.23,71,0,10,0,0
"CUST-1839",19,34653,1,3,"Silver",2.3,82.28,8,10.29,8.79,10.16,30.97,32.36,0.25,30,0,5,0,0
"CUST-1840",37,50950,1,2,"Silver",3.3,140.48,3,46.83,12.21,22.24,63.63,42.4,0.44,21,0,6,0,0
"CUST-1841",30,112953,3,9,"Gold",3.1,1729.04,8,216.13,436.24,869.61,217.49,205.7,0.71,23,1,8,0,0
"CUST-1842",18,35712,4,8,"Gold",3.9,64.34,1,64.34,8.28,9.69,26.01,20.36,0.14,33,2,6,0,0
"CUST-1843",42,64710,5,8,"Gold",7.8,702.17,5,140.43,315.11,135.35,149.37,102.34,0.28,54,0,9,1,0
"CUST-1844",61,87389,2,1,"Bronze",7.4,1053.42,8,131.68,275.18,485.72,209.9,82.62,0.14,55,1,4,0,0
"CUST-1845",44,99893,2,1,"Bronze",2.7,857.58,5,171.52,468.54,106.29,157.7,125.06,0.12,12,0,10,0,0
"CUST-1846",48,123396,2,1,"Bronze",8,1586.38,11,144.22,298.96,686.79,419.47,181.16,0.46,12,2,6,1,0
"CUST-1847",31,62716,3,7,"Gold",2.1,148.05,2,74.03,9.5,21.74,63.75,53.06,0.22,59,0,9,0,0
"CUST-1848",23,43143,4,8,"Gold",4.8,150.37,2,75.18,18.73,27.9,57.52,46.22,0.33,26,1,8,0,0
"CUST-1849",24,50550,2,3,"Silver",9.4,42.25,4,10.56,2.49,5.27,17.41,17.08,0.21,10,0,8,0,0
"CUST-1850",29,61415,2,5,"Gold",11.8,129.99,4,32.5,11.49,33.52,51.98,33,0.35,237,2,5,0,0
"CUST-1851",37,56210,5,1,"Bronze",5.3,367.85,1,367.85,160.79,70.91,115.95,20.2,0.47,89,1,4,0,0
"CUST-1852",34,58421,3,5,"Gold",8.9,450.18,8,56.27,211.03,67.54,135.42,36.2,0.33,57,1,9,1,0
"CUST-1853",24,57060,5,2,"Silver",11.6,344.04,9,38.23,174.3,41.5,74.05,54.19,0.32,3,0,5,0,0
"CUST-1854",53,69209,2,2,"Silver",3.4,523.38,3,174.46,310.49,80.9,95.76,36.24,0.24,8,0,5,0,0
"CUST-1855",29,51229,2,2,"Silver",9.4,98.86,4,24.72,5.79,22.17,35.38,35.51,0.53,100,3,5,0,0
"CUST-1856",38,70703,5,4,"Silver",10.5,597.34,5,119.47,332.49,80.03,137.7,47.13,0.35,28,1,10,0,0
"CUST-1857",44,40565,3,2,"Silver",5.5,339.05,5,67.81,176.99,57.67,56.85,47.54,0.29,13,1,5,0,0
"CUST-1858",45,50769,4,2,"Silver",9.1,590.88,3,196.96,275.42,84.14,158.5,72.83,0.17,32,1,7,0,0
"CUST-1859",43,85711,4,4,"Silver",8.2,2899.67,17,170.57,713.1,1397.22,379.94,409.42,0.35,16,0,5,0,0
"CUST-1860",43,50468,2,3,"Silver",8.5,148.35,3,49.45,12.03,26.61,63.8,45.91,0.2,130,0,8,1,0
"CUST-1861",40,20000,4,4,"Silver",8.7,43.55,1,43.55,4.43,10.76,15.79,12.57,0.36,17,3,6,0,0
"CUST-1862",41,70608,4,11,"Gold",13.6,355.41,2,177.71,36.98,82.82,164.83,70.78,0.21,15,1,7,1,0
"CUST-1863",46,122516,1,5,"Gold",3.1,1903.85,12,158.65,330.5,951.05,465.55,156.75,0.45,8,1,5,1,1
"CUST-1864",36,125968,4,10,"Gold",2.3,959.67,6,159.94,394.86,166.62,265.62,132.57,0.27,97,0,6,0,0
"CUST-1865",33,87876,3,1,"Bronze",6.1,1055.41,7,150.77,497.14,201.81,213.44,143.02,0.22,15,0,8,0,0
"CUST-1866",31,35647,5,1,"Bronze",11.1,176.49,3,58.83,15.04,32.88,70.07,58.5,0.37,65,0,7,0,1
"CUST-1867",25,41420,2,15,"Gold",10.6,242.24,1,242.24,29.34,56.8,97.62,58.47,0.32,22,0,9,1,0
"CUST-1868",31,89663,1,8,"Gold",5.5,152.58,4,38.15,15.32,23.2,63.74,50.31,0.34,32,1,7,0,0
"CUST-1869",33,49592,4,6,"Gold",14.8,108.73,3,36.24,9.63,26.43,36.39,36.29,0.31,34,0,7,1,0
"CUST-1870",39,44901,2,3,"Silver",12.1,172.22,1,172.22,15.34,19.42,85.82,51.65,0.29,43,1,7,0,0
"CUST-1871",28,70495,3,4,"Silver",5.6,384.65,8,48.08,169.79,70.47,92.23,52.17,0.36,60,0,6,0,0
"CUST-1872",33,63244,2,11,"Gold",3.3,114,1,114,8.15,14.23,56.11,35.52,0.23,36,0,7,0,0
"CUST-1873",19,39038,4,1,"Bronze",8,168.33,2,84.17,19.6,36.88,53.26,58.59,0.53,49,2,6,0,0
"CUST-1874",27,43164,2,4,"Silver",1.7,248.54,10,24.85,125.41,38.27,46.15,38.71,0.44,89,2,5,0,0
"CUST-1875",31,35471,2,2,"Silver",18.6,129.27,7,18.47,18.75,14.96,48.02,47.54,0.4,185,2,3,0,1
"CUST-1876",33,33117,1,6,"Gold",9.2,101.33,4,25.33,7.01,23.49,34.93,35.9,0.19,101,0,8,0,0
"CUST-1877",55,86997,4,6,"Gold",16.4,625.18,5,125.04,336.21,116.48,110.15,62.34,0.2,54,1,9,0,0
"CUST-1878",33,48410,5,5,"Gold",6.2,330.53,5,66.11,157.26,54.98,83.87,34.42,0.32,120,0,5,0,0
"CUST-1879",43,78161,5,3,"Silver",6.7,998.15,3,332.72,504.03,176.25,189.69,128.18,0.27,15,1,6,0,1
"CUST-1880",18,87688,1,4,"Silver",6.6,173.67,1,173.67,11.05,40.68,72.37,49.57,0.55,4,2,7,0,0
"CUST-1881",33,28882,4,8,"Gold",9.1,104.12,2,52.06,11.81,16.55,51.57,24.19,0.35,103,0,8,1,0
"CUST-1882",36,103868,4,3,"Silver",3.1,1055.98,6,176,516.75,178.94,303.62,56.67,0.27,216,0,8,0,1
"CUST-1883",47,88783,3,3,"Silver",24.1,584.39,5,116.88,272.78,115.57,130.55,65.5,0.47,77,1,7,0,0
"CUST-1884",21,43728,1,4,"Silver",19.4,239.54,1,239.54,18.25,44.97,111.71,64.62,0.37,36,1,5,0,0
"CUST-1885",25,35659,4,4,"Silver",16,68.19,2,34.09,4.28,15.2,27.78,20.93,0.53,32,1,9,0,0
"CUST-1886",51,74079,5,8,"Gold",4.6,448.84,4,112.21,213.21,78.13,97.92,59.58,0.19,11,0,8,1,0
"CUST-1887",38,96219,4,2,"Silver",4.5,2740.26,11,249.11,530.29,1517.45,382.93,309.59,0.31,12,0,8,1,0
"CUST-1888",49,88161,1,15,"Gold",5.9,383.08,4,95.77,176.64,67.02,88.93,50.48,0.29,98,0,6,0,0
"CUST-1889",65,90381,4,1,"Bronze",19.8,1800.38,7,257.2,545.14,826.01,283.39,145.85,0.3,14,0,9,0,0
"CUST-1890",40,52409,2,4,"Silver",7.4,109.14,4,27.28,6.55,20.99,46.06,35.54,0.35,152,1,5,0,0
"CUST-1891",31,42245,4,6,"Gold",7.4,476.22,10,47.62,219.39,65.76,134.6,56.48,0.3,27,0,7,1,0
"CUST-1892",58,61072,2,4,"Silver",7.1,1005.94,12,83.83,179.83,484.99,243.1,98.02,0.13,7,0,8,0,0
"CUST-1893",61,83143,3,2,"Silver",7,790.9,3,263.63,407.14,101.88,159.02,122.86,0.17,144,1,6,0,0
"CUST-1894",57,138305,5,6,"Gold",8.5,1328.8,8,166.1,337.98,611.81,191.52,187.5,0.25,26,0,8,0,0
"CUST-1895",30,39825,3,2,"Silver",3.8,124.36,2,62.18,12.37,22.45,53.08,36.46,0.25,175,1,9,0,0
"CUST-1896",31,40736,1,1,"Bronze",5.6,92.62,6,15.44,11.6,16.11,35.9,29.01,0.49,9,0,8,0,0
"CUST-1897",28,46646,1,5,"Gold",4.7,179.34,4,44.84,16,32.54,84.15,46.65,0.23,20,0,4,0,0
"CUST-1898",40,57074,3,8,"Gold",17,270.66,1,270.66,31.41,50.3,114.15,74.81,0.21,5,0,8,1,0
"CUST-1899",34,67144,2,1,"Bronze",25.3,771.14,4,192.78,405.74,164.36,148.19,52.85,0.52,38,1,9,1,0
"CUST-1900",58,77617,5,1,"Bronze",6,1028.24,5,205.65,502.56,204.96,219.36,101.36,0.11,121,0,10,0,0
"CUST-1901",47,57333,3,1,"Bronze",6.1,1431.05,6,238.51,767.85,258.52,241.17,163.51,0.43,15,0,5,0,1
"CUST-1902",18,36383,2,1,"Bronze",8.5,123.46,3,41.15,8.93,22.93,52.69,38.9,0.22,35,0,9,0,0
"CUST-1903",25,20000,4,1,"Bronze",13.3,42.06,3,14.02,4.26,8.83,17.92,11.05,0.49,7,1,8,0,0
"CUST-1904",47,72523,2,8,"Gold",11.2,1221.42,9,135.71,311.1,537.96,292.6,79.76,0.18,38,1,6,0,0
"CUST-1905",37,53579,1,2,"Silver",14.4,318.75,2,159.38,33.98,38.23,137.35,109.19,0.29,19,0,7,0,0
"CUST-1906",36,63210,2,2,"Silver",3.7,754.48,3,251.49,371.34,117.61,187.88,77.65,0.33,18,0,7,0,0
"CUST-1907",25,42439,3,7,"Gold",11.7,109.72,6,18.29,13.61,11.62,50.43,34.06,0.34,16,0,7,1,0
"CUST-1908",36,82942,3,9,"Gold",3.9,464.04,3,154.68,192.47,95.78,138.83,36.96,0.21,41,0,6,0,0
"CUST-1909",54,119369,2,8,"Gold",8.6,1881.58,13,144.74,388.69,1006.08,247.77,239.04,0.33,83,1,10,0,0
"CUST-1910",32,43324,4,5,"Gold",8.7,264.01,3,88,20.24,35.47,113.95,94.35,0.28,33,1,7,0,0
"CUST-1911",36,41928,2,1,"Bronze",6.3,228.79,2,114.39,27.03,25.73,101.06,74.97,0.34,16,0,5,0,0
"CUST-1912",20,43021,1,9,"Gold",13.1,92.06,2,46.03,5.03,21.68,35.04,30.31,0.47,64,0,7,1,0
"CUST-1913",55,94411,2,1,"Bronze",3.8,1878.09,13,144.47,554.99,874.37,270.03,178.7,0.23,47,3,7,0,0
"CUST-1914",44,38406,1,1,"Bronze",5.7,58.46,4,14.62,3.27,8.42,26.55,20.22,0.27,33,1,6,0,0
"CUST-1915",39,68825,3,10,"Gold",8.3,910.46,12,75.87,223.46,414.88,207.9,64.22,0.17,30,0,7,0,0
"CUST-1916",38,42441,2,1,"Bronze",6.9,59.6,3,19.87,6.21,8.93,25.05,19.41,0.16,10,0,7,0,0
"CUST-1917",31,35666,3,2,"Silver",20.8,140.62,1,140.62,17.03,22.58,58.39,42.62,0.54,50,1,4,0,0
"CUST-1918",20,37163,1,1,"Bronze",13.6,100.66,1,100.66,11.21,19.83,39.84,29.78,0.29,72,0,7,0,0
"CUST-1919",18,41598,2,3,"Silver",2.6,62.79,4,15.7,5.04,12.56,25.15,20.04,0.18,174,0,9,0,0
"CUST-1920",46,76782,4,5,"Gold",7,616.72,7,88.1,272.62,102.95,187.5,53.66,0.33,5,1,9,0,0
"CUST-1921",42,115700,5,6,"Gold",6.4,1700.89,10,170.09,312.95,872.3,299.44,216.19,0.19,13,0,5,0,0
"CUST-1922",31,47907,4,2,"Silver",1.9,298.93,9,33.21,125.96,63,59.21,50.77,0.39,35,0,10,0,0
"CUST-1923",43,111452,5,4,"Silver",4.4,816.93,5,163.39,356.83,143.17,208.21,108.72,0.35,107,1,9,0,0
"CUST-1924",33,97731,1,1,"Bronze",12.2,2308.02,9,256.45,452.58,1268.03,299.74,287.67,0.33,32,3,6,1,0
"CUST-1925",56,50241,3,6,"Gold",12.8,653.12,9,72.57,332.58,104.66,157,58.89,0.15,41,1,9,0,0
"CUST-1926",27,48190,2,8,"Gold",6.9,196.75,3,65.58,25.48,29.84,77.8,63.63,0.28,34,1,5,0,0
"CUST-1927",31,30134,2,2,"Silver",11.6,136.98,5,27.4,17.22,34.66,52.75,32.35,0.29,33,0,7,0,0
"CUST-1928",49,53582,3,12,"Gold",16.5,422.08,4,105.52,205.87,71.82,118.65,25.74,0.27,64,1,6,0,0
"CUST-1929",53,38948,1,1,"Bronze",16.3,205.83,3,68.61,18.74,45.24,87.51,54.34,0.35,2,0,8,0,0
"CUST-1930",36,37685,2,2,"Silver",18.7,92.62,3,30.87,8.13,12.35,40.3,31.84,0.36,41,1,8,0,0
"CUST-1931",35,125225,1,4,"Silver",11.9,794.35,8,99.29,430.8,113.27,163.75,86.52,0.25,18,2,6,0,0
"CUST-1932",18,63650,1,1,"Bronze",14.8,344.77,1,344.77,47.37,45.39,154.65,97.35,0.31,34,1,7,0,0
"CUST-1933",38,155875,1,4,"Silver",13,2400.97,5,480.19,576.55,1102.9,480.42,241.09,0.38,70,0,7,0,0
"CUST-1934",22,26540,4,1,"Bronze",4.7,114.01,4,28.5,9.32,23.89,39.91,40.89,0.34,30,2,5,1,0
"CUST-1935",36,48346,2,1,"Bronze",16.7,208.26,5,41.65,15.31,47.86,93.79,51.3,0.27,8,0,9,0,1
"CUST-1936",30,62527,3,4,"Silver",5.4,182.66,5,36.53,27.96,20.95,64.82,68.93,0.33,5,1,6,1,0
"CUST-1937",25,20880,2,7,"Gold",8.2,91.63,6,15.27,13.33,19.5,38.29,20.51,0.42,19,1,5,0,0
"CUST-1938",35,57427,5,4,"Silver",5.3,823.76,6,137.29,445.84,96.93,194.39,86.61,0.36,30,2,8,0,0
"CUST-1939",18,52307,1,5,"Gold",6.2,108.76,2,54.38,12.23,21.24,40.6,34.69,0.42,28,1,5,0,0
"CUST-1940",56,112679,1,2,"Silver",6.7,2117.77,4,529.44,654.27,976.46,250.02,237.01,0.24,50,0,7,0,0
"CUST-1941",43,113653,4,7,"Gold",7.3,1360.05,11,123.64,303.14,721.8,202.88,132.23,0.07,75,1,6,1,0
"CUST-1942",39,36397,3,5,"Gold",6.3,388.46,9,43.16,206.93,54.02,94.09,33.42,0.29,21,0,5,0,0
"CUST-1943",29,56761,4,2,"Silver",20.8,145.68,5,29.14,12.15,32.12,57.93,43.48,0.44,6,2,7,0,0
"CUST-1944",41,160767,2,12,"Gold",21.9,1649.92,12,137.49,338.46,718.4,403.73,189.32,0.37,1,1,10,0,0
"CUST-1945",33,61928,2,4,"Silver",8.9,1590.53,7,227.22,468.6,731.74,268.13,122.07,0.39,37,0,7,0,0
"CUST-1946",29,37065,1,2,"Silver",12,68.89,2,34.44,9.1,9.68,27.44,22.67,0.55,32,0,6,0,0
"CUST-1947",32,64156,1,1,"Bronze",10,231.76,1,231.76,14.02,31.75,107.24,78.75,0.37,10,2,8,1,0
"CUST-1948",29,47750,1,1,"Bronze",7.7,211.34,4,52.84,23.15,50.91,70.64,66.64,0.25,18,3,4,0,1
"CUST-1949",51,55955,4,8,"Gold",27.3,304.47,1,304.47,29.69,38,138.33,98.46,0.38,1,1,2,0,1
"CUST-1950",50,60644,2,7,"Gold",8.6,466.38,8,58.3,235.27,53.17,126.17,51.76,0.21,7,2,5,0,1
"CUST-1951",44,93316,4,4,"Silver",10.7,1675.27,13,128.87,414.44,750.6,333.56,176.67,0.27,19,1,7,0,1
"CUST-1952",54,82125,5,7,"Gold",8.2,1314.62,12,109.55,242.57,610.19,236.52,225.34,0.29,35,0,5,1,0
"CUST-1953",49,93404,3,2,"Silver",8.8,1315.27,10,131.53,247.66,648.6,247.26,171.75,0.21,56,1,6,0,1
"CUST-1954",44,78106,4,4,"Silver",6.6,635.79,8,79.47,295.84,108.89,182.77,48.29,0.08,135,1,5,0,0
"CUST-1955",39,27430,4,1,"Bronze",8.6,126.34,2,63.17,13.11,24.02,61.71,27.5,0.34,76,0,8,1,0
"CUST-1956",51,40560,4,4,"Silver",10.3,624.85,12,52.07,129.46,292.91,116.97,85.51,0.32,77,3,7,1,0
"CUST-1957",44,102123,3,3,"Silver",13,1711.75,7,244.54,503.13,828.94,270.24,109.44,0.35,3,0,8,0,0
"CUST-1958",34,39837,1,1,"Bronze",6.8,92.88,3,30.96,6.68,19.93,31.15,35.11,0.36,44,1,9,1,0
"CUST-1959",52,83787,1,4,"Silver",4.7,1822.54,8,227.82,400.47,758.73,445.88,217.47,0.24,5,1,5,0,0
"CUST-1960",18,20000,1,2,"Silver",13.5,94.7,5,18.94,9.06,14.67,38.86,32.11,0.55,53,2,7,0,0
"CUST-1961",48,72522,2,4,"Silver",1.7,1288.8,6,214.8,320.76,533.39,261.81,172.83,0.29,72,0,7,0,0
"CUST-1962",45,68364,4,1,"Bronze",3.1,362.85,5,72.57,164.53,57.83,103.84,36.64,0.3,20,1,6,0,0
"CUST-1963",30,93499,3,1,"Bronze",9.9,367.55,4,91.89,180.13,65.7,95.13,26.59,0.3,23,0,7,0,0
"CUST-1964",52,122469,4,9,"Gold",3.4,2617.66,7,373.95,663.95,1123.07,672.88,157.75,0.45,6,2,6,0,0
"CUST-1965",39,48006,1,1,"Bronze",18.6,188.63,1,188.63,19.16,33.66,85.23,50.58,0.41,7,0,5,1,0
"CUST-1966",55,90958,3,7,"Gold",3,2086.37,10,208.64,601.42,929.62,305.18,250.15,0.19,35,1,8,1,0
"CUST-1967",39,49930,1,1,"Bronze",7.9,112.33,3,37.44,7.38,21.95,52.46,30.54,0.18,112,0,8,0,0
"CUST-1968",48,66592,4,5,"Gold",4.6,503.69,5,100.74,211.9,70.67,161.64,59.47,0.2,73,1,4,1,0
"CUST-1969",49,102152,2,4,"Silver",4.9,1650.58,8,206.32,355.09,789.78,330.59,175.11,0.27,45,3,5,0,0
"CUST-1970",28,25052,1,6,"Gold",11.1,40.11,2,20.06,4.57,5.18,17.57,12.8,0.45,8,1,8,0,0
"CUST-1971",31,27401,2,1,"Bronze",12.6,100.16,3,33.39,5.77,12.01,50.76,31.62,0.55,13,3,6,0,1
"CUST-1972",43,24220,2,5,"Gold",6.4,55.65,1,55.65,3.57,8.66,23.12,20.3,0.35,5,0,10,0,0
"CUST-1973",28,52823,4,15,"Gold",8.8,147.58,2,73.79,20.77,25.85,67.9,33.06,0.3,124,1,9,0,0
"CUST-1974",31,28976,2,4,"Silver",11,192.41,1,192.41,11.59,35.72,74.14,70.96,0.32,32,1,8,0,0
"CUST-1975",50,128340,4,6,"Gold",4.7,1786.53,12,148.88,318.8,977.95,397.44,92.34,0.36,4,1,7,1,0
"CUST-1976",22,24826,2,4,"Silver",3.1,68.65,4,17.16,4.29,12.35,26.67,25.34,0.22,61,1,6,0,0
"CUST-1977",63,129517,3,1,"Bronze",5.2,2397.39,12,199.78,514.86,1213.9,325.71,342.91,0.15,31,0,9,1,0
"CUST-1978",60,61880,4,12,"Gold",13.8,741.71,9,82.41,141.23,350.73,177.57,72.18,0.08,62,1,6,0,1
"CUST-1979",27,49031,3,4,"Silver",14.1,211.67,2,105.83,26.21,21.86,93.42,70.18,0.41,55,0,9,1,0
"CUST-1980",65,114479,2,9,"Gold",4.4,1522.61,16,95.16,337.36,746.92,330.93,107.39,0.07,19,1,7,0,0
"CUST-1981",40,44865,5,1,"Bronze",10,435.66,8,54.46,190.38,98.56,103.14,43.58,0.15,81,0,6,0,0
"CUST-1982",35,81185,4,6,"Gold",11.5,1666.12,13,128.16,300.05,792.04,365.43,208.59,0.31,17,0,9,0,0
"CUST-1983",53,49655,5,1,"Bronze",2.1,520.65,4,130.16,219.05,111.21,105.52,84.86,0.38,57,1,7,0,0
"CUST-1984",32,56608,2,4,"Silver",2.4,196.67,4,49.17,104.95,34.04,38.73,18.95,0.41,61,0,7,0,0
"CUST-1985",43,87713,3,1,"Bronze",2.1,780.61,8,97.58,344.78,137.93,195.08,102.82,0.13,8,4,6,0,0
"CUST-1986",40,86362,4,6,"Gold",3.2,1293.61,10,129.36,228.42,642.4,299.03,123.76,0.26,77,0,6,0,0
"CUST-1987",18,53445,2,3,"Silver",5.6,210.15,1,210.15,13.84,47.46,92.68,56.17,0.2,32,0,8,0,0
"CUST-1988",58,131252,3,8,"Gold",15.3,1753.17,7,250.45,459.02,656.57,388.3,249.29,0.15,35,0,7,0,0
"CUST-1989",52,100630,4,13,"Gold",15.8,327.25,8,40.91,130.38,58.11,90.23,48.53,0.21,18,2,9,0,0
"CUST-1990",31,43953,1,5,"Gold",2.9,137.01,3,45.67,20.94,17.15,44,54.92,0.27,13,0,7,0,0
"CUST-1991",42,89830,5,1,"Bronze",4.6,2235.01,7,319.29,536.89,1077.12,376.44,244.56,0.28,22,0,8,0,0
"CUST-1992",49,97460,4,4,"Silver",7,1993.38,10,199.34,451.78,1130.84,280.13,130.63,0.22,124,0,5,0,0
"CUST-1993",36,35353,3,3,"Silver",2.5,217.38,1,217.38,25.16,39.2,84.95,68.07,0.2,34,1,4,0,0
"CUST-1994",18,31620,3,5,"Gold",6.3,130.09,2,65.04,8.19,24.42,46.47,51,0.28,23,1,6,0,0
"CUST-1995",23,67485,4,2,"Silver",4.9,206.47,1,206.47,22.3,36.34,98,49.83,0.5,10,1,8,0,0
"CUST-1996",36,99259,2,1,"Bronze",4.9,3068.12,7,438.3,613.61,1618.2,662.9,173.41,0.39,12,0,8,0,0
"CUST-1997",27,45945,2,3,"Silver",34.1,221.26,5,44.25,15.65,27.88,96.43,81.29,0.53,1,0,5,1,0
"CUST-1998",50,92503,3,2,"Silver",8.6,1611.57,13,123.97,313.25,803.22,327.57,167.53,0.27,122,1,6,0,0
"CUST-1999",32,47520,1,2,"Silver",8.3,53.33,2,26.66,4.88,7.56,21.15,19.74,0.34,47,0,8,0,0
"CUST-2000",40,48498,4,9,"Gold",8.4,224.44,8,28.06,121.82,42.97,45.42,14.23,0.5,34,1,7,0,0
