Date,Open,High,Low,Close,Adj Close,Volume,Event,Event Value
"Apr 8, 2026",143.13,143.56,140.74,141.78,141.78,5412135.0,,
"Apr 7, 2026",136.17,137.49,134.11,137.43,137.43,8397900.0,,
"Apr 6, 2026",136.48,137.25,135.71,136.78,136.78,10147600.0,,
"Apr 2, 2026",131.91,136.04,131.35,135.99,135.99,12266200.0,,
"Apr 1, 2026",134.12,136.05,133.76,134.91,134.91,17050100.0,,
"Mar 31, 2026",129.15,133.22,128.98,132.9,132.9,19405300.0,,
"Mar 30, 2026",131.27,131.55,126.68,127.5,127.5,18830000.0,,
"Mar 27, 2026",131.53,132.05,129.58,129.92,129.92,15895200.0,,
"Mar 26, 2026",135.18,135.52,132.42,132.5,132.5,15434600.0,,
"Mar 25, 2026",137.29,138.0,136.28,136.76,136.76,13872400.0,,
"Mar 24, 2026",136.05,136.92,134.87,136.15,136.15,16843900.0,,
"Mar 23, 2026",,,,,,,Dividend,0.168
"Mar 23, 2026",137.5,139.2,136.22,136.95,136.95,21818500.0,,
"Mar 20, 2026",137.98,137.98,134.32,135.29,135.12,27251800.0,,
"Mar 19, 2026",136.0,139.17,135.44,138.43,138.26,18087900.0,,
"Mar 18, 2026",139.31,140.07,137.93,137.96,137.79,12634500.0,,
"Mar 17, 2026",139.39,140.27,138.93,139.54,139.37,12034600.0,,
"Mar 16, 2026",138.72,140.08,138.52,138.78,138.61,16626400.0,,
"Mar 13, 2026",138.45,139.71,136.52,136.8,136.63,15701800.0,,
"Mar 12, 2026",139.27,139.75,137.65,137.84,137.67,32372800.0,,
"Mar 11, 2026",140.58,141.59,139.52,140.43,140.26,14009200.0,,
"Mar 10, 2026",139.84,141.39,139.02,139.76,139.59,24338500.0,,
"Mar 9, 2026",135.97,140.21,135.46,139.76,139.59,22760900.0,,
"Mar 6, 2026",137.82,139.83,136.79,137.29,137.12,19677200.0,,
"Mar 5, 2026",139.16,141.26,138.09,140.18,140.01,19422500.0,,
"Mar 4, 2026",138.53,140.63,138.04,139.84,139.67,15201400.0,,
"Mar 3, 2026",136.36,138.33,134.99,137.5,137.33,34153000.0,,
"Mar 2, 2026",137.03,139.96,136.56,139.54,139.37,20156700.0,,
"Feb 27, 2026",138.31,139.77,137.94,138.76,138.59,15328600.0,,
"Feb 26, 2026",142.94,143.01,139.26,141.01,140.83,19364900.0,,
"Feb 25, 2026",141.36,143.34,141.21,143.01,142.83,13296000.0,,
"Feb 24, 2026",139.24,140.94,138.19,140.32,140.15,13030600.0,,
"Feb 23, 2026",140.18,140.65,137.89,138.52,138.35,22021900.0,,
"Feb 20, 2026",139.2,141.75,138.97,140.88,140.71,14942400.0,,
"Feb 19, 2026",140.09,140.71,139.28,140.21,140.04,13484000.0,,
"Feb 18, 2026",140.06,142.12,139.27,140.91,140.74,13705800.0,,
"Feb 17, 2026",138.64,140.45,137.02,139.48,139.31,25743800.0,,
"Feb 13, 2026",139.56,140.91,137.93,139.56,139.39,26637100.0,,
"Feb 12, 2026",143.31,143.77,138.92,139.21,139.04,32154700.0,,
"Feb 11, 2026",144.51,144.76,141.32,142.97,142.79,18905700.0,,
"Feb 10, 2026",143.82,144.15,142.39,142.55,142.37,22564300.0,,
"Feb 9, 2026",140.6,144.03,139.91,143.35,143.17,24629500.0,,
"Feb 6, 2026",138.01,141.47,137.42,141.13,140.95,37131900.0,,
"Feb 5, 2026",137.22,138.48,135.08,135.63,135.46,42950900.0,,
"Feb 4, 2026",140.83,141.01,136.11,138.12,137.95,45649500.0,,
"Feb 3, 2026",145.88,145.97,140.17,142.08,141.9,30464500.0,,
"Feb 2, 2026",143.53,146.15,143.39,145.26,145.08,16337600.0,,
"Jan 30, 2026",146.04,146.75,142.99,143.88,143.7,18342600.0,,
"Jan 29, 2026",147.84,147.93,143.27,146.87,146.69,25581000.0,,
"Jan 29, 2026",147.84,147.93,143.27,146.87,146.69,25581000.0,,
"Jan 28, 2026",149.0,149.9,148.61,149.23,149.04,19497400.0,,
"Jan 27, 2026",147.42,148.62,147.03,148.05,147.87,12436200.0,,
"Jan 26, 2026",145.27,146.71,144.89,146.08,145.9,10195600.0,,
"Jan 23, 2026",144.53,145.83,143.75,145.09,144.91,14654500.0,,
"Jan 22, 2026",145.61,145.7,144.16,144.88,144.7,12971600.0,,
"Jan 21, 2026",142.78,145.04,141.96,143.81,143.63,27892800.0,,
"Jan 20, 2026",143.09,144.1,141.61,141.84,141.66,20029200.0,,
"Jan 16, 2026",146.72,146.95,145.02,145.62,145.44,14156700.0,,
"Jan 15, 2026",146.93,147.57,145.31,145.46,145.28,17370900.0,,
"Jan 14, 2026",145.5,145.93,143.32,144.7,144.52,22104200.0,,
"Jan 13, 2026",146.85,147.52,145.85,146.48,146.3,16552200.0,,
"Jan 12, 2026",145.19,147.29,145.05,146.79,146.61,12867200.0,,
"Jan 9, 2026",144.57,146.58,144.03,146.15,145.97,15652600.0,,
"Jan 8, 2026",145.93,145.93,143.5,144.24,144.06,16870100.0,,
"Jan 7, 2026",146.53,147.38,146.04,146.53,146.35,13957100.0,,
"Jan 6, 2026",145.21,146.77,144.63,146.65,146.47,14985700.0,,
"Jan 5, 2026",146.01,146.39,144.25,144.62,144.44,17476300.0,,
"Jan 2, 2026",145.63,146.52,143.41,144.3,144.12,15299500.0,,
"Dec 31, 2025",145.71,145.8,143.9,143.97,143.79,9528400.0,,
"Dec 30, 2025",145.85,146.26,145.38,145.41,145.23,6387400.0,,
"Dec 29, 2025",145.35,146.38,145.04,145.87,145.69,9822300.0,,
"Dec 26, 2025",146.61,146.98,146.24,146.53,146.35,5052900.0,,
"Dec 24, 2025",145.79,146.5,145.68,146.3,146.12,3676300.0,,
"Dec 23, 2025",144.74,145.98,144.36,145.95,145.77,7546100.0,,
"Dec 22, 2025",,,,,,,Dividend,0.219
"Dec 22, 2025",146.01,146.01,144.65,145.16,144.98,8864500.0,,
"Dec 19, 2025",142.59,144.62,142.57,144.6,144.2,14265900.0,,
"Dec 18, 2025",141.86,142.42,140.79,141.54,141.15,12319500.0,,
"Dec 17, 2025",142.72,142.84,139.32,139.39,139.01,18178700.0,,
"Dec 16, 2025",141.91,142.97,141.3,142.56,142.17,10790900.0,,
"Dec 15, 2025",144.42,144.63,142.02,142.3,141.91,10790300.0,,
"Dec 12, 2025",146.94,147.08,143.26,143.69,143.29,14873200.0,,
"Dec 11, 2025",147.06,148.13,145.11,147.97,147.56,9769300.0,,
"Dec 10, 2025",147.69,149.22,146.82,148.73,148.32,8961100.0,,
"Dec 9, 2025",147.34,148.25,146.96,148.02,147.61,6978200.0,,
"Dec 8, 2025",147.43,148.38,146.92,147.63,147.22,8272800.0,,
"Dec 5, 2025",,,,,,,Stock Splits,1
"Dec 5, 2025",146.21,147.31,145.69,146.6,146.2,6628000.0,,
"Dec 4, 2025",145.19,145.79,144.49,145.54,145.13,9995200.0,,
"Dec 3, 2025",143.95,145.1,143.23,144.99,144.6,11623200.0,,
"Dec 2, 2025",144.07,145.51,143.65,144.65,144.25,15719000.0,,
"Dec 1, 2025",141.72,143.6,141.29,143.18,142.78,12846600.0,,
"Nov 28, 2025",142.19,143.13,141.8,143.11,142.72,6792200.0,,
"Nov 26, 2025",141.88,142.49,140.79,141.89,141.5,13358800.0,,
"Nov 25, 2025",138.63,140.59,136.65,140.23,139.84,21303400.0,,
"Nov 24, 2025",137.52,140.35,137.43,139.85,139.47,20124800.0,,
"Nov 21, 2025",136.3,138.42,133.74,136.6,136.22,44959000.0,,
"Nov 20, 2025",143.72,144.26,135.76,136.07,135.7,56551800.0,,
"Nov 19, 2025",139.52,142.06,139.16,140.49,140.1,27668800.0,,
"Nov 18, 2025",140.6,141.32,138.24,139.51,139.13,36747600.0,,
"Nov 17, 2025",142.73,144.29,140.68,141.82,141.43,24675400.0,,
"Nov 14, 2025",140.65,145.38,140.15,144.07,143.68,27429600.0,,
"Nov 13, 2025",146.14,146.34,142.51,143.29,142.9,22385800.0,,
"Nov 12, 2025",147.73,147.73,146.07,146.96,146.56,13179200.0,,
"Nov 11, 2025",146.79,147.05,145.53,146.51,146.1,14871600.0,,
"Nov 10, 2025",146.65,148.04,145.9,147.76,147.36,18286400.0,,
"Nov 7, 2025",143.35,144.12,140.8,144.08,143.68,25547000.0,,
"Nov 6, 2025",147.31,147.47,143.84,144.58,144.18,24797400.0,,
"Nov 5, 2025",146.71,148.74,146.49,147.54,147.14,14447000.0,,
"Nov 4, 2025",148.23,149.2,146.73,146.97,146.57,16722600.0,,
"Nov 3, 2025",151.78,152.11,150.13,150.96,150.54,13983600.0,,
"Oct 31, 2025",151.71,151.82,149.47,150.34,149.93,16303800.0,,
"Oct 30, 2025",151.2,151.98,150.15,150.2,149.78,19218600.0,,
"Oct 29, 2025",152.35,152.99,150.93,152.07,151.65,21506200.0,,
"Oct 28, 2025",150.23,151.57,149.71,150.98,150.56,15055200.0,,
"Oct 27, 2025",148.85,149.63,148.61,149.5,149.09,15167000.0,,
"Oct 24, 2025",146.25,147.29,146.04,146.79,146.39,14359600.0,,
"Oct 23, 2025",142.18,144.77,142.18,144.54,144.15,11923400.0,,
"Oct 22, 2025",144.1,144.42,140.95,142.74,142.35,20723200.0,,
"Oct 21, 2025",144.01,144.68,143.48,144.17,143.77,12503800.0,,
"Oct 20, 2025",143.32,144.71,143.24,144.1,143.7,13805200.0,,
"Oct 17, 2025",141.41,142.93,140.51,142.51,142.11,25511600.0,,
"Oct 16, 2025",143.18,143.81,141.29,142.26,141.86,23166200.0,,
"Oct 15, 2025",142.73,143.29,140.4,142.15,141.76,20937600.0,,
"Oct 14, 2025",140.71,142.19,139.12,140.76,140.37,26956800.0,,
"Oct 13, 2025",142.37,143.06,141.55,142.59,142.19,22030400.0,,
"Oct 10, 2025",145.4,145.67,139.14,139.2,138.81,44574600.0,,
"Oct 9, 2025",145.28,145.41,144.35,145.1,144.7,11989400.0,,
"Oct 8, 2025",143.17,145.35,143.1,145.35,144.94,14037800.0,,
"Oct 7, 2025",144.54,144.75,142.09,142.84,142.45,15588400.0,,
"Oct 6, 2025",144.28,144.72,143.73,143.8,143.4,17945600.0,,
"Oct 3, 2025",143.21,143.94,141.87,142.36,141.97,17458000.0,,
"Oct 2, 2025",143.63,143.66,142.43,143.08,142.69,17607800.0,,
"Oct 1, 2025",140.21,142.41,140.17,142.31,141.92,17411200.0,,
"Sep 30, 2025",140.16,141.07,139.87,140.93,140.54,18215200.0,,
"Sep 29, 2025",140.22,140.96,139.84,140.16,139.78,16107400.0,,
"Sep 26, 2025",139.15,139.54,138.19,139.42,139.04,16534000.0,,
"Sep 25, 2025",137.98,139.35,137.13,139.0,138.62,21349600.0,,
"Sep 24, 2025",140.49,140.49,138.32,139.24,138.86,13471000.0,,
"Sep 23, 2025",141.13,141.37,139.49,140.11,139.72,16456400.0,,
"Sep 22, 2025",,,,,,,Dividend,0.179
"Sep 22, 2025",139.07,141.45,139.02,141.33,140.94,15771200.0,,
"Sep 19, 2025",138.62,139.59,138.16,139.46,138.9,15670800.0,,
"Sep 18, 2025",137.48,138.46,136.81,138.06,137.5,20882600.0,,
"Sep 17, 2025",136.1,136.26,134.31,135.71,135.17,18948600.0,,
"Sep 16, 2025",136.98,137.07,136.02,136.18,135.64,16081400.0,,
"Sep 15, 2025",135.65,136.69,135.49,136.66,136.11,16268000.0,,
"Sep 12, 2025",135.8,135.93,135.15,135.44,134.89,15612200.0,,
"Sep 11, 2025",135.93,136.12,135.31,135.53,134.98,23429200.0,,
"Sep 11, 2025",135.93,136.12,135.31,135.53,134.98,23429200.0,,
"Sep 10, 2025",135.35,135.99,134.43,135.07,134.53,25957200.0,,
"Sep 9, 2025",132.71,132.81,131.73,132.67,132.13,19355000.0,,
"Sep 8, 2025",132.12,132.9,132.09,132.41,131.88,20556000.0,,
"Sep 5, 2025",132.57,132.62,130.1,131.43,130.9,38561800.0,,
"Sep 4, 2025",130.14,131.38,129.61,131.32,130.79,24397400.0,,
"Sep 3, 2025",130.57,130.93,129.7,130.68,130.15,15636600.0,,
"Sep 2, 2025",128.9,130.02,128.14,129.9,129.38,18226000.0,,
"Aug 29, 2025",132.68,132.71,130.74,131.23,130.7,17481200.0,,
"Aug 28, 2025",132.38,133.55,131.73,133.27,132.73,12380600.0,,
"Aug 27, 2025",131.65,132.38,131.04,132.23,131.69,11538600.0,,
"Aug 26, 2025",131.02,131.69,130.84,131.51,130.98,11081000.0,,
"Aug 25, 2025",131.21,131.74,130.55,130.91,130.39,10691800.0,,
"Aug 22, 2025",129.32,132.07,128.96,131.21,130.68,13756000.0,,
"Aug 21, 2025",129.61,130.13,128.9,129.46,128.93,15148600.0,,
"Aug 20, 2025",130.48,130.48,127.92,129.93,129.4,23064200.0,,
"Aug 19, 2025",133.09,133.12,130.57,130.81,130.28,17367000.0,,
"Aug 18, 2025",132.68,133.26,132.55,133.13,132.6,12233800.0,,
"Aug 15, 2025",133.68,133.68,132.32,132.85,132.31,13373200.0,,
"Aug 14, 2025",133.48,134.32,133.16,133.87,133.32,15484400.0,,
"Aug 13, 2025",134.88,135.02,133.66,134.15,133.61,13990200.0,,
"Aug 12, 2025",132.72,134.14,131.99,134.1,133.56,11153800.0,,
"Aug 11, 2025",132.88,133.48,131.76,132.06,131.53,9425400.0,,
"Aug 8, 2025",132.14,133.11,131.79,132.96,132.42,11015800.0,,
"Aug 7, 2025",132.99,133.21,130.55,131.65,131.11,10318000.0,,
"Aug 6, 2025",130.18,131.7,130.1,131.52,130.99,10167000.0,,
"Aug 5, 2025",131.63,131.74,129.76,130.06,129.54,11176000.0,,
"Aug 4, 2025",129.74,131.17,129.74,131.15,130.62,12377000.0,,
"Aug 1, 2025",129.94,129.99,127.89,128.54,128.02,19438000.0,,
"Jul 31, 2025",134.01,134.01,130.73,131.37,130.84,16414400.0,,
"Jul 30, 2025",132.18,132.79,131.3,132.34,131.81,13934600.0,,
"Jul 29, 2025",132.9,133.63,131.82,132.04,131.51,13739000.0,,
"Jul 28, 2025",131.49,132.07,131.23,132.04,131.51,11517600.0,,
"Jul 25, 2025",130.65,131.32,130.38,130.99,130.47,8002000.0,,
"Jul 24, 2025",130.46,130.95,129.96,130.7,130.17,12159600.0,,
"Jul 23, 2025",129.74,130.32,128.97,130.15,129.62,10091800.0,,
"Jul 22, 2025",130.51,130.6,128.48,129.4,128.88,13448800.0,,
"Jul 21, 2025",130.59,131.51,130.44,130.62,130.09,9246600.0,,
"Jul 18, 2025",131.03,131.07,130.1,130.45,129.92,10281000.0,,
"Jul 17, 2025",129.51,130.74,129.26,130.53,130.0,11955000.0,,
"Jul 16, 2025",129.0,129.43,127.4,129.35,128.83,17782600.0,,
"Jul 15, 2025",129.31,129.62,128.91,128.96,128.43,15657000.0,,
"Jul 14, 2025",127.61,128.13,126.6,127.82,127.3,8125200.0,,
"Jul 11, 2025",127.88,128.68,127.72,127.93,127.41,9239000.0,,
"Jul 10, 2025",129.24,129.35,127.82,128.49,127.97,9988600.0,,
"Jul 9, 2025",128.6,129.4,127.96,128.91,128.39,12933600.0,,
"Jul 8, 2025",128.13,128.39,127.61,128.15,127.63,15715200.0,,
"Jul 7, 2025",127.99,128.32,126.89,127.46,126.95,11560800.0,,
"Jul 3, 2025",127.5,128.87,127.45,128.48,127.96,7112800.0,,
"Jul 2, 2025",125.17,126.89,125.08,126.81,126.3,11950200.0,,
"Jul 1, 2025",126.21,126.47,124.63,125.49,124.98,15144800.0,,
"Jun 30, 2025",126.49,126.96,125.88,126.61,126.1,13365200.0,,
"Jun 27, 2025",125.88,126.36,124.82,125.39,124.88,12196600.0,,
"Jun 26, 2025",125.24,125.74,124.74,125.54,125.03,11288400.0,,
"Jun 25, 2025",124.26,124.86,124.15,124.68,124.17,9228600.0,,
"Jun 24, 2025",122.68,123.77,122.53,123.62,123.12,11329400.0,,
"Jun 23, 2025",,,,,,,Dividend,0.199
"Jun 23, 2025",120.19,121.54,119.38,121.44,120.95,12277000.0,,
"Jun 20, 2025",121.24,121.64,119.71,120.27,119.59,11490600.0,,
"Jun 18, 2025",120.96,121.57,120.19,120.81,120.12,11066000.0,,
"Jun 17, 2025",121.01,121.86,120.38,120.66,119.97,10525400.0,,
"Jun 16, 2025",120.31,121.88,120.31,121.52,120.83,13866200.0,,
"Jun 13, 2025",119.88,120.79,119.14,119.58,118.91,13193800.0,,
"Jun 12, 2025",120.14,121.57,120.13,121.29,120.6,11210400.0,,
"Jun 11, 2025",120.72,121.21,119.55,120.17,119.49,9599600.0,,
"Jun 10, 2025",119.75,120.61,119.29,120.43,119.75,9831600.0,,
"Jun 9, 2025",119.64,120.5,119.56,119.76,119.08,11100600.0,,
"Jun 6, 2025",119.21,119.73,118.84,119.18,118.5,9026000.0,,
"Jun 5, 2025",118.75,119.79,117.56,118.07,117.39,15885200.0,,
"Jun 4, 2025",118.38,118.77,117.82,118.4,117.73,10899200.0,,
"Jun 3, 2025",116.63,118.32,116.54,118.22,117.55,14312400.0,,
"Jun 2, 2025",115.15,116.54,115.01,116.47,115.81,12878800.0,,
"May 30, 2025",115.76,115.82,113.71,115.46,114.8,13494000.0,,
"May 29, 2025",117.37,117.49,115.22,115.82,115.16,14011800.0,,
"May 28, 2025",116.24,116.71,115.45,115.62,114.96,10789200.0,,
"May 27, 2025",115.17,116.26,114.79,116.1,115.44,14208400.0,,
"May 23, 2025",112.68,114.14,112.55,113.4,112.76,12004000.0,,
"May 22, 2025",114.69,115.7,114.42,114.67,114.02,11372000.0,,
"May 21, 2025",115.74,117.36,114.18,114.64,113.99,18643600.0,,
"May 20, 2025",116.54,116.86,115.95,116.83,116.17,10273200.0,,
"May 19, 2025",115.71,117.54,115.67,117.28,116.61,11863000.0,,
"May 16, 2025",117.61,117.61,116.43,117.44,116.78,8111600.0,,
"May 15, 2025",116.43,117.89,116.29,117.22,116.56,9536400.0,,
"May 14, 2025",116.86,117.53,116.38,117.07,116.4,10248000.0,,
"May 13, 2025",114.26,116.69,114.13,116.31,115.65,12757200.0,,
"May 12, 2025",113.42,113.89,112.27,113.85,113.2,13478200.0,,
"May 9, 2025",109.42,109.62,108.24,108.8,108.18,7330000.0,,
"May 8, 2025",108.97,109.97,108.0,108.93,108.32,8704400.0,,
"May 7, 2025",106.83,108.38,106.1,107.9,107.29,8169400.0,,
"May 6, 2025",106.13,107.62,105.81,106.83,106.23,7958200.0,,
"May 5, 2025",107.38,108.5,107.32,107.73,107.12,6757000.0,,
"May 2, 2025",107.75,108.81,107.46,108.31,107.69,8125400.0,,
"May 1, 2025",107.28,108.28,106.43,106.53,105.92,11532800.0,,
"Apr 30, 2025",102.5,105.38,101.9,104.99,104.39,10203800.0,,
"Apr 29, 2025",103.57,104.99,103.57,104.55,103.96,9144400.0,,
"Apr 28, 2025",104.1,104.61,102.51,104.07,103.47,5574400.0,,
"Apr 25, 2025",102.4,104.43,102.31,104.24,103.64,6518400.0,,
"Apr 24, 2025",100.0,102.86,99.83,102.71,102.13,9317000.0,,
"Apr 23, 2025",99.92,100.97,98.61,99.02,98.46,13413800.0,,
"Apr 22, 2025",95.19,96.79,94.64,96.23,95.68,9312800.0,,
"Apr 22, 2025",95.19,96.79,94.64,96.23,95.68,9312800.0,,
"Apr 21, 2025",94.9,95.14,92.6,93.94,93.41,8973400.0,,
"Apr 17, 2025",97.65,97.65,96.02,96.43,95.88,7480800.0,,
"Apr 16, 2025",97.75,98.79,95.27,96.96,96.4,13222400.0,,
"Apr 15, 2025",100.24,101.21,99.97,100.44,99.87,7200000.0,,
"Apr 14, 2025",102.25,102.32,99.0,100.08,99.51,11904400.0,,
"Apr 11, 2025",96.7,99.6,95.97,99.18,98.61,14423200.0,,
"Apr 10, 2025",98.43,99.1,93.86,97.18,96.63,19747600.0,,
"Apr 9, 2025",90.05,102.49,89.93,101.93,101.35,36988800.0,,
"Apr 8, 2025",95.14,96.42,88.22,89.86,89.35,25811400.0,,
"Apr 7, 2025",87.46,95.9,86.22,91.73,91.21,44557800.0,,
"Apr 4, 2025",94.57,95.32,91.15,91.18,90.67,33804600.0,,
"Apr 3, 2025",99.75,100.35,97.54,97.61,97.06,19451400.0,,
"Apr 2, 2025",102.51,105.63,102.43,104.76,104.17,9292000.0,,
"Apr 1, 2025",102.83,104.08,101.99,104.0,103.4,9480200.0,,
"Mar 31, 2025",101.39,103.47,100.36,103.24,102.65,14219000.0,,
"Mar 28, 2025",105.21,105.63,102.84,103.19,102.6,10667600.0,,
"Mar 27, 2025",106.01,106.61,105.19,105.75,105.15,6577800.0,,
"Mar 26, 2025",108.84,109.1,106.32,106.74,106.13,7873000.0,,
"Mar 25, 2025",108.75,109.32,108.69,109.18,108.55,7481800.0,,
"Mar 24, 2025",,,,,,,Dividend,0.1875
"Mar 24, 2025",108.57,109.07,108.29,108.82,108.2,8200200.0,,
"Mar 21, 2025",105.36,107.13,104.97,106.98,106.19,10425400.0,,
"Mar 20, 2025",106.24,107.86,106.07,106.69,105.9,7145200.0,,
"Mar 19, 2025",106.62,108.71,106.18,107.46,106.66,8838600.0,,
"Mar 18, 2025",106.95,107.06,105.68,106.07,105.29,11486600.0,,
"Mar 17, 2025",106.89,108.48,106.57,107.71,106.92,10148800.0,,
"Mar 14, 2025",105.19,107.08,105.15,106.97,106.18,10040800.0,,
"Mar 13, 2025",105.54,105.77,103.43,103.83,103.06,12383000.0,,
"Mar 12, 2025",106.06,106.76,104.57,105.84,105.05,10981600.0,,
"Mar 11, 2025",104.31,105.96,103.14,104.2,103.43,14832800.0,,
"Mar 10, 2025",107.11,107.31,103.54,104.63,103.85,21561800.0,,
"Mar 7, 2025",107.58,109.54,106.32,109.27,108.46,11263400.0,,
"Mar 6, 2025",108.51,110.22,107.19,107.71,106.91,16432000.0,,
"Mar 5, 2025",109.59,111.14,108.12,110.79,109.96,11931000.0,,
"Mar 4, 2025",108.53,111.18,107.13,109.25,108.44,17721000.0,,
"Mar 3, 2025",113.35,113.57,108.53,109.33,108.52,12516200.0,,
"Feb 28, 2025",110.79,112.88,109.85,112.76,111.93,14172200.0,,
"Feb 27, 2025",116.13,116.25,111.25,111.29,110.47,10100000.0,,
"Feb 26, 2025",115.38,116.59,114.61,115.5,114.64,7630600.0,,
"Feb 25, 2025",115.51,115.61,113.47,114.25,113.41,10433600.0,,
"Feb 24, 2025",117.89,118.22,115.61,115.75,114.9,7447600.0,,
"Feb 21, 2025",120.74,120.79,117.38,117.43,116.56,9057600.0,,
"Feb 20, 2025",120.97,121.14,119.43,120.71,119.81,5987400.0,,
"Feb 19, 2025",120.94,121.57,120.1,121.09,120.19,5604200.0,,
"Feb 18, 2025",120.61,121.1,120.04,121.08,120.18,6024000.0,,
"Feb 14, 2025",119.48,120.08,119.26,119.99,119.09,4557000.0,,
"Feb 13, 2025",118.12,119.65,117.96,119.58,118.69,7829600.0,,
"Feb 12, 2025",116.5,118.05,116.37,117.91,117.03,8555600.0,,
"Feb 11, 2025",117.46,118.64,117.38,118.17,117.29,6456200.0,,
"Feb 10, 2025",117.33,118.4,117.29,118.11,117.23,6054200.0,,
"Feb 7, 2025",117.89,118.46,116.02,116.41,115.55,8552800.0,,
"Feb 6, 2025",117.1,117.65,116.57,117.42,116.54,6808000.0,,
"Feb 5, 2025",115.6,117.12,115.23,117.1,116.23,5398000.0,,
"Feb 4, 2025",114.24,115.67,114.2,115.49,114.63,8371200.0,,
"Feb 3, 2025",112.85,114.54,112.25,113.85,113.0,13752800.0,,
"Jan 31, 2025",117.17,117.86,115.1,115.4,114.55,10741800.0,,
"Jan 30, 2025",115.67,116.49,114.87,116.08,115.22,8840200.0,,
"Jan 29, 2025",116.59,116.64,114.75,115.87,115.01,9050000.0,,
"Jan 28, 2025",114.56,117.08,113.35,116.82,115.95,11260600.0,,
"Jan 27, 2025",114.29,115.49,112.74,113.79,112.94,20705600.0,,
"Jan 24, 2025",121.29,121.29,119.26,119.65,118.76,6607600.0,,
"Jan 23, 2025",119.76,120.93,119.65,120.91,120.01,7604400.0,,
"Jan 22, 2025",119.63,120.97,119.46,120.69,119.8,10243800.0,,
"Jan 21, 2025",117.44,118.32,116.63,118.03,117.15,6744200.0,,
"Jan 17, 2025",117.33,117.47,116.54,117.06,116.19,6742600.0,,
"Jan 16, 2025",117.09,117.17,115.22,115.25,114.39,5368400.0,,
"Jan 15, 2025",115.43,116.49,115.06,116.14,115.28,10465400.0,,
"Jan 14, 2025",114.46,114.78,112.97,113.88,113.03,7220200.0,,
"Jan 13, 2025",112.55,113.66,112.22,113.58,112.74,10656000.0,,
"Jan 10, 2025",115.71,115.73,113.71,114.39,113.54,11665800.0,,
"Jan 8, 2025",117.25,117.27,115.82,116.94,116.07,10023800.0,,
"Jan 7, 2025",120.0,120.0,116.57,116.98,116.11,10006800.0,,
"Jan 6, 2025",119.22,120.53,118.9,119.38,118.49,8975400.0,,
"Jan 3, 2025",116.69,118.0,116.46,117.88,117.0,9117600.0,,
"Jan 2, 2025",117.18,117.51,114.89,115.99,115.12,12766600.0,,
"Dec 31, 2024",117.56,117.64,115.88,116.26,115.4,9381200.0,,
"Dec 30, 2024",117.01,118.17,116.29,117.24,116.36,7950400.0,,
"Dec 27, 2024",119.54,119.69,117.57,118.75,117.86,8726400.0,,
"Dec 26, 2024",119.88,120.79,119.5,120.35,119.45,7150800.0,,
"Dec 24, 2024",119.46,120.27,119.28,120.26,119.37,4653400.0,,
"Dec 23, 2024",,,,,,,Dividend,0.193
"Dec 23, 2024",118.13,119.08,117.5,119.04,118.15,7973400.0,,
"Dec 20, 2024",115.46,118.93,115.1,117.98,116.91,14924800.0,,
"Dec 19, 2024",117.3,117.68,116.1,116.25,115.19,13383400.0,,
"Dec 18, 2024",120.39,120.72,115.85,116.12,115.07,16927200.0,,
"Dec 17, 2024",119.86,120.46,119.4,119.99,118.9,8145000.0,,
"Dec 16, 2024",119.68,120.82,119.43,120.72,119.63,9442600.0,,
"Dec 13, 2024",120.09,120.56,118.57,119.53,118.44,8677000.0,,
"Dec 12, 2024",118.92,119.46,118.63,119.01,117.94,7218200.0,,
"Dec 11, 2024",118.91,120.07,118.5,119.68,118.6,8689600.0,,
"Dec 10, 2024",119.23,119.56,117.6,117.97,116.91,11234400.0,,
"Dec 9, 2024",119.97,120.4,119.33,119.64,118.55,8032400.0,,
"Dec 6, 2024",120.17,120.94,120.04,120.42,119.33,6654200.0,,
"Dec 5, 2024",120.38,120.51,119.79,119.96,118.87,5638000.0,,
"Dec 4, 2024",119.88,120.63,119.53,120.57,119.47,10840000.0,,
"Dec 3, 2024",117.47,118.43,117.25,118.4,117.33,5576000.0,,
"Dec 2, 2024",116.95,118.42,116.92,117.97,116.91,9398200.0,,
"Nov 29, 2024",116.06,117.11,115.94,116.86,115.81,4168400.0,,
"Nov 27, 2024",116.58,116.65,114.76,115.79,114.74,6369400.0,,
"Nov 27, 2024",116.58,116.65,114.76,115.79,114.74,6369400.0,,
"Nov 26, 2024",117.32,117.75,116.88,117.38,116.32,6229400.0,,
"Nov 25, 2024",117.68,117.89,116.26,116.79,115.74,11137200.0,,
"Nov 22, 2024",116.53,117.07,116.11,116.8,115.74,7090800.0,,
"Nov 21, 2024",116.68,117.29,114.9,116.74,115.68,10591800.0,,
"Nov 20, 2024",115.76,115.81,114.03,115.57,114.52,8874400.0,,
"Nov 19, 2024",114.0,115.76,114.0,115.67,114.62,6906800.0,,
"Nov 18, 2024",114.36,115.21,113.86,114.72,113.69,6166800.0,,
"Nov 15, 2024",115.82,115.96,113.97,114.36,113.32,11229800.0,,
"Nov 14, 2024",117.86,118.06,117.07,117.26,116.2,6602000.0,,
"Nov 13, 2024",117.82,118.54,117.3,117.67,116.6,6329600.0,,
"Nov 12, 2024",117.85,118.22,117.14,118.07,117.01,7530800.0,,
"Nov 11, 2024",118.57,118.64,117.22,117.93,116.86,7267200.0,,
"Nov 8, 2024",118.56,118.97,118.15,118.58,117.51,7236400.0,,
"Nov 7, 2024",117.49,118.85,117.43,118.71,117.64,10463000.0,,
"Nov 6, 2024",115.64,116.89,115.29,116.68,115.62,10967800.0,,
"Nov 5, 2024",112.21,113.54,112.21,113.44,112.42,7273000.0,,
"Nov 4, 2024",112.06,112.68,111.39,111.87,110.86,6311800.0,,
"Nov 1, 2024",111.24,112.79,111.09,111.96,110.94,11565800.0,,
"Oct 31, 2024",113.54,113.54,111.08,111.12,110.11,12110200.0,,
"Oct 30, 2024",115.6,115.9,114.73,114.81,113.77,8341200.0,,
"Oct 29, 2024",115.33,117.0,114.9,116.66,115.6,7451600.0,,
"Oct 28, 2024",115.97,115.97,115.08,115.11,114.07,5899200.0,,
"Oct 25, 2024",115.2,116.44,114.98,115.14,114.1,8314800.0,,
"Oct 24, 2024",114.68,114.83,113.87,114.55,113.51,4832800.0,,
"Oct 23, 2024",115.44,115.62,113.24,114.21,113.18,6083600.0,,
"Oct 22, 2024",115.38,116.27,115.05,115.88,114.83,6169200.0,,
"Oct 21, 2024",115.1,116.01,114.89,116.0,114.95,6322400.0,,
"Oct 18, 2024",115.64,115.88,115.21,115.46,114.41,4537000.0,,
"Oct 17, 2024",116.29,116.36,115.04,115.04,114.0,6051200.0,,
"Oct 16, 2024",114.7,114.87,113.46,114.69,113.66,5758800.0,,
"Oct 15, 2024",117.0,117.29,113.92,114.34,113.31,14179400.0,,
"Oct 14, 2024",116.14,117.15,116.08,116.91,115.85,9810200.0,,
"Oct 11, 2024",114.93,115.67,114.76,115.4,114.36,8849000.0,,
"Oct 10, 2024",114.46,115.5,114.14,115.21,114.16,5692200.0,,
"Oct 9, 2024",114.05,115.39,113.69,115.24,114.19,7579800.0,,
"Oct 8, 2024",112.68,114.15,112.42,113.96,112.93,7864800.0,,
"Oct 7, 2024",112.14,112.89,111.59,111.87,110.86,4430400.0,,
"Oct 4, 2024",112.85,112.93,111.46,112.64,111.63,5009200.0,,
"Oct 3, 2024",110.62,112.22,110.61,111.4,110.4,5784800.0,,
"Oct 2, 2024",110.15,111.45,109.53,110.94,109.94,4532400.0,,
"Oct 1, 2024",112.54,112.61,109.47,110.13,109.13,11295400.0,,
"Sep 30, 2024",112.06,112.95,111.5,112.88,111.86,5500400.0,,
"Sep 27, 2024",113.77,113.81,112.13,112.55,111.53,6093800.0,,
"Sep 26, 2024",114.32,114.44,112.42,113.61,112.58,9244800.0,,
"Sep 25, 2024",111.58,112.61,111.54,112.13,111.11,6111600.0,,
"Sep 24, 2024",111.51,112.03,110.31,111.81,110.79,7025800.0,,
"Sep 23, 2024",,,,,,,Dividend,0.1995
"Sep 23, 2024",111.17,111.31,110.71,111.04,110.04,7490600.0,,
"Sep 20, 2024",111.37,111.76,110.27,111.26,110.06,14492800.0,,
"Sep 19, 2024",111.64,112.5,111.03,111.81,110.6,13934000.0,,
"Sep 18, 2024",109.86,110.63,108.48,108.58,107.41,12741600.0,,
"Sep 17, 2024",110.9,111.07,109.03,109.58,108.4,6990000.0,,
"Sep 16, 2024",109.43,110.15,108.79,109.8,108.61,6897800.0,,
"Sep 13, 2024",109.81,110.5,109.36,110.22,109.03,8047400.0,,
"Sep 12, 2024",108.69,110.14,107.93,109.67,108.48,10604200.0,,
"Sep 11, 2024",105.54,108.93,103.87,108.77,107.59,12768800.0,,
"Sep 10, 2024",104.35,105.4,103.35,105.18,104.04,10123000.0,,
"Sep 9, 2024",103.22,103.75,102.27,103.63,102.51,10922000.0,,
"Sep 6, 2024",104.59,104.84,101.49,101.96,100.86,12441000.0,,
"Sep 5, 2024",104.08,105.97,103.99,104.68,103.54,8874800.0,,
"Sep 4, 2024",104.04,106.03,103.71,104.83,103.7,12330000.0,,
"Sep 3, 2024",109.0,109.08,104.5,105.11,103.97,14765800.0,,
"Aug 30, 2024",109.9,110.59,108.72,110.17,108.97,10048400.0,,
"Aug 29, 2024",109.74,111.29,108.44,108.72,107.54,13314800.0,,
"Aug 28, 2024",111.1,111.32,108.79,109.71,108.52,9002200.0,,
"Aug 27, 2024",109.89,111.48,109.35,111.25,110.04,7656000.0,,
"Aug 26, 2024",111.88,112.3,110.01,110.57,109.38,6268800.0,,
"Aug 23, 2024",111.29,112.47,110.55,111.98,110.77,10681000.0,,
"Aug 22, 2024",113.42,113.68,109.96,110.19,109.0,9083600.0,,
"Aug 21, 2024",112.2,113.18,111.85,112.79,111.57,7538800.0,,
"Aug 20, 2024",112.23,112.9,111.47,112.13,110.92,7221600.0,,
"Aug 19, 2024",110.44,112.53,109.99,112.53,111.31,13004200.0,,
"Aug 16, 2024",109.93,110.92,109.63,110.7,109.5,6706400.0,,
"Aug 15, 2024",108.82,110.63,108.58,110.51,109.32,9518800.0,,
"Aug 14, 2024",107.5,107.97,105.98,107.43,106.26,8922400.0,,
"Aug 13, 2024",104.94,106.88,104.81,106.84,105.68,9999600.0,,
"Aug 12, 2024",103.14,104.46,102.65,103.65,102.53,8580200.0,,
"Aug 9, 2024",102.29,103.4,101.68,102.82,101.7,9535600.0,,
"Aug 8, 2024",100.46,102.61,99.0,102.36,101.25,14477200.0,,
"Aug 7, 2024",102.72,103.22,98.54,98.67,97.6,17653600.0,,
"Aug 6, 2024",100.21,102.32,99.15,100.29,99.21,24575800.0,,
"Aug 5, 2024",95.96,100.86,95.38,98.95,97.88,31430000.0,,
"Aug 2, 2024",102.52,103.36,100.63,102.36,101.25,18621600.0,,
"Aug 1, 2024",109.1,110.36,104.2,105.32,104.18,16991400.0,,
"Jul 31, 2024",108.19,109.79,107.43,109.4,108.22,14614000.0,,
"Jul 30, 2024",108.06,108.17,104.15,104.96,103.82,10694600.0,,
"Jul 29, 2024",109.0,109.47,107.35,107.66,106.49,7343800.0,,
"Jul 26, 2024",108.22,109.0,107.22,108.14,106.97,11697800.0,,
"Jul 25, 2024",107.82,109.43,105.23,106.79,105.63,21158000.0,,
"Jul 24, 2024",111.13,111.48,107.68,107.94,106.77,14300800.0,,
"Jul 23, 2024",112.58,113.61,112.45,112.6,111.38,5530800.0,,
"Jul 22, 2024",111.89,113.18,111.42,113.05,111.83,10601600.0,,
"Jul 19, 2024",111.6,112.28,110.19,110.43,109.24,8472800.0,,
"Jul 18, 2024",113.41,113.43,110.78,112.19,110.98,10837200.0,,
"Jul 17, 2024",114.05,114.17,112.13,112.18,110.97,12440400.0,,
"Jul 16, 2024",117.39,117.44,115.89,116.72,115.46,7652200.0,,
"Jul 15, 2024",117.5,118.26,116.44,117.11,115.84,8628000.0,,
"Jul 12, 2024",116.18,118.14,115.78,116.9,115.63,9767600.0,,
"Jul 11, 2024",119.02,119.07,115.53,115.86,114.61,14106000.0,,
"Jul 11, 2024",119.02,119.07,115.53,115.86,114.61,14106000.0,,
"Jul 10, 2024",117.94,118.93,117.29,118.84,117.55,8749400.0,,
"Jul 9, 2024",117.83,118.11,116.47,117.14,115.87,8678600.0,,
"Jul 8, 2024",116.82,117.57,116.61,117.24,115.97,7671000.0,,
"Jul 5, 2024",116.21,116.96,115.74,116.44,115.18,6671800.0,,
"Jul 3, 2024",114.38,116.14,114.28,116.08,114.83,6249200.0,,
"Jul 2, 2024",112.98,114.55,112.98,114.54,113.3,7076600.0,,
"Jul 1, 2024",113.29,114.16,111.64,113.97,112.74,9281600.0,,
"Jun 28, 2024",113.57,115.19,112.96,113.11,111.89,12488200.0,,
"Jun 27, 2024",112.9,113.74,112.76,113.18,111.95,7923600.0,,
"Jun 26, 2024",113.08,113.65,112.24,113.12,111.9,9459600.0,,
"Jun 25, 2024",112.03,113.31,111.39,113.25,112.02,9126200.0,,
"Jun 24, 2024",,,,,,,Dividend,0.2
"Jun 24, 2024",112.82,113.33,111.18,111.21,110.01,13748600.0,,
"Jun 21, 2024",114.43,114.88,113.68,114.21,112.77,13560200.0,,
"Jun 20, 2024",116.22,116.29,114.02,114.4,112.97,13243000.0,,
"Jun 18, 2024",115.68,116.08,115.25,115.71,114.25,8677800.0,,
"Jun 17, 2024",114.11,115.96,113.72,115.56,114.11,11602600.0,,
"Jun 14, 2024",113.25,113.9,113.18,113.83,112.41,7864600.0,,
"Jun 13, 2024",113.57,113.88,112.72,113.41,111.99,12693600.0,,
"Jun 12, 2024",111.18,113.65,110.97,112.52,111.11,17821200.0,,
"Jun 11, 2024",107.8,110.11,107.75,110.08,108.7,12719200.0,,
"Jun 10, 2024",107.43,108.36,107.36,108.07,106.72,6734800.0,,
"Jun 7, 2024",107.67,108.26,107.27,107.8,106.45,6398600.0,,
"Jun 6, 2024",107.97,108.04,107.26,107.55,106.2,7057600.0,,
"Jun 5, 2024",106.4,107.91,106.23,107.91,106.55,8788800.0,,
"Jun 4, 2024",105.29,105.74,104.75,105.57,104.24,6405400.0,,
"Jun 3, 2024",105.89,105.98,104.08,105.35,104.02,9628000.0,,
"May 31, 2024",105.22,105.25,102.76,105.08,103.76,12081000.0,,
"May 30, 2024",106.17,106.33,104.59,104.92,103.6,10450600.0,,
"May 29, 2024",106.91,107.88,106.91,107.36,106.02,8569000.0,,
"May 28, 2024",108.21,108.29,107.38,108.05,106.69,8786400.0,,
"May 24, 2024",106.96,107.82,106.61,107.6,106.24,5906400.0,,
"May 23, 2024",108.8,108.81,106.36,106.69,105.36,9400400.0,,
"May 22, 2024",107.64,107.96,106.93,107.57,106.22,11783000.0,,
"May 21, 2024",106.75,107.5,106.56,107.33,105.98,6140400.0,,
"May 20, 2024",106.01,107.36,105.92,107.15,105.81,6276800.0,,
"May 17, 2024",106.39,106.46,105.33,105.91,104.58,7616000.0,,
"May 16, 2024",106.58,106.91,106.1,106.14,104.81,12066600.0,,
"May 15, 2024",104.82,106.55,104.75,106.51,105.18,14308600.0,,
"May 14, 2024",103.22,104.32,103.16,104.17,102.86,9825200.0,,
"May 13, 2024",103.53,103.61,102.93,103.25,101.96,6582000.0,,
"May 10, 2024",102.93,103.39,102.44,102.77,101.48,8753800.0,,
"May 9, 2024",102.25,102.47,101.88,102.39,101.1,9589600.0,,
"May 8, 2024",101.76,102.53,101.74,102.42,101.13,7176000.0,,
"May 7, 2024",102.76,102.82,102.12,102.13,100.85,10020800.0,,
"May 6, 2024",101.66,102.46,101.5,102.46,101.18,8021000.0,,
"May 3, 2024",101.19,101.61,100.83,101.28,100.0,13316400.0,,
"May 2, 2024",98.37,98.67,97.13,98.53,97.29,13340000.0,,
"May 1, 2024",97.61,99.25,97.11,97.13,95.91,20453600.0,,
"Apr 30, 2024",100.0,100.4,98.11,98.14,96.9,14929000.0,,
"Apr 29, 2024",100.43,100.58,99.76,100.35,99.08,7494800.0,,
"Apr 26, 2024",99.58,100.64,99.19,99.92,98.66,10104200.0,,
"Apr 25, 2024",97.78,98.99,97.35,98.8,97.56,11568000.0,,
"Apr 24, 2024",99.29,99.71,98.47,99.01,97.77,9160200.0,,
"Apr 23, 2024",97.53,98.71,97.39,98.57,97.33,12151600.0,,
"Apr 22, 2024",97.0,97.71,96.04,97.13,95.91,13293400.0,,
"Apr 19, 2024",97.92,98.24,96.02,96.26,95.06,21880000.0,,
"Apr 18, 2024",99.39,99.65,98.18,98.29,97.06,15280600.0,,
"Apr 17, 2024",101.25,101.42,99.35,99.43,98.18,13090400.0,,
"Apr 16, 2024",100.98,101.5,100.48,100.88,99.61,14914000.0,,
"Apr 15, 2024",103.34,103.4,100.61,100.76,99.49,17189000.0,,
"Apr 12, 2024",103.15,103.64,102.33,102.71,101.42,16186800.0,,
"Apr 11, 2024",102.81,104.57,102.32,104.4,103.09,10563600.0,,
"Apr 10, 2024",102.44,102.74,101.92,102.36,101.07,13836800.0,,
"Apr 9, 2024",103.64,103.85,102.33,103.63,102.32,9400800.0,,
"Apr 8, 2024",103.29,103.63,102.72,103.11,101.81,8125800.0,,
"Apr 5, 2024",102.5,103.75,102.21,103.22,101.93,12808800.0,,
"Apr 4, 2024",104.68,105.05,102.0,102.06,100.77,16464800.0,,
"Apr 3, 2024",102.9,104.23,102.88,103.69,102.39,10670000.0,,
"Apr 2, 2024",103.26,103.57,102.58,103.42,102.12,11418200.0,,
"Apr 1, 2024",104.36,105.04,104.04,104.43,103.11,11654800.0,,
"Mar 28, 2024",104.11,104.43,103.93,104.14,102.83,8854400.0,,
"Mar 27, 2024",104.49,104.54,103.56,104.36,103.05,12495000.0,,
"Mar 26, 2024",104.64,104.81,103.75,103.83,102.53,8538400.0,,
"Mar 25, 2024",103.96,104.71,103.66,104.26,102.95,8777800.0,,
"Mar 22, 2024",104.93,105.34,104.55,104.96,103.64,11507000.0,,
"Mar 21, 2024",105.96,105.96,104.83,104.92,103.6,12312000.0,,
"Mar 20, 2024",103.76,104.88,103.4,104.85,103.53,13357400.0,,
"Mar 19, 2024",102.64,103.7,102.13,103.68,102.38,13390200.0,,
"Mar 18, 2024",,,,,,,Dividend,0.1695
"Mar 18, 2024",103.54,104.21,103.07,103.15,101.85,14176600.0,,
"Mar 15, 2024",102.89,103.36,102.39,102.82,101.36,19633400.0,,
"Mar 14, 2024",104.81,105.18,103.75,104.39,102.91,16023200.0,,
"Mar 13, 2024",105.19,105.25,103.93,104.37,102.89,12815400.0,,
"Mar 12, 2024",104.39,105.52,103.39,105.51,104.01,17382800.0,,
"Mar 11, 2024",103.2,103.62,102.64,103.39,101.92,15648400.0,,
"Mar 8, 2024",105.43,106.18,103.61,103.68,102.2,14912200.0,,
"Mar 7, 2024",104.49,105.56,103.97,105.24,103.75,12120800.0,,
"Mar 6, 2024",103.86,104.39,102.91,103.61,102.14,14303200.0,,
"Mar 5, 2024",104.34,104.39,102.13,102.79,101.33,18042800.0,,
"Mar 4, 2024",105.23,105.99,105.0,105.38,103.89,20443800.0,,
"Mar 1, 2024",103.75,105.53,103.71,105.38,103.89,13136800.0,,
"Feb 29, 2024",102.89,103.74,102.32,103.49,102.02,11986800.0,,
"Feb 28, 2024",102.5,102.63,101.98,102.35,100.9,8329000.0,,
"Feb 27, 2024",103.03,103.03,102.07,102.83,101.38,9984400.0,,
"Feb 26, 2024",103.1,103.35,102.64,102.75,101.29,18248800.0,,
"Feb 23, 2024",103.7,103.83,102.32,102.64,101.19,12324000.0,,
"Feb 22, 2024",102.2,103.17,101.96,102.89,101.43,18551600.0,,
"Feb 21, 2024",99.29,99.63,98.54,99.63,98.21,15954400.0,,
"Feb 21, 2024",99.29,99.63,98.54,99.63,98.21,15954400.0,,
"Feb 20, 2024",100.69,101.05,99.25,100.25,98.83,17447600.0,,
"Feb 16, 2024",102.5,102.71,101.15,101.29,99.85,11090400.0,,
"Feb 15, 2024",102.57,102.68,101.65,102.22,100.77,10796400.0,,
"Feb 14, 2024",102.14,102.52,101.42,102.44,100.99,11791600.0,,
"Feb 13, 2024",100.89,102.06,100.59,101.38,99.94,19459400.0,,
"Feb 12, 2024",103.92,104.24,102.98,103.13,101.67,10753200.0,,
"Feb 9, 2024",102.97,104.06,102.85,103.92,102.45,11612200.0,,
"Feb 8, 2024",102.39,102.82,102.27,102.54,101.09,9948200.0,,
"Feb 7, 2024",101.6,102.25,101.19,102.22,100.77,11365800.0,,
"Feb 6, 2024",101.46,101.64,100.24,100.89,99.45,12677200.0,,
"Feb 5, 2024",101.53,101.64,100.4,101.35,99.91,10086200.0,,
"Feb 2, 2024",99.4,101.44,99.38,101.12,99.69,12872200.0,,
"Feb 1, 2024",99.24,100.22,99.17,100.08,98.67,14303400.0,,
"Jan 31, 2024",100.0,100.41,98.79,98.84,97.44,16295200.0,,
"Jan 30, 2024",101.76,101.92,100.65,100.96,99.53,12251600.0,,
"Jan 29, 2024",101.0,101.82,100.8,101.8,100.36,7639600.0,,
"Jan 26, 2024",101.33,101.79,100.64,100.88,99.44,10553000.0,,
"Jan 25, 2024",102.56,103.07,101.58,102.05,100.6,17071400.0,,
"Jan 24, 2024",101.63,102.64,101.33,101.63,100.18,17651200.0,,
"Jan 23, 2024",100.62,101.0,100.04,100.93,99.5,13263800.0,,
"Jan 22, 2024",100.57,101.14,100.14,100.53,99.1,14969000.0,,
"Jan 19, 2024",98.47,100.11,98.25,100.08,98.67,18333200.0,,
"Jan 18, 2024",97.17,97.92,96.8,97.83,96.44,18918800.0,,
"Jan 17, 2024",95.64,96.0,94.85,95.89,94.52,14109000.0,,
"Jan 16, 2024",96.0,96.76,95.44,96.36,94.99,11775600.0,,
"Jan 12, 2024",95.96,96.34,95.64,96.12,94.76,8834600.0,,
"Jan 11, 2024",95.79,96.28,94.46,95.81,94.45,13296600.0,,
"Jan 10, 2024",94.57,95.53,94.36,95.32,93.97,9785400.0,,
"Jan 9, 2024",93.64,94.79,93.44,94.52,93.18,10633800.0,,
"Jan 8, 2024",92.53,94.43,92.43,94.37,93.03,16434600.0,,
"Jan 5, 2024",92.19,92.86,91.71,92.06,90.75,16350600.0,,
"Jan 4, 2024",92.19,92.83,92.0,92.08,90.78,12127200.0,,
"Jan 3, 2024",92.86,93.38,92.6,92.76,91.45,18190000.0,,
"Jan 2, 2024",94.93,95.08,93.13,93.72,92.39,23545400.0,,
"Dec 29, 2023",96.58,96.78,95.76,96.24,94.87,12190600.0,,
"Dec 28, 2023",96.76,96.86,96.49,96.54,95.17,9615400.0,,
"Dec 27, 2023",96.47,96.62,96.01,96.42,95.05,11764600.0,,
"Dec 26, 2023",96.08,96.63,96.08,96.43,95.06,6207600.0,,
"Dec 22, 2023",96.18,96.31,95.55,96.03,94.66,10215000.0,,
"Dec 21, 2023",95.8,96.11,95.1,95.9,94.54,11336000.0,,
"Dec 20, 2023",96.18,96.52,94.82,94.83,93.49,13734800.0,,
"Dec 19, 2023",95.9,96.3,95.85,96.29,94.92,9003600.0,,
"Dec 18, 2023",,,,,,,Dividend,0.211
"Dec 18, 2023",95.62,96.14,95.21,95.93,94.56,10138000.0,,
"Dec 15, 2023",95.27,96.4,95.27,95.85,94.28,18131200.0,,
"Dec 14, 2023",95.68,96.04,94.67,95.37,93.81,15427400.0,,
"Dec 13, 2023",95.0,95.83,94.77,95.61,94.04,29395000.0,,
"Dec 12, 2023",93.8,94.8,93.72,94.77,93.22,15055400.0,,
"Dec 11, 2023",93.06,94.17,92.84,94.14,92.61,37795400.0,,
"Dec 8, 2023",92.34,93.4,92.22,93.33,91.8,12808800.0,,
"Dec 7, 2023",91.86,92.69,91.67,92.54,91.03,13928800.0,,
"Dec 6, 2023",92.79,92.92,91.36,91.43,89.93,14731400.0,,
"Dec 5, 2023",91.17,92.32,91.17,92.21,90.7,10841400.0,,
"Dec 4, 2023",91.86,91.86,90.66,91.66,90.16,18221800.0,,
"Dec 1, 2023",92.34,92.96,91.89,92.79,91.27,13992200.0,,
"Nov 30, 2023",92.83,92.96,91.81,92.58,91.07,13744000.0,,
"Nov 29, 2023",93.05,93.45,92.39,92.44,90.93,10765400.0,,
"Nov 28, 2023",91.89,92.62,91.89,92.38,90.86,11012400.0,,
"Nov 27, 2023",92.07,92.74,91.91,92.2,90.69,8420000.0,,
"Nov 24, 2023",92.23,92.31,91.86,92.21,90.7,4193800.0,,
"Nov 22, 2023",92.56,93.18,92.14,92.39,90.87,11213400.0,,
"Nov 21, 2023",92.31,92.45,91.64,91.97,90.47,13350800.0,,
"Nov 20, 2023",91.51,92.96,91.5,92.72,91.21,11116200.0,,
"Nov 17, 2023",91.39,91.75,91.0,91.4,89.91,13277800.0,,
"Nov 16, 2023",90.96,91.69,90.79,91.59,90.09,11553600.0,,
"Nov 15, 2023",91.43,91.57,90.79,91.14,89.64,13147800.0,,
"Nov 14, 2023",90.6,91.25,90.32,91.02,89.53,16508400.0,,
"Nov 13, 2023",89.39,89.46,88.86,89.24,87.78,11725000.0,,
"Nov 10, 2023",88.0,89.82,87.9,89.76,88.29,13346400.0,,
"Nov 9, 2023",88.01,88.66,87.36,87.47,86.04,14374600.0,,
"Nov 8, 2023",87.69,88.03,87.29,87.89,86.45,10722400.0,,
"Nov 7, 2023",86.68,87.64,86.54,87.39,85.96,13029800.0,,
"Nov 6, 2023",86.0,86.47,85.72,86.44,85.03,11099200.0,,
"Nov 3, 2023",84.92,86.22,84.74,85.88,84.48,15661800.0,,
"Nov 2, 2023",84.35,85.08,84.23,85.0,83.61,16192600.0,,
"Nov 1, 2023",82.15,83.7,82.15,83.59,82.22,20945800.0,,
"Oct 31, 2023",81.46,82.07,80.83,82.0,80.66,10893600.0,,
"Oct 30, 2023",80.99,81.71,80.74,81.43,80.09,14180800.0,,
"Oct 27, 2023",80.58,81.38,80.21,80.56,79.24,16231600.0,,
"Oct 26, 2023",81.8,82.16,79.75,80.1,78.78,20646400.0,,
"Oct 25, 2023",83.03,83.13,81.41,81.65,80.32,15529600.0,,
"Oct 24, 2023",82.39,82.75,81.74,82.63,81.28,11180400.0,,
"Oct 23, 2023",81.46,82.9,81.0,82.07,80.72,15159000.0,,
"Oct 20, 2023",83.34,83.4,81.89,81.97,80.63,15350400.0,,
"Oct 19, 2023",84.19,84.76,83.24,83.38,82.02,19991800.0,,
"Oct 18, 2023",84.14,84.82,83.51,83.86,82.49,12862800.0,,
"Oct 17, 2023",84.06,85.17,83.45,84.73,83.34,15317800.0,,
"Oct 16, 2023",84.46,85.51,84.44,85.13,83.73,14544200.0,,
"Oct 13, 2023",85.71,85.86,84.02,84.32,82.94,15183200.0,,
"Oct 12, 2023",85.54,86.42,84.89,85.54,84.14,15405800.0,,
"Oct 11, 2023",84.93,85.5,84.67,85.46,84.06,10389200.0,,
"Oct 10, 2023",84.61,85.36,84.37,84.68,83.29,20402800.0,,
"Oct 9, 2023",83.6,84.68,83.21,84.54,83.16,13139200.0,,
"Oct 6, 2023",82.0,84.47,81.76,84.11,82.73,16625600.0,,
"Oct 5, 2023",82.45,82.7,81.57,82.57,81.21,12023000.0,,
"Oct 4, 2023",81.5,82.68,81.5,82.46,81.11,15194200.0,,
"Oct 3, 2023",82.38,82.94,81.02,81.44,80.11,14838800.0,,
"Oct 2, 2023",82.0,83.08,81.88,82.85,81.49,13656200.0,,
"Sep 29, 2023",82.49,83.25,81.68,81.96,80.62,15883800.0,,
"Sep 29, 2023",82.49,83.25,81.68,81.96,80.62,15883800.0,,
"Sep 28, 2023",80.72,82.21,80.35,81.68,80.35,12829400.0,,
"Sep 27, 2023",81.38,81.54,80.31,81.11,79.78,11665200.0,,
"Sep 26, 2023",81.93,81.97,80.71,80.99,79.66,14926000.0,,
"Sep 25, 2023",82.0,82.6,81.79,82.47,81.12,10577400.0,,
"Sep 22, 2023",82.39,82.96,82.02,82.21,80.86,12537800.0,,
"Sep 21, 2023",82.43,83.01,81.99,82.03,80.69,14741200.0,,
"Sep 20, 2023",84.86,84.97,83.26,83.3,81.94,10760400.0,,
"Sep 19, 2023",84.32,84.85,83.86,84.63,83.25,8236600.0,,
"Sep 18, 2023",,,,,,,Dividend,0.18
"Sep 18, 2023",84.03,84.96,84.0,84.68,83.29,9943800.0,,
"Sep 15, 2023",85.79,85.82,84.22,84.45,82.89,13116800.0,,
"Sep 14, 2023",86.01,86.32,85.47,86.11,84.52,9473200.0,,
"Sep 13, 2023",85.24,85.94,85.0,85.49,83.91,10008800.0,,
"Sep 12, 2023",86.12,86.43,85.11,85.27,83.7,12243000.0,,
"Sep 11, 2023",87.15,87.24,86.08,86.85,85.24,8272800.0,,
"Sep 8, 2023",86.21,86.95,86.17,86.39,84.8,8584800.0,,
"Sep 7, 2023",85.86,86.4,85.54,86.21,84.62,12513600.0,,
"Sep 6, 2023",88.07,88.29,86.94,87.48,85.87,18143200.0,,
"Sep 5, 2023",87.88,88.69,87.6,88.42,86.78,10060400.0,,
"Sep 1, 2023",88.38,88.5,87.65,88.1,86.47,9244600.0,,
"Aug 31, 2023",87.61,88.17,87.51,87.83,86.21,11963400.0,,
"Aug 30, 2023",86.76,87.5,86.46,87.4,85.79,12266600.0,,
"Aug 29, 2023",84.8,86.83,84.71,86.75,85.15,13713800.0,,
"Aug 28, 2023",85.0,85.22,84.39,85.04,83.48,8963800.0,,
"Aug 25, 2023",83.84,84.82,83.1,84.36,82.8,15686600.0,,
"Aug 24, 2023",86.55,86.56,83.44,83.5,81.96,13929000.0,,
"Aug 23, 2023",84.17,85.72,84.16,85.47,83.9,10113200.0,,
"Aug 22, 2023",84.81,84.86,83.78,83.96,82.41,11361800.0,,
"Aug 21, 2023",82.9,84.22,82.82,84.06,82.5,13132800.0,,
"Aug 18, 2023",81.52,82.82,81.47,82.48,80.96,13658600.0,,
"Aug 17, 2023",83.51,83.67,82.23,82.36,80.84,12614800.0,,
"Aug 16, 2023",83.76,84.25,83.14,83.14,81.61,9779400.0,,
"Aug 15, 2023",84.53,84.83,83.75,83.94,82.4,9366400.0,,
"Aug 14, 2023",83.36,84.79,83.17,84.78,83.22,10328000.0,,
"Aug 11, 2023",83.4,83.94,83.16,83.45,81.91,10772000.0,,
"Aug 10, 2023",84.7,85.43,83.65,84.07,82.52,12731400.0,,
"Aug 9, 2023",85.28,85.28,83.77,84.06,82.51,14301800.0,,
"Aug 8, 2023",85.22,85.27,84.31,85.16,83.59,11461800.0,,
"Aug 7, 2023",85.94,86.24,85.2,85.82,84.24,9536000.0,,
"Aug 4, 2023",86.46,86.99,85.44,85.58,84.0,14431800.0,,
"Aug 3, 2023",86.4,87.27,86.35,86.76,85.16,11321000.0,,
"Aug 2, 2023",88.54,88.6,86.8,87.11,85.51,15818600.0,,
"Aug 1, 2023",88.89,89.51,88.65,89.32,87.68,8845800.0,,
"Jul 31, 2023",89.05,89.29,88.67,89.18,87.53,10138400.0,,
"Jul 28, 2023",88.59,89.24,88.4,88.97,87.33,11287400.0,,
"Jul 27, 2023",89.22,89.49,87.38,87.78,86.16,13857000.0,,
"Jul 26, 2023",88.29,88.51,87.41,88.03,86.41,15501600.0,,
"Jul 25, 2023",88.5,89.53,88.49,89.23,87.58,10802200.0,,
"Jul 24, 2023",88.46,88.67,87.88,88.22,86.59,11308200.0,,
"Jul 21, 2023",88.67,89.11,87.96,88.07,86.44,14871400.0,,
"Jul 20, 2023",89.33,89.71,87.83,88.11,86.48,24356000.0,,
"Jul 19, 2023",90.36,90.73,89.56,89.9,88.25,20990000.0,,
"Jul 18, 2023",88.92,90.57,88.45,90.13,88.47,16406000.0,,
"Jul 17, 2023",88.16,89.38,88.06,89.12,87.48,11858800.0,,
"Jul 14, 2023",88.35,89.04,87.74,88.0,86.37,11543800.0,,
"Jul 13, 2023",87.58,88.32,87.41,88.13,86.5,9349200.0,,
"Jul 12, 2023",86.88,87.4,86.4,86.99,85.38,16104400.0,,
"Jul 11, 2023",86.01,86.11,85.18,86.01,84.43,9996000.0,,
"Jul 10, 2023",85.29,85.83,84.97,85.83,84.25,16877200.0,,
"Jul 7, 2023",85.84,86.64,85.56,85.61,84.03,11622200.0,,
"Jul 6, 2023",85.36,86.06,85.1,85.98,84.39,12116400.0,,
"Jul 5, 2023",86.14,86.86,86.07,86.21,84.62,9395600.0,,
"Jul 3, 2023",86.92,86.96,86.31,86.75,85.14,6182200.0,,
"Jun 30, 2023",86.42,87.15,86.36,86.93,85.33,11398400.0,,
"Jun 29, 2023",85.51,85.72,85.06,85.57,83.99,9128200.0,,
"Jun 28, 2023",84.89,85.88,84.83,85.42,83.84,11371600.0,,
"Jun 27, 2023",84.06,85.57,83.97,85.37,83.79,13833000.0,,
"Jun 26, 2023",84.4,85.14,83.66,83.72,82.18,10890200.0,,
"Jun 23, 2023",84.2,84.82,83.97,84.32,82.77,14729000.0,,
"Jun 22, 2023",84.18,85.29,84.17,85.25,83.68,15224200.0,,
"Jun 21, 2023",85.5,85.67,84.31,84.56,83.0,12058000.0,,
"Jun 20, 2023",,,,,,,Dividend,0.181
"Jun 20, 2023",85.92,86.45,85.37,85.83,84.25,14137800.0,,
"Jun 16, 2023",88.14,88.15,86.51,86.6,84.82,17366600.0,,
"Jun 15, 2023",85.86,87.71,85.83,87.32,85.52,17732600.0,,
"Jun 14, 2023",85.22,86.24,84.93,86.21,84.44,16769000.0,,
"Jun 13, 2023",85.57,85.73,84.64,85.32,83.58,16595800.0,,
"Jun 12, 2023",83.57,84.85,83.4,84.81,83.07,13787200.0,,
"Jun 9, 2023",83.0,83.86,82.72,83.0,81.3,14413600.0,,
"Jun 8, 2023",81.83,82.72,81.77,82.6,80.9,10665200.0,,
"Jun 7, 2023",82.79,83.43,81.54,81.71,80.03,13703800.0,,
"Jun 6, 2023",82.77,83.13,82.36,82.95,81.25,9975600.0,,
"Jun 5, 2023",83.4,83.96,82.82,82.97,81.27,10909000.0,,
"Jun 2, 2023",83.46,83.83,82.86,83.45,81.74,14270600.0,,
"Jun 1, 2023",81.88,83.32,81.61,82.97,81.27,17419400.0,,
"May 31, 2023",82.36,83.13,82.1,82.14,80.46,19301000.0,,
"May 30, 2023",83.6,84.02,82.65,82.83,81.13,18123600.0,,
"May 26, 2023",80.32,82.54,80.31,82.39,80.7,15160000.0,,
"May 25, 2023",79.21,80.43,78.79,80.11,78.47,18078000.0,,
"May 24, 2023",77.11,77.46,76.74,77.15,75.57,10925600.0,,
"May 23, 2023",78.5,78.82,77.69,77.72,76.13,11691000.0,,
"May 22, 2023",78.5,79.1,78.38,78.89,77.27,10794200.0,,
"May 19, 2023",78.79,78.93,78.47,78.74,77.13,9805000.0,,
"May 18, 2023",77.29,78.89,77.29,78.78,77.16,15491200.0,,
"May 17, 2023",76.5,77.32,76.14,77.19,75.61,11916600.0,,
"May 16, 2023",76.0,76.6,75.97,76.18,74.62,9398200.0,,
"May 15, 2023",75.55,76.11,75.28,76.1,74.54,6796600.0,,
"May 12, 2023",75.71,75.82,74.89,75.47,73.93,7908000.0,,
"May 11, 2023",75.79,75.79,75.05,75.57,74.03,8956800.0,,
"May 11, 2023",75.79,75.79,75.05,75.57,74.03,8956800.0,,
"May 10, 2023",75.65,76.09,75.18,75.92,74.36,10551800.0,,
"May 9, 2023",75.17,75.31,74.92,75.0,73.46,12473200.0,,
"May 8, 2023",75.47,75.64,75.11,75.58,74.03,6795600.0,,
"May 5, 2023",74.49,75.88,74.38,75.62,74.07,12230000.0,,
"May 4, 2023",73.83,74.27,73.46,73.77,72.26,10861000.0,,
"May 3, 2023",74.85,75.33,74.09,74.13,72.61,11630200.0,,
"May 2, 2023",75.55,75.64,74.36,74.75,73.22,12058800.0,,
"May 1, 2023",75.36,75.82,75.24,75.46,73.91,8194400.0,,
"Apr 28, 2023",74.61,75.43,74.53,75.42,73.87,11792000.0,,
"Apr 27, 2023",73.4,74.66,73.22,74.61,73.08,12084800.0,,
"Apr 26, 2023",73.25,73.81,72.88,73.06,71.56,13603400.0,,
"Apr 25, 2023",73.19,73.33,71.96,71.99,70.51,11022600.0,,
"Apr 24, 2023",73.58,73.94,73.0,73.56,72.05,9079800.0,,
"Apr 21, 2023",73.79,74.01,73.4,73.88,72.37,12237600.0,,
"Apr 20, 2023",73.93,74.86,73.79,74.12,72.6,11416200.0,,
"Apr 19, 2023",74.15,74.75,74.05,74.61,73.08,8623200.0,,
"Apr 18, 2023",75.17,75.36,74.5,74.82,73.29,9212800.0,,
"Apr 17, 2023",74.42,74.76,74.01,74.6,73.07,8306000.0,,
"Apr 14, 2023",74.32,74.93,73.68,74.32,72.8,13003600.0,,
"Apr 13, 2023",73.66,74.86,73.54,74.74,73.21,13641800.0,,
"Apr 12, 2023",74.29,74.5,73.25,73.38,71.87,13235800.0,,
"Apr 11, 2023",74.36,74.38,73.67,73.79,72.28,12791600.0,,
"Apr 10, 2023",73.79,74.51,73.39,74.5,72.97,9517200.0,,
"Apr 6, 2023",73.57,74.63,73.25,74.54,73.01,15696000.0,,
"Apr 5, 2023",74.61,74.68,73.58,74.11,72.6,15737600.0,,
"Apr 4, 2023",75.5,75.75,74.69,74.97,73.43,15824800.0,,
"Apr 3, 2023",75.04,75.49,74.68,75.39,73.84,21142200.0,,
"Mar 31, 2023",74.35,75.57,74.25,75.5,73.96,15069800.0,,
"Mar 30, 2023",74.26,74.54,73.94,74.44,72.91,11202400.0,,
"Mar 29, 2023",72.98,73.75,72.88,73.58,72.08,14256600.0,,
"Mar 28, 2023",72.29,72.32,71.43,72.07,70.6,9968000.0,,
"Mar 27, 2023",73.09,73.34,72.25,72.42,70.93,10810600.0,,
"Mar 24, 2023",72.56,73.01,72.08,72.98,71.48,11872600.0,,
"Mar 23, 2023",72.54,73.78,72.11,72.79,71.3,17595800.0,,
"Mar 22, 2023",72.35,73.79,71.58,71.63,70.16,14224400.0,,
"Mar 21, 2023",72.15,72.47,71.4,72.35,70.86,13066400.0,,
"Mar 20, 2023",,,,,,,Dividend,0.158
"Mar 20, 2023",71.44,71.86,70.91,71.76,70.29,11981600.0,,
"Mar 17, 2023",71.97,72.59,71.31,71.73,70.1,23078600.0,,
"Mar 16, 2023",69.63,71.93,69.39,71.83,70.2,26086800.0,,
"Mar 15, 2023",69.07,69.96,68.73,69.87,68.29,23060000.0,,
"Mar 14, 2023",69.14,70.07,68.85,69.83,68.25,21202200.0,,
"Mar 13, 2023",67.46,69.2,67.04,68.25,66.71,34439400.0,,
"Mar 10, 2023",69.0,69.18,67.61,67.89,66.35,30556800.0,,
"Mar 9, 2023",70.21,71.0,68.96,69.1,67.53,15624600.0,,
"Mar 8, 2023",69.78,70.19,69.36,70.11,68.52,13247000.0,,
"Mar 7, 2023",70.35,70.62,69.36,69.53,67.95,14120000.0,,
"Mar 6, 2023",70.52,71.36,70.35,70.4,68.81,15999200.0,,
"Mar 3, 2023",69.04,70.07,68.97,70.07,68.48,14439600.0,,
"Mar 2, 2023",67.57,68.81,67.46,68.6,67.04,10969400.0,,
"Mar 1, 2023",68.29,68.4,67.55,67.76,66.22,15069400.0,,
"Feb 28, 2023",68.19,68.92,68.07,68.26,66.71,10485800.0,,
"Feb 27, 2023",68.73,69.08,68.29,68.41,66.86,9389000.0,,
"Feb 24, 2023",68.05,68.34,67.65,68.04,66.5,14347400.0,,
"Feb 23, 2023",69.42,69.54,68.31,69.28,67.71,13120000.0,,
"Feb 22, 2023",68.39,68.7,67.82,68.15,66.61,14338400.0,,
"Feb 21, 2023",68.97,69.39,68.19,68.25,66.7,12277800.0,,
"Feb 17, 2023",70.29,70.37,69.3,69.91,68.33,10606600.0,,
"Feb 16, 2023",71.0,71.81,70.74,70.79,69.19,13001200.0,,
"Feb 15, 2023",71.28,72.05,71.11,72.04,70.41,10491000.0,,
"Feb 14, 2023",71.07,72.11,70.63,71.71,70.08,12622000.0,,
"Feb 13, 2023",70.46,71.56,70.42,71.4,69.79,8411800.0,,
"Feb 10, 2023",69.99,70.43,69.53,70.19,68.6,9861600.0,,
"Feb 9, 2023",72.0,72.12,70.24,70.51,68.92,12624000.0,,
"Feb 8, 2023",71.91,72.29,70.76,70.9,69.3,12577000.0,,
"Feb 7, 2023",70.13,72.04,70.1,71.77,70.14,15708200.0,,
"Feb 6, 2023",70.1,70.65,69.75,70.02,68.43,12977400.0,,
"Feb 3, 2023",70.25,72.04,70.14,70.89,69.28,16145400.0,,
"Feb 2, 2023",70.77,71.88,70.44,71.48,69.86,18824000.0,,
"Feb 1, 2023",67.93,70.14,67.61,69.58,68.0,18852800.0,,
"Jan 31, 2023",67.04,68.01,67.0,67.98,66.44,8871600.0,,
"Jan 30, 2023",67.57,67.86,66.99,67.04,65.53,9705600.0,,
"Jan 27, 2023",67.64,68.83,67.61,68.35,66.8,13549400.0,,
"Jan 26, 2023",67.65,68.1,66.95,68.07,66.52,11161800.0,,
"Jan 25, 2023",66.0,67.17,65.39,67.0,65.48,14342200.0,,
"Jan 24, 2023",66.79,67.39,66.68,67.14,65.61,12575600.0,,
"Jan 23, 2023",65.93,67.55,65.79,67.17,65.64,23472600.0,,
"Jan 20, 2023",64.26,65.72,64.03,65.67,64.18,14127800.0,,
"Jan 19, 2023",64.19,64.55,63.71,63.94,62.49,14645000.0,,
"Jan 18, 2023",65.91,66.26,64.65,64.69,63.23,13936000.0,,
"Jan 17, 2023",65.15,65.93,65.07,65.54,64.05,10425800.0,,
"Jan 13, 2023",64.44,65.34,64.29,65.25,63.77,10153200.0,,
"Jan 12, 2023",64.68,65.36,63.89,65.06,63.59,15358600.0,,
"Jan 11, 2023",63.68,64.58,63.49,64.58,63.12,13758000.0,,
"Jan 10, 2023",62.94,63.58,62.6,63.48,62.04,17209000.0,,
"Jan 9, 2023",62.92,64.24,62.9,63.09,61.66,21427200.0,,
"Jan 6, 2023",61.13,62.65,60.4,62.37,60.95,13825400.0,,
"Jan 5, 2023",61.48,61.64,60.49,60.59,59.22,11341000.0,,
"Jan 4, 2023",61.95,62.19,61.11,61.79,60.39,11813000.0,,
"Jan 3, 2023",62.88,63.3,61.19,61.63,60.23,15196200.0,,
"Dec 30, 2022",61.66,62.26,61.28,62.22,60.81,8905800.0,,
"Dec 29, 2022",61.31,62.51,61.31,62.31,60.89,10954200.0,,
"Dec 28, 2022",61.56,62.13,60.65,60.72,59.34,10362600.0,,
"Dec 27, 2022",62.08,62.19,61.35,61.71,60.31,9530200.0,,
"Dec 23, 2022",61.79,62.36,61.33,62.3,60.89,8231600.0,,
"Dec 22, 2022",63.04,63.12,61.18,62.24,60.82,15323600.0,,
"Dec 21, 2022",63.1,64.14,62.94,63.85,62.4,14670600.0,,
"Dec 20, 2022",62.38,63.13,62.08,62.81,61.38,12622000.0,,
"Dec 19, 2022",,,,,,,Dividend,1825
"Dec 19, 2022",,,,,,,Dividend,0.1825
"Dec 19, 2022",63.56,63.67,62.29,62.71,61.29,14276600.0,,
"Dec 16, 2022",64.38,64.75,63.42,63.74,62.12,23999200.0,,
"Dec 15, 2022",66.0,66.25,64.35,64.6,62.95,19223800.0,,
"Dec 14, 2022",67.61,68.4,66.32,67.11,65.4,19541000.0,,
"Dec 13, 2022",69.32,69.67,66.99,67.68,65.95,18607600.0,,
"Dec 12, 2022",65.56,66.89,65.54,66.89,65.18,14806200.0,,
"Dec 9, 2022",65.57,66.38,65.21,65.46,63.79,10402800.0,,
"Dec 8, 2022",65.16,66.05,64.77,65.86,64.18,8965800.0,,
"Dec 7, 2022",64.89,65.3,64.33,64.8,63.15,10413800.0,,
"Dec 6, 2022",66.49,66.58,64.71,65.13,63.47,11799200.0,,
"Dec 5, 2022",67.16,67.54,66.11,66.56,64.86,11526200.0,,
"Dec 2, 2022",66.93,67.9,66.68,67.68,65.96,8934400.0,,
"Dec 1, 2022",68.04,68.4,67.24,68.07,66.34,15165800.0,,
"Nov 30, 2022",64.7,67.99,64.64,67.98,66.25,23334400.0,,
"Nov 29, 2022",65.29,65.48,64.46,64.73,63.08,11570200.0,,
"Nov 28, 2022",66.04,66.47,65.11,65.37,63.71,13030200.0,,
"Nov 25, 2022",66.74,67.0,66.61,66.8,65.1,3263000.0,,
"Nov 23, 2022",66.46,67.39,66.41,67.19,65.48,9480600.0,,
"Nov 22, 2022",65.62,66.64,65.15,66.6,64.9,9019200.0,,
"Nov 21, 2022",65.67,65.94,65.21,65.33,63.67,8363800.0,,
"Nov 18, 2022",66.71,66.74,65.49,66.04,64.36,11912400.0,,
"Nov 17, 2022",64.83,66.28,64.81,65.97,64.29,8149600.0,,
"Nov 16, 2022",66.29,66.48,65.61,65.89,64.21,10095800.0,,
"Nov 15, 2022",67.5,67.78,66.13,66.8,65.1,12716200.0,,
"Nov 14, 2022",66.04,66.82,65.68,66.0,64.32,14526600.0,,
"Nov 11, 2022",65.39,66.79,65.07,66.57,64.88,15977800.0,,
"Nov 10, 2022",63.47,65.52,63.15,65.45,63.78,27932200.0,,
"Nov 9, 2022",61.52,61.54,60.39,60.48,58.94,11962600.0,,
"Nov 8, 2022",62.01,62.85,61.18,62.1,60.51,12722000.0,,
"Nov 7, 2022",60.6,61.6,60.17,61.51,59.94,10427600.0,,
"Nov 4, 2022",60.65,60.81,59.11,60.49,58.95,17896200.0,,
"Nov 3, 2022",60.35,60.47,59.37,59.41,57.9,16010600.0,,
"Nov 2, 2022",63.35,64.17,61.19,61.21,59.65,18092400.0,,
"Nov 1, 2022",64.73,64.85,63.13,63.4,61.79,9413200.0,,
"Oct 31, 2022",64.14,64.32,63.56,63.94,62.31,13292200.0,,
"Oct 28, 2022",62.44,64.93,62.44,64.79,63.14,14935400.0,,
"Oct 27, 2022",63.04,63.42,61.94,62.09,60.51,11694800.0,,
"Oct 26, 2022",62.62,64.13,62.51,62.81,61.21,15169400.0,,
"Oct 25, 2022",63.19,64.28,63.19,64.24,62.6,10265000.0,,
"Oct 24, 2022",62.44,63.26,61.67,63.03,61.43,13385200.0,,
"Oct 21, 2022",60.4,62.3,60.19,62.17,60.59,17126000.0,,
"Oct 20, 2022",60.53,61.87,60.25,60.55,59.01,12429600.0,,
"Oct 19, 2022",60.16,61.12,59.9,60.51,58.97,10984000.0,,
"Oct 18, 2022",61.74,61.96,59.92,60.69,59.14,13998000.0,,
"Oct 17, 2022",59.83,60.48,59.67,60.18,58.65,14599600.0,,
"Oct 14, 2022",60.58,60.71,58.31,58.4,56.91,22484000.0,,
"Oct 13, 2022",56.71,60.4,56.49,60.09,58.56,38114600.0,,
"Oct 12, 2022",58.51,58.9,58.18,58.28,56.8,14111600.0,,
"Oct 11, 2022",59.03,59.44,58.03,58.46,56.97,21044800.0,,
"Oct 10, 2022",60.38,60.47,58.78,59.37,57.86,16706200.0,,
"Oct 7, 2022",61.69,61.69,60.06,60.38,58.85,15749000.0,,
"Oct 6, 2022",63.33,64.03,62.9,62.97,61.37,14348200.0,,
"Oct 5, 2022",62.43,63.96,62.06,63.49,61.88,14600400.0,,
"Oct 4, 2022",62.47,63.35,62.42,63.28,61.67,17779000.0,,
"Oct 3, 2022",59.86,61.6,59.63,61.23,59.67,17332200.0,,
"Sep 30, 2022",60.31,61.2,59.28,59.39,57.88,19513000.0,,
"Sep 29, 2022",61.28,61.42,59.83,60.55,59.01,31096600.0,,
"Sep 28, 2022",61.11,62.47,60.64,62.17,60.59,18933400.0,,
"Sep 27, 2022",62.26,62.84,60.95,61.52,59.95,18714800.0,,
"Sep 26, 2022",61.68,62.72,61.26,61.44,59.88,17193600.0,,
"Sep 23, 2022",62.12,62.22,61.06,61.87,60.29,19396200.0,,
"Sep 22, 2022",62.98,63.38,62.33,62.69,61.09,16033800.0,,
"Sep 21, 2022",64.68,65.63,63.33,63.33,61.72,16808800.0,,
"Sep 20, 2022",64.11,64.75,63.78,64.34,62.7,12109400.0,,
"Sep 19, 2022",,,,,,,Dividend,0.1585
"Sep 19, 2022",63.56,64.78,63.51,64.72,63.07,15683000.0,,
"Sep 16, 2022",64.15,64.49,63.44,64.36,62.56,20762200.0,,
"Sep 15, 2022",65.71,66.11,64.32,64.71,62.91,14885200.0,,
"Sep 14, 2022",66.31,66.72,65.61,66.24,64.39,13229200.0,,
"Sep 13, 2022",67.71,68.09,65.82,66.0,64.16,20148800.0,,
"Sep 12, 2022",69.03,69.73,69.01,69.7,67.76,10181000.0,,
"Sep 9, 2022",67.83,68.79,67.7,68.6,66.69,11418600.0,,
"Sep 8, 2022",66.54,67.62,66.25,67.27,65.4,11210600.0,,
"Sep 7, 2022",66.11,67.31,65.89,67.04,65.17,11657000.0,,
"Sep 6, 2022",66.51,66.8,65.55,65.99,64.15,14990000.0,,
"Sep 2, 2022",68.0,68.38,66.07,66.43,64.57,16606600.0,,
"Sep 1, 2022",66.97,67.39,65.89,67.3,65.43,15988600.0,,
"Aug 31, 2022",68.71,68.93,67.6,67.63,65.75,14171400.0,,
"Aug 30, 2022",69.4,69.53,67.68,68.29,66.39,13268800.0,,
"Aug 29, 2022",69.18,69.69,68.75,69.01,67.09,13231600.0,,
"Aug 26, 2022",73.03,73.21,69.89,69.94,67.99,14321800.0,,
"Aug 25, 2022",72.03,73.07,71.93,73.06,71.02,7126600.0,,
"Aug 24, 2022",71.75,72.15,71.45,71.85,69.84,8983200.0,,
"Aug 23, 2022",71.85,72.56,71.71,71.8,69.8,14777200.0,,
"Aug 22, 2022",73.04,73.07,71.81,71.99,69.98,10744200.0,,
"Aug 19, 2022",74.81,74.89,73.89,74.06,71.99,10146200.0,,
"Aug 18, 2022",75.11,75.72,74.82,75.43,73.32,9976800.0,,
"Aug 17, 2022",74.89,75.61,74.5,75.04,72.94,12632800.0,,
"Aug 16, 2022",75.43,75.93,74.87,75.57,73.47,10990600.0,,
"Aug 15, 2022",75.0,75.89,74.92,75.78,73.67,7162600.0,,
"Aug 12, 2022",74.32,75.31,74.09,75.31,73.21,8093600.0,,
"Aug 11, 2022",74.59,75.03,73.7,73.83,71.78,11025800.0,,
"Aug 10, 2022",73.87,74.18,73.28,74.13,72.06,19273200.0,,
"Aug 9, 2022",72.29,72.44,71.76,72.15,70.14,8565600.0,,
"Aug 8, 2022",73.44,74.01,72.49,72.89,70.85,11102200.0,,
"Aug 5, 2022",72.5,73.71,72.44,73.51,71.46,7921000.0,,
"Aug 4, 2022",73.32,73.71,72.85,73.68,71.63,11679800.0,,
"Aug 3, 2022",71.79,73.55,71.78,73.35,71.3,14243200.0,,
"Aug 2, 2022",71.33,72.27,70.83,71.44,69.45,15921800.0,,
"Aug 2, 2022",71.33,72.27,70.83,71.44,69.45,15921800.0,,
"Aug 1, 2022",71.46,72.68,71.29,71.96,69.95,12515800.0,,
"Jul 29, 2022",71.24,72.33,70.94,72.11,70.1,10177400.0,,
"Jul 28, 2022",70.04,71.18,69.41,71.02,69.04,12408000.0,,
"Jul 27, 2022",68.18,70.32,68.07,69.96,68.01,17076200.0,,
"Jul 26, 2022",68.12,68.14,66.82,67.07,65.2,10167800.0,,
"Jul 25, 2022",68.58,68.65,67.66,68.18,66.28,13951200.0,,
"Jul 22, 2022",69.54,69.82,68.21,68.61,66.7,10583600.0,,
"Jul 21, 2022",68.69,69.58,67.97,69.57,67.63,12957600.0,,
"Jul 20, 2022",67.56,68.89,67.38,68.61,66.69,12537200.0,,
"Jul 19, 2022",66.28,67.62,65.88,67.55,65.67,12330600.0,,
"Jul 18, 2022",66.84,67.08,65.3,65.55,63.72,9897600.0,,
"Jul 15, 2022",65.67,66.22,65.39,66.19,64.35,13529200.0,,
"Jul 14, 2022",63.94,65.28,63.12,65.04,63.23,13728800.0,,
"Jul 13, 2022",63.41,64.87,63.13,64.46,62.66,15162600.0,,
"Jul 12, 2022",65.76,66.13,64.25,64.63,62.82,16553400.0,,
"Jul 11, 2022",65.86,66.14,65.07,65.52,63.69,11416600.0,,
"Jul 8, 2022",65.69,66.65,65.49,66.43,64.58,12627000.0,,
"Jul 7, 2022",65.35,66.56,65.35,66.4,64.55,13082200.0,,
"Jul 6, 2022",64.64,65.58,64.32,65.06,63.25,16167000.0,,
"Jul 5, 2022",62.84,64.52,62.48,64.5,62.71,14341000.0,,
"Jul 1, 2022",63.16,63.87,62.62,63.71,61.93,13930600.0,,
"Jun 30, 2022",63.56,64.36,62.56,63.56,61.79,15720400.0,,
"Jun 29, 2022",64.21,64.81,63.69,64.42,62.63,13607200.0,,
"Jun 28, 2022",66.33,67.0,64.26,64.29,62.5,15260800.0,,
"Jun 27, 2022",66.94,67.14,65.97,66.28,64.43,13917200.0,,
"Jun 24, 2022",65.15,66.74,65.15,66.72,64.87,25492200.0,,
"Jun 23, 2022",64.0,64.54,63.42,64.41,62.62,16042200.0,,
"Jun 22, 2022",63.03,64.34,62.86,63.46,61.69,15163400.0,,
"Jun 21, 2022",,,,,,,Dividend,0.1615
"Jun 21, 2022",63.06,64.18,63.06,63.73,61.95,17245000.0,,
"Jun 17, 2022",61.74,62.9,61.3,62.31,60.42,27684200.0,,
"Jun 16, 2022",62.73,62.78,61.24,61.74,59.87,32690800.0,,
"Jun 15, 2022",63.82,65.32,62.96,64.36,62.41,25069600.0,,
"Jun 14, 2022",63.11,63.46,62.45,63.03,61.12,18250400.0,,
"Jun 13, 2022",63.48,64.08,62.41,62.64,60.74,36332600.0,,
"Jun 10, 2022",66.99,67.2,65.53,65.54,63.55,20886400.0,,
"Jun 9, 2022",69.53,70.21,68.15,68.17,66.09,9765200.0,,
"Jun 8, 2022",70.63,70.96,69.84,70.04,67.91,8814200.0,,
"Jun 7, 2022",69.25,70.97,69.11,70.83,68.68,11016600.0,,
"Jun 6, 2022",70.88,71.32,69.65,70.0,67.87,12589600.0,,
"Jun 3, 2022",70.35,70.83,69.67,70.0,67.87,11263800.0,,
"Jun 2, 2022",69.52,71.71,69.19,71.71,69.53,13868400.0,,
"Jun 1, 2022",70.98,71.46,69.5,70.01,67.89,13304800.0,,
"May 31, 2022",70.46,70.92,69.54,70.22,68.09,19420800.0,,
"May 27, 2022",69.18,70.75,69.05,70.73,68.58,16281800.0,,
"May 26, 2022",66.42,68.71,66.28,68.42,66.34,15556600.0,,
"May 25, 2022",65.61,67.31,65.56,66.81,64.78,13656600.0,,
"May 24, 2022",66.1,66.43,64.89,66.04,64.03,17122000.0,,
"May 23, 2022",65.74,67.12,65.53,67.04,65.0,17219600.0,,
"May 20, 2022",66.29,66.47,63.52,65.53,63.54,20252600.0,,
"May 19, 2022",65.61,66.51,65.07,65.39,63.4,20874800.0,,
"May 18, 2022",68.36,68.57,65.86,66.11,64.1,23670200.0,,
"May 17, 2022",68.78,69.39,68.0,69.28,67.18,18602200.0,,
"May 16, 2022",67.36,68.24,66.75,67.33,65.28,17423400.0,,
"May 13, 2022",66.64,68.26,66.21,67.93,65.87,24495400.0,,
"May 12, 2022",65.44,66.7,64.21,65.75,63.75,36506600.0,,
"May 11, 2022",67.97,69.26,66.22,66.43,64.41,34781800.0,,
"May 10, 2022",69.18,69.57,67.57,68.6,66.51,36370400.0,,
"May 9, 2022",69.01,69.46,67.25,67.57,65.51,41124600.0,,
"May 6, 2022",70.21,71.41,69.23,70.29,68.15,34862200.0,,
"May 5, 2022",73.34,73.43,70.01,70.86,68.7,36442200.0,,
"May 4, 2022",72.19,74.57,71.0,74.43,72.17,28650400.0,,
"May 3, 2022",71.78,72.35,71.25,71.91,69.73,27469800.0,,
"May 2, 2022",70.63,71.88,69.83,71.79,69.6,37004400.0,,
"Apr 29, 2022",72.98,73.83,70.57,70.71,68.56,29589800.0,,
"Apr 28, 2022",72.06,74.21,71.68,73.79,71.54,27762400.0,,
"Apr 27, 2022",70.69,72.31,70.54,70.94,68.79,40048600.0,,
"Apr 26, 2022",71.96,72.07,69.88,69.91,67.79,25953200.0,,
"Apr 25, 2022",71.22,72.67,70.78,72.61,70.41,28707600.0,,
"Apr 22, 2022",73.52,73.95,71.44,71.54,69.37,22094800.0,,
"Apr 21, 2022",75.6,76.31,73.38,73.6,71.36,18509200.0,,
"Apr 20, 2022",75.67,75.86,74.65,74.87,72.6,15652600.0,,
"Apr 19, 2022",73.38,75.07,73.11,74.94,72.66,13562200.0,,
"Apr 18, 2022",72.96,74.04,72.94,73.56,71.33,14060600.0,,
"Apr 14, 2022",75.22,75.36,73.29,73.32,71.09,17407000.0,,
"Apr 13, 2022",74.0,75.38,73.72,75.14,72.86,14446800.0,,
"Apr 12, 2022",75.21,75.78,73.68,73.96,71.71,22172200.0,,
"Apr 11, 2022",75.25,75.35,74.18,74.29,72.03,21595400.0,,
"Apr 8, 2022",76.94,77.12,76.04,76.21,73.89,26354600.0,,
"Apr 7, 2022",76.75,77.81,76.23,77.29,74.94,23200200.0,,
"Apr 6, 2022",77.72,77.9,76.48,77.17,74.82,34225400.0,,
"Apr 5, 2022",80.39,80.57,78.76,79.04,76.63,23588200.0,,
"Apr 4, 2022",79.43,80.78,79.4,80.74,78.28,23048200.0,,
"Apr 1, 2022",79.54,79.73,78.35,79.23,76.82,28209600.0,,
"Mar 31, 2022",80.65,80.8,79.35,79.46,77.05,19424000.0,,
"Mar 30, 2022",81.33,81.56,80.24,80.66,78.21,18680200.0,,
"Mar 29, 2022",80.99,81.82,80.4,81.75,79.27,18829800.0,,
"Mar 28, 2022",78.75,80.08,78.54,80.05,77.62,18593000.0,,
"Mar 25, 2022",79.28,79.39,78.12,79.11,76.71,14874600.0,,
"Mar 24, 2022",77.58,79.18,77.32,79.15,76.75,14263400.0,,
"Mar 23, 2022",77.63,78.34,77.07,77.15,74.81,12360600.0,,
"Mar 22, 2022",77.3,78.76,77.19,78.36,75.97,17485800.0,,
"Mar 21, 2022",,,,,,,Dividend,0.143
"Mar 21, 2022",76.97,77.65,76.23,77.25,74.9,22341400.0,,
"Mar 18, 2022",75.71,77.68,75.34,77.54,75.04,27897800.0,,
"Mar 17, 2022",75.04,76.03,74.64,75.98,73.54,18518800.0,,
"Mar 16, 2022",74.0,75.47,72.82,75.44,73.02,27176000.0,,
"Mar 15, 2022",71.25,73.21,71.02,73.07,70.72,22993800.0,,
"Mar 14, 2022",71.7,72.51,70.49,70.69,68.42,27852400.0,,
"Mar 14, 2022",71.7,72.51,70.49,70.69,68.42,27852400.0,,
"Mar 11, 2022",73.97,74.15,71.92,72.03,69.71,21457800.0,,
"Mar 10, 2022",73.31,73.53,72.21,73.32,70.96,27448400.0,,
"Mar 9, 2022",73.74,74.96,73.14,74.63,72.22,35327400.0,,
"Mar 8, 2022",71.94,74.01,70.72,71.79,69.48,36898400.0,,
"Mar 7, 2022",74.81,75.15,72.1,72.14,69.81,32864200.0,,
"Mar 4, 2022",75.61,75.93,74.28,74.88,72.47,26731200.0,,
"Mar 3, 2022",77.78,77.79,75.82,76.21,73.76,23450600.0,,
"Mar 2, 2022",76.05,77.45,75.46,77.13,74.65,25592400.0,,
"Mar 1, 2022",76.75,77.14,74.9,75.5,73.07,29925000.0,,
"Feb 28, 2022",76.36,77.36,75.71,77.04,74.56,34822200.0,,
"Feb 25, 2022",76.25,77.2,75.32,77.18,74.69,28301600.0,,
"Feb 24, 2022",71.1,76.19,70.86,76.14,73.69,50967800.0,,
"Feb 23, 2022",76.3,76.5,73.54,73.63,71.26,37879400.0,,
"Feb 22, 2022",75.42,76.72,74.69,75.51,73.09,26893600.0,,
"Feb 18, 2022",77.26,77.38,75.64,76.22,73.77,25310800.0,,
"Feb 17, 2022",78.64,78.71,76.86,77.0,74.52,24906400.0,,
"Feb 16, 2022",78.92,79.65,78.06,79.38,76.82,20318200.0,,
"Feb 15, 2022",78.58,79.51,78.31,79.46,76.9,24437400.0,,
"Feb 14, 2022",77.24,78.04,76.52,77.42,74.93,41030400.0,,
"Feb 11, 2022",79.96,80.32,77.15,77.44,74.95,34878800.0,,
"Feb 10, 2022",80.4,81.76,79.46,79.89,77.32,31692200.0,,
"Feb 9, 2022",81.29,82.06,80.95,82.03,79.39,17795600.0,,
"Feb 8, 2022",79.02,80.46,78.83,80.25,77.67,21139800.0,,
"Feb 7, 2022",79.86,80.33,78.96,79.27,76.72,14622600.0,,
"Feb 4, 2022",79.06,80.5,78.72,79.8,77.23,29721400.0,,
"Feb 3, 2022",80.69,81.25,79.18,79.48,76.92,27865400.0,,
"Feb 2, 2022",81.37,81.99,80.82,81.86,79.22,25504800.0,,
"Feb 1, 2022",81.1,81.33,80.02,81.19,78.58,23389800.0,,
"Jan 31, 2022",79.02,81.09,78.64,80.99,78.38,29121000.0,,
"Jan 28, 2022",76.63,79.02,75.49,79.0,76.46,44236000.0,,
"Jan 27, 2022",77.45,77.86,75.42,75.69,73.26,39446800.0,,
"Jan 26, 2022",77.83,78.74,75.31,76.21,73.76,53596200.0,,
"Jan 25, 2022",76.04,77.21,74.9,75.77,73.33,48886200.0,,
"Jan 24, 2022",75.88,77.62,73.12,77.57,75.07,67413400.0,,
"Jan 21, 2022",78.54,79.44,77.14,77.17,74.68,48016600.0,,
"Jan 20, 2022",80.47,81.38,78.63,78.73,76.2,37609000.0,,
"Jan 19, 2022",81.14,82.14,79.68,79.76,77.19,24961400.0,,
"Jan 18, 2022",81.68,82.16,80.67,80.89,78.29,24694200.0,,
"Jan 14, 2022",81.63,82.93,81.63,82.88,80.21,22351400.0,,
"Jan 13, 2022",84.81,85.05,81.97,82.18,79.54,20942600.0,,
"Jan 12, 2022",84.6,85.18,83.95,84.37,81.66,18144000.0,,
"Jan 11, 2022",82.76,84.1,82.15,83.97,81.27,19207600.0,,
"Jan 10, 2022",81.73,83.08,80.64,82.98,80.31,32501400.0,,
"Jan 7, 2022",83.68,84.08,82.42,82.96,80.3,30488600.0,,
"Jan 6, 2022",83.49,84.6,83.24,83.74,81.04,23767200.0,,
"Jan 5, 2022",86.32,86.39,84.13,84.16,81.45,23628400.0,,
"Jan 4, 2022",87.91,88.0,86.18,86.83,84.04,16648000.0,,
"Jan 3, 2022",87.05,87.84,86.67,87.76,84.94,20302800.0,,
"Dec 31, 2021",87.28,87.49,86.89,86.93,84.14,10243000.0,,
"Dec 30, 2021",87.97,88.27,87.25,87.36,84.55,10526400.0,,
"Dec 29, 2021",87.89,88.29,87.49,87.94,85.11,9687800.0,,
"Dec 28, 2021",88.49,88.52,87.64,87.86,85.04,11422200.0,,
"Dec 27, 2021",86.82,88.35,86.79,88.32,85.48,13266600.0,,
"Dec 23, 2021",86.11,86.82,86.1,86.47,83.69,9792600.0,,
"Dec 22, 2021",84.76,86.05,84.54,85.99,83.22,13376200.0,,
"Dec 21, 2021",83.67,84.95,82.89,84.88,82.15,16810800.0,,
"Dec 20, 2021",,,,,,,Dividend,0.1585
"Dec 20, 2021",82.5,83.04,82.18,82.79,80.12,32649600.0,,
"Dec 17, 2021",83.57,84.76,83.14,83.94,81.09,44821600.0,,
"Dec 16, 2021",87.29,87.43,84.0,84.5,81.63,31275600.0,,
"Dec 15, 2021",84.79,87.06,83.99,86.97,84.01,28270800.0,,
"Dec 14, 2021",85.1,85.64,83.71,84.72,81.84,27094800.0,,
"Dec 13, 2021",87.62,87.79,86.01,86.14,83.21,20974000.0,,
"Dec 10, 2021",86.62,87.55,86.36,87.44,84.47,24776600.0,,
"Dec 9, 2021",86.44,87.0,85.65,85.72,82.81,17201000.0,,
"Dec 8, 2021",86.29,86.71,85.69,86.65,83.71,23261600.0,,
"Dec 7, 2021",85.01,86.36,85.0,86.26,83.33,28691000.0,,
"Dec 6, 2021",82.81,83.6,81.94,83.35,80.52,37800400.0,,
"Dec 3, 2021",84.21,84.47,81.53,82.57,79.76,48470000.0,,
"Dec 2, 2021",82.43,84.36,82.25,83.97,81.12,46872400.0,,
"Dec 1, 2021",85.25,85.89,83.13,83.21,80.38,39084200.0,,
"Nov 30, 2021",84.75,85.53,83.64,84.36,81.49,54066800.0,,
"Nov 29, 2021",84.23,85.3,83.96,85.07,82.18,24979800.0,,
"Nov 26, 2021",83.9,84.56,82.67,83.0,80.17,24767800.0,,
"Nov 24, 2021",84.0,85.14,83.59,85.12,82.23,18241000.0,,
"Nov 23, 2021",84.38,84.78,83.43,84.5,81.63,29239800.0,,
"Nov 22, 2021",85.99,87.13,84.65,84.7,81.82,28451600.0,,
"Nov 19, 2021",85.34,85.98,85.06,85.65,82.74,17714600.0,,
"Nov 18, 2021",84.68,85.15,84.07,85.04,82.14,19964000.0,,
"Nov 17, 2021",84.29,84.72,83.93,84.19,81.33,15417800.0,,
"Nov 16, 2021",83.47,84.57,83.42,84.45,81.58,13538800.0,,
"Nov 15, 2021",83.99,84.11,83.1,83.57,80.73,12490200.0,,
"Nov 12, 2021",82.93,83.79,82.79,83.65,80.81,12244200.0,,
"Nov 11, 2021",82.86,82.89,82.51,82.65,79.84,10103800.0,,
"Nov 10, 2021",83.0,83.42,82.01,82.26,79.47,25788800.0,,
"Nov 9, 2021",84.11,84.21,83.22,83.64,80.8,16823000.0,,
"Nov 8, 2021",83.81,84.14,83.61,83.99,81.13,12781000.0,,
"Nov 5, 2021",83.72,84.01,83.02,83.54,80.7,24223600.0,,
"Nov 4, 2021",82.14,83.31,82.0,83.11,80.28,28691400.0,,
"Nov 3, 2021",81.5,82.0,81.02,81.83,79.05,25978600.0,,
"Nov 2, 2021",80.75,81.56,80.75,81.36,78.59,26814600.0,,
"Nov 1, 2021",80.76,80.81,80.24,80.64,77.9,24421200.0,,
"Oct 29, 2021",79.63,80.82,79.54,80.76,78.02,20131800.0,,
"Oct 28, 2021",80.11,80.48,79.96,80.42,77.69,12756800.0,,
"Oct 27, 2021",79.82,80.23,79.54,79.62,76.91,17448000.0,,
"Oct 26, 2021",80.0,80.33,79.65,79.69,76.98,13189600.0,,
"Oct 25, 2021",79.5,79.75,79.15,79.46,76.76,10336800.0,,
"Oct 22, 2021",79.45,79.78,78.88,79.21,76.51,12490000.0,,
"Oct 21, 2021",78.93,79.52,78.77,79.48,76.78,10023200.0,,
"Oct 21, 2021",78.93,79.52,78.77,79.48,76.78,10023200.0,,
"Oct 20, 2021",79.47,79.58,78.83,79.18,76.48,12025400.0,,
"Oct 19, 2021",78.82,79.39,78.67,79.39,76.7,13201400.0,,
"Oct 18, 2021",77.52,78.65,77.31,78.61,75.94,11630200.0,,
"Oct 15, 2021",77.61,77.97,77.37,77.96,75.3,12779200.0,,
"Oct 14, 2021",76.4,77.37,76.29,77.33,74.71,15197200.0,,
"Oct 13, 2021",75.5,75.79,75.0,75.63,73.06,19521600.0,,
"Oct 12, 2021",75.86,75.95,75.04,75.17,72.61,17853400.0,,
"Oct 11, 2021",75.64,76.57,75.5,75.56,72.99,14970600.0,,
"Oct 8, 2021",76.56,76.61,75.86,75.98,73.4,18426400.0,,
"Oct 7, 2021",76.23,76.86,76.13,76.26,73.67,19895600.0,,
"Oct 6, 2021",74.22,75.63,73.97,75.57,73.01,40004800.0,,
"Oct 5, 2021",74.18,75.51,74.11,75.08,72.53,32967000.0,,
"Oct 4, 2021",75.35,75.44,73.44,74.03,71.51,50773000.0,,
"Oct 1, 2021",74.93,75.95,74.17,75.79,73.21,45483800.0,,
"Sep 30, 2021",75.64,75.96,74.62,74.66,72.12,33415600.0,,
"Sep 29, 2021",75.61,76.0,75.07,75.2,72.64,25012000.0,,
"Sep 28, 2021",76.6,76.78,75.24,75.29,72.74,38190600.0,,
"Sep 27, 2021",77.69,77.88,77.1,77.6,74.96,15015000.0,,
"Sep 24, 2021",77.82,78.49,77.79,78.36,75.69,11652400.0,,
"Sep 23, 2021",77.67,78.49,77.43,78.3,75.64,19534000.0,,
"Sep 22, 2021",76.64,77.57,76.29,77.26,74.64,27990600.0,,
"Sep 21, 2021",76.65,76.85,75.93,76.22,73.63,18455000.0,,
"Sep 20, 2021",,,,,,,Dividend,0.1365
"Sep 20, 2021",76.46,76.86,75.18,76.19,73.6,35669400.0,,
"Sep 17, 2021",78.76,78.77,77.63,77.74,74.97,22663000.0,,
"Sep 16, 2021",78.64,79.05,78.16,78.97,76.15,16148600.0,,
"Sep 15, 2021",78.5,78.99,78.07,78.93,76.11,16339200.0,,
"Sep 14, 2021",78.68,78.83,78.03,78.24,75.45,18431600.0,,
"Sep 13, 2021",78.91,79.11,77.82,78.34,75.54,22637800.0,,
"Sep 10, 2021",79.54,79.73,78.24,78.32,75.52,17080200.0,,
"Sep 9, 2021",79.45,79.72,79.03,79.1,76.27,11161000.0,,
"Sep 8, 2021",79.69,79.71,78.83,79.39,76.56,11466400.0,,
"Sep 7, 2021",79.78,79.87,79.32,79.7,76.86,19721800.0,,
"Sep 3, 2021",79.27,79.89,79.25,79.68,76.84,21204800.0,,
"Sep 2, 2021",79.75,79.85,79.04,79.36,76.53,21769600.0,,
"Sep 1, 2021",79.71,80.07,79.39,79.45,76.61,20289800.0,,
"Aug 31, 2021",79.9,79.93,79.28,79.43,76.59,21971000.0,,
"Aug 30, 2021",79.24,79.94,79.24,79.85,77.0,10026800.0,,
"Aug 27, 2021",78.32,79.06,78.18,79.0,76.18,14088800.0,,
"Aug 26, 2021",78.64,78.81,78.18,78.25,75.45,12056600.0,,
"Aug 25, 2021",78.97,79.18,78.61,78.74,75.93,9430400.0,,
"Aug 24, 2021",78.97,79.07,78.71,78.79,75.97,9537000.0,,
"Aug 23, 2021",78.07,78.99,78.07,78.88,76.06,10802400.0,,
"Aug 20, 2021",77.17,77.94,76.99,77.87,75.09,14769400.0,,
"Aug 19, 2021",75.71,77.17,75.61,76.88,74.14,19291000.0,,
"Aug 18, 2021",77.02,77.36,76.05,76.14,73.42,13481200.0,,
"Aug 17, 2021",77.37,77.5,76.72,77.2,74.44,19052600.0,,
"Aug 16, 2021",77.31,77.86,76.65,77.85,75.07,9493800.0,,
"Aug 13, 2021",77.13,77.51,77.04,77.5,74.73,5630800.0,,
"Aug 12, 2021",76.56,77.12,76.24,77.07,74.32,6947800.0,,
"Aug 11, 2021",76.89,77.03,76.25,76.64,73.9,10831600.0,,
"Aug 10, 2021",77.32,77.39,76.4,76.63,73.89,10421400.0,,
"Aug 9, 2021",77.52,77.66,77.11,77.18,74.43,7198200.0,,
"Aug 6, 2021",77.22,77.52,77.21,77.43,74.67,7602800.0,,
"Aug 5, 2021",77.21,77.52,76.98,77.5,74.73,6674600.0,,
"Aug 4, 2021",76.86,77.26,76.61,77.07,74.32,11322800.0,,
"Aug 3, 2021",76.57,76.96,75.94,76.92,74.17,10824800.0,,
"Aug 2, 2021",77.04,77.15,76.32,76.43,73.7,12205200.0,,
"Jul 30, 2021",76.26,76.78,76.24,76.7,73.96,10148800.0,,
"Jul 29, 2021",76.32,77.01,76.31,76.75,74.01,12030600.0,,
"Jul 28, 2021",76.51,76.8,75.67,76.39,73.67,13941200.0,,
"Jul 27, 2021",77.13,77.15,75.53,76.49,73.76,18089800.0,,
"Jul 26, 2021",77.07,77.36,76.78,77.22,74.46,8993400.0,,
"Jul 23, 2021",76.84,77.3,76.57,77.26,74.5,12576200.0,,
"Jul 22, 2021",76.1,76.56,76.1,76.5,73.77,9577800.0,,
"Jul 21, 2021",75.18,75.96,75.04,75.94,73.23,12234000.0,,
"Jul 20, 2021",74.49,75.63,74.06,75.21,72.53,14715600.0,,
"Jul 19, 2021",74.25,74.46,73.68,74.11,71.47,24254000.0,,
"Jul 16, 2021",76.05,76.41,75.07,75.15,72.47,15080400.0,,
"Jul 15, 2021",76.44,76.5,75.5,75.9,73.19,12506200.0,,
"Jul 14, 2021",76.58,76.92,76.19,76.53,73.8,12886800.0,,
"Jul 13, 2021",75.53,76.52,75.46,75.97,73.26,15202800.0,,
"Jul 12, 2021",75.9,75.93,75.42,75.66,72.96,9619600.0,,
"Jul 9, 2021",74.82,75.67,74.71,75.6,72.9,9775800.0,,
"Jul 8, 2021",74.43,75.12,74.1,74.91,72.24,17086200.0,,
"Jul 7, 2021",75.69,75.78,75.02,75.63,72.93,14883800.0,,
"Jul 6, 2021",75.09,75.57,74.5,75.21,72.53,11870600.0,,
"Jul 2, 2021",74.31,75.0,74.29,74.93,72.26,12780000.0,,
"Jul 1, 2021",73.73,73.96,73.46,73.96,71.32,11636600.0,,
"Jun 30, 2021",73.79,74.01,73.6,73.83,71.19,11013600.0,,
"Jun 29, 2021",73.42,73.94,73.25,73.91,71.27,9829200.0,,
"Jun 28, 2021",72.92,73.46,72.9,73.38,70.76,12557400.0,,
"Jun 25, 2021",72.76,72.82,72.5,72.61,70.02,14385800.0,,
"Jun 24, 2021",72.71,72.92,72.56,72.7,70.11,12279000.0,,
"Jun 23, 2021",72.33,72.5,72.08,72.25,69.67,8271000.0,,
"Jun 22, 2021",71.63,72.36,71.55,72.32,69.74,9253200.0,,
"Jun 21, 2021",,,,,,,Dividend,0.13
"Jun 21, 2021",70.94,71.71,70.49,71.68,69.12,12276000.0,,
"Jun 18, 2021",71.36,71.64,70.96,71.04,68.38,20816600.0,,
"Jun 17, 2021",70.68,72.0,70.68,71.7,69.01,15864200.0,,
"Jun 16, 2021",71.4,71.54,70.18,70.88,68.23,19202800.0,,
"Jun 15, 2021",71.65,71.65,71.14,71.26,68.6,15079600.0,,
"Jun 14, 2021",71.06,71.71,70.76,71.71,69.02,11426600.0,,
"Jun 11, 2021",70.65,70.99,70.59,70.99,68.33,12100600.0,,
"Jun 10, 2021",70.19,70.74,69.94,70.57,67.92,11275400.0,,
"Jun 9, 2021",70.34,70.46,70.01,70.05,67.43,9763400.0,,
"Jun 8, 2021",70.33,70.63,69.81,70.0,67.38,8902600.0,,
"Jun 7, 2021",69.95,70.07,69.65,70.0,67.37,11784000.0,,
"Jun 4, 2021",69.11,70.09,69.11,70.01,67.39,11182600.0,,
"Jun 4, 2021",69.11,70.09,69.11,70.01,67.39,11182600.0,,
"Jun 3, 2021",68.78,69.05,68.27,68.69,66.12,12721200.0,,
"Jun 2, 2021",69.0,69.61,68.87,69.33,66.74,10098200.0,,
"Jun 1, 2021",69.51,69.58,68.74,68.86,66.28,12907400.0,,
"May 28, 2021",69.31,69.6,69.17,69.2,66.61,9222600.0,,
"May 27, 2021",69.26,69.54,68.94,68.96,66.37,11354600.0,,
"May 26, 2021",69.43,69.63,69.1,69.32,66.72,13311400.0,,
"May 25, 2021",69.58,69.75,69.17,69.32,66.73,11245800.0,,
"May 24, 2021",68.66,69.54,68.63,69.31,66.71,13229000.0,,
"May 21, 2021",68.82,68.89,68.04,68.1,65.54,14148400.0,,
"May 20, 2021",67.46,68.7,67.44,68.47,65.91,16828200.0,,
"May 19, 2021",65.91,67.24,65.75,67.18,64.67,30581200.0,,
"May 18, 2021",67.68,67.82,66.9,66.95,64.44,11737200.0,,
"May 17, 2021",67.59,67.61,66.88,67.49,64.96,16267200.0,,
"May 14, 2021",67.27,68.22,67.14,67.99,65.44,16823000.0,,
"May 13, 2021",66.38,67.13,66.08,66.53,64.03,22610400.0,,
"May 12, 2021",66.56,66.93,65.48,65.65,63.2,29414600.0,,
"May 11, 2021",66.46,67.69,66.31,67.56,65.02,27046800.0,,
"May 10, 2021",69.18,69.21,67.74,67.76,65.22,20281000.0,,
"May 7, 2021",69.61,69.93,69.21,69.51,66.91,19196600.0,,
"May 6, 2021",68.21,68.96,67.72,68.93,66.34,14338600.0,,
"May 5, 2021",68.96,69.0,68.11,68.24,65.68,11245800.0,,
"May 4, 2021",69.14,69.15,67.64,68.4,65.84,19919600.0,,
"May 3, 2021",70.22,70.36,69.48,69.65,67.05,10805800.0,,
"Apr 30, 2021",70.1,70.47,69.68,69.85,67.23,10583400.0,,
"Apr 29, 2021",71.46,71.54,70.1,70.82,68.16,13416600.0,,
"Apr 28, 2021",71.13,71.22,70.71,70.88,68.22,10691200.0,,
"Apr 27, 2021",71.83,71.89,71.29,71.54,68.86,10822000.0,,
"Apr 26, 2021",71.38,71.79,71.32,71.71,69.03,7735000.0,,
"Apr 23, 2021",70.43,71.57,70.42,71.35,68.68,8886000.0,,
"Apr 22, 2021",71.01,71.32,69.99,70.3,67.67,11652200.0,,
"Apr 21, 2021",70.3,71.16,70.11,71.14,68.47,9254200.0,,
"Apr 20, 2021",70.9,71.21,70.03,70.43,67.79,9873400.0,,
"Apr 19, 2021",71.33,71.66,70.63,71.06,68.39,10254000.0,,
"Apr 16, 2021",71.72,71.79,71.35,71.65,68.97,11695600.0,,
"Apr 15, 2021",71.1,71.72,71.09,71.67,68.98,11028800.0,,
"Apr 14, 2021",71.2,71.24,70.32,70.46,67.82,11216200.0,,
"Apr 13, 2021",70.82,71.26,70.68,71.21,68.54,11315800.0,,
"Apr 12, 2021",70.6,70.77,70.2,70.54,67.9,15907000.0,,
"Apr 9, 2021",69.96,70.9,69.83,70.89,68.23,9401000.0,,
"Apr 8, 2021",69.86,70.22,69.74,70.21,67.58,14144600.0,,
"Apr 7, 2021",68.79,69.33,68.54,69.21,66.62,10085200.0,,
"Apr 6, 2021",69.03,69.25,68.61,68.85,66.27,11315600.0,,
"Apr 5, 2021",68.14,69.26,68.04,69.14,66.55,12866800.0,,
"Apr 1, 2021",67.13,67.75,67.07,67.74,65.2,14351600.0,,
"Mar 31, 2021",65.86,66.81,65.81,66.4,63.92,15430400.0,,
"Mar 30, 2021",65.53,65.6,64.97,65.36,62.92,13235400.0,,
"Mar 29, 2021",66.14,66.32,65.49,65.99,63.52,17317800.0,,
"Mar 26, 2021",64.65,66.4,64.63,66.33,63.85,14883200.0,,
"Mar 25, 2021",64.35,64.98,63.86,64.69,62.27,22573000.0,,
"Mar 24, 2021",65.92,65.93,64.72,64.73,62.31,14209400.0,,
"Mar 23, 2021",66.11,66.4,65.35,65.53,63.07,12929200.0,,
"Mar 22, 2021",,,,,,,Dividend,0.1365
"Mar 22, 2021",65.01,66.25,64.9,65.93,63.47,15984200.0,,
"Mar 19, 2021",65.01,65.29,64.49,64.8,62.24,27224800.0,,
"Mar 18, 2021",65.93,66.05,64.92,65.0,62.43,17584800.0,,
"Mar 17, 2021",66.36,67.25,65.86,66.85,64.21,19366400.0,,
"Mar 16, 2021",66.92,67.54,66.62,66.9,64.26,13106800.0,,
"Mar 15, 2021",65.75,66.44,65.5,66.4,63.78,16585000.0,,
"Mar 12, 2021",65.39,65.72,64.97,65.71,63.11,12442200.0,,
"Mar 11, 2021",65.77,66.59,65.63,66.18,63.57,13362800.0,,
"Mar 10, 2021",65.75,65.76,64.75,64.79,62.24,18459000.0,,
"Mar 9, 2021",64.39,65.46,64.3,65.06,62.49,22987200.0,,
"Mar 8, 2021",64.42,64.72,62.85,62.92,60.43,35242400.0,,
"Mar 5, 2021",64.07,64.65,62.35,64.47,61.93,46085800.0,,
"Mar 4, 2021",64.51,64.98,62.48,63.28,60.78,76955600.0,,
"Mar 3, 2021",66.06,66.25,64.64,64.71,62.15,29889600.0,,
"Mar 2, 2021",67.54,67.59,66.29,66.38,63.76,24802800.0,,
"Mar 1, 2021",66.46,67.49,66.04,67.45,64.79,24773800.0,,
"Feb 26, 2021",65.64,66.35,64.76,65.35,62.76,35511600.0,,
"Feb 25, 2021",66.75,67.2,64.71,65.0,62.43,34313800.0,,
"Feb 24, 2021",65.85,67.42,65.34,67.36,64.7,16472200.0,,
"Feb 23, 2021",65.42,66.75,64.31,66.34,63.72,24198400.0,,
"Feb 22, 2021",67.19,67.41,66.49,66.53,63.9,14262600.0,,
"Feb 19, 2021",68.47,68.54,67.72,68.03,65.34,11685600.0,,
"Feb 18, 2021",67.75,68.24,67.26,68.13,65.44,10954800.0,,
"Feb 17, 2021",68.43,68.61,67.77,68.46,65.76,15274800.0,,
"Feb 16, 2021",69.57,69.62,68.89,69.07,66.34,9722200.0,,
"Feb 12, 2021",68.76,69.34,68.57,69.29,66.56,6755600.0,,
"Feb 11, 2021",68.65,68.99,68.39,68.94,66.22,7565800.0,,
"Feb 10, 2021",68.57,68.65,67.61,68.19,65.5,9464400.0,,
"Feb 9, 2021",68.19,68.61,68.17,68.29,65.59,10552200.0,,
"Feb 8, 2021",67.93,68.4,67.84,68.37,65.67,11713200.0,,
"Feb 5, 2021",68.01,68.03,67.46,67.66,64.99,9413800.0,,
"Feb 4, 2021",67.11,67.81,66.91,67.81,65.13,8134200.0,,
"Feb 3, 2021",67.11,67.25,66.54,66.75,64.11,11574800.0,,
"Feb 2, 2021",66.72,67.17,66.63,66.97,64.33,8595000.0,,
"Feb 1, 2021",65.23,66.4,64.75,66.08,63.47,11232600.0,,
"Jan 29, 2021",65.69,65.95,64.11,64.46,61.92,19023200.0,,
"Jan 28, 2021",66.08,67.12,65.86,66.02,63.41,16181600.0,,
"Jan 27, 2021",66.69,66.91,65.15,65.75,63.15,24484600.0,,
"Jan 26, 2021",67.21,67.31,66.76,67.01,64.37,8593400.0,,
"Jan 25, 2021",67.17,67.39,65.35,66.97,64.33,18205200.0,,
"Jan 22, 2021",66.39,66.75,66.25,66.42,63.79,11243600.0,,
"Jan 21, 2021",66.18,66.89,65.82,66.67,64.04,8945200.0,,
"Jan 20, 2021",65.04,66.05,64.94,65.82,63.22,11770000.0,,
"Jan 19, 2021",64.15,64.65,63.92,64.54,61.99,11569600.0,,
"Jan 15, 2021",64.28,64.56,63.58,63.71,61.19,12641200.0,,
"Jan 14, 2021",65.1,65.24,64.28,64.37,61.83,15624800.0,,
"Jan 13, 2021",64.61,65.14,64.49,64.94,62.38,13605200.0,,
"Jan 13, 2021",64.61,65.14,64.49,64.94,62.38,13605200.0,,
"Jan 12, 2021",64.76,64.85,63.92,64.53,61.98,17089200.0,,
"Jan 11, 2021",64.75,65.3,64.57,64.84,62.28,17853200.0,,
"Jan 8, 2021",65.28,65.56,64.64,65.38,62.8,12387600.0,,
"Jan 7, 2021",63.87,65.08,63.84,64.96,62.4,19652000.0,,
"Jan 6, 2021",63.44,64.49,63.06,63.26,60.76,27258000.0,,
"Jan 5, 2021",63.81,64.47,63.76,64.36,61.82,12361400.0,,
"Jan 4, 2021",65.34,65.36,63.12,63.95,61.43,21017200.0,,
"Dec 31, 2020",64.94,65.19,64.49,65.01,62.44,11058400.0,,
"Dec 30, 2020",65.18,65.31,64.82,64.92,62.35,8141400.0,,
"Dec 29, 2020",65.61,65.7,64.83,64.95,62.39,8841400.0,,
"Dec 28, 2020",65.17,65.39,64.86,65.26,62.68,8171000.0,,
"Dec 24, 2020",64.21,64.69,64.17,64.53,61.98,4384600.0,,
"Dec 23, 2020",64.67,64.71,64.01,64.11,61.57,11300800.0,,
"Dec 22, 2020",64.39,64.89,64.1,64.6,62.04,14334200.0,,
"Dec 21, 2020",,,,,,,Dividend,0.149
"Dec 21, 2020",63.17,64.07,62.6,64.04,61.51,15232200.0,,
"Dec 18, 2020",64.44,64.46,63.72,64.13,61.45,17693400.0,,
"Dec 17, 2020",64.31,64.49,64.04,64.35,61.67,11505000.0,,
"Dec 16, 2020",63.5,64.07,63.29,63.85,61.18,10309200.0,,
"Dec 15, 2020",63.05,63.42,62.65,63.42,60.77,9099200.0,,
"Dec 14, 2020",62.34,62.94,62.3,62.38,59.77,11055800.0,,
"Dec 11, 2020",61.9,62.15,61.45,62.15,59.56,13023200.0,,
"Dec 10, 2020",61.81,62.58,61.67,62.28,59.68,9997400.0,,
"Dec 9, 2020",63.37,63.56,61.97,62.19,59.6,17271800.0,,
"Dec 8, 2020",63.14,63.6,62.87,63.4,60.76,7886800.0,,
"Dec 7, 2020",63.06,63.38,62.94,63.2,60.56,8905400.0,,
"Dec 4, 2020",62.49,63.03,62.35,63.02,60.39,10358800.0,,
"Dec 3, 2020",62.51,62.81,62.23,62.4,59.79,13775400.0,,
"Dec 2, 2020",62.26,62.51,61.79,62.44,59.83,16038800.0,,
"Dec 1, 2020",62.25,62.88,61.99,62.53,59.92,22681200.0,,
"Nov 30, 2020",61.31,61.83,60.62,61.74,59.16,32229200.0,,
"Nov 27, 2020",61.33,61.59,61.22,61.33,58.77,7025800.0,,
"Nov 25, 2020",61.08,61.26,60.78,61.01,58.46,12186400.0,,
"Nov 24, 2020",60.27,60.99,59.83,60.88,58.34,13634000.0,,
"Nov 23, 2020",60.24,60.63,59.52,60.04,57.54,9807000.0,,
"Nov 20, 2020",60.74,60.75,60.03,60.06,57.55,9915800.0,,
"Nov 19, 2020",60.08,60.79,59.81,60.68,58.15,12155200.0,,
"Nov 18, 2020",60.74,61.03,60.17,60.19,57.68,9542800.0,,
"Nov 17, 2020",60.88,61.17,60.58,60.85,58.31,9939400.0,,
"Nov 16, 2020",60.6,61.29,60.48,61.19,58.63,14864200.0,,
"Nov 13, 2020",60.54,60.72,59.97,60.6,58.07,11851600.0,,
"Nov 12, 2020",60.63,60.93,59.81,60.09,57.58,14352800.0,,
"Nov 11, 2020",59.83,60.79,59.71,60.63,58.1,14488600.0,,
"Nov 10, 2020",59.83,60.24,58.74,59.22,56.75,23538400.0,,
"Nov 9, 2020",62.08,62.68,60.29,60.35,57.83,39768200.0,,
"Nov 6, 2020",60.43,60.99,59.6,60.79,58.25,19455200.0,,
"Nov 5, 2020",60.29,60.75,60.04,60.58,58.05,22189800.0,,
"Nov 4, 2020",58.27,59.19,57.69,58.75,56.3,30763800.0,,
"Nov 3, 2020",56.01,57.05,55.78,56.55,54.19,20970200.0,,
"Nov 2, 2020",55.85,56.31,55.04,55.57,53.25,24039800.0,,
"Oct 30, 2020",55.89,56.24,54.78,55.43,53.12,25848600.0,,
"Oct 29, 2020",55.97,57.34,55.94,56.69,54.32,19409000.0,,
"Oct 28, 2020",57.12,57.15,55.66,55.76,53.43,32756600.0,,
"Oct 27, 2020",58.22,58.47,57.9,58.22,55.8,19064800.0,,
"Oct 26, 2020",58.56,59.03,57.22,57.94,55.52,18189200.0,,
"Oct 23, 2020",59.37,59.38,58.72,59.22,56.75,10312800.0,,
"Oct 22, 2020",59.59,59.78,58.6,59.28,56.81,13486400.0,,
"Oct 21, 2020",59.51,60.13,59.43,59.56,57.08,12171800.0,,
"Oct 20, 2020",59.67,60.28,59.29,59.65,57.17,14566600.0,,
"Oct 19, 2020",60.87,61.1,59.26,59.45,56.97,16616400.0,,
"Oct 16, 2020",61.07,61.31,60.51,60.56,58.03,11544200.0,,
"Oct 15, 2020",60.0,60.85,59.84,60.74,58.2,13185000.0,,
"Oct 14, 2020",61.49,61.81,60.56,61.01,58.46,14534000.0,,
"Oct 13, 2020",61.93,62.04,61.1,61.33,58.78,17613800.0,,
"Oct 12, 2020",60.97,62.13,60.67,61.73,59.15,19163800.0,,
"Oct 9, 2020",59.47,60.1,59.45,60.09,57.58,14425400.0,,
"Oct 8, 2020",59.4,59.4,58.99,59.19,56.72,10109600.0,,
"Oct 7, 2020",58.42,58.99,58.38,58.88,56.42,12992400.0,,
"Oct 6, 2020",58.59,59.15,57.62,57.82,55.41,26862200.0,,
"Oct 5, 2020",57.88,58.76,57.85,58.73,56.28,12270600.0,,
"Oct 2, 2020",57.51,58.47,57.24,57.47,55.07,37251600.0,,
"Oct 1, 2020",59.16,59.24,58.59,58.97,56.51,27076400.0,,
"Sep 30, 2020",57.83,58.94,57.81,58.35,55.92,22318400.0,,
"Sep 29, 2020",57.99,58.23,57.74,57.87,55.45,20851000.0,,
"Sep 28, 2020",57.92,58.06,57.44,58.06,55.64,17473200.0,,
"Sep 25, 2020",55.67,57.14,55.32,56.97,54.59,19326600.0,,
"Sep 24, 2020",54.81,56.33,54.74,55.64,53.32,31838600.0,,
"Sep 23, 2020",57.14,57.19,55.16,55.33,53.02,23707800.0,,
"Sep 22, 2020",56.85,57.26,55.89,57.11,54.73,25537400.0,,
"Sep 21, 2020",,,,,,,Dividend,0.1235
"Sep 21, 2020",54.75,56.24,54.56,56.22,53.87,38381800.0,,
"Sep 18, 2020",56.96,57.06,55.19,55.88,53.43,41837600.0,,
"Sep 17, 2020",55.99,57.26,55.9,56.86,54.37,30403600.0,,
"Sep 16, 2020",58.49,58.58,57.28,57.33,54.82,19637000.0,,
"Sep 15, 2020",58.54,58.65,57.85,58.24,55.68,18260400.0,,
"Sep 14, 2020",57.42,57.97,57.15,57.67,55.14,24730200.0,,
"Sep 11, 2020",57.45,57.67,55.76,56.48,54.0,37166400.0,,
"Sep 10, 2020",59.03,59.12,56.57,56.92,54.42,32109800.0,,
"Sep 9, 2020",57.76,58.8,57.13,58.23,55.68,36783800.0,,
"Sep 8, 2020",56.81,58.17,56.29,56.39,53.92,47860400.0,,
"Sep 4, 2020",59.56,60.41,56.53,59.06,56.47,62544200.0,,
"Sep 3, 2020",62.5,62.55,59.4,59.9,57.27,54162000.0,,
"Sep 2, 2020",63.85,63.86,62.4,63.51,60.73,40395000.0,,
"Sep 1, 2020",62.33,63.03,61.94,62.96,60.2,25612600.0,,
"Aug 31, 2020",61.83,62.17,61.44,61.78,59.07,19040000.0,,
"Aug 28, 2020",61.28,61.78,61.21,61.58,58.88,13092600.0,,
"Aug 27, 2020",61.25,61.53,60.49,61.04,58.37,18174200.0,,
"Aug 26, 2020",60.4,61.15,60.27,60.99,58.32,16463000.0,,
"Aug 25, 2020",59.35,59.81,59.26,59.78,57.16,18628200.0,,
"Aug 25, 2020",59.35,59.81,59.26,59.78,57.16,18628200.0,,
"Aug 24, 2020",59.82,59.84,58.99,59.48,56.87,16440600.0,,
"Aug 21, 2020",58.28,59.03,58.26,58.97,56.39,15288600.0,,
"Aug 20, 2020",57.25,58.35,57.19,58.23,55.68,12803000.0,,
"Aug 19, 2020",57.68,57.94,57.37,57.47,54.95,14239400.0,,
"Aug 18, 2020",57.43,57.69,57.05,57.53,55.01,8930000.0,,
"Aug 17, 2020",57.28,57.45,57.22,57.32,54.81,8174600.0,,
"Aug 14, 2020",57.01,57.1,56.63,56.94,54.44,8334200.0,,
"Aug 13, 2020",57.03,57.46,56.78,56.98,54.48,11453600.0,,
"Aug 12, 2020",56.14,57.1,56.07,56.96,54.46,14196800.0,,
"Aug 11, 2020",56.53,56.76,55.58,55.69,53.25,18844400.0,,
"Aug 10, 2020",56.98,57.08,55.94,56.71,54.22,16481200.0,,
"Aug 7, 2020",57.5,57.51,56.42,56.87,54.38,27476200.0,,
"Aug 6, 2020",56.88,57.78,56.76,57.73,55.2,16399400.0,,
"Aug 5, 2020",56.9,57.06,56.65,56.93,54.43,12960200.0,,
"Aug 4, 2020",56.46,56.72,56.21,56.72,54.23,17971600.0,,
"Aug 3, 2020",55.97,56.76,55.94,56.58,54.1,24327000.0,,
"Jul 31, 2020",54.72,55.24,53.83,55.22,52.79,25185800.0,,
"Jul 30, 2020",53.08,53.9,52.8,53.87,51.51,21556800.0,,
"Jul 29, 2020",53.01,53.72,53.01,53.57,51.22,13187000.0,,
"Jul 28, 2020",53.26,53.43,52.76,52.81,50.49,17825400.0,,
"Jul 27, 2020",52.92,53.49,52.81,53.43,51.09,16908000.0,,
"Jul 24, 2020",52.35,52.94,51.74,52.6,50.29,22911600.0,,
"Jul 23, 2020",54.38,54.74,53.01,53.24,50.91,23349600.0,,
"Jul 22, 2020",54.28,54.83,54.24,54.67,52.27,15028000.0,,
"Jul 21, 2020",55.17,55.19,54.03,54.23,51.85,18794800.0,,
"Jul 20, 2020",53.56,54.91,53.26,54.78,52.38,17018400.0,,
"Jul 17, 2020",53.47,53.56,52.92,53.42,51.07,12710400.0,,
"Jul 16, 2020",53.24,53.4,52.74,53.15,50.83,17180600.0,,
"Jul 15, 2020",54.02,54.28,53.19,53.82,51.46,23779200.0,,
"Jul 14, 2020",52.5,53.6,51.94,53.53,51.18,30053200.0,,
"Jul 13, 2020",54.5,54.86,52.78,52.92,50.6,28910400.0,,
"Jul 10, 2020",53.93,54.06,53.4,54.04,51.67,14724600.0,,
"Jul 9, 2020",54.3,54.31,53.28,54.06,51.69,17767800.0,,
"Jul 8, 2020",53.42,53.87,53.13,53.86,51.5,13327000.0,,
"Jul 7, 2020",53.49,54.03,52.94,52.99,50.67,15863600.0,,
"Jul 6, 2020",53.31,53.81,53.28,53.56,51.21,16046200.0,,
"Jul 2, 2020",52.83,53.11,52.53,52.63,50.33,19144600.0,,
"Jul 1, 2020",52.28,52.63,52.04,52.33,50.04,21709200.0,,
"Jun 30, 2020",51.33,52.46,51.26,52.24,49.95,16500000.0,,
"Jun 29, 2020",50.76,51.33,50.15,51.33,49.08,18547200.0,,
"Jun 26, 2020",51.69,51.76,50.62,50.77,48.54,44275600.0,,
"Jun 25, 2020",51.21,51.85,50.65,51.79,49.52,20534400.0,,
"Jun 24, 2020",52.1,52.39,50.85,51.13,48.89,25425600.0,,
"Jun 23, 2020",52.4,52.92,52.24,52.31,50.02,19028000.0,,
"Jun 22, 2020",,,,,,,Dividend,0.1405
"Jun 22, 2020",51.04,51.99,50.97,51.94,49.66,14738000.0,,
"Jun 19, 2020",52.1,52.15,50.88,51.12,48.74,31280000.0,,
"Jun 18, 2020",51.15,51.53,51.04,51.47,49.08,13717200.0,,
"Jun 17, 2020",51.54,51.73,51.16,51.24,48.86,17324200.0,,
"Jun 16, 2020",51.38,51.69,50.46,51.26,48.87,27935800.0,,
"Jun 15, 2020",48.8,50.41,48.64,50.19,47.85,29924000.0,,
"Jun 12, 2020",50.38,50.63,48.84,49.71,47.4,43287000.0,,
"Jun 11, 2020",51.15,51.22,49.06,49.07,46.79,39742000.0,,
"Jun 10, 2020",51.57,52.44,51.47,52.06,49.64,24389600.0,,
"Jun 9, 2020",50.71,51.45,50.66,51.2,48.82,14707800.0,,
"Jun 8, 2020",50.62,50.98,50.15,50.96,48.59,16130200.0,,
"Jun 5, 2020",49.76,50.85,49.67,50.71,48.35,20756400.0,,
"Jun 4, 2020",49.62,49.97,49.13,49.4,47.11,15138800.0,,
"Jun 3, 2020",49.63,49.97,49.42,49.81,47.5,22035800.0,,
"Jun 2, 2020",49.07,49.43,48.6,49.43,47.13,22415200.0,,
"Jun 1, 2020",48.76,49.08,48.54,48.97,46.69,26719400.0,,
"May 29, 2020",48.52,49.1,48.12,48.99,46.71,35555000.0,,
"May 28, 2020",48.29,49.26,48.26,48.38,46.13,21147400.0,,
"May 27, 2020",48.19,48.49,47.17,48.47,46.22,38856800.0,,
"May 26, 2020",49.21,49.24,48.15,48.19,45.96,26001400.0,,
"May 22, 2020",48.0,48.31,47.81,48.24,46.0,18489600.0,,
"May 21, 2020",48.7,48.85,48.04,48.07,45.84,20581600.0,,
"May 20, 2020",48.37,48.84,48.34,48.75,46.48,18192000.0,,
"May 19, 2020",47.9,48.44,47.69,47.71,45.49,20092800.0,,
"May 18, 2020",47.65,48.15,47.49,47.88,45.66,20033400.0,,
"May 15, 2020",45.76,46.74,45.63,46.74,44.56,28032800.0,,
"May 14, 2020",45.6,46.53,45.1,46.5,44.34,30475200.0,,
"May 13, 2020",46.74,47.1,45.31,45.92,43.78,33942200.0,,
"May 12, 2020",47.9,48.03,46.69,46.72,44.55,27042000.0,,
"May 11, 2020",47.06,47.99,46.97,47.71,45.49,20768800.0,,
"May 8, 2020",47.15,47.46,46.88,47.39,45.19,15221600.0,,
"May 7, 2020",46.64,46.97,46.57,46.71,44.54,21088800.0,,
"May 6, 2020",46.1,46.46,45.81,46.01,43.88,16941000.0,,
"May 5, 2020",45.56,46.24,45.47,45.66,43.54,17374600.0,,
"May 4, 2020",44.24,45.08,44.04,45.04,42.95,21458000.0,,
"May 1, 2020",44.7,45.33,44.28,44.45,42.38,23990200.0,,
"Apr 30, 2020",46.01,46.01,45.37,45.71,43.58,30861200.0,,
"Apr 29, 2020",45.04,46.07,44.88,45.91,43.78,22925800.0,,
"Apr 28, 2020",45.25,45.28,44.04,44.1,42.05,25267600.0,,
"Apr 27, 2020",44.72,44.85,44.42,44.69,42.62,15598600.0,,
"Apr 24, 2020",43.58,44.33,43.29,44.31,42.26,16885000.0,,
"Apr 23, 2020",43.79,44.29,43.36,43.4,41.38,21169600.0,,
"Apr 22, 2020",43.1,43.94,42.94,43.69,41.66,24032000.0,,
"Apr 21, 2020",43.29,43.4,41.82,42.08,40.12,32765000.0,,
"Apr 20, 2020",44.03,44.61,43.85,43.92,41.87,20407000.0,,
"Apr 17, 2020",44.83,44.83,43.99,44.63,42.56,28284800.0,,
"Apr 16, 2020",44.08,44.15,43.33,44.04,42.0,23667600.0,,
"Apr 15, 2020",43.6,43.87,43.19,43.51,41.49,25858200.0,,
"Apr 14, 2020",43.65,44.56,43.47,44.49,42.42,31779000.0,,
"Apr 13, 2020",42.43,42.76,41.83,42.69,40.71,25301600.0,,
"Apr 9, 2020",43.1,43.31,42.3,42.6,40.62,39259800.0,,
"Apr 8, 2020",42.02,42.76,41.63,42.59,40.61,27428600.0,,
"Apr 7, 2020",43.33,43.34,41.43,41.47,39.55,44298800.0,,
"Apr 6, 2020",40.26,42.13,40.0,41.85,39.91,35987200.0,,
"Apr 6, 2020",40.26,42.13,40.0,41.85,39.91,35987200.0,,
"Apr 3, 2020",38.99,39.42,38.08,38.56,36.77,31572000.0,,
"Apr 2, 2020",38.13,39.22,37.98,39.17,37.35,44223600.0,,
"Apr 1, 2020",38.79,39.63,37.99,38.27,36.49,54984800.0,,
"Mar 31, 2020",40.85,41.59,39.97,40.19,38.32,39988800.0,,
"Mar 30, 2020",39.82,41.04,39.69,40.95,39.05,47480200.0,,
"Mar 27, 2020",39.88,40.63,39.13,39.29,37.47,58485400.0,,
"Mar 26, 2020",39.24,41.26,39.15,41.15,39.24,56425800.0,,
"Mar 25, 2020",39.1,40.54,38.01,38.76,36.95,57480800.0,,
"Mar 24, 2020",37.33,38.83,37.18,38.81,37.0,75329000.0,,
"Mar 23, 2020",,,,,,,Dividend,0.1855
"Mar 23, 2020",35.35,36.11,34.05,35.2,33.56,84958400.0,,
"Mar 20, 2020",38.13,38.52,35.59,35.71,33.87,90444000.0,,
"Mar 19, 2020",36.94,38.69,36.06,37.42,35.5,123454200.0,,
"Mar 18, 2020",36.17,37.91,35.13,37.29,35.37,107412400.0,,
"Mar 17, 2020",37.13,39.22,35.97,38.75,36.76,100814600.0,,
"Mar 16, 2020",35.86,39.6,35.6,36.28,34.41,81244800.0,,
"Mar 13, 2020",40.04,42.19,38.15,42.1,39.93,65849600.0,,
"Mar 12, 2020",38.72,40.95,37.5,37.67,35.74,65490600.0,,
"Mar 11, 2020",42.65,42.91,41.15,41.75,39.6,63304200.0,,
"Mar 10, 2020",42.84,43.83,41.31,43.82,41.57,71164600.0,,
"Mar 9, 2020",40.79,43.0,40.75,41.08,38.97,59119800.0,,
"Mar 6, 2020",43.9,44.72,43.24,44.46,42.17,57631800.0,,
"Mar 5, 2020",45.65,46.51,45.12,45.42,43.08,49019000.0,,
"Mar 4, 2020",45.94,46.91,45.3,46.9,44.48,44727600.0,,
"Mar 3, 2020",47.01,47.33,44.49,44.97,42.65,94989200.0,,
"Mar 2, 2020",44.98,46.75,44.19,46.74,44.34,70008600.0,,
"Feb 28, 2020",42.1,44.6,42.03,44.19,41.91,111854400.0,,
"Feb 27, 2020",44.83,45.78,43.82,43.85,41.6,67825800.0,,
"Feb 26, 2020",46.31,47.35,46.0,46.35,43.97,55759600.0,,
"Feb 25, 2020",48.1,48.27,45.97,46.14,43.77,62934400.0,,
"Feb 24, 2020",47.33,48.35,46.9,47.67,45.21,42365200.0,,
"Feb 21, 2020",50.6,50.65,49.41,49.72,47.16,29899000.0,,
"Feb 20, 2020",51.28,51.41,50.17,50.86,48.25,26324600.0,,
"Feb 19, 2020",51.12,51.47,51.08,51.4,48.75,16615600.0,,
"Feb 18, 2020",50.57,50.9,50.51,50.79,48.18,20633200.0,,
"Feb 14, 2020",50.86,51.06,50.7,50.98,48.36,12392400.0,,
"Feb 13, 2020",50.49,51.03,50.42,50.76,48.15,14802800.0,,
"Feb 12, 2020",50.69,50.92,50.41,50.9,48.28,12152800.0,,
"Feb 11, 2020",50.9,50.95,50.2,50.35,47.76,15105800.0,,
"Feb 10, 2020",49.56,50.53,49.54,50.52,47.92,16347600.0,,
"Feb 7, 2020",50.07,50.26,49.74,49.85,47.28,16598000.0,,
"Feb 6, 2020",50.06,50.32,49.83,50.31,47.72,13505600.0,,
"Feb 5, 2020",50.38,50.4,49.49,49.85,47.29,32697000.0,,
"Feb 4, 2020",49.13,49.67,49.01,49.56,47.01,19097800.0,,
"Feb 3, 2020",47.72,48.42,47.67,48.29,45.81,25075600.0,,
"Jan 31, 2020",48.72,48.75,47.49,47.67,45.21,26964600.0,,
"Jan 30, 2020",48.57,49.06,48.28,49.01,46.49,19933600.0,,
"Jan 29, 2020",48.87,48.94,48.4,48.59,46.09,21126600.0,,
"Jan 28, 2020",47.97,48.6,47.87,48.47,45.97,31184400.0,,
"Jan 27, 2020",47.58,47.93,47.35,47.56,45.11,35574600.0,,
"Jan 24, 2020",49.31,49.42,48.54,48.72,46.21,23617400.0,,
"Jan 23, 2020",48.76,48.99,48.56,48.94,46.43,14956400.0,,
"Jan 22, 2020",48.85,49.06,48.67,48.72,46.21,15491600.0,,
"Jan 21, 2020",48.41,48.82,48.4,48.54,46.04,17975000.0,,
"Jan 17, 2020",48.46,48.6,48.2,48.56,46.06,21661000.0,,
"Jan 16, 2020",47.9,48.24,47.83,48.24,45.76,11543200.0,,
"Jan 15, 2020",47.57,47.83,47.44,47.6,45.15,14417000.0,,
"Jan 14, 2020",47.83,47.87,47.47,47.54,45.1,16134600.0,,
"Jan 13, 2020",47.39,47.82,47.37,47.76,45.31,15524400.0,,
"Jan 10, 2020",47.49,47.56,47.1,47.17,44.75,15330600.0,,
"Jan 9, 2020",47.19,47.31,46.94,47.28,44.85,15554800.0,,
"Jan 8, 2020",46.31,46.96,46.22,46.76,44.35,23254400.0,,
"Jan 7, 2020",46.36,46.49,46.19,46.26,43.88,15363600.0,,
"Jan 6, 2020",45.71,46.33,45.63,46.28,43.9,15630000.0,,
"Jan 3, 2020",46.01,46.49,46.01,46.17,43.8,30023600.0,,
"Jan 2, 2020",46.25,46.69,46.16,46.69,44.29,26567000.0,,
"Dec 31, 2019",45.53,45.88,45.47,45.83,43.48,11601800.0,,
"Dec 30, 2019",45.94,45.95,45.34,45.69,43.34,16491200.0,,
"Dec 27, 2019",46.15,46.15,45.84,45.96,43.59,19332200.0,,
"Dec 26, 2019",45.72,45.97,45.69,45.96,43.6,8269200.0,,
"Dec 24, 2019",45.69,45.69,45.51,45.62,43.27,4890800.0,,
"Dec 23, 2019",45.62,45.72,45.55,45.6,43.26,15530400.0,,
"Dec 20, 2019",,,,,,,Dividend,0.1475
"Dec 20, 2019",45.48,45.53,45.36,45.47,43.14,23400800.0,,
"Dec 19, 2019",45.06,45.37,45.05,45.36,42.89,13724000.0,,
"Dec 18, 2019",45.1,45.21,45.02,45.03,42.58,12970200.0,,
"Dec 17, 2019",45.22,45.24,44.98,45.04,42.59,14919400.0,,
"Dec 16, 2019",45.08,45.3,45.08,45.15,42.68,19744600.0,,
"Dec 13, 2019",44.4,44.85,44.32,44.74,42.31,26256200.0,,
"Dec 12, 2019",43.85,44.51,43.75,44.45,42.03,24189400.0,,
"Dec 11, 2019",43.8,44.02,43.71,43.98,41.58,9879000.0,,
"Dec 10, 2019",43.72,43.92,43.58,43.69,41.3,12350800.0,,
"Dec 9, 2019",43.81,43.94,43.65,43.65,41.27,11370200.0,,
"Dec 6, 2019",43.73,43.92,43.69,43.88,41.49,18407000.0,,
"Dec 5, 2019",43.4,43.44,43.19,43.4,41.03,15620600.0,,
"Dec 4, 2019",43.35,43.38,43.17,43.24,40.88,13829000.0,,
"Dec 3, 2019",42.76,43.1,42.58,43.06,40.72,22494400.0,,
"Dec 2, 2019",44.1,44.1,43.26,43.45,41.08,23167600.0,,
"Nov 29, 2019",44.1,44.17,44.01,44.08,41.68,11360200.0,,
"Nov 27, 2019",44.1,44.21,43.97,44.21,41.8,18697000.0,,
"Nov 26, 2019",43.95,44.08,43.88,43.97,41.57,19454400.0,,
"Nov 25, 2019",43.49,43.92,43.47,43.92,41.53,14739800.0,,
"Nov 22, 2019",43.47,43.54,43.13,43.29,40.94,11780000.0,,
"Nov 21, 2019",43.49,43.53,43.26,43.35,40.99,18755400.0,,
"Nov 20, 2019",43.74,43.87,43.24,43.57,41.2,24759800.0,,
"Nov 19, 2019",43.92,43.97,43.67,43.83,41.45,14087400.0,,
"Nov 18, 2019",43.6,43.81,43.44,43.75,41.37,13022200.0,,
"Nov 15, 2019",43.58,43.62,43.44,43.62,41.24,14124800.0,,
"Nov 14, 2019",43.15,43.31,43.03,43.27,40.91,12182600.0,,
"Nov 14, 2019",43.15,43.31,43.03,43.27,40.91,12182600.0,,
"Nov 13, 2019",43.06,43.36,43.04,43.32,40.96,15372200.0,,
"Nov 12, 2019",43.14,43.38,43.03,43.22,40.87,16562400.0,,
"Nov 11, 2019",42.81,43.14,42.76,43.08,40.73,8488000.0,,
"Nov 8, 2019",42.71,43.06,42.54,43.06,40.71,12573000.0,,
"Nov 7, 2019",42.77,43.06,42.7,42.82,40.49,28085000.0,,
"Nov 6, 2019",42.5,42.53,42.27,42.49,40.17,17077200.0,,
"Nov 5, 2019",42.67,42.69,42.36,42.51,40.19,15799600.0,,
"Nov 4, 2019",42.66,42.69,42.47,42.56,40.24,20363200.0,,
"Nov 1, 2019",41.97,42.33,41.91,42.33,40.03,19841200.0,,
"Oct 31, 2019",41.92,41.97,41.56,41.83,39.56,22461800.0,,
"Oct 30, 2019",41.73,41.91,41.45,41.86,39.58,25558600.0,,
"Oct 29, 2019",41.95,42.03,41.59,41.6,39.34,15520800.0,,
"Oct 28, 2019",41.83,42.01,41.81,41.99,39.7,14459800.0,,
"Oct 25, 2019",40.97,41.51,40.94,41.46,39.2,16305400.0,,
"Oct 24, 2019",40.81,41.0,40.65,40.97,38.73,14508200.0,,
"Oct 23, 2019",40.22,40.38,40.13,40.38,38.17,17617000.0,,
"Oct 22, 2019",40.97,41.12,40.31,40.34,38.14,18916000.0,,
"Oct 21, 2019",40.69,40.91,40.55,40.89,38.66,12678600.0,,
"Oct 18, 2019",40.78,40.85,40.2,40.46,38.25,17452600.0,,
"Oct 17, 2019",41.06,41.18,40.63,40.85,38.62,13731800.0,,
"Oct 16, 2019",40.99,41.01,40.78,40.92,38.69,20066000.0,,
"Oct 15, 2019",40.92,41.31,40.88,41.21,38.96,16205800.0,,
"Oct 14, 2019",40.74,40.93,40.74,40.76,38.54,11325600.0,,
"Oct 11, 2019",40.72,41.15,40.66,40.78,38.56,31941200.0,,
"Oct 10, 2019",39.92,40.39,39.88,40.23,38.04,18796200.0,,
"Oct 9, 2019",39.78,40.1,39.72,39.96,37.78,20503000.0,,
"Oct 8, 2019",39.85,39.97,39.37,39.37,37.22,28733600.0,,
"Oct 7, 2019",40.14,40.44,40.08,40.1,37.92,21238800.0,,
"Oct 4, 2019",39.9,40.33,39.86,40.28,38.08,21876800.0,,
"Oct 3, 2019",39.13,39.63,38.64,39.62,37.46,34944400.0,,
"Oct 2, 2019",39.63,39.63,38.85,39.14,37.01,39509600.0,,
"Oct 1, 2019",40.44,40.72,39.88,39.89,37.72,22044600.0,,
"Sep 30, 2019",40.01,40.36,39.96,40.26,38.07,22002800.0,,
"Sep 27, 2019",40.38,40.47,39.54,39.85,37.67,25564200.0,,
"Sep 26, 2019",40.33,40.53,40.07,40.38,38.18,18178600.0,,
"Sep 25, 2019",39.81,40.45,39.44,40.34,38.14,23913200.0,,
"Sep 24, 2019",40.52,40.67,39.69,39.87,37.69,35448200.0,,
"Sep 23, 2019",40.13,40.38,40.05,40.26,38.06,15648400.0,,
"Sep 20, 2019",,,,,,,Dividend,0.1265
"Sep 20, 2019",40.74,40.76,40.03,40.13,37.94,30027200.0,,
"Sep 19, 2019",40.76,41.09,40.67,40.73,38.39,16387000.0,,
"Sep 18, 2019",40.58,40.67,40.09,40.64,38.31,17261400.0,,
"Sep 17, 2019",40.51,40.65,40.42,40.65,38.31,15402600.0,,
"Sep 16, 2019",40.24,40.57,40.21,40.48,38.15,15451800.0,,
"Sep 13, 2019",40.81,40.81,40.53,40.58,38.25,33067200.0,,
"Sep 12, 2019",40.91,41.21,40.71,40.88,38.53,25542000.0,,
"Sep 11, 2019",40.37,40.67,40.28,40.66,38.32,18818600.0,,
"Sep 10, 2019",40.26,40.26,39.78,40.24,37.93,19717000.0,,
"Sep 9, 2019",40.94,40.96,40.23,40.44,38.12,25221400.0,,
"Sep 6, 2019",40.88,40.9,40.64,40.75,38.41,18300200.0,,
"Sep 5, 2019",40.47,40.95,40.46,40.78,38.44,20086600.0,,
"Sep 4, 2019",39.71,39.97,39.67,39.95,37.66,15458800.0,,
"Sep 3, 2019",39.44,39.78,39.14,39.28,37.02,23675000.0,,
"Aug 30, 2019",40.03,40.08,39.48,39.76,37.48,20150800.0,,
"Aug 29, 2019",39.63,39.9,39.49,39.78,37.49,16241200.0,,
"Aug 28, 2019",38.85,39.16,38.57,39.1,36.85,14279000.0,,
"Aug 27, 2019",39.38,39.44,38.83,39.06,36.82,20066000.0,,
"Aug 26, 2019",39.06,39.13,38.79,39.12,36.87,20717000.0,,
"Aug 23, 2019",39.69,40.05,38.42,38.58,36.37,40797800.0,,
"Aug 22, 2019",40.1,40.19,39.55,39.9,37.61,15188200.0,,
"Aug 21, 2019",39.92,40.1,39.82,40.0,37.7,16802600.0,,
"Aug 20, 2019",39.69,39.88,39.51,39.53,37.26,16675400.0,,
"Aug 19, 2019",39.76,39.85,39.53,39.74,37.45,15756200.0,,
"Aug 16, 2019",38.81,39.22,38.75,39.14,36.89,21694000.0,,
"Aug 15, 2019",38.51,38.61,38.08,38.41,36.2,31324600.0,,
"Aug 14, 2019",38.97,39.15,38.38,38.48,36.27,47138600.0,,
"Aug 13, 2019",38.69,39.85,38.61,39.7,37.42,52085600.0,,
"Aug 12, 2019",38.97,39.12,38.55,38.73,36.51,21786800.0,,
"Aug 9, 2019",39.46,39.57,38.94,39.24,36.99,31145200.0,,
"Aug 8, 2019",39.06,39.71,38.96,39.69,37.42,31983200.0,,
"Aug 7, 2019",38.06,38.85,37.85,38.74,36.52,41164800.0,,
"Aug 6, 2019",38.38,38.65,38.06,38.51,36.29,38301600.0,,
"Aug 5, 2019",38.47,38.53,37.57,37.88,35.7,55653200.0,,
"Aug 2, 2019",39.85,39.87,39.17,39.53,37.25,44743800.0,,
"Aug 1, 2019",40.46,41.31,39.98,40.18,37.87,57666000.0,,
"Jul 31, 2019",41.22,41.27,39.96,40.38,38.07,33738600.0,,
"Jul 30, 2019",40.99,41.18,40.9,41.01,38.65,14728000.0,,
"Jul 29, 2019",41.31,41.34,40.95,41.27,38.9,16946400.0,,
"Jul 26, 2019",41.22,41.38,41.19,41.29,38.92,22240400.0,,
"Jul 25, 2019",41.28,41.28,40.99,41.21,38.84,19846800.0,,
"Jul 24, 2019",40.98,41.39,40.98,41.38,39.0,18514200.0,,
"Jul 23, 2019",41.04,41.08,40.73,41.03,38.68,11010800.0,,
"Jul 22, 2019",40.5,40.91,40.49,40.81,38.47,13849400.0,,
"Jul 19, 2019",40.92,40.94,40.29,40.35,38.03,23359400.0,,
"Jul 18, 2019",40.13,40.58,40.1,40.52,38.19,16044000.0,,
"Jul 17, 2019",40.4,40.49,40.22,40.22,37.91,13416000.0,,
"Jul 16, 2019",40.65,40.66,40.26,40.33,38.01,16011400.0,,
"Jul 15, 2019",40.68,40.76,40.59,40.71,38.37,12572000.0,,
"Jul 12, 2019",40.4,40.6,40.33,40.57,38.24,15506800.0,,
"Jul 11, 2019",40.22,40.43,40.14,40.28,37.96,22704400.0,,
"Jul 10, 2019",40.03,40.37,40.0,40.13,37.82,20217200.0,,
"Jul 9, 2019",39.47,39.84,39.4,39.81,37.52,18499600.0,,
"Jul 8, 2019",39.67,39.72,39.49,39.67,37.39,14919800.0,,
"Jul 5, 2019",39.72,40.04,39.58,39.97,37.68,11847800.0,,
"Jul 3, 2019",39.85,40.05,39.76,40.05,37.75,10683600.0,,
"Jul 2, 2019",39.62,39.77,39.53,39.74,37.46,15568400.0,,
"Jul 1, 2019",39.92,39.97,39.47,39.64,37.36,28553200.0,,
"Jun 28, 2019",39.15,39.19,38.9,39.02,36.78,35566800.0,,
"Jun 27, 2019",39.06,39.16,38.94,39.03,36.78,13675000.0,,
"Jun 27, 2019",39.06,39.16,38.94,39.03,36.78,13675000.0,,
"Jun 26, 2019",38.88,39.2,38.88,38.92,36.69,18138400.0,,
"Jun 25, 2019",39.21,39.24,38.47,38.51,36.3,26245400.0,,
"Jun 24, 2019",39.22,39.36,39.17,39.23,36.98,16431800.0,,
"Jun 21, 2019",,,,,,,Dividend,0.139
"Jun 21, 2019",39.19,39.49,39.14,39.15,36.91,41430400.0,,
"Jun 20, 2019",39.48,39.61,39.15,39.48,37.08,27783800.0,,
"Jun 19, 2019",38.87,39.01,38.6,38.91,36.55,24742400.0,,
"Jun 18, 2019",38.49,38.96,38.37,38.77,36.41,32362400.0,,
"Jun 17, 2019",38.08,38.27,37.99,38.08,35.77,18702200.0,,
"Jun 14, 2019",38.03,38.17,37.88,38.05,35.74,16883400.0,,
"Jun 13, 2019",38.4,38.52,38.24,38.38,36.05,19734800.0,,
"Jun 12, 2019",38.3,38.4,38.18,38.27,35.94,15193800.0,,
"Jun 11, 2019",38.88,38.92,38.26,38.49,36.15,23100200.0,,
"Jun 10, 2019",38.37,38.85,38.37,38.49,36.15,26927600.0,,
"Jun 7, 2019",37.6,38.32,37.52,38.1,35.78,23984200.0,,
"Jun 6, 2019",37.07,37.47,36.9,37.4,35.13,23845000.0,,
"Jun 5, 2019",36.98,37.06,36.55,36.97,34.72,28791600.0,,
"Jun 4, 2019",35.76,36.49,35.58,36.49,34.28,30192400.0,,
"Jun 3, 2019",36.0,36.2,35.08,35.31,33.17,39407400.0,,
"May 31, 2019",36.12,36.28,35.93,35.94,33.76,24079600.0,,
"May 30, 2019",36.42,36.63,36.31,36.56,34.33,22841000.0,,
"May 29, 2019",36.28,36.51,36.08,36.33,34.12,29509600.0,,
"May 28, 2019",36.76,37.0,36.53,36.54,34.32,51545600.0,,
"May 24, 2019",36.84,37.03,36.61,36.65,34.42,23500000.0,,
"May 23, 2019",36.79,36.81,36.37,36.64,34.41,32171400.0,,
"May 22, 2019",37.24,37.52,37.22,37.29,35.03,23042200.0,,
"May 21, 2019",37.42,37.61,37.34,37.49,35.21,29682200.0,,
"May 20, 2019",37.06,37.35,36.85,37.03,34.78,29349200.0,,
"May 17, 2019",37.6,38.2,37.6,37.69,35.4,27087800.0,,
"May 16, 2019",37.67,38.27,37.63,37.99,35.69,30889400.0,,
"May 15, 2019",36.99,37.76,36.92,37.65,35.36,30097200.0,,
"May 14, 2019",36.84,37.47,36.81,37.24,34.98,36808600.0,,
"May 13, 2019",37.01,37.24,36.55,36.65,34.43,50922400.0,,
"May 10, 2019",37.72,38.26,37.18,38.09,35.78,39192400.0,,
"May 9, 2019",37.76,38.1,37.33,37.97,35.66,38601800.0,,
"May 8, 2019",38.15,38.56,38.08,38.23,35.91,27334600.0,,
"May 7, 2019",38.67,38.83,37.92,38.28,35.95,41251200.0,,
"May 6, 2019",38.48,39.18,38.33,39.12,36.74,26045000.0,,
"May 3, 2019",39.19,39.46,39.13,39.42,37.03,26576600.0,,
"May 2, 2019",39.24,39.53,38.84,39.05,36.68,49977600.0,,
"May 1, 2019",39.75,39.85,39.25,39.26,36.87,30893600.0,,
"Apr 30, 2019",39.27,39.41,39.05,39.35,36.96,37685800.0,,
"Apr 29, 2019",39.28,39.42,39.24,39.29,36.9,21226400.0,,
"Apr 26, 2019",39.19,39.29,38.86,39.28,36.89,22100400.0,,
"Apr 25, 2019",39.62,39.73,39.22,39.43,37.03,22775200.0,,
"Apr 24, 2019",39.46,39.62,39.38,39.44,37.04,21876600.0,,
"Apr 23, 2019",39.06,39.47,39.02,39.42,37.03,33385600.0,,
"Apr 22, 2019",38.73,39.01,38.69,39.0,36.63,16168800.0,,
"Apr 18, 2019",38.88,38.92,38.62,38.91,36.55,22983800.0,,
"Apr 17, 2019",38.83,38.85,38.61,38.8,36.44,24495800.0,,
"Apr 16, 2019",38.51,38.63,38.4,38.58,36.24,19218600.0,,
"Apr 15, 2019",38.4,38.5,38.19,38.39,36.06,19821400.0,,
"Apr 12, 2019",38.35,38.4,38.14,38.4,36.07,17110000.0,,
"Apr 11, 2019",38.27,38.28,38.06,38.14,35.82,15394600.0,,
"Apr 10, 2019",37.96,38.2,37.94,38.19,35.87,17234800.0,,
"Apr 9, 2019",37.94,38.08,37.84,37.92,35.62,26880200.0,,
"Apr 8, 2019",37.87,38.13,37.71,38.1,35.79,14619800.0,,
"Apr 5, 2019",37.9,38.0,37.84,37.96,35.65,13419600.0,,
"Apr 4, 2019",37.92,38.03,37.56,37.78,35.48,23006200.0,,
"Apr 3, 2019",37.86,38.13,37.79,37.94,35.63,27738000.0,,
"Apr 2, 2019",37.53,37.69,37.42,37.63,35.35,23574200.0,,
"Apr 1, 2019",37.36,37.55,37.15,37.51,35.23,25181000.0,,
"Mar 29, 2019",36.94,37.01,36.76,37.0,34.75,28694400.0,,
"Mar 28, 2019",36.6,36.79,36.42,36.64,34.41,21079400.0,,
"Mar 27, 2019",36.76,36.9,36.17,36.49,34.27,31662400.0,,
"Mar 26, 2019",36.82,37.06,36.49,36.7,34.47,27930200.0,,
"Mar 25, 2019",36.54,36.74,36.26,36.5,34.28,43893800.0,,
"Mar 22, 2019",37.35,37.51,36.65,36.66,34.43,53494800.0,,
"Mar 21, 2019",36.63,37.63,36.63,37.54,35.26,54548200.0,,
"Mar 20, 2019",36.69,36.92,36.4,36.63,34.4,27408600.0,,
"Mar 19, 2019",36.8,36.9,36.58,36.72,34.49,32306200.0,,
"Mar 18, 2019",36.52,36.74,36.42,36.65,34.42,29675200.0,,
"Mar 15, 2019",,,,,,,Dividend,0.1165
"Mar 15, 2019",36.19,36.66,36.16,36.49,34.28,42049000.0,,
"Mar 14, 2019",36.16,36.28,36.08,36.17,33.87,21313200.0,,
"Mar 13, 2019",36.02,36.31,36.0,36.1,33.8,35667200.0,,
"Mar 12, 2019",35.76,35.99,35.65,35.87,33.58,36101200.0,,
"Mar 11, 2019",35.03,35.69,35.03,35.65,33.38,29153800.0,,
"Mar 8, 2019",34.49,34.94,34.42,34.9,32.68,25781400.0,,
"Mar 7, 2019",35.15,35.17,34.79,34.91,32.68,36996600.0,,
"Mar 6, 2019",35.4,35.44,35.2,35.24,33.0,26244200.0,,
"Mar 5, 2019",35.51,35.56,35.32,35.43,33.17,17907600.0,,
"Mar 4, 2019",35.82,35.91,35.14,35.53,33.27,31653000.0,,
"Mar 1, 2019",35.71,35.76,35.38,35.67,33.39,24668000.0,,
"Feb 28, 2019",35.4,35.56,35.34,35.43,33.17,18876600.0,,
"Feb 27, 2019",35.43,35.58,35.17,35.53,33.26,19555000.0,,
"Feb 26, 2019",35.37,35.67,35.33,35.56,33.3,28268000.0,,
"Feb 25, 2019",35.58,35.74,35.47,35.49,33.23,40341000.0,,
"Feb 22, 2019",35.03,35.34,35.03,35.32,33.07,24493200.0,,
"Feb 21, 2019",34.78,35.01,34.66,34.88,32.65,19508200.0,,
"Feb 20, 2019",34.85,35.01,34.67,34.86,32.64,19704200.0,,
"Feb 19, 2019",34.67,34.92,34.63,34.82,32.6,16638200.0,,
"Feb 15, 2019",34.79,34.85,34.62,34.81,32.59,14712000.0,,
"Feb 14, 2019",34.35,34.66,34.32,34.53,32.33,19484000.0,,
"Feb 13, 2019",34.6,34.72,34.46,34.47,32.28,18241800.0,,
"Feb 12, 2019",34.22,34.47,34.17,34.43,32.23,19418200.0,,
"Feb 11, 2019",34.1,34.21,33.9,33.98,31.81,14869400.0,,
"Feb 8, 2019",33.49,33.99,33.47,33.99,31.83,16977600.0,,
"Feb 7, 2019",33.96,34.1,33.57,33.8,31.64,29264000.0,,
"Feb 7, 2019",33.96,34.1,33.57,33.8,31.64,29264000.0,,
"Feb 6, 2019",34.19,34.37,34.06,34.27,32.08,20379200.0,,
"Feb 5, 2019",33.99,34.24,33.94,34.15,31.98,24121400.0,,
"Feb 4, 2019",33.38,33.88,33.35,33.87,31.71,15208600.0,,
"Feb 1, 2019",33.15,33.51,33.1,33.33,31.21,19475600.0,,
"Jan 31, 2019",33.01,33.32,32.9,33.14,31.03,36501800.0,,
"Jan 30, 2019",32.71,33.27,32.56,33.17,31.06,33990600.0,,
"Jan 29, 2019",32.59,32.6,32.13,32.17,30.12,17147800.0,,
"Jan 28, 2019",32.47,32.53,32.26,32.53,30.45,19324800.0,,
"Jan 25, 2019",32.75,33.06,32.63,32.97,30.86,20061600.0,,
"Jan 24, 2019",32.35,32.62,32.33,32.51,30.43,28341800.0,,
"Jan 23, 2019",32.26,32.5,31.88,32.24,30.18,19152200.0,,
"Jan 22, 2019",32.41,32.47,31.87,32.13,30.08,29985000.0,,
"Jan 18, 2019",32.51,32.74,32.29,32.67,30.59,27303200.0,,
"Jan 17, 2019",31.86,32.37,31.78,32.19,30.13,20256800.0,,
"Jan 16, 2019",31.99,32.17,31.92,31.98,29.94,18937000.0,,
"Jan 15, 2019",31.58,32.01,31.52,31.95,29.91,28654000.0,,
"Jan 14, 2019",31.49,31.58,31.36,31.48,29.47,14483800.0,,
"Jan 11, 2019",31.65,31.79,31.58,31.77,29.74,15451200.0,,
"Jan 10, 2019",31.44,31.84,31.3,31.83,29.8,21868200.0,,
"Jan 9, 2019",31.45,31.85,31.42,31.69,29.67,28044800.0,,
"Jan 8, 2019",31.33,31.43,30.92,31.28,29.29,26005200.0,,
"Jan 7, 2019",30.75,31.24,30.68,31.02,29.05,23817200.0,,
"Jan 4, 2019",29.99,30.88,29.89,30.75,28.79,41535600.0,,
"Jan 3, 2019",30.22,30.24,29.41,29.44,27.57,49893400.0,,
"Jan 2, 2019",30.35,31.19,30.32,31.01,29.03,30885800.0,,
"Dec 31, 2018",30.97,31.1,30.73,30.99,29.01,33720200.0,,
"Dec 28, 2018",31.0,31.21,30.43,30.7,28.74,39685800.0,,
"Dec 27, 2018",30.13,30.78,29.54,30.77,28.81,46877600.0,,
"Dec 26, 2018",29.01,30.55,28.84,30.55,28.6,58120200.0,,
"Dec 24, 2018",29.32,29.68,28.78,28.81,26.97,42234000.0,,
"Dec 21, 2018",,,,,,,Dividend,0.1325
"Dec 21, 2018",30.53,30.91,29.47,29.6,27.71,83227400.0,,
"Dec 20, 2018",31.08,31.4,30.22,30.66,28.58,79003600.0,,
"Dec 19, 2018",31.81,32.37,30.88,31.22,29.1,67212200.0,,
"Dec 18, 2018",31.84,32.13,31.59,31.85,29.69,39253200.0,,
"Dec 17, 2018",32.17,32.38,31.34,31.6,29.46,46527000.0,,
"Dec 14, 2018",32.7,32.88,32.26,32.28,30.1,31032400.0,,
"Dec 13, 2018",33.2,33.44,32.9,33.1,30.85,25638600.0,,
"Dec 12, 2018",33.31,33.56,33.03,33.04,30.8,33857600.0,,
"Dec 11, 2018",33.26,33.32,32.52,32.78,30.56,31626200.0,,
"Dec 10, 2018",32.12,32.87,31.93,32.74,30.52,40895600.0,,
"Dec 7, 2018",33.32,33.47,32.15,32.3,30.11,39875000.0,,
"Dec 6, 2018",32.62,33.48,32.46,33.48,31.21,43155800.0,,
"Dec 4, 2018",34.47,34.55,33.33,33.4,31.14,41982200.0,,
"Dec 3, 2018",34.82,34.85,34.35,34.72,32.37,32463400.0,,
"Nov 30, 2018",33.67,33.99,33.51,33.97,31.67,33019600.0,,
"Nov 29, 2018",33.88,33.92,33.47,33.65,31.37,28230800.0,,
"Nov 28, 2018",33.16,33.98,33.03,33.98,31.68,33219200.0,,
"Nov 27, 2018",32.54,32.88,32.35,32.83,30.6,23076400.0,,
"Nov 26, 2018",32.46,32.76,32.29,32.76,30.54,25069200.0,,
"Nov 23, 2018",31.99,32.4,31.98,32.04,29.87,10676200.0,,
"Nov 21, 2018",32.53,32.67,32.2,32.33,30.14,33006600.0,,
"Nov 20, 2018",31.89,32.53,31.69,32.1,29.92,56129600.0,,
"Nov 19, 2018",33.94,33.98,32.72,32.81,30.58,38397200.0,,
"Nov 16, 2018",33.76,34.31,33.69,34.1,31.79,35945800.0,,
"Nov 15, 2018",33.38,34.24,33.19,34.16,31.84,52602200.0,,
"Nov 14, 2018",34.1,34.17,33.15,33.33,31.06,38993400.0,,
"Nov 13, 2018",33.77,34.31,33.63,33.73,31.44,31407000.0,,
"Nov 12, 2018",34.6,34.66,33.65,33.69,31.4,32862200.0,,
"Nov 9, 2018",35.23,35.26,34.63,34.92,32.55,25883600.0,,
"Nov 8, 2018",35.43,35.58,35.31,35.53,33.12,20819400.0,,
"Nov 7, 2018",34.95,35.56,34.9,35.56,33.15,32629600.0,,
"Nov 6, 2018",34.31,34.72,34.28,34.55,32.21,18267600.0,,
"Nov 5, 2018",34.35,34.4,33.84,34.33,32.01,28416400.0,,
"Nov 2, 2018",34.78,34.99,34.08,34.37,32.04,40426200.0,,
"Nov 1, 2018",34.7,35.08,34.4,35.06,32.68,31106200.0,,
"Oct 31, 2018",34.35,34.92,34.33,34.65,32.3,42288200.0,,
"Oct 30, 2018",33.44,33.97,33.15,33.85,31.55,61121600.0,,
"Oct 29, 2018",34.51,34.76,32.79,33.47,31.2,68110600.0,,
"Oct 26, 2018",33.88,34.67,33.56,34.04,31.74,85487200.0,,
"Oct 25, 2018",34.06,34.92,34.01,34.74,32.38,46754400.0,,
"Oct 24, 2018",35.07,35.15,33.54,33.58,31.31,68330800.0,,
"Oct 23, 2018",34.56,35.35,34.21,35.16,32.78,48132200.0,,
"Oct 22, 2018",35.17,35.53,34.96,35.29,32.9,31962000.0,,
"Oct 19, 2018",35.22,35.6,34.88,35.01,32.63,44283400.0,,
"Oct 18, 2018",35.56,35.58,34.81,35.02,32.64,45920600.0,,
"Oct 17, 2018",35.93,35.96,35.4,35.72,33.3,48329800.0,,
"Oct 16, 2018",35.28,36.0,35.19,35.88,33.45,41998600.0,,
"Oct 15, 2018",35.28,35.31,34.81,34.83,32.47,38305000.0,,
"Oct 12, 2018",35.28,35.53,34.72,35.42,33.01,71818800.0,,
"Oct 11, 2018",34.65,35.24,34.03,34.31,31.99,136539000.0,,
"Oct 10, 2018",36.31,36.31,34.73,34.76,32.4,88286000.0,,
"Oct 9, 2018",36.38,36.74,36.31,36.53,34.05,30277800.0,,
"Oct 8, 2018",36.63,36.75,35.98,36.4,33.93,39946000.0,,
"Oct 5, 2018",37.26,37.38,36.45,36.81,34.31,44577000.0,,
"Oct 4, 2018",37.78,37.81,37.03,37.28,34.75,46584800.0,,
"Oct 3, 2018",37.98,38.13,37.9,37.97,35.39,26584800.0,,
"Oct 2, 2018",37.8,38.06,37.68,37.85,35.28,28014000.0,,
"Oct 1, 2018",37.9,38.0,37.73,37.85,35.28,20668200.0,,
"Sep 28, 2018",37.42,37.7,37.4,37.67,35.11,23421200.0,,
"Sep 27, 2018",37.44,37.63,37.44,37.53,34.98,28466400.0,,
"Sep 26, 2018",37.49,37.65,37.24,37.31,34.77,26641200.0,,
"Sep 25, 2018",37.44,37.52,37.29,37.44,34.91,21101000.0,,
"Sep 24, 2018",37.13,37.49,36.98,37.49,34.95,34513600.0,,
"Sep 21, 2018",,,,,,,Dividend,0.127
"Sep 21, 2018",37.6,37.65,37.29,37.31,34.77,46041000.0,,
"Sep 20, 2018",37.36,37.62,37.24,37.58,34.91,27401800.0,,
"Sep 19, 2018",37.23,37.35,36.93,37.14,34.5,20870600.0,,
"Sep 18, 2018",36.96,37.42,36.96,37.24,34.59,19302000.0,,
"Sep 18, 2018",36.96,37.42,36.96,37.24,34.59,19302000.0,,
"Sep 17, 2018",37.42,37.48,36.96,37.0,34.37,29584200.0,,
"Sep 14, 2018",37.53,37.63,37.3,37.47,34.81,18878400.0,,
"Sep 13, 2018",37.29,37.6,37.28,37.5,34.84,25454800.0,,
"Sep 12, 2018",37.14,37.15,36.76,37.06,34.43,32536400.0,,
"Sep 11, 2018",36.8,37.3,36.71,37.22,34.58,27189800.0,,
"Sep 10, 2018",36.92,36.97,36.71,36.9,34.29,33309000.0,,
"Sep 7, 2018",36.67,37.08,36.63,36.79,34.18,28462000.0,,
"Sep 6, 2018",37.13,37.21,36.63,36.92,34.29,27957600.0,,
"Sep 5, 2018",37.6,37.63,36.99,37.19,34.55,32853200.0,,
"Sep 4, 2018",37.63,37.71,37.4,37.65,34.98,22147600.0,,
"Aug 31, 2018",37.74,37.9,37.67,37.8,35.12,20537800.0,,
"Aug 30, 2018",37.78,38.01,37.65,37.77,35.09,21040600.0,,
"Aug 29, 2018",37.59,37.91,37.58,37.88,35.2,22364600.0,,
"Aug 28, 2018",37.56,37.63,37.44,37.54,34.88,14770400.0,,
"Aug 27, 2018",37.34,37.5,37.24,37.48,34.82,16415000.0,,
"Aug 24, 2018",36.87,37.15,36.87,37.14,34.5,13115200.0,,
"Aug 23, 2018",36.63,36.97,36.63,36.77,34.16,18735000.0,,
"Aug 22, 2018",36.47,36.74,36.42,36.69,34.09,12742400.0,,
"Aug 21, 2018",36.62,36.81,36.53,36.58,33.98,16004600.0,,
"Aug 20, 2018",36.66,36.67,36.38,36.52,33.93,21239600.0,,
"Aug 17, 2018",36.41,36.67,36.29,36.58,33.98,18048200.0,,
"Aug 16, 2018",36.64,36.74,36.44,36.52,33.93,18208800.0,,
"Aug 15, 2018",36.46,36.6,36.08,36.36,33.78,35584400.0,,
"Aug 14, 2018",36.59,36.74,36.38,36.69,34.09,18359000.0,,
"Aug 13, 2018",36.57,36.85,36.46,36.47,33.88,24128800.0,,
"Aug 10, 2018",36.53,36.69,36.41,36.51,33.92,23138400.0,,
"Aug 9, 2018",36.83,36.95,36.78,36.81,34.2,23446200.0,,
"Aug 8, 2018",36.67,36.87,36.58,36.79,34.18,14197200.0,,
"Aug 7, 2018",36.69,36.83,36.63,36.69,34.09,20545400.0,,
"Aug 6, 2018",36.35,36.58,36.26,36.56,33.96,15000400.0,,
"Aug 3, 2018",36.24,36.36,36.08,36.36,33.78,14491400.0,,
"Aug 2, 2018",35.45,36.28,35.45,36.23,33.66,26209800.0,,
"Aug 1, 2018",35.72,35.9,35.58,35.78,33.24,29322800.0,,
"Jul 31, 2018",35.47,35.69,35.26,35.46,32.94,29954000.0,,
"Jul 30, 2018",35.9,35.96,35.16,35.37,32.85,35695400.0,,
"Jul 27, 2018",36.6,36.62,35.7,35.92,33.38,63550200.0,,
"Jul 26, 2018",36.49,36.67,36.42,36.55,33.96,25094400.0,,
"Jul 25, 2018",36.67,37.12,36.62,37.12,34.49,30466200.0,,
"Jul 24, 2018",36.83,36.97,36.51,36.66,34.06,21557200.0,,
"Jul 23, 2018",36.2,36.48,36.06,36.46,33.87,25151000.0,,
"Jul 20, 2018",36.4,36.47,36.23,36.28,33.7,14439600.0,,
"Jul 19, 2018",36.31,36.44,36.2,36.26,33.69,14910000.0,,
"Jul 18, 2018",36.44,36.45,36.26,36.4,33.81,14164000.0,,
"Jul 17, 2018",35.92,36.51,35.9,36.46,33.87,14903200.0,,
"Jul 16, 2018",36.28,36.35,36.12,36.19,33.62,13332000.0,,
"Jul 13, 2018",36.31,36.36,36.15,36.27,33.7,18516800.0,,
"Jul 12, 2018",35.9,36.33,35.86,36.31,33.73,23706600.0,,
"Jul 11, 2018",35.63,35.88,35.58,35.74,33.21,25949800.0,,
"Jul 10, 2018",35.81,35.99,35.81,35.88,33.34,22986200.0,,
"Jul 9, 2018",35.72,35.81,35.53,35.8,33.26,17455200.0,,
"Jul 6, 2018",35.14,35.58,35.06,35.53,33.01,25603800.0,,
"Jul 5, 2018",34.85,35.14,34.74,35.12,32.63,27320000.0,,
"Jul 3, 2018",35.15,35.17,34.6,34.63,32.17,12722800.0,,
"Jul 2, 2018",34.44,35.06,34.38,35.04,32.56,25091200.0,,
"Jun 29, 2018",34.88,35.03,34.72,34.74,32.27,20019200.0,,
"Jun 28, 2018",34.28,34.87,34.28,34.75,32.28,35598000.0,,
"Jun 27, 2018",34.92,35.08,34.32,34.33,31.89,44109200.0,,
"Jun 26, 2018",34.78,35.03,34.69,34.81,32.33,27719000.0,,
"Jun 25, 2018",35.12,35.15,34.36,34.67,32.2,36055400.0,,
"Jun 22, 2018",35.6,35.62,35.26,35.4,32.89,31385800.0,,
"Jun 21, 2018",35.93,35.95,35.43,35.51,32.99,29634200.0,,
"Jun 20, 2018",35.8,35.96,35.75,35.79,33.25,22931200.0,,
"Jun 19, 2018",35.46,35.73,35.26,35.72,33.18,25913400.0,,
"Jun 18, 2018",35.61,35.92,35.5,35.9,33.35,16580400.0,,
"Jun 15, 2018",,,,,,,Dividend,0.1275
"Jun 15, 2018",35.87,35.92,35.65,35.86,33.31,33641200.0,,
"Jun 14, 2018",36.01,36.22,35.96,36.13,33.44,22654800.0,,
"Jun 13, 2018",36.06,36.22,35.85,35.87,33.21,29278000.0,,
"Jun 12, 2018",35.94,36.08,35.88,36.06,33.38,15626800.0,,
"Jun 11, 2018",35.86,35.99,35.78,35.88,33.22,14647000.0,,
"Jun 8, 2018",35.63,35.9,35.56,35.84,33.18,19809600.0,,
"Jun 7, 2018",36.17,36.17,35.64,35.9,33.23,39047200.0,,
"Jun 6, 2018",36.01,36.19,35.83,36.19,33.5,35379000.0,,
"Jun 5, 2018",35.92,36.02,35.82,35.96,33.29,34549600.0,,
"Jun 4, 2018",35.63,35.87,35.6,35.83,33.17,19866000.0,,
"Jun 1, 2018",35.19,35.55,35.13,35.54,32.91,25445800.0,,
"May 31, 2018",34.94,35.18,34.87,34.95,32.35,30568000.0,,
"May 30, 2018",34.86,34.99,34.76,34.94,32.35,19930400.0,,
"May 29, 2018",34.7,34.88,34.46,34.69,32.11,58660800.0,,
"May 25, 2018",34.92,35.0,34.79,34.88,32.29,18782800.0,,
"May 24, 2018",34.93,34.97,34.55,34.9,32.31,22401400.0,,
"May 23, 2018",34.4,34.94,34.4,34.94,32.35,29387600.0,,
"May 22, 2018",34.9,34.96,34.61,34.69,32.11,14782000.0,,
"May 21, 2018",34.75,34.9,34.56,34.74,32.16,22578400.0,,
"May 18, 2018",34.47,34.62,34.4,34.44,31.88,15765800.0,,
"May 17, 2018",34.63,34.87,34.44,34.58,32.01,21600200.0,,
"May 16, 2018",34.66,34.84,34.58,34.76,32.18,13361000.0,,
"May 15, 2018",34.69,34.72,34.42,34.6,32.04,28525200.0,,
"May 14, 2018",35.06,35.21,34.9,34.94,32.34,20261800.0,,
"May 11, 2018",34.96,35.08,34.83,34.94,32.35,17521200.0,,
"May 10, 2018",34.7,35.01,34.67,34.99,32.39,23132600.0,,
"May 9, 2018",34.21,34.54,34.1,34.54,31.98,28826600.0,,
"May 8, 2018",33.99,34.15,33.83,34.12,31.59,30294800.0,,
"May 7, 2018",33.97,34.21,33.92,34.04,31.52,26914800.0,,
"May 4, 2018",33.06,33.87,33.01,33.81,31.3,21682600.0,,
"May 3, 2018",32.96,33.31,32.67,33.18,30.72,31090800.0,,
"May 2, 2018",33.35,33.47,33.04,33.1,30.65,26587400.0,,
"May 1, 2018",32.69,33.16,32.6,33.14,30.68,18547800.0,,
"Apr 30, 2018",33.03,33.24,32.69,32.73,30.3,17372200.0,,
"Apr 30, 2018",33.03,33.24,32.69,32.73,30.3,17372200.0,,
"Apr 27, 2018",33.33,33.36,32.77,32.94,30.5,26313000.0,,
"Apr 26, 2018",32.82,33.13,32.69,33.01,30.55,33086800.0,,
"Apr 25, 2018",32.46,32.53,32.0,32.42,30.01,30581600.0,,
"Apr 24, 2018",33.17,33.23,32.17,32.41,30.0,34847600.0,,
"Apr 23, 2018",33.23,33.33,32.83,32.99,30.54,37920600.0,,
"Apr 20, 2018",33.47,33.49,32.97,33.1,30.65,32477000.0,,
"Apr 19, 2018",33.73,33.76,33.45,33.57,31.08,25811600.0,,
"Apr 18, 2018",34.0,34.08,33.74,33.94,31.42,19764400.0,,
"Apr 17, 2018",33.71,34.15,33.65,34.03,31.51,30445600.0,,
"Apr 16, 2018",33.39,33.54,33.19,33.42,30.93,19477400.0,,
"Apr 13, 2018",33.5,33.51,33.0,33.16,30.7,22421600.0,,
"Apr 12, 2018",33.08,33.42,33.03,33.27,30.8,21256000.0,,
"Apr 11, 2018",32.87,33.17,32.82,32.88,30.43,17315600.0,,
"Apr 10, 2018",32.78,33.21,32.6,33.07,30.61,31297800.0,,
"Apr 9, 2018",32.26,32.9,32.24,32.28,29.88,21859400.0,,
"Apr 6, 2018",32.49,32.79,31.89,32.03,29.65,40477800.0,,
"Apr 5, 2018",32.99,33.04,32.61,32.83,30.39,32738200.0,,
"Apr 4, 2018",31.66,32.78,31.58,32.69,30.27,36298400.0,,
"Apr 3, 2018",32.17,32.32,31.7,32.24,29.85,36101400.0,,
"Apr 2, 2018",32.58,32.72,31.58,31.93,29.56,52034200.0,,
"Mar 29, 2018",32.31,33.03,32.08,32.71,30.28,35368200.0,,
"Mar 28, 2018",32.22,32.6,31.89,32.08,29.69,53622000.0,,
"Mar 27, 2018",33.56,33.58,32.04,32.29,29.89,59497200.0,,
"Mar 26, 2018",32.79,33.4,32.34,33.36,30.88,50251600.0,,
"Mar 23, 2018",33.0,33.08,32.13,32.14,29.75,41901600.0,,
"Mar 22, 2018",33.49,33.68,32.99,33.02,30.57,42390200.0,,
"Mar 21, 2018",34.03,34.35,33.81,33.9,31.38,21867000.0,,
"Mar 20, 2018",34.03,34.23,33.91,34.1,31.57,18765600.0,,
"Mar 19, 2018",34.48,34.53,33.83,34.12,31.58,39736800.0,,
"Mar 16, 2018",,,,,,,Dividend,0.109
"Mar 16, 2018",34.9,35.03,34.76,34.81,32.22,24404600.0,,
"Mar 15, 2018",34.94,35.15,34.78,34.95,32.25,23002800.0,,
"Mar 14, 2018",35.13,35.17,34.76,34.93,32.24,27762800.0,,
"Mar 13, 2018",35.54,35.67,34.84,34.96,32.26,27618800.0,,
"Mar 12, 2018",35.36,35.51,35.26,35.37,32.64,27012400.0,,
"Mar 9, 2018",34.85,35.26,34.8,35.26,32.54,24685000.0,,
"Mar 8, 2018",34.56,34.63,34.38,34.6,31.93,15248000.0,,
"Mar 7, 2018",34.01,34.49,34.01,34.45,31.79,22219600.0,,
"Mar 6, 2018",34.38,34.42,34.11,34.26,31.62,20303800.0,,
"Mar 5, 2018",33.68,34.3,33.6,34.19,31.55,21777800.0,,
"Mar 2, 2018",33.14,33.91,33.05,33.84,31.23,38392200.0,,
"Mar 1, 2018",34.17,34.29,33.26,33.52,30.93,42973600.0,,
"Feb 28, 2018",34.53,34.67,34.08,34.08,31.46,30464000.0,,
"Feb 27, 2018",34.69,34.85,34.33,34.33,31.68,25581200.0,,
"Feb 26, 2018",34.29,34.68,34.29,34.68,32.0,21594400.0,,
"Feb 23, 2018",33.72,34.15,33.64,34.15,31.51,20772400.0,,
"Feb 22, 2018",33.52,33.75,33.35,33.44,30.86,21958800.0,,
"Feb 21, 2018",33.75,34.03,33.4,33.4,30.83,29102400.0,,
"Feb 20, 2018",33.42,33.88,33.38,33.62,31.03,33835200.0,,
"Feb 16, 2018",33.54,33.95,33.51,33.59,31.0,20334200.0,,
"Feb 15, 2018",33.33,33.64,32.94,33.64,31.04,24305000.0,,
"Feb 14, 2018",32.24,33.06,32.22,33.01,30.46,32117600.0,,
"Feb 13, 2018",32.15,32.49,32.06,32.42,29.91,19084000.0,,
"Feb 12, 2018",32.1,32.53,31.87,32.33,29.84,35629600.0,,
"Feb 9, 2018",31.5,32.0,30.49,31.76,29.31,72700400.0,,
"Feb 8, 2018",32.44,32.49,31.0,31.0,28.61,55628600.0,,
"Feb 7, 2018",32.69,33.02,32.35,32.35,29.85,47425200.0,,
"Feb 6, 2018",31.42,32.82,31.24,32.76,30.24,90269400.0,,
"Feb 5, 2018",32.88,33.51,31.83,31.85,29.39,98559600.0,,
"Feb 2, 2018",33.87,33.9,33.24,33.24,30.68,43929400.0,,
"Feb 1, 2018",34.1,34.49,34.1,34.26,31.61,32650000.0,,
"Jan 31, 2018",34.17,34.28,34.0,34.22,31.58,30135800.0,,
"Jan 30, 2018",34.0,34.17,33.88,33.97,31.35,29662400.0,,
"Jan 29, 2018",34.49,34.49,34.24,34.28,31.64,55179800.0,,
"Jan 26, 2018",34.29,34.6,34.22,34.6,31.93,20097200.0,,
"Jan 25, 2018",34.33,34.36,33.97,34.06,31.43,25951800.0,,
"Jan 24, 2018",34.47,34.53,34.0,34.12,31.48,37019000.0,,
"Jan 23, 2018",34.34,34.45,34.27,34.38,31.73,20460200.0,,
"Jan 22, 2018",33.88,34.24,33.81,34.23,31.59,18004200.0,,
"Jan 19, 2018",33.9,33.96,33.72,33.9,31.28,23894400.0,,
"Jan 18, 2018",33.78,33.92,33.74,33.83,31.22,29845800.0,,
"Jan 17, 2018",33.47,33.81,33.35,33.78,31.17,29376200.0,,
"Jan 16, 2018",33.61,33.73,33.19,33.28,30.71,36443600.0,,
"Jan 12, 2018",33.17,33.45,33.13,33.4,30.83,16308600.0,,
"Jan 11, 2018",33.15,33.22,33.07,33.21,30.65,15775600.0,,
"Jan 10, 2018",33.01,33.08,32.92,33.08,30.52,20815600.0,,
"Jan 9, 2018",33.34,33.35,33.13,33.19,30.63,21212800.0,,
"Jan 8, 2018",33.13,33.33,33.12,33.28,30.71,13467800.0,,
"Jan 5, 2018",32.97,33.18,32.91,33.15,30.59,19356000.0,,
"Jan 4, 2018",32.77,32.89,32.69,32.81,30.27,21493200.0,,
"Jan 3, 2018",32.43,32.66,32.4,32.64,30.12,22663600.0,,
"Jan 2, 2018",32.1,32.37,32.03,32.37,29.87,27445600.0,,
"Dec 29, 2017",32.17,32.17,31.95,31.98,29.51,13386400.0,,
"Dec 28, 2017",32.19,32.21,32.09,32.15,29.67,19316000.0,,
"Dec 27, 2017",32.06,32.15,32.03,32.09,29.61,10693200.0,,
"Dec 26, 2017",32.07,32.09,31.94,32.06,29.58,12438200.0,,
"Dec 22, 2017",32.24,32.3,32.19,32.27,29.78,10971000.0,,
"Dec 21, 2017",32.41,32.47,32.26,32.29,29.8,31883800.0,,
"Dec 20, 2017",32.51,32.51,32.2,32.35,29.86,17930400.0,,
"Dec 19, 2017",32.5,32.52,32.28,32.37,29.87,23953600.0,,
"Dec 18, 2017",32.51,32.6,32.46,32.56,30.05,21521600.0,,
"Dec 15, 2017",,,,,,,Dividend,0.119
"Dec 15, 2017",32.01,32.33,31.93,32.28,29.79,42610400.0,,
"Dec 14, 2017",32.12,32.22,32.02,32.03,29.45,21892000.0,,
"Dec 13, 2017",32.17,32.23,32.03,32.08,29.49,20712200.0,,
"Dec 12, 2017",32.06,32.18,31.93,32.06,29.48,16794000.0,,
"Dec 11, 2017",31.78,32.08,31.76,32.08,29.49,22843200.0,,
"Dec 8, 2017",31.86,31.95,31.73,31.8,29.24,20118000.0,,
"Dec 7, 2017",31.59,31.71,31.45,31.65,29.1,23371000.0,,
"Dec 7, 2017",31.59,31.71,31.45,31.65,29.1,23371000.0,,
"Dec 6, 2017",31.13,31.52,31.06,31.45,28.92,26524200.0,,
"Dec 5, 2017",31.19,31.61,31.06,31.25,28.74,27854200.0,,
"Dec 4, 2017",31.95,31.97,31.22,31.25,28.73,33611000.0,,
"Dec 1, 2017",31.73,31.92,31.3,31.75,29.2,38423600.0,,
"Nov 30, 2017",31.78,32.01,31.67,31.92,29.35,42095000.0,,
"Nov 29, 2017",32.3,32.31,31.42,31.64,29.09,67280400.0,,
"Nov 28, 2017",32.3,32.38,32.17,32.35,29.75,22623200.0,,
"Nov 27, 2017",32.19,32.29,32.14,32.25,29.65,13778200.0,,
"Nov 24, 2017",32.12,32.26,32.11,32.25,29.65,8678200.0,,
"Nov 22, 2017",32.13,32.14,32.01,32.07,29.49,24231600.0,,
"Nov 21, 2017",31.92,32.15,31.9,32.13,29.54,16348000.0,,
"Nov 20, 2017",31.75,31.82,31.7,31.8,29.23,13159800.0,,
"Nov 17, 2017",31.83,31.86,31.66,31.67,29.12,16604200.0,,
"Nov 16, 2017",31.67,31.94,31.67,31.88,29.31,15282200.0,,
"Nov 15, 2017",31.52,31.57,31.35,31.44,28.91,16985000.0,,
"Nov 14, 2017",31.65,31.71,31.5,31.67,29.12,14741600.0,,
"Nov 13, 2017",31.63,31.78,31.63,31.74,29.18,8600600.0,,
"Nov 10, 2017",31.71,31.77,31.64,31.75,29.19,11966400.0,,
"Nov 9, 2017",31.76,31.81,31.43,31.75,29.19,20490800.0,,
"Nov 8, 2017",31.83,32.01,31.75,32.01,29.43,18201000.0,,
"Nov 7, 2017",31.85,31.86,31.7,31.83,29.27,11551200.0,,
"Nov 6, 2017",31.73,31.83,31.7,31.82,29.25,12000400.0,,
"Nov 3, 2017",31.66,31.77,31.48,31.75,29.19,15319400.0,,
"Nov 2, 2017",31.48,31.52,31.25,31.5,28.96,20449200.0,,
"Nov 1, 2017",31.63,31.67,31.32,31.48,28.94,19101400.0,,
"Oct 31, 2017",31.46,31.54,31.33,31.48,28.94,20222600.0,,
"Oct 30, 2017",30.94,31.46,30.94,31.34,28.81,17149400.0,,
"Oct 27, 2017",30.94,31.35,30.94,31.27,28.75,29078400.0,,
"Oct 26, 2017",30.5,30.58,30.43,30.45,28.0,18872800.0,,
"Oct 25, 2017",30.42,30.51,30.13,30.33,27.88,18451800.0,,
"Oct 24, 2017",30.47,30.54,30.36,30.49,28.03,16071600.0,,
"Oct 23, 2017",30.6,30.63,30.37,30.41,27.96,14109800.0,,
"Oct 20, 2017",30.53,30.58,30.48,30.55,28.09,14814800.0,,
"Oct 19, 2017",30.31,30.38,30.15,30.34,27.9,13745200.0,,
"Oct 18, 2017",30.45,30.48,30.34,30.43,27.98,12182600.0,,
"Oct 17, 2017",30.35,30.36,30.26,30.36,27.91,10263400.0,,
"Oct 16, 2017",30.33,30.36,30.25,30.36,27.91,16612800.0,,
"Oct 13, 2017",30.22,30.31,30.22,30.25,27.81,11900000.0,,
"Oct 12, 2017",30.11,30.25,30.07,30.1,27.68,12212800.0,,
"Oct 11, 2017",30.04,30.19,30.04,30.18,27.75,9961800.0,,
"Oct 10, 2017",30.15,30.17,29.92,30.08,27.66,10945800.0,,
"Oct 9, 2017",30.02,30.11,30.0,30.05,27.63,13898400.0,,
"Oct 6, 2017",29.83,29.99,29.82,29.98,27.56,11852800.0,,
"Oct 5, 2017",29.74,29.93,29.72,29.93,27.52,12845400.0,,
"Oct 4, 2017",29.61,29.69,29.51,29.65,27.26,13299200.0,,
"Oct 3, 2017",29.62,29.68,29.58,29.67,27.27,12932000.0,,
"Oct 2, 2017",29.63,29.69,29.45,29.59,27.21,15143800.0,,
"Sep 29, 2017",29.4,29.58,29.36,29.55,27.17,24857400.0,,
"Sep 28, 2017",29.24,29.36,29.18,29.35,26.99,11178400.0,,
"Sep 27, 2017",29.15,29.41,29.1,29.32,26.95,15271000.0,,
"Sep 26, 2017",29.07,29.14,28.93,29.02,26.68,18106600.0,,
"Sep 25, 2017",29.17,29.17,28.78,28.92,26.59,27146200.0,,
"Sep 22, 2017",29.15,29.3,29.14,29.26,26.9,9649600.0,,
"Sep 21, 2017",29.4,29.4,29.15,29.25,26.89,16209200.0,,
"Sep 20, 2017",29.52,29.53,29.2,29.41,27.04,17901600.0,,
"Sep 19, 2017",29.44,29.58,29.36,29.52,27.15,11232200.0,,
"Sep 18, 2017",29.42,29.5,29.28,29.4,27.03,20824000.0,,
"Sep 15, 2017",,,,,,,Dividend,0.1045
"Sep 15, 2017",29.23,29.4,29.17,29.37,27.0,26247600.0,,
"Sep 14, 2017",29.34,29.49,29.29,29.35,26.89,15253400.0,,
"Sep 13, 2017",29.46,29.47,29.34,29.45,26.99,16256600.0,,
"Sep 12, 2017",29.51,29.55,29.36,29.5,27.02,15723400.0,,
"Sep 11, 2017",29.25,29.45,29.25,29.42,26.96,14074600.0,,
"Sep 8, 2017",29.21,29.25,29.0,29.01,26.58,12518400.0,,
"Sep 7, 2017",29.25,29.32,29.15,29.25,26.8,15387600.0,,
"Sep 6, 2017",29.22,29.26,29.03,29.16,26.71,18227400.0,,
"Sep 5, 2017",29.31,29.36,28.93,29.13,26.69,23803400.0,,
"Sep 1, 2017",29.49,29.51,29.35,29.39,26.93,12026200.0,,
"Aug 31, 2017",29.31,29.47,29.27,29.42,26.95,18851600.0,,
"Aug 30, 2017",29.06,29.26,29.0,29.24,26.79,15308000.0,,
"Aug 29, 2017",28.67,29.07,28.64,29.03,26.6,17379600.0,,
"Aug 28, 2017",28.92,28.96,28.83,28.91,26.48,11986600.0,,
"Aug 25, 2017",28.95,29.03,28.79,28.85,26.43,16666200.0,,
"Aug 24, 2017",28.95,28.98,28.71,28.85,26.44,16187800.0,,
"Aug 23, 2017",28.79,28.96,28.78,28.88,26.46,17847400.0,,
"Aug 22, 2017",28.67,28.97,28.66,28.95,26.52,16922400.0,,
"Aug 21, 2017",28.56,28.58,28.33,28.52,26.13,15957200.0,,
"Aug 18, 2017",28.57,28.74,28.42,28.53,26.14,33393000.0,,
"Aug 17, 2017",29.02,29.07,28.57,28.57,26.17,25937800.0,,
"Aug 16, 2017",29.09,29.24,29.04,29.14,26.69,18111800.0,,
"Aug 15, 2017",29.07,29.11,28.96,29.05,26.61,14105200.0,,
"Aug 14, 2017",28.81,29.05,28.75,29.0,26.57,19517000.0,,
"Aug 11, 2017",28.4,28.65,28.36,28.55,26.16,29936200.0,,
"Aug 10, 2017",28.77,28.8,28.34,28.35,25.98,29823800.0,,
"Aug 9, 2017",28.75,28.94,28.74,28.92,26.5,13945600.0,,
"Aug 8, 2017",28.94,29.17,28.86,28.94,26.51,20921400.0,,
"Aug 7, 2017",28.84,28.98,28.83,28.98,26.55,15366000.0,,
"Aug 4, 2017",28.8,28.9,28.74,28.81,26.39,9513800.0,,
"Aug 3, 2017",28.84,28.84,28.66,28.74,26.33,21375600.0,,
"Aug 2, 2017",29.02,29.02,28.63,28.81,26.39,25147800.0,,
"Aug 1, 2017",28.73,28.75,28.62,28.73,26.32,16614400.0,,
"Jul 31, 2017",28.76,28.83,28.55,28.58,26.18,21965600.0,,
"Jul 28, 2017",28.6,28.77,28.58,28.72,26.31,20586200.0,,
"Jul 27, 2017",29.07,29.1,28.4,28.75,26.34,46094400.0,,
"Jul 26, 2017",28.91,28.91,28.76,28.86,26.44,21205200.0,,
"Jul 25, 2017",28.72,28.81,28.63,28.75,26.34,13760600.0,,
"Jul 24, 2017",28.72,28.83,28.66,28.81,26.39,10756200.0,,
"Jul 21, 2017",28.65,28.74,28.61,28.74,26.33,11610000.0,,
"Jul 20, 2017",28.79,28.8,28.6,28.77,26.36,20745800.0,,
"Jul 20, 2017",28.79,28.8,28.6,28.77,26.36,20745800.0,,
"Jul 19, 2017",28.61,28.74,28.58,28.71,26.3,13347200.0,,
"Jul 18, 2017",28.38,28.57,28.31,28.57,26.17,19840400.0,,
"Jul 17, 2017",28.45,28.51,28.38,28.43,26.05,19674200.0,,
"Jul 14, 2017",28.3,28.46,28.26,28.43,26.05,13379200.0,,
"Jul 13, 2017",28.17,28.28,28.11,28.18,25.82,16250200.0,,
"Jul 12, 2017",27.95,28.15,27.94,28.13,25.77,33103800.0,,
"Jul 11, 2017",27.67,27.81,27.57,27.76,25.44,13713000.0,,
"Jul 10, 2017",27.51,27.77,27.47,27.7,25.38,11188400.0,,
"Jul 7, 2017",27.29,27.59,27.27,27.5,25.2,17636400.0,,
"Jul 6, 2017",27.2,27.34,27.13,27.19,24.91,25514800.0,,
"Jul 5, 2017",27.27,27.5,27.18,27.44,25.14,29618800.0,,
"Jul 3, 2017",27.48,27.52,27.14,27.17,24.89,33105200.0,,
"Jun 30, 2017",27.5,27.55,27.33,27.36,25.07,30743800.0,,
"Jun 29, 2017",27.75,27.75,27.17,27.39,25.09,41946800.0,,
"Jun 28, 2017",27.65,27.91,27.46,27.89,25.55,25952000.0,,
"Jun 27, 2017",27.85,27.9,27.54,27.54,25.23,25791000.0,,
"Jun 26, 2017",28.3,28.36,27.97,28.0,25.65,19455800.0,,
"Jun 23, 2017",27.95,28.22,27.91,28.15,25.79,32847200.0,,
"Jun 22, 2017",28.05,28.07,27.89,27.98,25.63,17585600.0,,
"Jun 21, 2017",27.91,27.98,27.82,27.97,25.62,24586400.0,,
"Jun 20, 2017",28.02,28.04,27.81,27.81,25.48,21915400.0,,
"Jun 19, 2017",27.83,28.06,27.82,28.03,25.68,19858400.0,,
"Jun 16, 2017",,,,,,,Dividend,0.1115
"Jun 16, 2017",27.67,27.68,27.51,27.63,25.31,43222600.0,,
"Jun 15, 2017",27.59,27.83,27.48,27.78,25.35,29501000.0,,
"Jun 14, 2017",28.16,28.16,27.68,27.91,25.47,32361200.0,,
"Jun 13, 2017",27.98,28.14,27.84,28.05,25.59,36586800.0,,
"Jun 12, 2017",27.72,27.89,27.39,27.84,25.41,71412800.0,,
"Jun 9, 2017",28.76,28.81,27.61,28.01,25.56,70285000.0,,
"Jun 8, 2017",28.7,28.74,28.56,28.72,26.21,14204800.0,,
"Jun 7, 2017",28.63,28.7,28.5,28.66,26.15,17407400.0,,
"Jun 6, 2017",28.58,28.71,28.53,28.57,26.07,15370400.0,,
"Jun 5, 2017",28.59,28.69,28.56,28.62,26.12,13531600.0,,
"Jun 2, 2017",28.44,28.6,28.35,28.59,26.09,16982000.0,,
"Jun 1, 2017",28.33,28.33,28.16,28.33,25.86,16872400.0,,
"May 31, 2017",28.42,28.42,28.17,28.26,25.79,28492200.0,,
"May 30, 2017",28.2,28.34,28.17,28.31,25.83,11850600.0,,
"May 26, 2017",28.18,28.23,28.12,28.19,25.72,72564400.0,,
"May 25, 2017",28.09,28.26,28.04,28.2,25.74,12227000.0,,
"May 24, 2017",27.97,28.01,27.9,28.0,25.55,18643800.0,,
"May 23, 2017",27.95,27.99,27.82,27.89,25.45,13221000.0,,
"May 22, 2017",27.68,27.88,27.68,27.84,25.4,21020600.0,,
"May 19, 2017",27.61,27.7,27.58,27.62,25.2,20438200.0,,
"May 18, 2017",27.23,27.57,27.18,27.46,25.06,33644400.0,,
"May 17, 2017",27.84,27.87,27.28,27.3,24.91,37090000.0,,
"May 16, 2017",28.0,28.07,27.91,28.07,25.61,18122200.0,,
"May 15, 2017",27.82,27.93,27.8,27.93,25.49,19898600.0,,
"May 12, 2017",27.74,27.8,27.7,27.78,25.35,9307600.0,,
"May 11, 2017",27.66,27.73,27.55,27.71,25.28,18196000.0,,
"May 10, 2017",27.67,27.76,27.61,27.75,25.32,10604000.0,,
"May 9, 2017",27.64,27.72,27.58,27.64,25.22,15388600.0,,
"May 8, 2017",27.5,27.62,27.45,27.6,25.19,12140200.0,,
"May 5, 2017",27.43,27.5,27.36,27.49,25.08,13651600.0,,
"May 4, 2017",27.42,27.43,27.3,27.39,24.99,15159800.0,,
"May 3, 2017",27.36,27.42,27.28,27.41,25.01,14309000.0,,
"May 2, 2017",27.45,27.5,27.35,27.45,25.05,15070200.0,,
"May 1, 2017",27.29,27.43,27.24,27.4,25.0,15126000.0,,
"Apr 28, 2017",27.2,27.25,27.13,27.19,24.81,22836800.0,,
"Apr 27, 2017",27.08,27.14,27.06,27.12,24.75,17183400.0,,
"Apr 26, 2017",27.04,27.1,26.99,27.01,24.65,16294400.0,,
"Apr 25, 2017",27.01,27.09,26.97,27.04,24.67,20089600.0,,
"Apr 24, 2017",26.88,26.92,26.82,26.9,24.55,16210000.0,,
"Apr 21, 2017",26.65,26.66,26.53,26.58,24.26,15233000.0,,
"Apr 20, 2017",26.47,26.68,26.43,26.64,24.31,15163800.0,,
"Apr 19, 2017",26.46,26.56,26.35,26.4,24.09,14521000.0,,
"Apr 18, 2017",26.35,26.47,26.32,26.42,24.11,12487200.0,,
"Apr 17, 2017",26.26,26.43,26.26,26.42,24.11,14132000.0,,
"Apr 13, 2017",26.26,26.43,26.18,26.18,23.89,19533200.0,,
"Apr 12, 2017",26.35,26.39,26.24,26.29,23.99,17368400.0,,
"Apr 11, 2017",26.43,26.48,26.17,26.38,24.07,16914200.0,,
"Apr 10, 2017",26.55,26.61,26.42,26.48,24.16,9687200.0,,
"Apr 7, 2017",26.5,26.6,26.43,26.53,24.21,12938800.0,,
"Apr 6, 2017",26.57,26.63,26.48,26.55,24.22,13870200.0,,
"Apr 5, 2017",26.67,26.85,26.51,26.54,24.22,20955800.0,,
"Apr 4, 2017",26.52,26.65,26.51,26.65,24.32,15041600.0,,
"Apr 3, 2017",26.68,26.72,26.47,26.63,24.3,26035800.0,,
"Mar 31, 2017",26.68,26.75,26.63,26.66,24.32,12207000.0,,
"Mar 30, 2017",26.64,26.74,26.61,26.7,24.37,17508400.0,,
"Mar 29, 2017",26.6,26.67,26.54,26.66,24.32,11410200.0,,
"Mar 28, 2017",26.4,26.67,26.35,26.61,24.28,16907800.0,,
"Mar 27, 2017",26.2,26.48,26.17,26.42,24.11,13690000.0,,
"Mar 24, 2017",26.49,26.58,26.33,26.42,24.11,26281800.0,,
"Mar 23, 2017",26.43,26.51,26.36,26.4,24.09,22718800.0,,
"Mar 22, 2017",26.31,26.51,26.27,26.47,24.15,22766600.0,,
"Mar 21, 2017",26.76,26.83,26.3,26.31,24.0,29811000.0,,
"Mar 20, 2017",26.67,26.75,26.62,26.69,24.36,9083600.0,,
"Mar 17, 2017",,,,,,,Dividend,0.1025
"Mar 17, 2017",26.72,26.75,26.66,26.67,24.34,13790800.0,,
"Mar 16, 2017",26.8,26.81,26.68,26.72,24.28,21956000.0,,
"Mar 15, 2017",26.56,26.75,26.48,26.7,24.27,17867200.0,,
"Mar 14, 2017",26.56,26.56,26.42,26.52,24.11,14479800.0,,
"Mar 13, 2017",26.56,26.61,26.53,26.58,24.16,14922400.0,,
"Mar 10, 2017",26.54,26.61,26.44,26.56,24.14,14709000.0,,
"Mar 9, 2017",26.42,26.45,26.28,26.42,24.01,15300400.0,,
"Mar 8, 2017",26.42,26.5,26.39,26.42,24.02,11361800.0,,
"Mar 7, 2017",26.37,26.5,26.35,26.39,23.99,13960800.0,,
"Mar 6, 2017",26.32,26.43,26.27,26.39,23.99,13430400.0,,
"Mar 3, 2017",26.35,26.43,26.3,26.43,24.02,15714000.0,,
"Mar 2, 2017",26.52,26.52,26.35,26.37,23.97,14340200.0,,
"Mar 2, 2017",26.52,26.52,26.35,26.37,23.97,14340200.0,,
"Mar 1, 2017",26.33,26.58,26.27,26.55,24.13,18190600.0,,
"Feb 28, 2017",26.25,26.28,26.14,26.17,23.79,15243000.0,,
"Feb 27, 2017",26.31,26.31,26.24,26.3,23.91,15951200.0,,
"Feb 24, 2017",26.1,26.33,26.08,26.32,23.92,15544200.0,,
"Feb 23, 2017",26.3,26.32,26.14,26.25,23.87,13405400.0,,
"Feb 22, 2017",26.2,26.28,26.15,26.26,23.87,13769600.0,,
"Feb 21, 2017",26.15,26.24,26.11,26.23,23.84,15237400.0,,
"Feb 17, 2017",25.98,26.09,25.93,26.09,23.72,14175400.0,,
"Feb 16, 2017",25.98,26.08,25.94,26.0,23.64,14123000.0,,
"Feb 15, 2017",25.84,25.97,25.82,25.94,23.58,11895000.0,,
"Feb 14, 2017",25.75,25.86,25.67,25.86,23.51,12467600.0,,
"Feb 13, 2017",25.7,25.81,25.67,25.77,23.43,13159400.0,,
"Feb 10, 2017",25.65,25.7,25.58,25.66,23.32,8355800.0,,
"Feb 9, 2017",25.5,25.65,25.5,25.58,23.26,9739200.0,,
"Feb 8, 2017",25.46,25.55,25.39,25.5,23.18,12706200.0,,
"Feb 7, 2017",25.41,25.49,25.39,25.46,23.14,20106200.0,,
"Feb 6, 2017",25.31,25.36,25.25,25.36,23.05,13453000.0,,
"Feb 3, 2017",25.27,25.38,25.27,25.34,23.04,13667200.0,,
"Feb 2, 2017",25.16,25.23,25.05,25.18,22.89,17197800.0,,
"Feb 1, 2017",25.27,25.31,25.09,25.23,22.93,23362200.0,,
"Jan 31, 2017",25.08,25.11,24.93,25.04,22.76,19115600.0,,
"Jan 30, 2017",25.28,25.28,25.05,25.17,22.87,16893200.0,,
"Jan 27, 2017",25.36,25.42,25.32,25.37,23.06,12046000.0,,
"Jan 26, 2017",25.33,25.35,25.2,25.27,22.97,14253000.0,,
"Jan 25, 2017",25.24,25.34,25.22,25.34,23.03,18395600.0,,
"Jan 24, 2017",24.92,25.14,24.92,25.1,22.82,13021800.0,,
"Jan 23, 2017",24.88,24.95,24.77,24.94,22.67,23955200.0,,
"Jan 20, 2017",24.88,24.97,24.83,24.9,22.63,17510800.0,,
"Jan 19, 2017",24.8,24.89,24.72,24.76,22.51,14500000.0,,
"Jan 18, 2017",24.81,24.83,24.74,24.8,22.54,12315400.0,,
"Jan 17, 2017",24.76,24.81,24.68,24.74,22.48,9651600.0,,
"Jan 13, 2017",24.75,24.88,24.75,24.83,22.57,9665800.0,,
"Jan 12, 2017",24.72,24.78,24.52,24.75,22.5,13725400.0,,
"Jan 11, 2017",24.66,24.82,24.63,24.82,22.56,15173000.0,,
"Jan 10, 2017",24.7,24.78,24.61,24.7,22.45,15471600.0,,
"Jan 9, 2017",24.72,24.77,24.68,24.69,22.45,16627000.0,,
"Jan 6, 2017",24.52,24.74,24.45,24.7,22.45,17501200.0,,
"Jan 5, 2017",24.45,24.58,24.42,24.52,22.29,11005800.0,,
"Jan 4, 2017",24.42,24.51,24.4,24.48,22.25,14446200.0,,
"Jan 3, 2017",24.33,24.48,24.25,24.4,22.17,27881200.0,,
"Dec 30, 2016",24.42,24.42,24.1,24.18,21.98,17003200.0,,
"Dec 29, 2016",24.36,24.43,24.31,24.37,22.15,9593000.0,,
"Dec 28, 2016",24.61,24.65,24.35,24.36,22.15,15555200.0,,
"Dec 27, 2016",24.51,24.7,24.5,24.58,22.35,13681400.0,,
"Dec 23, 2016",24.43,24.49,24.39,24.49,22.26,12717400.0,,
"Dec 22, 2016",24.51,24.52,24.39,24.46,22.23,22210400.0,,
"Dec 21, 2016",24.55,24.56,24.46,24.51,22.28,9247400.0,,
"Dec 20, 2016",24.53,24.6,24.5,24.56,22.32,11413000.0,,
"Dec 19, 2016",24.32,24.55,24.3,24.47,22.24,13254000.0,,
"Dec 16, 2016",,,,,,,Dividend,0.108
"Dec 16, 2016",24.54,24.55,24.26,24.3,22.08,21131400.0,,
"Dec 15, 2016",24.5,24.7,24.46,24.58,22.24,23140000.0,,
"Dec 14, 2016",24.57,24.67,24.42,24.47,22.15,35830000.0,,
"Dec 13, 2016",24.35,24.67,24.34,24.56,22.22,27934000.0,,
"Dec 12, 2016",24.25,24.31,24.17,24.25,21.95,19170200.0,,
"Dec 9, 2016",24.24,24.33,24.2,24.33,22.01,24615000.0,,
"Dec 8, 2016",24.1,24.25,24.03,24.15,21.86,19354200.0,,
"Dec 7, 2016",23.63,24.11,23.61,24.09,21.8,19945800.0,,
"Dec 6, 2016",23.63,23.68,23.53,23.64,21.39,18509600.0,,
"Dec 5, 2016",23.48,23.63,23.38,23.57,21.33,18010000.0,,
"Dec 2, 2016",23.24,23.4,23.18,23.34,21.13,20105400.0,,
"Dec 1, 2016",23.72,23.78,23.19,23.26,21.05,43731200.0,,
"Nov 30, 2016",24.07,24.07,23.75,23.75,21.49,23633200.0,,
"Nov 29, 2016",24.0,24.15,23.95,24.03,21.75,11856800.0,,
"Nov 28, 2016",23.98,24.13,23.97,24.02,21.74,14975600.0,,
"Nov 25, 2016",23.92,24.0,23.89,24.0,21.72,6219000.0,,
"Nov 23, 2016",23.98,23.98,23.82,23.9,21.63,16233600.0,,
"Nov 22, 2016",24.0,24.03,23.94,24.0,21.72,16977600.0,,
"Nov 21, 2016",23.76,23.94,23.73,23.92,21.65,17951000.0,,
"Nov 18, 2016",23.75,23.81,23.64,23.68,21.43,17646000.0,,
"Nov 17, 2016",23.57,23.72,23.52,23.7,21.45,17048200.0,,
"Nov 16, 2016",23.28,23.57,23.25,23.55,21.31,20248400.0,,
"Nov 15, 2016",23.17,23.42,23.16,23.33,21.12,34741600.0,,
"Nov 14, 2016",23.39,23.4,22.9,23.01,20.82,37942000.0,,
"Nov 11, 2016",23.17,23.42,23.17,23.36,21.15,28183200.0,,
"Nov 10, 2016",23.81,23.81,22.97,23.3,21.08,79031000.0,,
"Nov 9, 2016",23.34,23.72,23.22,23.67,21.43,54258800.0,,
"Nov 8, 2016",23.55,23.81,23.52,23.7,21.45,19560000.0,,
"Nov 7, 2016",23.43,23.6,23.38,23.59,21.35,26452000.0,,
"Nov 4, 2016",23.11,23.27,23.03,23.09,20.9,16308000.0,,
"Nov 3, 2016",23.29,23.34,23.12,23.13,20.93,20251400.0,,
"Nov 2, 2016",23.5,23.58,23.3,23.35,21.14,16334600.0,,
"Nov 1, 2016",23.76,23.78,23.34,23.5,21.27,18130600.0,,
"Oct 31, 2016",23.78,23.82,23.71,23.71,21.46,11760000.0,,
"Oct 28, 2016",23.81,23.97,23.66,23.72,21.47,20837800.0,,
"Oct 27, 2016",23.88,23.89,23.72,23.75,21.49,17642200.0,,
"Oct 26, 2016",23.71,23.91,23.7,23.77,21.52,12559400.0,,
"Oct 25, 2016",24.03,24.03,23.86,23.91,21.64,8724800.0,,
"Oct 24, 2016",23.89,24.01,23.87,24.0,21.72,10786200.0,,
"Oct 21, 2016",23.74,23.78,23.67,23.76,21.51,16153800.0,,
"Oct 20, 2016",23.75,23.76,23.58,23.7,21.45,12296000.0,,
"Oct 19, 2016",23.75,23.83,23.7,23.81,21.55,10070000.0,,
"Oct 18, 2016",23.81,23.87,23.74,23.76,21.51,10117800.0,,
"Oct 17, 2016",23.68,23.74,23.62,23.64,21.39,10150200.0,,
"Oct 14, 2016",23.69,23.84,23.67,23.68,21.43,18896600.0,,
"Oct 13, 2016",23.59,23.67,23.4,23.59,21.35,19338400.0,,
"Oct 12, 2016",23.73,23.81,23.6,23.75,21.49,11040800.0,,
"Oct 11, 2016",23.98,24.0,23.6,23.7,21.45,17454600.0,,
"Oct 10, 2016",23.93,24.03,23.92,23.98,21.7,13315600.0,,
"Oct 10, 2016",23.93,24.03,23.92,23.98,21.7,13315600.0,,
"Oct 7, 2016",23.9,23.92,23.69,23.81,21.55,12147800.0,,
"Oct 6, 2016",23.84,23.9,23.74,23.88,21.61,10011800.0,,
"Oct 5, 2016",23.8,23.88,23.77,23.82,21.56,18015200.0,,
"Oct 4, 2016",23.9,23.94,23.65,23.74,21.48,17804400.0,,
"Oct 3, 2016",23.83,23.88,23.76,23.82,21.56,12462800.0,,
"Sep 30, 2016",23.82,23.97,23.8,23.89,21.62,18510600.0,,
"Sep 29, 2016",23.88,23.94,23.69,23.76,21.51,22813800.0,,
"Sep 28, 2016",23.89,23.92,23.76,23.91,21.64,18096800.0,,
"Sep 27, 2016",23.64,23.88,23.58,23.86,21.6,17569000.0,,
"Sep 26, 2016",23.65,23.68,23.56,23.6,21.36,19240800.0,,
"Sep 23, 2016",23.95,23.95,23.7,23.75,21.49,23973000.0,,
"Sep 22, 2016",23.95,23.99,23.9,23.95,21.68,20997000.0,,
"Sep 21, 2016",23.64,23.83,23.55,23.81,21.55,24095200.0,,
"Sep 20, 2016",23.64,23.68,23.51,23.55,21.31,10002200.0,,
"Sep 19, 2016",23.67,23.78,23.5,23.56,21.32,14242600.0,,
"Sep 16, 2016",,,,,,,Dividend,0.098
"Sep 16, 2016",23.7,23.7,23.5,23.6,21.36,31766200.0,,
"Sep 15, 2016",23.45,23.83,23.41,23.79,21.44,32572600.0,,
"Sep 14, 2016",23.3,23.55,23.3,23.41,21.09,34217400.0,,
"Sep 13, 2016",23.38,23.46,23.2,23.3,20.99,34717600.0,,
"Sep 12, 2016",22.97,23.51,22.93,23.47,21.15,38020600.0,,
"Sep 9, 2016",23.44,23.53,23.08,23.08,20.8,33618400.0,,
"Sep 8, 2016",23.77,23.77,23.6,23.66,21.32,16605200.0,,
"Sep 7, 2016",23.8,23.86,23.73,23.85,21.5,23170000.0,,
"Sep 6, 2016",23.69,23.8,23.66,23.8,21.45,30214800.0,,
"Sep 2, 2016",23.68,23.74,23.57,23.67,21.34,13814400.0,,
"Sep 1, 2016",23.49,23.59,23.39,23.57,21.24,18479200.0,,
"Aug 31, 2016",23.5,23.53,23.42,23.5,21.18,22322400.0,,
"Aug 30, 2016",23.57,23.62,23.45,23.53,21.21,11436400.0,,
"Aug 29, 2016",23.51,23.65,23.51,23.61,21.28,13964800.0,,
"Aug 26, 2016",23.5,23.69,23.4,23.52,21.2,24227200.0,,
"Aug 25, 2016",23.42,23.55,23.39,23.51,21.19,11825400.0,,
"Aug 24, 2016",23.58,23.59,23.41,23.47,21.15,13648800.0,,
"Aug 23, 2016",23.58,23.65,23.58,23.59,21.27,16630600.0,,
"Aug 22, 2016",23.44,23.53,23.41,23.51,21.19,9257400.0,,
"Aug 19, 2016",23.43,23.53,23.38,23.51,21.19,9576200.0,,
"Aug 18, 2016",23.48,23.52,23.41,23.5,21.18,7086400.0,,
"Aug 17, 2016",23.5,23.51,23.35,23.49,21.17,10575000.0,,
"Aug 16, 2016",23.63,23.63,23.5,23.5,21.18,9078000.0,,
"Aug 15, 2016",23.58,23.72,23.57,23.67,21.33,16561400.0,,
"Aug 12, 2016",23.58,23.58,23.5,23.56,21.23,6937400.0,,
"Aug 11, 2016",23.57,23.65,23.55,23.58,21.25,10518600.0,,
"Aug 10, 2016",23.58,23.59,23.47,23.5,21.18,7112400.0,,
"Aug 9, 2016",23.52,23.63,23.52,23.57,21.24,29836800.0,,
"Aug 8, 2016",23.55,23.61,23.47,23.52,21.2,10439200.0,,
"Aug 5, 2016",23.38,23.53,23.35,23.52,21.2,12126200.0,,
"Aug 4, 2016",23.18,23.31,23.16,23.3,21.0,16752400.0,,
"Aug 3, 2016",23.08,23.17,23.07,23.17,20.89,15961800.0,,
"Aug 2, 2016",23.23,23.27,22.99,23.09,20.81,22224400.0,,
"Aug 1, 2016",23.23,23.32,23.18,23.27,20.97,15683400.0,,
"Jul 29, 2016",23.24,23.28,23.16,23.23,20.93,21179400.0,,
"Jul 28, 2016",23.16,23.21,23.05,23.14,20.86,12658600.0,,
"Jul 27, 2016",23.18,23.18,23.01,23.13,20.84,21820200.0,,
"Jul 26, 2016",22.91,23.0,22.83,22.93,20.67,18115400.0,,
"Jul 25, 2016",22.88,22.93,22.82,22.89,20.63,8489600.0,,
"Jul 22, 2016",22.76,22.92,22.72,22.92,20.65,9414600.0,,
"Jul 21, 2016",22.91,22.93,22.73,22.78,20.53,10946800.0,,
"Jul 20, 2016",22.78,22.94,22.75,22.9,20.64,10769800.0,,
"Jul 19, 2016",22.61,22.66,22.57,22.6,20.37,8915800.0,,
"Jul 18, 2016",22.54,22.68,22.5,22.66,20.42,8214400.0,,
"Jul 15, 2016",22.6,22.6,22.44,22.5,20.28,9729600.0,,
"Jul 14, 2016",22.5,22.58,22.45,22.52,20.3,30976600.0,,
"Jul 13, 2016",22.44,22.45,22.36,22.38,20.17,21218800.0,,
"Jul 12, 2016",22.34,22.41,22.27,22.38,20.17,32085600.0,,
"Jul 11, 2016",22.14,22.25,22.11,22.19,20.0,11663600.0,,
"Jul 8, 2016",21.83,22.08,21.81,22.07,19.89,25496000.0,,
"Jul 7, 2016",21.7,21.83,21.65,21.73,19.58,12332200.0,,
"Jul 6, 2016",21.5,21.73,21.43,21.73,19.58,15701600.0,,
"Jul 5, 2016",21.62,21.65,21.51,21.58,19.44,17361400.0,,
"Jul 1, 2016",21.7,21.8,21.67,21.74,19.59,14949400.0,,
"Jun 30, 2016",21.5,21.69,21.45,21.68,19.54,26710600.0,,
"Jun 29, 2016",21.27,21.49,21.26,21.45,19.33,21008400.0,,
"Jun 28, 2016",20.94,21.13,20.91,21.13,19.04,26489400.0,,
"Jun 27, 2016",20.99,20.99,20.63,20.72,18.67,36818000.0,,
"Jun 24, 2016",21.21,21.57,21.09,21.14,19.05,47246000.0,,
"Jun 23, 2016",21.83,22.0,21.75,21.99,19.81,19526800.0,,
"Jun 22, 2016",21.77,21.85,21.67,21.69,19.55,12990400.0,,
"Jun 21, 2016",21.68,21.82,21.66,21.76,19.62,11487800.0,,
"Jun 20, 2016",21.72,21.81,21.61,21.61,19.48,13712000.0,,
"Jun 17, 2016",,,,,,,Dividend,0.1055
"Jun 17, 2016",21.63,21.67,21.43,21.52,19.4,22930400.0,,
"Jun 16, 2016",21.62,21.81,21.5,21.77,19.53,19192600.0,,
"Jun 15, 2016",21.82,21.86,21.7,21.73,19.49,14156200.0,,
"Jun 14, 2016",21.68,21.82,21.63,21.78,19.54,16841200.0,,
"Jun 13, 2016",21.78,21.92,21.73,21.74,19.49,23566200.0,,
"Jun 10, 2016",21.98,22.06,21.91,21.98,19.71,16565200.0,,
"Jun 9, 2016",22.06,22.17,22.04,22.15,19.87,25839000.0,,
"Jun 8, 2016",22.09,22.18,22.06,22.15,19.86,16317000.0,,
"Jun 7, 2016",22.08,22.15,22.08,22.1,19.82,8818800.0,,
"Jun 6, 2016",21.99,22.09,21.97,22.01,19.74,17271200.0,,
"Jun 3, 2016",21.99,22.02,21.85,21.97,19.7,16609400.0,,
"Jun 2, 2016",21.95,22.02,21.84,22.02,19.75,15529000.0,,
"Jun 1, 2016",22.02,22.1,21.99,22.04,19.77,13771000.0,,
"May 31, 2016",22.07,22.13,21.97,22.09,19.82,24742800.0,,
"May 27, 2016",21.94,22.08,21.92,22.05,19.78,15576000.0,,
"May 26, 2016",21.88,21.98,21.83,21.94,19.68,13034200.0,,
"May 25, 2016",21.82,21.94,21.78,21.88,19.62,19629400.0,,
"May 24, 2016",21.41,21.76,21.41,21.73,19.48,18923000.0,,
"May 23, 2016",21.35,21.44,21.31,21.33,19.13,16855400.0,,
"May 23, 2016",21.35,21.44,21.31,21.33,19.13,16855400.0,,
"May 20, 2016",21.23,21.42,21.21,21.36,19.16,11746000.0,,
"May 19, 2016",21.17,21.2,20.99,21.11,18.93,17269600.0,,
"May 18, 2016",21.13,21.39,21.1,21.23,19.04,21807000.0,,
"May 17, 2016",21.33,21.44,21.12,21.18,19.0,19880200.0,,
"May 16, 2016",21.13,21.45,21.13,21.4,19.19,12788400.0,,
"May 13, 2016",21.18,21.31,21.08,21.1,18.93,21842600.0,,
"May 12, 2016",21.33,21.33,21.05,21.18,19.0,18673000.0,,
"May 11, 2016",21.34,21.47,21.25,21.25,19.05,14304200.0,,
"May 10, 2016",21.19,21.4,21.17,21.4,19.19,27840400.0,,
"May 9, 2016",21.14,21.23,21.11,21.13,18.95,15082400.0,,
"May 6, 2016",20.88,21.13,20.88,21.13,18.95,18459800.0,,
"May 5, 2016",21.02,21.07,20.92,20.97,18.81,27119800.0,,
"May 4, 2016",20.93,21.02,20.9,20.96,18.8,22491400.0,,
"May 3, 2016",21.08,21.12,20.95,21.02,18.86,25062400.0,,
"May 2, 2016",21.11,21.25,21.02,21.22,19.03,25105400.0,,
"Apr 29, 2016",21.13,21.17,20.91,21.07,18.89,23792400.0,,
"Apr 28, 2016",21.56,21.63,21.18,21.25,19.06,45339200.0,,
"Apr 27, 2016",21.34,21.55,21.26,21.52,19.3,25559200.0,,
"Apr 26, 2016",21.75,21.8,21.55,21.62,19.39,14734800.0,,
"Apr 25, 2016",21.66,21.74,21.6,21.73,19.48,18715000.0,,
"Apr 22, 2016",21.75,21.86,21.6,21.72,19.48,29848800.0,,
"Apr 21, 2016",22.15,22.2,22.05,22.1,19.83,22555800.0,,
"Apr 20, 2016",22.16,22.28,22.09,22.18,19.9,13755600.0,,
"Apr 19, 2016",22.31,22.33,22.01,22.14,19.86,12942000.0,,
"Apr 18, 2016",22.1,22.26,22.07,22.26,19.97,14225800.0,,
"Apr 15, 2016",22.23,22.28,22.13,22.17,19.88,12921800.0,,
"Apr 14, 2016",22.23,22.33,22.18,22.25,19.96,13005400.0,,
"Apr 13, 2016",22.17,22.3,22.14,22.26,19.96,15753200.0,,
"Apr 12, 2016",21.92,22.06,21.77,22.03,19.76,19184000.0,,
"Apr 11, 2016",22.04,22.17,21.89,21.89,19.63,16277200.0,,
"Apr 8, 2016",22.06,22.15,21.87,21.94,19.68,17525600.0,,
"Apr 7, 2016",22.1,22.15,21.86,21.94,19.68,21261800.0,,
"Apr 6, 2016",22.06,22.26,21.98,22.26,19.97,22277000.0,,
"Apr 5, 2016",22.12,22.17,22.0,22.05,19.78,21452200.0,,
"Apr 4, 2016",22.32,22.36,22.22,22.26,19.97,15292400.0,,
"Apr 1, 2016",22.02,22.36,22.0,22.35,20.05,19309800.0,,
"Mar 31, 2016",22.19,22.29,22.14,22.18,19.89,29189800.0,,
"Mar 30, 2016",22.21,22.33,22.17,22.23,19.93,21976600.0,,
"Mar 29, 2016",21.72,22.11,21.69,22.09,19.82,20163000.0,,
"Mar 28, 2016",21.83,21.86,21.72,21.75,19.51,12816000.0,,
"Mar 24, 2016",21.66,21.81,21.63,21.81,19.56,13486400.0,,
"Mar 23, 2016",21.84,21.87,21.7,21.75,19.51,21350200.0,,
"Mar 22, 2016",21.77,21.96,21.77,21.88,19.62,26225800.0,,
"Mar 21, 2016",21.75,21.88,21.74,21.87,19.62,16007000.0,,
"Mar 18, 2016",,,,,,,Dividend,0.11
"Mar 18, 2016",21.84,21.86,21.7,21.8,19.55,18828800.0,,
"Mar 17, 2016",21.75,21.94,21.73,21.87,19.52,18734200.0,,
"Mar 16, 2016",21.44,21.83,21.43,21.79,19.44,29513800.0,,
"Mar 15, 2016",21.38,21.56,21.36,21.54,19.22,12642200.0,,
"Mar 14, 2016",21.37,21.5,21.36,21.46,19.15,20121800.0,,
"Mar 11, 2016",21.32,21.44,21.27,21.43,19.13,17640200.0,,
"Mar 10, 2016",21.22,21.32,20.85,21.11,18.84,25856800.0,,
"Mar 9, 2016",20.98,21.14,20.98,21.13,18.86,24321200.0,,
"Mar 8, 2016",20.95,21.13,20.88,20.95,18.7,23401000.0,,
"Mar 7, 2016",21.09,21.17,20.92,21.08,18.81,31627000.0,,
"Mar 4, 2016",21.16,21.32,21.08,21.21,18.93,15771800.0,,
"Mar 3, 2016",21.17,21.17,20.99,21.16,18.88,15767800.0,,
"Mar 2, 2016",21.02,21.16,20.99,21.16,18.88,17496200.0,,
"Mar 1, 2016",20.66,21.09,20.63,21.09,18.82,24608400.0,,
"Feb 29, 2016",20.61,20.81,20.49,20.49,18.28,27203800.0,,
"Feb 26, 2016",20.8,20.82,20.58,20.63,18.41,19545200.0,,
"Feb 25, 2016",20.5,20.69,20.34,20.68,18.46,18806800.0,,
"Feb 24, 2016",20.06,20.47,19.95,20.43,18.23,20288800.0,,
"Feb 23, 2016",20.51,20.53,20.24,20.27,18.09,16379000.0,,
"Feb 22, 2016",20.51,20.63,20.49,20.6,18.38,13181400.0,,
"Feb 19, 2016",20.24,20.39,20.19,20.33,18.14,17158600.0,,
"Feb 18, 2016",20.47,20.49,20.27,20.32,18.13,23156800.0,,
"Feb 17, 2016",20.1,20.43,20.08,20.4,18.2,22257400.0,,
"Feb 16, 2016",19.85,19.99,19.75,19.99,17.83,20586600.0,,
"Feb 12, 2016",19.52,19.65,19.41,19.64,17.52,21786800.0,,
"Feb 11, 2016",19.17,19.49,19.13,19.36,17.28,49254600.0,,
"Feb 10, 2016",19.54,19.76,19.4,19.41,17.32,33950000.0,,
"Feb 9, 2016",19.23,19.65,19.2,19.38,17.29,49510600.0,,
"Feb 8, 2016",19.42,19.52,19.13,19.47,17.37,49642800.0,,
"Feb 5, 2016",20.24,20.27,19.67,19.75,17.62,47554800.0,,
"Feb 4, 2016",20.26,20.45,20.1,20.32,18.13,36405800.0,,
"Feb 3, 2016",20.45,20.47,19.99,20.3,18.12,43012400.0,,
"Feb 2, 2016",20.64,20.64,20.26,20.33,18.14,27902400.0,,
"Feb 1, 2016",20.53,20.79,20.52,20.69,18.47,29594600.0,,
"Jan 29, 2016",20.16,20.64,20.11,20.62,18.4,32226600.0,,
"Jan 28, 2016",20.02,20.07,19.75,19.99,17.84,35133600.0,,
"Jan 27, 2016",19.99,20.1,19.65,19.74,17.61,36044800.0,,
"Jan 26, 2016",20.03,20.19,19.91,20.15,17.98,22947400.0,,
"Jan 25, 2016",20.08,20.25,19.92,19.95,17.81,20961200.0,,
"Jan 22, 2016",20.02,20.19,19.99,20.19,18.02,22496400.0,,
"Jan 21, 2016",19.65,19.93,19.4,19.65,17.53,44271400.0,,
"Jan 20, 2016",19.35,19.73,19.01,19.53,17.43,59263600.0,,
"Jan 19, 2016",19.9,19.93,19.51,19.69,17.57,39317600.0,,
"Jan 15, 2016",19.58,19.86,19.43,19.67,17.55,40355600.0,,
"Jan 14, 2016",19.95,20.4,19.71,20.24,18.06,39591200.0,,
"Jan 13, 2016",20.57,20.57,19.83,19.86,17.73,43924600.0,,
"Jan 12, 2016",20.39,20.46,20.16,20.42,18.22,31683200.0,,
"Jan 11, 2016",20.18,20.26,19.92,20.17,18.0,38270200.0,,
"Jan 8, 2016",20.38,20.45,20.02,20.05,17.89,38466200.0,,
"Jan 7, 2016",20.4,20.66,20.19,20.2,18.03,33681400.0,,
"Jan 6, 2016",20.77,20.96,20.69,20.82,18.58,27716800.0,,
"Jan 5, 2016",21.2,21.25,20.99,21.08,18.81,32134400.0,,
"Jan 4, 2016",21.03,21.14,20.81,21.14,18.86,43277200.0,,
"Dec 31, 2015",21.65,21.66,21.42,21.42,19.11,17669000.0,,
"Dec 31, 2015",21.65,21.66,21.42,21.42,19.11,17669000.0,,
"Dec 30, 2015",21.9,21.9,21.72,21.72,19.38,14393000.0,,
"Dec 29, 2015",21.74,21.96,21.69,21.91,19.55,13618400.0,,
"Dec 28, 2015",21.55,21.63,21.42,21.61,19.28,14354400.0,,
"Dec 24, 2015",21.65,21.68,21.6,21.63,19.3,4865600.0,,
"Dec 23, 2015",21.57,21.66,21.5,21.64,19.31,16090600.0,,
"Dec 22, 2015",21.38,21.49,21.28,21.45,19.15,18965200.0,,
"Dec 21, 2015",21.26,21.32,21.12,21.3,19.01,22326600.0,,
"Dec 18, 2015",,,,,,,Dividend,0.108
"Dec 18, 2015",21.44,21.49,21.05,21.08,18.82,45627800.0,,
"Dec 17, 2015",22.05,22.05,21.6,21.61,19.19,24217200.0,,
"Dec 16, 2015",21.8,22.0,21.58,21.95,19.49,36347600.0,,
"Dec 15, 2015",21.73,21.81,21.63,21.66,19.23,34043800.0,,
"Dec 14, 2015",21.4,21.57,21.17,21.57,19.15,42068400.0,,
"Dec 11, 2015",21.61,21.67,21.39,21.4,19.0,33920600.0,,
"Dec 10, 2015",21.85,22.02,21.79,21.85,19.41,18146800.0,,
"Dec 9, 2015",22.02,22.19,21.69,21.8,19.35,32507800.0,,
"Dec 8, 2015",21.99,22.18,21.92,22.12,19.64,22756600.0,,
"Dec 7, 2015",22.26,22.28,22.07,22.17,19.69,25629800.0,,
"Dec 4, 2015",21.82,22.33,21.77,22.28,19.79,25680400.0,,
"Dec 3, 2015",22.09,22.16,21.65,21.75,19.31,23708600.0,,
"Dec 2, 2015",22.2,22.28,22.01,22.03,19.57,19394200.0,,
"Dec 1, 2015",22.07,22.18,22.02,22.17,19.69,15558000.0,,
"Nov 30, 2015",21.99,22.05,21.91,21.98,19.52,34051200.0,,
"Nov 27, 2015",21.93,22.0,21.9,21.95,19.49,7601400.0,,
"Nov 25, 2015",21.98,21.99,21.9,21.91,19.45,13153200.0,,
"Nov 24, 2015",21.81,22.05,21.75,21.98,19.51,22606800.0,,
"Nov 23, 2015",22.11,22.13,21.89,21.97,19.51,14454200.0,,
"Nov 20, 2015",22.03,22.11,22.0,22.1,19.62,14576400.0,,
"Nov 19, 2015",21.86,22.05,21.85,21.94,19.48,18735000.0,,
"Nov 18, 2015",21.61,21.86,21.59,21.84,19.39,20333600.0,,
"Nov 17, 2015",21.56,21.68,21.47,21.51,19.1,18788800.0,,
"Nov 16, 2015",21.15,21.51,21.14,21.51,19.1,18158400.0,,
"Nov 13, 2015",21.53,21.57,21.18,21.18,18.81,30089800.0,,
"Nov 12, 2015",21.69,21.8,21.6,21.61,19.19,16068000.0,,
"Nov 11, 2015",21.86,21.97,21.76,21.8,19.36,16402200.0,,
"Nov 10, 2015",21.83,21.83,21.72,21.81,19.37,34546600.0,,
"Nov 9, 2015",22.1,22.1,21.85,21.95,19.49,20292400.0,,
"Nov 6, 2015",22.07,22.18,21.99,22.17,19.69,13737800.0,,
"Nov 5, 2015",22.18,22.29,22.05,22.09,19.62,13457600.0,,
"Nov 4, 2015",22.18,22.22,22.1,22.16,19.68,14597200.0,,
"Nov 3, 2015",21.95,22.22,21.91,22.14,19.65,13758000.0,,
"Nov 2, 2015",21.86,22.03,21.81,22.02,19.55,27486600.0,,
"Oct 30, 2015",22.0,22.01,21.82,21.83,19.38,18679000.0,,
"Oct 29, 2015",21.9,22.0,21.83,21.97,19.51,15218000.0,,
"Oct 28, 2015",21.81,22.03,21.74,22.03,19.56,29559200.0,,
"Oct 27, 2015",21.78,21.84,21.68,21.7,19.27,15358000.0,,
"Oct 26, 2015",21.9,21.9,21.75,21.83,19.38,16576200.0,,
"Oct 23, 2015",21.85,22.0,21.78,21.92,19.46,33383400.0,,
"Oct 22, 2015",21.0,21.36,21.0,21.32,18.93,28472000.0,,
"Oct 21, 2015",21.06,21.11,20.83,20.85,18.51,18834400.0,,
"Oct 20, 2015",20.98,21.07,20.92,21.01,18.66,11857800.0,,
"Oct 19, 2015",20.94,21.07,20.88,21.07,18.7,14184200.0,,
"Oct 16, 2015",21.0,21.0,20.86,20.99,18.63,14972600.0,,
"Oct 15, 2015",20.76,20.95,20.75,20.94,18.6,16843800.0,,
"Oct 14, 2015",20.66,20.81,20.63,20.68,18.36,25512200.0,,
"Oct 13, 2015",20.66,20.84,20.65,20.72,18.4,17903600.0,,
"Oct 12, 2015",20.78,20.8,20.67,20.76,18.44,12687400.0,,
"Oct 9, 2015",20.71,20.75,20.63,20.74,18.42,22753000.0,,
"Oct 8, 2015",20.48,20.69,20.38,20.65,18.34,30749600.0,,
"Oct 7, 2015",20.57,20.64,20.31,20.56,18.25,30437800.0,,
"Oct 6, 2015",20.36,20.5,20.36,20.46,18.17,19715800.0,,
"Oct 5, 2015",20.17,20.49,20.13,20.43,18.14,17137800.0,,
"Oct 2, 2015",19.53,20.04,19.46,20.04,17.79,29834000.0,,
"Oct 1, 2015",19.75,19.82,19.5,19.76,17.55,27036000.0,,
"Sep 30, 2015",19.6,19.78,19.55,19.75,17.54,24933600.0,,
"Sep 29, 2015",19.5,19.63,19.23,19.36,17.19,26206800.0,,
"Sep 28, 2015",19.82,19.85,19.44,19.45,17.27,25166600.0,,
"Sep 25, 2015",20.13,20.15,19.82,19.91,17.67,21657800.0,,
"Sep 24, 2015",19.72,20.0,19.61,19.94,17.71,22056400.0,,
"Sep 23, 2015",19.96,20.01,19.83,19.94,17.71,11356400.0,,
"Sep 22, 2015",19.91,19.99,19.76,19.89,17.66,24576400.0,,
"Sep 21, 2015",20.07,20.29,20.05,20.23,17.96,13921200.0,,
"Sep 18, 2015",,,,,,,Dividend,0.0915
"Sep 18, 2015",20.06,20.24,19.99,20.03,17.79,36230200.0,,
"Sep 17, 2015",20.44,20.7,20.32,20.39,18.02,33565200.0,,
"Sep 16, 2015",20.42,20.55,20.39,20.52,18.14,15436200.0,,
"Sep 15, 2015",20.25,20.5,20.19,20.44,18.07,17612000.0,,
"Sep 14, 2015",20.32,20.33,20.13,20.18,17.84,14890800.0,,
"Sep 11, 2015",20.0,20.23,19.99,20.23,17.88,13719400.0,,
"Sep 10, 2015",19.91,20.25,19.9,20.14,17.8,28048800.0,,
"Sep 9, 2015",20.33,20.43,19.89,19.93,17.62,19304600.0,,
"Sep 8, 2015",20.02,20.22,19.98,20.2,17.86,18909200.0,,
"Sep 4, 2015",19.69,19.79,19.56,19.65,17.37,27561000.0,,
"Sep 3, 2015",20.05,20.21,19.9,19.95,17.64,22062200.0,,
"Sep 2, 2015",19.76,19.96,19.57,19.94,17.63,25370200.0,,
"Sep 1, 2015",19.69,19.86,19.38,19.47,17.21,42578000.0,,
"Aug 31, 2015",20.14,20.33,20.07,20.11,17.78,22100600.0,,
"Aug 28, 2015",20.17,20.33,20.13,20.3,17.94,27672200.0,,
"Aug 27, 2015",20.07,20.26,19.82,20.26,17.91,40211000.0,,
"Aug 26, 2015",19.23,19.83,19.06,19.8,17.5,68776800.0,,
"Aug 25, 2015",19.74,19.77,18.83,18.85,16.66,37210800.0,,
"Aug 24, 2015",18.5,19.81,15.66,19.0,16.79,72207800.0,,
"Aug 21, 2015",20.34,20.5,19.78,19.78,17.48,47332800.0,,
"Aug 20, 2015",20.85,20.94,20.57,20.57,18.18,27453800.0,,
"Aug 19, 2015",21.16,21.26,20.96,21.08,18.63,18455200.0,,
"Aug 18, 2015",21.28,21.31,21.19,21.22,18.76,9383800.0,,
"Aug 17, 2015",21.13,21.33,21.06,21.33,18.85,11183400.0,,
"Aug 14, 2015",21.05,21.23,21.03,21.21,18.75,11906000.0,,
"Aug 13, 2015",21.18,21.25,21.07,21.1,18.66,13287800.0,,
"Aug 13, 2015",21.18,21.25,21.07,21.1,18.66,13287800.0,,
"Aug 12, 2015",20.92,21.2,20.72,21.17,18.71,20071400.0,,
"Aug 11, 2015",21.33,21.36,21.01,21.07,18.62,54689000.0,,
"Aug 10, 2015",21.16,21.42,21.16,21.39,18.91,11144000.0,,
"Aug 7, 2015",21.0,21.09,20.92,21.06,18.62,15825000.0,,
"Aug 6, 2015",21.25,21.34,20.97,21.05,18.6,13019800.0,,
"Aug 5, 2015",21.18,21.41,21.14,21.25,18.79,20785600.0,,
"Aug 4, 2015",21.16,21.17,20.98,21.05,18.61,14765400.0,,
"Aug 3, 2015",21.28,21.32,21.05,21.17,18.72,18396600.0,,
"Jul 31, 2015",21.39,21.42,21.25,21.29,18.82,21824000.0,,
"Jul 30, 2015",21.23,21.4,21.13,21.36,18.88,13616400.0,,
"Jul 29, 2015",21.18,21.36,21.1,21.32,18.85,16752600.0,,
"Jul 28, 2015",21.08,21.22,20.93,21.18,18.72,15775000.0,,
"Jul 27, 2015",21.01,21.15,20.96,20.99,18.55,17307200.0,,
"Jul 24, 2015",21.4,21.43,21.17,21.18,18.72,19492200.0,,
"Jul 23, 2015",21.4,21.49,21.25,21.3,18.82,12645200.0,,
"Jul 22, 2015",21.26,21.44,21.25,21.34,18.86,17182600.0,,
"Jul 21, 2015",21.73,21.81,21.67,21.69,19.17,11950400.0,,
"Jul 20, 2015",21.8,21.91,21.72,21.83,19.3,18619000.0,,
"Jul 17, 2015",21.58,21.72,21.55,21.72,19.2,15550000.0,,
"Jul 16, 2015",21.28,21.4,21.25,21.39,18.91,10413200.0,,
"Jul 15, 2015",21.1,21.18,21.06,21.12,18.67,13077000.0,,
"Jul 14, 2015",21.04,21.17,21.03,21.11,18.66,12252800.0,,
"Jul 13, 2015",20.85,21.05,20.84,21.03,18.59,14143000.0,,
"Jul 10, 2015",20.66,20.79,20.6,20.72,18.32,13496600.0,,
"Jul 9, 2015",20.71,20.76,20.4,20.4,18.03,17987600.0,,
"Jul 8, 2015",20.65,20.69,20.47,20.48,18.1,32320000.0,,
"Jul 7, 2015",20.83,20.84,20.42,20.82,18.4,39319800.0,,
"Jul 6, 2015",20.73,20.88,20.67,20.78,18.37,15018000.0,,
"Jul 2, 2015",20.9,20.94,20.79,20.87,18.45,10321400.0,,
"Jul 1, 2015",20.89,20.93,20.75,20.84,18.42,16299000.0,,
"Jun 30, 2015",20.83,20.84,20.65,20.7,18.3,22765800.0,,
"Jun 29, 2015",20.91,21.03,20.67,20.68,18.28,26214800.0,,
"Jun 26, 2015",21.3,21.32,21.07,21.13,18.68,20348600.0,,
"Jun 25, 2015",21.48,21.49,21.31,21.31,18.84,9827600.0,,
"Jun 24, 2015",21.41,21.53,21.36,21.36,18.88,9693600.0,,
"Jun 23, 2015",21.49,21.5,21.41,21.46,18.97,7986600.0,,
"Jun 22, 2015",21.45,21.51,21.4,21.44,18.96,10876000.0,,
"Jun 19, 2015",,,,,,,Dividend,0.0965
"Jun 19, 2015",21.41,21.45,21.27,21.27,18.8,26869600.0,,
"Jun 18, 2015",21.34,21.58,21.34,21.55,18.96,17926400.0,,
"Jun 17, 2015",21.36,21.44,21.23,21.35,18.79,22047800.0,,
"Jun 16, 2015",21.19,21.37,21.16,21.34,18.78,18346600.0,,
"Jun 15, 2015",21.19,21.24,21.05,21.2,18.66,18358200.0,,
"Jun 12, 2015",21.42,21.45,21.32,21.33,18.77,12317600.0,,
"Jun 11, 2015",21.59,21.65,21.5,21.52,18.94,11289400.0,,
"Jun 10, 2015",21.24,21.56,21.24,21.51,18.93,17929600.0,,
"Jun 9, 2015",21.2,21.26,21.05,21.18,18.64,15413400.0,,
"Jun 8, 2015",21.47,21.48,21.19,21.24,18.69,16759000.0,,
"Jun 5, 2015",21.52,21.57,21.38,21.48,18.9,15455000.0,,
"Jun 4, 2015",21.63,21.75,21.5,21.55,18.96,16694600.0,,
"Jun 3, 2015",21.74,21.86,21.7,21.75,19.14,11314600.0,,
"Jun 2, 2015",21.67,21.8,21.56,21.7,19.1,11275600.0,,
"Jun 1, 2015",21.81,21.82,21.61,21.75,19.14,13872600.0,,
"May 29, 2015",21.84,21.85,21.63,21.68,19.08,15476800.0,,
"May 28, 2015",21.82,21.89,21.78,21.84,19.22,9329600.0,,
"May 27, 2015",21.57,21.91,21.55,21.89,19.26,25174200.0,,
"May 26, 2015",21.74,21.75,21.42,21.49,18.91,15848800.0,,
"May 22, 2015",21.75,21.85,21.75,21.8,19.18,7937000.0,,
"May 21, 2015",21.69,21.84,21.67,21.82,19.2,7426200.0,,
"May 20, 2015",21.72,21.83,21.64,21.72,19.11,22021800.0,,
"May 19, 2015",21.78,21.81,21.68,21.7,19.1,9130800.0,,
"May 18, 2015",21.63,21.8,21.59,21.76,19.15,6786600.0,,
"May 15, 2015",21.77,21.79,21.6,21.66,19.06,16936400.0,,
"May 14, 2015",21.55,21.74,21.53,21.73,19.12,13952400.0,,
"May 13, 2015",21.38,21.5,21.33,21.38,18.81,18613000.0,,
"May 12, 2015",21.29,21.39,21.1,21.29,18.73,15301000.0,,
"May 11, 2015",21.5,21.52,21.39,21.41,18.84,12093000.0,,
"May 8, 2015",21.42,21.53,21.39,21.51,18.93,19638400.0,,
"May 7, 2015",21.09,21.28,21.05,21.21,18.66,11280600.0,,
"May 6, 2015",21.32,21.35,20.93,21.06,18.53,19747800.0,,
"May 5, 2015",21.51,21.55,21.22,21.24,18.69,16209800.0,,
"May 4, 2015",21.6,21.68,21.56,21.57,18.98,15397600.0,,
"May 1, 2015",21.42,21.56,21.36,21.55,18.96,21096800.0,,
"Apr 30, 2015",21.48,21.55,21.2,21.29,18.73,17305200.0,,
"Apr 29, 2015",21.59,21.72,21.45,21.59,19.0,17142200.0,,
"Apr 28, 2015",21.65,21.77,21.48,21.69,19.09,18299600.0,,
"Apr 27, 2015",21.65,21.72,21.58,21.63,19.03,18501400.0,,
"Apr 24, 2015",21.55,21.59,21.44,21.57,18.98,12457600.0,,
"Apr 23, 2015",21.25,21.47,21.19,21.38,18.81,11799600.0,,
"Apr 22, 2015",21.11,21.32,21.05,21.3,18.74,12190200.0,,
"Apr 21, 2015",21.22,21.22,21.06,21.08,18.55,10002800.0,,
"Apr 20, 2015",20.83,21.11,20.82,21.09,18.56,9691600.0,,
"Apr 17, 2015",20.85,20.9,20.67,20.74,18.25,20318800.0,,
"Apr 16, 2015",21.01,21.09,20.97,21.02,18.5,18228600.0,,
"Apr 15, 2015",20.97,21.15,20.95,21.1,18.57,25166200.0,,
"Apr 14, 2015",20.99,21.01,20.82,20.92,18.4,11702600.0,,
"Apr 13, 2015",21.08,21.17,20.98,20.98,18.46,7774400.0,,
"Apr 10, 2015",20.98,21.06,20.92,21.04,18.51,8632600.0,,
"Apr 9, 2015",20.91,21.0,20.8,20.96,18.44,14580200.0,,
"Apr 8, 2015",20.84,20.97,20.8,20.91,18.4,14407000.0,,
"Apr 7, 2015",20.89,21.01,20.83,20.84,18.34,9368600.0,,
"Apr 6, 2015",20.54,20.92,20.52,20.89,18.38,14689400.0,,
"Apr 2, 2015",20.73,20.77,20.65,20.68,18.2,10938600.0,,
"Apr 1, 2015",20.74,20.76,20.55,20.69,18.21,20855600.0,,
"Mar 31, 2015",20.87,20.91,20.72,20.72,18.23,15927200.0,,
"Mar 30, 2015",20.84,20.95,20.8,20.93,18.42,13210800.0,,
"Mar 27, 2015",20.67,20.74,20.58,20.68,18.2,15818600.0,,
"Mar 26, 2015",20.54,20.77,20.47,20.67,18.19,18004800.0,,
"Mar 25, 2015",21.17,21.22,20.66,20.66,18.18,16348600.0,,
"Mar 25, 2015",21.17,21.22,20.66,20.66,18.18,16348600.0,,
"Mar 24, 2015",21.28,21.34,21.2,21.2,18.66,14234800.0,,
"Mar 23, 2015",21.27,21.38,21.26,21.27,18.72,7506200.0,,
"Mar 20, 2015",,,,,,,Dividend,0.0865
"Mar 20, 2015",21.26,21.38,21.23,21.27,18.72,38592200.0,,
"Mar 19, 2015",21.25,21.33,21.2,21.22,18.6,17984800.0,,
"Mar 18, 2015",20.97,21.35,20.89,21.28,18.65,31710800.0,,
"Mar 17, 2015",20.94,21.06,20.91,21.0,18.4,19067400.0,,
"Mar 16, 2015",20.85,21.0,20.79,20.99,18.4,17278800.0,,
"Mar 13, 2015",20.83,20.88,20.63,20.75,18.18,30375400.0,,
"Mar 12, 2015",20.67,20.88,20.65,20.86,18.28,24669800.0,,
"Mar 11, 2015",20.91,20.91,20.71,20.73,18.16,23040400.0,,
"Mar 10, 2015",21.17,21.18,20.86,20.86,18.28,17595800.0,,
"Mar 9, 2015",21.24,21.39,21.2,21.3,18.66,12498600.0,,
"Mar 6, 2015",21.45,21.48,21.16,21.19,18.58,16153400.0,,
"Mar 5, 2015",21.53,21.53,21.39,21.46,18.81,15408600.0,,
"Mar 4, 2015",21.51,21.52,21.37,21.49,18.83,11765400.0,,
"Mar 3, 2015",21.69,21.69,21.48,21.57,18.9,17224200.0,,
"Mar 2, 2015",21.62,21.73,21.55,21.72,19.03,13689000.0,,
"Feb 27, 2015",21.61,21.66,21.52,21.55,18.88,12112000.0,,
"Feb 26, 2015",21.55,21.65,21.49,21.62,18.95,15118800.0,,
"Feb 25, 2015",21.56,21.58,21.44,21.49,18.83,11734800.0,,
"Feb 24, 2015",21.54,21.65,21.43,21.62,18.95,9311000.0,,
"Feb 23, 2015",21.57,21.57,21.44,21.56,18.89,8094000.0,,
"Feb 20, 2015",21.43,21.57,21.32,21.54,18.88,13867000.0,,
"Feb 19, 2015",21.34,21.45,21.3,21.43,18.78,6250800.0,,
"Feb 18, 2015",21.33,21.38,21.27,21.35,18.72,7499600.0,,
"Feb 17, 2015",21.34,21.37,21.28,21.33,18.7,10680600.0,,
"Feb 13, 2015",21.24,21.34,21.2,21.33,18.69,8631600.0,,
"Feb 12, 2015",21.07,21.2,21.03,21.19,18.57,13538400.0,,
"Feb 11, 2015",20.85,20.94,20.8,20.91,18.32,12500000.0,,
"Feb 10, 2015",20.66,20.85,20.58,20.83,18.25,22491400.0,,
"Feb 9, 2015",20.5,20.62,20.48,20.52,17.98,14331400.0,,
"Feb 6, 2015",20.65,20.74,20.49,20.55,18.01,9580600.0,,
"Feb 5, 2015",20.51,20.63,20.44,20.61,18.07,10183600.0,,
"Feb 4, 2015",20.35,20.58,20.35,20.42,17.9,11778800.0,,
"Feb 3, 2015",20.22,20.41,20.16,20.39,17.87,19767400.0,,
"Feb 2, 2015",20.02,20.18,19.69,20.16,17.66,31247200.0,,
"Jan 30, 2015",20.15,20.25,19.91,19.95,17.48,26012600.0,,
"Jan 29, 2015",20.02,20.24,19.83,20.2,17.7,33635200.0,,
"Jan 28, 2015",20.41,20.47,20.01,20.01,17.54,26094400.0,,
"Jan 27, 2015",20.3,20.3,19.95,20.05,17.57,21584000.0,,
"Jan 26, 2015",20.7,20.75,20.58,20.64,18.09,19467000.0,,
"Jan 23, 2015",20.73,20.82,20.66,20.73,18.16,12957600.0,,
"Jan 22, 2015",20.45,20.75,20.28,20.73,18.17,17624400.0,,
"Jan 21, 2015",20.27,20.48,20.17,20.4,17.87,27838200.0,,
"Jan 20, 2015",20.31,20.41,20.1,20.36,17.84,24031600.0,,
"Jan 16, 2015",19.93,20.21,19.92,20.19,17.69,37643000.0,,
"Jan 15, 2015",20.34,20.39,19.98,20.0,17.52,18655400.0,,
"Jan 14, 2015",20.2,20.34,20.07,20.25,17.75,17661400.0,,
"Jan 13, 2015",20.56,20.81,20.23,20.37,17.85,23358400.0,,
"Jan 12, 2015",20.61,20.67,20.32,20.39,17.87,11257400.0,,
"Jan 9, 2015",20.75,20.8,20.48,20.63,18.08,18339800.0,,
"Jan 8, 2015",20.41,20.74,20.38,20.69,18.13,28423400.0,,
"Jan 7, 2015",20.23,20.3,20.1,20.25,17.74,13069200.0,,
"Jan 6, 2015",20.38,20.38,19.98,20.08,17.59,17491200.0,,
"Jan 5, 2015",20.56,20.56,20.26,20.32,17.81,14389400.0,,
"Jan 2, 2015",20.81,20.85,20.53,20.64,18.08,16990400.0,,
"Dec 31, 2014",20.98,21.0,20.66,20.67,18.12,11910600.0,,
"Dec 30, 2014",21.01,21.05,20.89,20.91,18.32,11006800.0,,
"Dec 29, 2014",21.08,21.14,21.03,21.06,18.45,9276600.0,,
"Dec 26, 2014",21.11,21.2,21.1,21.16,18.54,4557000.0,,
"Dec 24, 2014",21.14,21.14,21.07,21.07,18.47,5311200.0,,
"Dec 23, 2014",21.13,21.16,21.08,21.09,18.48,13398800.0,,
"Dec 22, 2014",20.86,21.03,20.83,21.03,18.43,12214000.0,,
"Dec 19, 2014",,,,,,,Dividend,0.108
"Dec 19, 2014",20.85,20.9,20.76,20.78,18.22,23388800.0,,
"Dec 18, 2014",20.65,20.88,20.59,20.87,18.2,21318600.0,,
"Dec 17, 2014",19.98,20.35,19.94,20.29,17.69,30566000.0,,
"Dec 16, 2014",20.04,20.41,19.92,19.92,17.36,31303000.0,,
"Dec 15, 2014",20.44,20.53,20.09,20.18,17.6,20502200.0,,
"Dec 12, 2014",20.45,20.61,20.28,20.31,17.71,17966000.0,,
"Dec 11, 2014",20.56,20.85,20.56,20.61,17.97,18076400.0,,
"Dec 10, 2014",20.84,20.84,20.49,20.52,17.89,16541200.0,,
"Dec 9, 2014",20.57,20.87,20.5,20.84,18.17,16443400.0,,
"Dec 8, 2014",21.02,21.06,20.75,20.84,18.17,13379800.0,,
"Dec 5, 2014",21.1,21.14,21.01,21.06,18.36,14359000.0,,
"Dec 4, 2014",21.07,21.15,21.0,21.08,18.38,7533600.0,,
"Dec 3, 2014",21.06,21.12,20.97,21.08,18.38,8543400.0,,
"Dec 2, 2014",21.0,21.05,20.92,21.01,18.32,11261200.0,,
"Dec 1, 2014",21.19,21.22,20.92,21.0,18.31,23329400.0,,
"Nov 28, 2014",21.18,21.29,21.15,21.25,18.52,10865000.0,,
"Nov 26, 2014",20.96,21.16,20.96,21.15,18.44,20482000.0,,
"Nov 25, 2014",20.98,21.04,20.94,20.95,18.27,9489200.0,,
"Nov 24, 2014",20.88,20.95,20.82,20.94,18.26,6226400.0,,
"Nov 21, 2014",20.97,20.98,20.75,20.83,18.17,12925600.0,,
"Nov 20, 2014",20.63,20.81,20.59,20.81,18.14,9794800.0,,
"Nov 19, 2014",20.84,20.84,20.6,20.7,18.05,14334000.0,,
"Nov 18, 2014",20.75,20.88,20.75,20.83,18.17,9659800.0,,
"Nov 17, 2014",20.75,20.8,20.67,20.76,18.1,8265400.0,,
"Nov 14, 2014",20.67,20.81,20.67,20.81,18.14,8686600.0,,
"Nov 13, 2014",20.6,20.73,20.57,20.66,18.01,10792200.0,,
"Nov 12, 2014",20.42,20.57,20.41,20.55,17.92,9033200.0,,
"Nov 11, 2014",20.49,20.5,20.4,20.49,17.86,6108600.0,,
"Nov 10, 2014",20.41,20.5,20.38,20.48,17.85,9641800.0,,
"Nov 7, 2014",20.42,20.44,20.32,20.42,17.8,14951400.0,,
"Nov 6, 2014",20.4,20.41,20.27,20.4,17.78,17179200.0,,
"Nov 5, 2014",20.48,20.49,20.32,20.41,17.79,14556200.0,,
"Nov 4, 2014",20.33,20.41,20.23,20.35,17.74,12866400.0,,
"Nov 3, 2014",20.3,20.39,20.26,20.35,17.75,19059600.0,,
"Nov 3, 2014",20.3,20.39,20.26,20.35,17.75,19059600.0,,
"Oct 31, 2014",20.2,20.27,20.17,20.27,17.67,19925800.0,,
"Oct 30, 2014",19.88,20.0,19.8,19.96,17.4,18376400.0,,
"Oct 29, 2014",19.89,19.96,19.77,19.9,17.35,26352200.0,,
"Oct 28, 2014",19.7,19.92,19.7,19.92,17.36,15490800.0,,
"Oct 27, 2014",19.57,19.69,19.55,19.65,17.13,11887000.0,,
"Oct 24, 2014",19.54,19.64,19.43,19.63,17.11,13806400.0,,
"Oct 23, 2014",19.38,19.56,19.33,19.45,16.96,64432000.0,,
"Oct 22, 2014",19.4,19.44,19.23,19.24,16.77,24158400.0,,
"Oct 21, 2014",19.09,19.34,19.09,19.33,16.85,23145600.0,,
"Oct 20, 2014",18.72,18.97,18.63,18.96,16.53,18442800.0,,
"Oct 17, 2014",18.79,18.96,18.7,18.83,16.41,25571800.0,,
"Oct 16, 2014",18.4,18.73,18.35,18.6,16.22,54246200.0,,
"Oct 15, 2014",18.58,18.79,18.29,18.72,16.32,58134400.0,,
"Oct 14, 2014",18.97,19.06,18.8,18.84,16.43,43084200.0,,
"Oct 13, 2014",19.0,19.18,18.79,18.82,16.4,57207800.0,,
"Oct 10, 2014",19.4,19.5,19.02,19.02,16.59,60365200.0,,
"Oct 9, 2014",19.83,19.87,19.5,19.52,17.02,30600200.0,,
"Oct 8, 2014",19.51,19.89,19.38,19.85,17.31,17341200.0,,
"Oct 7, 2014",19.74,19.75,19.49,19.49,16.99,18013400.0,,
"Oct 6, 2014",19.89,19.92,19.75,19.8,17.26,13895600.0,,
"Oct 3, 2014",19.75,19.85,19.68,19.79,17.25,13410200.0,,
"Oct 2, 2014",19.65,19.7,19.43,19.63,17.11,26753600.0,,
"Oct 1, 2014",19.89,19.91,19.58,19.64,17.12,26118400.0,,
"Sep 30, 2014",19.92,20.04,19.87,19.95,17.39,13519800.0,,
"Sep 29, 2014",19.74,19.92,19.67,19.89,17.34,9652800.0,,
"Sep 26, 2014",19.72,19.93,19.72,19.9,17.35,9763000.0,,
"Sep 25, 2014",20.04,20.05,19.68,19.68,17.16,18703000.0,,
"Sep 24, 2014",20.0,20.13,19.91,20.12,17.54,14289000.0,,
"Sep 23, 2014",20.0,20.08,19.95,19.99,17.43,11937000.0,,
"Sep 22, 2014",20.17,20.17,19.98,20.03,17.47,12760800.0,,
"Sep 19, 2014",,,,,,,Dividend,0.087
"Sep 19, 2014",20.28,20.28,20.09,20.17,17.59,31452600.0,,
"Sep 18, 2014",20.22,20.31,20.22,20.3,17.62,14790600.0,,
"Sep 17, 2014",20.14,20.25,20.06,20.18,17.52,15309000.0,,
"Sep 16, 2014",19.93,20.17,19.9,20.14,17.48,23821200.0,,
"Sep 15, 2014",20.15,20.15,19.95,19.99,17.35,13764400.0,,
"Sep 12, 2014",20.18,20.19,20.05,20.11,17.46,11111400.0,,
"Sep 11, 2014",20.11,20.2,20.04,20.19,17.53,20644400.0,,
"Sep 10, 2014",20.03,20.17,19.98,20.15,17.49,14459600.0,,
"Sep 9, 2014",20.18,20.27,19.98,20.03,17.39,17125400.0,,
"Sep 8, 2014",20.14,20.23,20.09,20.17,17.51,12772200.0,,
"Sep 5, 2014",20.07,20.15,20.01,20.15,17.49,14050400.0,,
"Sep 4, 2014",20.08,20.17,19.97,20.02,17.38,10426400.0,,
"Sep 3, 2014",20.22,20.22,20.01,20.03,17.39,13783200.0,,
"Sep 2, 2014",20.18,20.18,20.08,20.15,17.49,11377600.0,,
"Aug 29, 2014",20.08,20.15,20.03,20.14,17.48,15368000.0,,
"Aug 28, 2014",20.01,20.08,19.98,20.05,17.41,7056600.0,,
"Aug 27, 2014",20.09,20.1,20.02,20.08,17.43,8661400.0,,
"Aug 26, 2014",20.1,20.11,20.06,20.08,17.44,6704600.0,,
"Aug 25, 2014",20.15,20.16,20.03,20.08,17.43,6861400.0,,
"Aug 22, 2014",20.07,20.09,20.01,20.06,17.41,8815400.0,,
"Aug 21, 2014",19.95,20.08,19.95,20.05,17.41,6909000.0,,
"Aug 20, 2014",19.92,19.99,19.91,19.95,17.32,14010600.0,,
"Aug 19, 2014",19.89,19.96,19.86,19.95,17.32,10095600.0,,
"Aug 18, 2014",19.78,19.84,19.73,19.83,17.21,8496000.0,,
"Aug 15, 2014",19.69,19.74,19.5,19.65,17.05,17821800.0,,
"Aug 14, 2014",19.63,19.65,19.56,19.65,17.05,9229200.0,,
"Aug 13, 2014",19.47,19.61,19.47,19.61,17.02,10985400.0,,
"Aug 12, 2014",19.41,19.47,19.33,19.42,16.86,13409800.0,,
"Aug 11, 2014",19.42,19.49,19.39,19.43,16.87,13015400.0,,
"Aug 8, 2014",19.2,19.35,19.14,19.33,16.79,12045600.0,,
"Aug 7, 2014",19.37,19.41,19.15,19.21,16.68,13730000.0,,
"Aug 6, 2014",19.22,19.39,19.19,19.29,16.75,18281800.0,,
"Aug 5, 2014",19.42,19.48,19.27,19.35,16.8,24586800.0,,
"Aug 4, 2014",19.45,19.58,19.35,19.53,16.96,12667400.0,,
"Aug 1, 2014",19.45,19.53,19.3,19.4,16.84,31014800.0,,
"Jul 31, 2014",19.75,19.77,19.47,19.5,16.93,34833000.0,,
"Jul 30, 2014",19.94,19.94,19.78,19.88,17.25,15524600.0,,
"Jul 29, 2014",20.04,20.04,19.84,19.85,17.24,14624800.0,,
"Jul 28, 2014",19.88,19.93,19.74,19.9,17.27,15524400.0,,
"Jul 25, 2014",19.83,19.89,19.76,19.86,17.24,9499000.0,,
"Jul 24, 2014",19.96,19.96,19.84,19.89,17.26,23319200.0,,
"Jul 23, 2014",19.91,19.95,19.83,19.9,17.28,10946800.0,,
"Jul 22, 2014",19.82,19.88,19.78,19.86,17.25,9579600.0,,
"Jul 21, 2014",19.72,19.75,19.62,19.7,17.1,12363200.0,,
"Jul 18, 2014",19.58,19.74,19.56,19.73,17.12,9541000.0,,
"Jul 17, 2014",19.73,19.75,19.43,19.49,16.92,11341400.0,,
"Jul 16, 2014",19.75,19.8,19.7,19.75,17.14,16129600.0,,
"Jul 15, 2014",19.65,19.67,19.45,19.57,16.98,14829000.0,,
"Jul 14, 2014",19.55,19.63,19.53,19.6,17.02,8418200.0,,
"Jul 11, 2014",19.41,19.46,19.35,19.46,16.89,6522600.0,,
"Jul 10, 2014",19.11,19.44,19.11,19.36,16.81,8843800.0,,
"Jul 9, 2014",19.35,19.42,19.31,19.42,16.85,14236200.0,,
"Jul 8, 2014",19.49,19.49,19.22,19.32,16.77,13847800.0,,
"Jul 7, 2014",19.48,19.51,19.42,19.5,16.92,20964400.0,,
"Jul 3, 2014",19.46,19.49,19.4,19.48,16.91,4386000.0,,
"Jul 2, 2014",19.41,19.42,19.36,19.39,16.83,9940000.0,,
"Jul 1, 2014",19.25,19.43,19.23,19.37,16.82,14977800.0,,
"Jun 30, 2014",19.16,19.24,19.14,19.17,16.65,8980800.0,,
"Jun 27, 2014",19.04,19.17,19.03,19.17,16.64,21766600.0,,
"Jun 26, 2014",19.09,19.1,18.94,19.06,16.54,22704600.0,,
"Jun 25, 2014",18.96,19.1,18.94,19.08,16.56,10223800.0,,
"Jun 24, 2014",19.09,19.19,18.95,19.0,16.49,16942600.0,,
"Jun 23, 2014",19.02,19.1,19.01,19.1,16.58,7534200.0,,
"Jun 20, 2014",,,,,,,Dividend,0.088
"Jun 20, 2014",19.1,19.11,19.0,19.05,16.53,10854400.0,,
"Jun 19, 2014",19.24,19.24,19.1,19.17,16.57,11837400.0,,
"Jun 18, 2014",19.15,19.22,19.01,19.21,16.6,26070600.0,,
"Jun 17, 2014",19.05,19.15,19.03,19.11,16.51,14075200.0,,
"Jun 17, 2014",19.05,19.15,19.03,19.11,16.51,14075200.0,,
"Jun 16, 2014",19.03,19.12,19.0,19.07,16.47,14128800.0,,
"Jun 13, 2014",19.07,19.1,18.99,19.07,16.47,14663400.0,,
"Jun 12, 2014",19.13,19.19,18.9,18.95,16.38,9636000.0,,
"Jun 11, 2014",19.08,19.17,19.07,19.12,16.52,8509400.0,,
"Jun 10, 2014",19.16,19.19,19.13,19.17,16.56,7189400.0,,
"Jun 9, 2014",19.12,19.18,19.08,19.16,16.55,12784000.0,,
"Jun 6, 2014",19.11,19.11,19.05,19.09,16.5,9597800.0,,
"Jun 5, 2014",18.95,19.03,18.83,19.01,16.43,11335200.0,,
"Jun 4, 2014",18.82,18.91,18.77,18.89,16.32,6998400.0,,
"Jun 3, 2014",18.85,18.9,18.79,18.85,16.29,11338600.0,,
"Jun 2, 2014",18.94,18.95,18.8,18.88,16.31,10923000.0,,
"May 30, 2014",18.9,18.93,18.83,18.91,16.34,12438400.0,,
"May 29, 2014",18.84,18.9,18.8,18.89,16.32,9328000.0,,
"May 28, 2014",18.84,18.85,18.76,18.78,16.23,13553800.0,,
"May 27, 2014",18.72,18.83,18.71,18.83,16.27,11349000.0,,
"May 23, 2014",18.56,18.68,18.53,18.67,16.13,6624200.0,,
"May 22, 2014",18.48,18.58,18.45,18.51,16.0,6350000.0,,
"May 21, 2014",18.37,18.49,18.37,18.48,15.97,8322800.0,,
"May 20, 2014",18.48,18.5,18.3,18.35,15.86,8474200.0,,
"May 19, 2014",18.27,18.49,18.27,18.46,15.95,6597000.0,,
"May 16, 2014",18.22,18.35,18.17,18.34,15.85,11607400.0,,
"May 15, 2014",18.36,18.38,18.15,18.23,15.75,14576600.0,,
"May 14, 2014",18.39,18.42,18.3,18.33,15.84,10223200.0,,
"May 13, 2014",18.43,18.47,18.37,18.42,15.92,11488200.0,,
"May 12, 2014",18.25,18.42,18.24,18.41,15.91,11186800.0,,
"May 9, 2014",18.13,18.17,18.03,18.17,15.7,14877000.0,,
"May 8, 2014",18.05,18.31,18.02,18.15,15.68,7574800.0,,
"May 7, 2014",18.11,18.14,17.89,18.09,15.64,13653800.0,,
"May 6, 2014",18.25,18.25,18.08,18.08,15.63,9399800.0,,
"May 5, 2014",18.15,18.29,18.08,18.29,15.8,8164400.0,,
"May 2, 2014",18.29,18.3,18.18,18.19,15.72,13440200.0,,
"May 1, 2014",18.22,18.33,18.2,18.25,15.77,9955400.0,,
"Apr 30, 2014",18.15,18.27,18.09,18.23,15.75,18331200.0,,
"Apr 29, 2014",18.09,18.21,18.06,18.17,15.7,10952200.0,,
"Apr 28, 2014",17.93,18.1,17.81,18.05,15.59,24138200.0,,
"Apr 25, 2014",18.0,18.04,17.83,17.88,15.45,12804000.0,,
"Apr 24, 2014",18.26,18.26,17.99,18.1,15.65,10021400.0,,
"Apr 23, 2014",18.13,18.13,17.96,17.97,15.52,22848200.0,,
"Apr 22, 2014",18.09,18.2,18.06,18.16,15.69,10957000.0,,
"Apr 21, 2014",18.03,18.1,17.98,18.08,15.63,7052000.0,,
"Apr 17, 2014",17.95,18.08,17.86,18.01,15.57,15763400.0,,
"Apr 16, 2014",17.97,18.05,17.84,18.04,15.59,27999400.0,,
"Apr 15, 2014",17.81,17.91,17.57,17.86,15.44,17178600.0,,
"Apr 14, 2014",17.72,17.84,17.65,17.77,15.36,9984600.0,,
"Apr 11, 2014",17.68,17.82,17.58,17.6,15.21,28508800.0,,
"Apr 10, 2014",18.22,18.25,17.77,17.8,15.38,16173600.0,,
"Apr 9, 2014",18.04,18.23,17.99,18.22,15.74,13313800.0,,
"Apr 8, 2014",17.85,18.0,17.8,17.98,15.54,14659400.0,,
"Apr 7, 2014",17.89,17.99,17.75,17.82,15.4,22362600.0,,
"Apr 4, 2014",18.41,18.43,17.91,17.96,15.52,20191600.0,,
"Apr 3, 2014",18.42,18.47,18.25,18.31,15.82,15525200.0,,
"Apr 2, 2014",18.44,18.45,18.33,18.4,15.9,21009400.0,,
"Apr 1, 2014",18.21,18.39,18.2,18.39,15.89,14048400.0,,
"Mar 31, 2014",18.15,18.25,18.13,18.17,15.71,14567000.0,,
"Mar 28, 2014",18.02,18.15,17.96,18.03,15.58,12711600.0,,
"Mar 27, 2014",18.02,18.05,17.87,17.97,15.52,25854800.0,,
"Mar 26, 2014",18.33,18.37,18.03,18.03,15.58,15026800.0,,
"Mar 25, 2014",18.17,18.29,18.1,18.25,15.77,15252600.0,,
"Mar 24, 2014",18.21,18.28,17.99,18.14,15.68,20708200.0,,
"Mar 21, 2014",,,,,,,Dividend,0.0785
"Mar 21, 2014",18.33,18.37,18.12,18.16,15.69,18219400.0,,
"Mar 20, 2014",18.17,18.38,18.14,18.33,15.77,11791000.0,,
"Mar 19, 2014",18.23,18.31,18.07,18.18,15.65,15578800.0,,
"Mar 18, 2014",18.03,18.28,18.03,18.26,15.71,13728000.0,,
"Mar 17, 2014",17.93,18.08,17.9,18.02,15.51,32889800.0,,
"Mar 14, 2014",17.89,17.95,17.8,17.82,15.33,17879600.0,,
"Mar 13, 2014",18.22,18.23,17.86,17.92,15.42,18794800.0,,
"Mar 12, 2014",18.07,18.19,18.0,18.17,15.63,12712200.0,,
"Mar 11, 2014",18.21,18.27,18.09,18.14,15.61,18913200.0,,
"Mar 10, 2014",18.2,18.24,18.11,18.18,15.64,15115400.0,,
"Mar 7, 2014",18.32,18.33,18.14,18.21,15.67,14394800.0,,
"Mar 6, 2014",18.26,18.3,18.23,18.26,15.72,17330800.0,,
"Mar 5, 2014",18.25,18.27,18.2,18.24,15.69,17861600.0,,
"Mar 4, 2014",18.17,18.26,18.15,18.22,15.67,23209800.0,,
"Mar 3, 2014",17.95,18.02,17.83,17.98,15.47,18054600.0,,
"Feb 28, 2014",18.15,18.23,17.97,18.17,15.64,19402000.0,,
"Feb 27, 2014",18.0,18.17,17.99,18.16,15.62,10898800.0,,
"Feb 26, 2014",18.0,18.08,17.94,18.01,15.5,11641400.0,,
"Feb 25, 2014",18.08,18.08,17.95,18.0,15.48,11223200.0,,
"Feb 24, 2014",17.95,18.14,17.95,18.05,15.53,15690400.0,,
"Feb 21, 2014",18.1,18.13,17.97,17.98,15.47,12745200.0,,
"Feb 20, 2014",17.99,18.08,17.91,18.05,15.53,13394000.0,,
"Feb 19, 2014",18.01,18.09,17.94,17.99,15.47,17223400.0,,
"Feb 18, 2014",18.06,18.09,18.0,18.05,15.53,11893000.0,,
"Feb 14, 2014",17.99,18.07,17.94,18.03,15.52,24752600.0,,
"Feb 13, 2014",17.77,18.01,17.75,18.0,15.49,13828600.0,,
"Feb 12, 2014",17.84,17.9,17.83,17.87,15.38,16095600.0,,
"Feb 11, 2014",17.66,17.85,17.64,17.8,15.32,14082800.0,,
"Feb 10, 2014",17.55,17.61,17.5,17.58,15.13,13517400.0,,
"Feb 7, 2014",17.42,17.56,17.35,17.55,15.1,20929600.0,,
"Feb 6, 2014",17.14,17.32,17.14,17.32,14.9,18279400.0,,
"Feb 5, 2014",17.08,17.17,16.96,17.13,14.73,18406200.0,,
"Feb 4, 2014",17.08,17.16,17.02,17.11,14.72,11451400.0,,
"Feb 3, 2014",17.37,17.43,16.98,17.05,14.67,31951600.0,,
"Jan 31, 2014",17.23,17.5,17.23,17.41,14.98,21887000.0,,
"Jan 30, 2014",17.36,17.43,17.27,17.37,14.95,16659800.0,,
"Jan 29, 2014",17.15,17.26,17.09,17.16,14.76,22438800.0,,
"Jan 28, 2014",17.25,17.33,17.19,17.3,14.88,26291000.0,,
"Jan 27, 2014",17.59,17.6,17.32,17.4,14.97,16028000.0,,
"Jan 27, 2014",17.59,17.6,17.32,17.4,14.97,16028000.0,,
"Jan 24, 2014",17.83,17.86,17.56,17.57,15.11,30993400.0,,
"Jan 23, 2014",17.86,17.91,17.79,17.91,15.41,12836000.0,,
"Jan 22, 2014",17.94,17.98,17.9,17.94,15.44,8431800.0,,
"Jan 21, 2014",18.01,18.01,17.82,17.97,15.46,12588400.0,,
"Jan 17, 2014",17.94,17.98,17.83,17.88,15.38,12677400.0,,
"Jan 16, 2014",17.99,18.0,17.93,17.98,15.47,13862600.0,,
"Jan 15, 2014",17.86,18.02,17.84,17.98,15.47,19348000.0,,
"Jan 14, 2014",17.54,17.77,17.52,17.76,15.29,12838800.0,,
"Jan 13, 2014",17.65,17.73,17.42,17.47,15.03,12890600.0,,
"Jan 10, 2014",17.67,17.71,17.57,17.66,15.2,25920200.0,,
"Jan 9, 2014",17.82,17.82,17.58,17.63,15.17,12683800.0,,
"Jan 8, 2014",17.75,17.8,17.68,17.74,15.26,9392800.0,,
"Jan 7, 2014",17.66,17.76,17.63,17.74,15.26,14323600.0,,
"Jan 6, 2014",17.59,17.65,17.51,17.58,15.13,9049400.0,,
"Jan 3, 2014",17.74,17.74,17.6,17.61,15.15,10409600.0,,
"Jan 2, 2014",17.81,17.81,17.67,17.69,15.23,17105000.0,,
"Dec 31, 2013",17.8,17.88,17.77,17.87,15.38,13689400.0,,
"Dec 30, 2013",17.77,17.78,17.73,17.75,15.28,9277600.0,,
"Dec 27, 2013",17.85,17.85,17.77,17.79,15.31,7649000.0,,
"Dec 26, 2013",17.8,17.83,17.76,17.81,15.32,7160400.0,,
"Dec 24, 2013",17.72,17.76,17.71,17.76,15.28,5228200.0,,
"Dec 23, 2013",17.64,17.72,17.6,17.71,15.24,14570800.0,,
"Dec 20, 2013",,,,,,,Dividend,0.0855
"Dec 20, 2013",17.39,17.52,17.37,17.48,15.04,17653800.0,,
"Dec 19, 2013",17.4,17.46,17.36,17.43,14.92,17322600.0,,
"Dec 18, 2013",17.25,17.41,17.01,17.4,14.9,34219600.0,,
"Dec 17, 2013",17.25,17.32,17.24,17.26,14.78,11153800.0,,
"Dec 16, 2013",17.19,17.32,17.17,17.27,14.79,12029000.0,,
"Dec 13, 2013",17.24,17.24,17.1,17.1,14.64,9705400.0,,
"Dec 12, 2013",17.27,17.27,17.15,17.16,14.69,11008200.0,,
"Dec 11, 2013",17.45,17.49,17.25,17.27,14.79,15075400.0,,
"Dec 10, 2013",17.46,17.47,17.41,17.43,14.92,16249800.0,,
"Dec 9, 2013",17.46,17.51,17.42,17.47,14.95,7997200.0,,
"Dec 6, 2013",17.41,17.45,17.35,17.41,14.91,8796600.0,,
"Dec 5, 2013",17.39,17.39,17.26,17.29,14.8,8537400.0,,
"Dec 4, 2013",17.28,17.41,17.23,17.34,14.85,13147800.0,,
"Dec 3, 2013",17.23,17.35,17.23,17.33,14.84,11455800.0,,
"Dec 2, 2013",17.36,17.4,17.25,17.29,14.8,9883200.0,,
"Nov 29, 2013",17.31,17.4,17.3,17.34,14.85,8466000.0,,
"Nov 27, 2013",17.17,17.28,17.17,17.27,14.79,13210800.0,,
"Nov 26, 2013",17.08,17.18,17.07,17.14,14.68,10631800.0,,
"Nov 25, 2013",17.11,17.13,17.04,17.08,14.62,18360800.0,,
"Nov 22, 2013",17.11,17.11,17.06,17.08,14.62,6221800.0,,
"Nov 21, 2013",17.01,17.12,17.01,17.11,14.65,10782000.0,,
"Nov 20, 2013",17.04,17.13,16.93,16.97,14.53,8652200.0,,
"Nov 19, 2013",17.07,17.15,17.0,17.02,14.58,8898200.0,,
"Nov 18, 2013",17.18,17.18,17.05,17.08,14.63,10479800.0,,
"Nov 15, 2013",17.1,17.17,17.09,17.15,14.68,15412600.0,,
"Nov 14, 2013",17.05,17.13,17.02,17.11,14.65,16957000.0,,
"Nov 13, 2013",16.94,17.17,16.93,17.16,14.69,13496800.0,,
"Nov 12, 2013",16.9,17.05,16.9,17.01,14.57,9419400.0,,
"Nov 11, 2013",16.94,16.99,16.9,16.97,14.53,15659800.0,,
"Nov 8, 2013",16.83,16.96,16.75,16.95,14.51,17894400.0,,
"Nov 7, 2013",17.02,17.05,16.78,16.8,14.38,21070600.0,,
"Nov 6, 2013",16.93,17.02,16.92,17.02,14.57,10501600.0,,
"Nov 5, 2013",16.83,16.9,16.79,16.85,14.43,9023800.0,,
"Nov 4, 2013",16.88,16.91,16.83,16.9,14.47,11953400.0,,
"Nov 1, 2013",16.9,16.92,16.76,16.83,14.41,9270400.0,,
"Oct 31, 2013",16.84,16.92,16.81,16.83,14.41,57424000.0,,
"Oct 30, 2013",16.95,16.96,16.81,16.88,14.45,11149000.0,,
"Oct 29, 2013",16.9,16.95,16.83,16.92,14.48,9950000.0,,
"Oct 28, 2013",16.8,16.82,16.73,16.81,14.39,10021000.0,,
"Oct 25, 2013",16.78,16.83,16.7,16.75,14.34,6762600.0,,
"Oct 24, 2013",16.65,16.72,16.6,16.67,14.27,7067200.0,,
"Oct 23, 2013",16.63,16.66,16.55,16.63,14.23,10266600.0,,
"Oct 22, 2013",16.77,16.78,16.61,16.7,14.3,32716200.0,,
"Oct 21, 2013",16.69,16.75,16.67,16.71,14.31,10803000.0,,
"Oct 18, 2013",16.51,16.63,16.45,16.62,14.23,15869400.0,,
"Oct 17, 2013",16.23,16.35,16.19,16.34,13.99,14842200.0,,
"Oct 16, 2013",16.25,16.36,16.24,16.33,13.99,16384400.0,,
"Oct 15, 2013",16.24,16.32,16.17,16.18,13.85,14500600.0,,
"Oct 14, 2013",16.13,16.3,16.1,16.28,13.94,14279600.0,,
"Oct 11, 2013",16.06,16.23,16.05,16.23,13.89,17817200.0,,
"Oct 10, 2013",15.96,16.11,15.95,16.09,13.78,16409600.0,,
"Oct 9, 2013",15.81,15.89,15.69,15.82,13.55,20539800.0,,
"Oct 8, 2013",16.01,16.03,15.75,15.77,13.5,16185400.0,,
"Oct 7, 2013",15.98,16.11,15.97,16.02,13.72,9135400.0,,
"Oct 4, 2013",16.01,16.11,16.0,16.09,13.78,10681600.0,,
"Oct 3, 2013",16.17,16.18,15.94,16.02,13.72,12985200.0,,
"Oct 2, 2013",16.07,16.18,16.05,16.17,13.84,16256000.0,,
"Oct 1, 2013",16.03,16.19,16.02,16.16,13.84,16354000.0,,
"Sep 30, 2013",15.95,16.08,15.9,16.02,13.72,15044200.0,,
"Sep 27, 2013",16.13,16.15,16.07,16.12,13.8,12399000.0,,
"Sep 26, 2013",16.23,16.3,16.17,16.22,13.89,10130600.0,,
"Sep 25, 2013",16.2,16.23,16.11,16.16,13.84,9182600.0,,
"Sep 24, 2013",16.23,16.26,16.12,16.18,13.86,9495000.0,,
"Sep 23, 2013",16.31,16.35,16.17,16.25,13.92,16087000.0,,
"Sep 20, 2013",,,,,,,Dividend,0.079
"Sep 20, 2013",16.38,16.39,16.19,16.2,13.87,15559200.0,,
"Sep 19, 2013",16.42,16.45,16.39,16.4,13.97,13298400.0,,
"Sep 18, 2013",16.24,16.41,16.19,16.39,13.97,17652600.0,,
"Sep 17, 2013",16.13,16.22,16.13,16.18,13.79,12802800.0,,
"Sep 16, 2013",16.25,16.25,16.06,16.1,13.72,16322400.0,,
"Sep 13, 2013",16.15,16.17,16.08,16.13,13.74,7982400.0,,
"Sep 12, 2013",16.11,16.17,16.07,16.11,13.73,12104600.0,,
"Sep 11, 2013",16.04,16.14,16.03,16.1,13.72,18665400.0,,
"Sep 10, 2013",16.17,16.21,16.11,16.17,13.78,13548800.0,,
"Sep 9, 2013",15.98,16.11,15.97,16.08,13.7,11429200.0,,
"Sep 6, 2013",15.93,15.95,15.76,15.89,13.54,10285800.0,,
"Sep 6, 2013",15.93,15.95,15.76,15.89,13.54,10285800.0,,
"Sep 5, 2013",15.89,15.93,15.85,15.88,13.53,7428000.0,,
"Sep 4, 2013",15.75,15.89,15.73,15.86,13.52,14321200.0,,
"Sep 3, 2013",15.77,15.83,15.65,15.72,13.39,14790000.0,,
"Aug 30, 2013",15.81,15.81,15.66,15.7,13.38,14343200.0,,
"Aug 29, 2013",15.72,15.85,15.7,15.77,13.44,9575400.0,,
"Aug 28, 2013",15.66,15.77,15.65,15.69,13.37,9001200.0,,
"Aug 27, 2013",15.81,15.86,15.65,15.68,13.36,13703000.0,,
"Aug 26, 2013",16.02,16.1,15.95,15.96,13.6,13585400.0,,
"Aug 23, 2013",16.06,16.07,15.99,16.03,13.66,10137000.0,,
"Aug 22, 2013",15.9,15.94,15.82,15.92,13.57,12098200.0,,
"Aug 21, 2013",15.89,15.97,15.81,15.85,13.51,12131600.0,,
"Aug 20, 2013",15.9,15.96,15.85,15.89,13.54,6635800.0,,
"Aug 19, 2013",15.92,16.02,15.86,15.86,13.51,9623600.0,,
"Aug 16, 2013",15.93,15.99,15.88,15.91,13.56,14471200.0,,
"Aug 15, 2013",16.02,16.02,15.9,15.93,13.57,14072200.0,,
"Aug 14, 2013",16.19,16.24,16.13,16.18,13.79,10591400.0,,
"Aug 13, 2013",16.11,16.23,16.03,16.2,13.8,9431000.0,,
"Aug 12, 2013",15.9,16.1,15.9,16.09,13.71,9966200.0,,
"Aug 9, 2013",16.04,16.08,15.94,15.98,13.62,7339200.0,,
"Aug 8, 2013",16.09,16.1,15.97,16.07,13.69,10117000.0,,
"Aug 7, 2013",16.02,16.06,15.95,16.01,13.65,10500000.0,,
"Aug 6, 2013",16.14,16.14,16.01,16.06,13.68,9372400.0,,
"Aug 5, 2013",16.07,16.16,16.07,16.14,13.75,8738200.0,,
"Aug 2, 2013",16.03,16.11,16.0,16.1,13.72,8849800.0,,
"Aug 1, 2013",15.97,16.05,15.97,16.03,13.66,15494600.0,,
"Jul 31, 2013",15.95,16.01,15.84,15.86,13.52,13681800.0,,
"Jul 30, 2013",15.9,15.98,15.89,15.92,13.57,11122600.0,,
"Jul 29, 2013",15.83,15.89,15.81,15.84,13.5,7955400.0,,
"Jul 26, 2013",15.75,15.86,15.71,15.86,13.52,12054000.0,,
"Jul 25, 2013",15.8,15.84,15.74,15.82,13.48,9657600.0,,
"Jul 24, 2013",15.88,15.89,15.78,15.81,13.47,11583000.0,,
"Jul 23, 2013",15.79,15.81,15.7,15.7,13.38,9169000.0,,
"Jul 22, 2013",15.76,15.79,15.72,15.77,13.44,10077200.0,,
"Jul 19, 2013",15.83,15.85,15.69,15.73,13.4,27199000.0,,
"Jul 18, 2013",16.05,16.08,15.96,15.99,13.63,8532400.0,,
"Jul 17, 2013",16.07,16.09,16.0,16.03,13.66,10961000.0,,
"Jul 16, 2013",16.0,16.03,15.97,16.02,13.65,9948400.0,,
"Jul 15, 2013",15.98,16.02,15.91,16.01,13.64,9100000.0,,
"Jul 12, 2013",15.97,15.98,15.9,15.97,13.6,14418000.0,,
"Jul 11, 2013",15.85,15.97,15.84,15.95,13.6,20648400.0,,
"Jul 10, 2013",15.64,15.74,15.63,15.69,13.37,17662800.0,,
"Jul 9, 2013",15.65,15.66,15.56,15.64,13.33,24937800.0,,
"Jul 8, 2013",15.67,15.69,15.54,15.58,13.28,15658000.0,,
"Jul 5, 2013",15.58,15.6,15.43,15.59,13.28,28408200.0,,
"Jul 3, 2013",15.36,15.56,15.36,15.49,13.2,23194200.0,,
"Jul 2, 2013",15.36,15.51,15.31,15.4,13.12,28990400.0,,
"Jul 1, 2013",15.41,15.49,15.36,15.38,13.1,19152800.0,,
"Jun 28, 2013",15.23,15.38,15.18,15.3,13.03,18291200.0,,
"Jun 27, 2013",15.38,15.44,15.35,15.36,13.09,13088600.0,,
"Jun 26, 2013",15.35,15.35,15.24,15.28,13.02,40940600.0,,
"Jun 25, 2013",15.23,15.26,15.1,15.19,12.95,16527600.0,,
"Jun 24, 2013",15.12,15.18,14.97,15.07,12.84,22370400.0,,
"Jun 21, 2013",,,,,,,Dividend,0.0775
"Jun 21, 2013",15.37,15.39,15.15,15.26,13.0,24222200.0,,
"Jun 20, 2013",15.61,15.69,15.39,15.43,13.08,31563000.0,,
"Jun 19, 2013",15.98,15.98,15.77,15.77,13.37,22447400.0,,
"Jun 18, 2013",15.86,16.0,15.85,15.96,13.53,12637600.0,,
"Jun 17, 2013",15.79,15.93,15.77,15.84,13.42,13176800.0,,
"Jun 14, 2013",15.79,15.84,15.68,15.69,13.3,11558600.0,,
"Jun 13, 2013",15.6,15.84,15.57,15.81,13.4,15217200.0,,
"Jun 12, 2013",15.82,15.85,15.6,15.63,13.25,17901400.0,,
"Jun 11, 2013",15.76,15.9,15.72,15.73,13.34,14615200.0,,
"Jun 10, 2013",15.93,15.97,15.88,15.9,13.48,12782000.0,,
"Jun 7, 2013",15.8,15.88,15.72,15.86,13.45,13022800.0,,
"Jun 6, 2013",15.69,15.74,15.56,15.72,13.33,29453600.0,,
"Jun 5, 2013",15.8,15.84,15.66,15.69,13.3,15854600.0,,
"Jun 4, 2013",15.93,16.01,15.8,15.84,13.43,18547200.0,,
"Jun 3, 2013",15.85,15.91,15.74,15.91,13.49,20009200.0,,
"May 31, 2013",15.92,16.06,15.82,15.83,13.42,13932600.0,,
"May 30, 2013",15.9,16.05,15.88,15.98,13.55,17675000.0,,
"May 29, 2013",15.84,15.93,15.77,15.88,13.46,16462000.0,,
"May 28, 2013",16.02,16.07,15.89,15.92,13.5,12611800.0,,
"May 24, 2013",15.77,15.85,15.73,15.85,13.43,10553400.0,,
"May 23, 2013",15.74,15.93,15.7,15.87,13.45,34028800.0,,
"May 22, 2013",16.08,16.15,15.81,15.88,13.46,28816800.0,,
"May 21, 2013",16.07,16.1,15.99,16.05,13.61,16769000.0,,
"May 20, 2013",16.06,16.16,16.05,16.1,13.65,16182200.0,,
"May 17, 2013",16.0,16.1,15.96,16.1,13.65,34379200.0,,
"May 16, 2013",15.9,16.03,15.89,15.94,13.51,18301800.0,,
"May 15, 2013",15.8,15.86,15.76,15.85,13.44,12837600.0,,
"May 14, 2013",15.74,15.86,15.74,15.81,13.4,14746800.0,,
"May 13, 2013",15.78,15.8,15.73,15.76,13.36,9465800.0,,
"May 10, 2013",15.78,15.82,15.73,15.8,13.39,9388600.0,,
"May 9, 2013",15.77,15.85,15.7,15.75,13.35,20527800.0,,
"May 8, 2013",15.65,15.8,15.63,15.8,13.39,16986800.0,,
"May 7, 2013",15.69,15.72,15.59,15.67,13.29,12561000.0,,
"May 6, 2013",15.65,15.7,15.63,15.68,13.29,14483000.0,,
"May 3, 2013",15.59,15.64,15.57,15.6,13.23,20859400.0,,
"May 2, 2013",15.28,15.48,15.28,15.46,13.11,12827000.0,,
"May 1, 2013",15.38,15.4,15.25,15.27,12.94,17378400.0,,
"Apr 30, 2013",15.26,15.4,15.22,15.4,13.06,26792000.0,,
"Apr 29, 2013",15.06,15.27,15.06,15.23,12.92,16512000.0,,
"Apr 26, 2013",15.0,15.06,14.96,15.02,12.73,10734200.0,,
"Apr 25, 2013",15.01,15.1,14.99,15.02,12.74,12937600.0,,
"Apr 24, 2013",14.85,15.02,14.84,14.98,12.7,11095800.0,,
"Apr 23, 2013",14.86,15.01,14.81,14.95,12.67,24907600.0,,
"Apr 22, 2013",14.73,14.83,14.65,14.79,12.54,14642600.0,,
"Apr 19, 2013",14.63,14.73,14.55,14.68,12.44,17220000.0,,
"Apr 18, 2013",14.88,14.88,14.61,14.65,12.42,31544800.0,,
"Apr 18, 2013",14.88,14.88,14.61,14.65,12.42,31544800.0,,
"Apr 17, 2013",14.98,14.99,14.74,14.81,12.56,24093000.0,,
"Apr 16, 2013",15.05,15.14,15.01,15.12,12.82,16621000.0,,
"Apr 15, 2013",15.13,15.16,14.94,14.94,12.66,32840200.0,,
"Apr 12, 2013",15.18,15.23,15.09,15.19,12.87,11499000.0,,
"Apr 11, 2013",15.22,15.27,15.19,15.25,12.93,12486400.0,,
"Apr 10, 2013",15.07,15.31,15.06,15.3,12.97,21103800.0,,
"Apr 9, 2013",14.97,15.07,14.9,15.03,12.75,11940200.0,,
"Apr 8, 2013",14.88,14.93,14.82,14.93,12.66,12646000.0,,
"Apr 5, 2013",14.77,14.89,14.73,14.86,12.6,14025000.0,,
"Apr 4, 2013",14.98,15.01,14.91,14.98,12.7,11271400.0,,
"Apr 3, 2013",15.11,15.14,14.95,14.98,12.7,16947400.0,,
"Apr 2, 2013",15.09,15.16,15.06,15.1,12.8,8435600.0,,
"Apr 1, 2013",15.15,15.15,14.99,15.03,12.75,9260000.0,,
"Mar 28, 2013",15.07,15.15,15.05,15.14,12.83,14831800.0,,
"Mar 27, 2013",15.04,15.11,15.02,15.1,12.81,14460800.0,,
"Mar 26, 2013",15.13,15.15,15.09,15.15,12.84,8449600.0,,
"Mar 25, 2013",15.15,15.18,14.99,15.05,12.76,9150200.0,,
"Mar 22, 2013",15.03,15.1,15.02,15.09,12.79,6818400.0,,
"Mar 21, 2013",15.01,15.05,14.95,14.99,12.71,11593600.0,,
"Mar 20, 2013",15.17,15.19,15.11,15.16,12.85,14613800.0,,
"Mar 19, 2013",15.15,15.18,14.96,15.09,12.79,14551600.0,,
"Mar 18, 2013",14.98,15.17,14.96,15.1,12.81,12344800.0,,
"Mar 15, 2013",,,,,,,Dividend,0.062
"Mar 15, 2013",15.16,15.18,15.06,15.1,12.8,19710200.0,,
"Mar 14, 2013",15.16,15.23,15.16,15.23,12.86,11512200.0,,
"Mar 13, 2013",15.12,15.18,15.06,15.11,12.76,10970800.0,,
"Mar 12, 2013",15.14,15.16,15.06,15.13,12.77,9704200.0,,
"Mar 11, 2013",15.11,15.19,15.07,15.18,12.82,10737000.0,,
"Mar 8, 2013",15.19,15.19,15.1,15.15,12.79,11980400.0,,
"Mar 7, 2013",15.09,15.14,15.06,15.11,12.76,10654000.0,,
"Mar 6, 2013",15.14,15.15,15.06,15.08,12.73,14349800.0,,
"Mar 5, 2013",14.97,15.13,14.97,15.09,12.74,24873600.0,,
"Mar 4, 2013",14.8,14.9,14.77,14.89,12.57,9996800.0,,
"Mar 1, 2013",14.74,14.88,14.68,14.84,12.53,11010400.0,,
"Feb 28, 2013",14.85,14.94,14.81,14.81,12.51,13330400.0,,
"Feb 27, 2013",14.7,14.92,14.69,14.85,12.53,16499400.0,,
"Feb 26, 2013",14.68,14.75,14.6,14.72,12.43,15219000.0,,
"Feb 25, 2013",14.93,14.98,14.63,14.64,12.36,16158600.0,,
"Feb 22, 2013",14.77,14.85,14.71,14.85,12.53,17345400.0,,
"Feb 21, 2013",14.73,14.74,14.61,14.66,12.38,33263200.0,,
"Feb 20, 2013",14.98,14.99,14.78,14.78,12.48,13324400.0,,
"Feb 19, 2013",14.91,14.99,14.91,14.99,12.66,9237200.0,,
"Feb 15, 2013",14.91,14.97,14.85,14.89,12.57,10023400.0,,
"Feb 14, 2013",14.85,14.92,14.83,14.9,12.58,12739000.0,,
"Feb 13, 2013",14.97,15.0,14.9,14.94,12.61,17994600.0,,
"Feb 12, 2013",14.98,15.01,14.92,14.94,12.62,10737800.0,,
"Feb 11, 2013",14.98,15.01,14.94,14.99,12.66,12871200.0,,
"Feb 8, 2013",14.9,15.0,14.89,14.97,12.64,18265200.0,,
"Feb 7, 2013",14.85,14.86,14.69,14.84,12.53,19868600.0,,
"Feb 6, 2013",14.77,14.9,14.77,14.84,12.53,14869600.0,,
"Feb 5, 2013",14.73,14.9,14.71,14.84,12.53,19259200.0,,
"Feb 4, 2013",14.81,14.84,14.66,14.67,12.39,21763600.0,,
"Feb 1, 2013",14.82,14.9,14.77,14.86,12.55,14645000.0,,
"Jan 31, 2013",14.73,14.81,14.69,14.7,12.41,10834600.0,,
"Jan 30, 2013",14.71,14.78,14.65,14.68,12.39,11926600.0,,
"Jan 29, 2013",14.68,14.76,14.6,14.72,12.43,13582800.0,,
"Jan 28, 2013",14.67,14.75,14.64,14.7,12.41,14428400.0,,
"Jan 25, 2013",14.69,14.74,14.63,14.65,12.37,32417000.0,,
"Jan 24, 2013",14.65,14.77,14.61,14.64,12.36,26757000.0,,
"Jan 23, 2013",14.87,14.94,14.85,14.89,12.57,18974600.0,,
"Jan 22, 2013",14.7,14.73,14.63,14.73,12.44,12799000.0,,
"Jan 18, 2013",14.66,14.7,14.62,14.69,12.41,15481000.0,,
"Jan 17, 2013",14.73,14.77,14.7,14.72,12.42,12706200.0,,
"Jan 16, 2013",14.61,14.72,14.6,14.65,12.37,17444800.0,,
"Jan 15, 2013",14.64,14.64,14.55,14.6,12.33,16168400.0,,
"Jan 14, 2013",14.69,14.73,14.65,14.7,12.41,19463000.0,,
"Jan 11, 2013",14.77,14.81,14.74,14.8,12.49,10115800.0,,
"Jan 10, 2013",14.81,14.81,14.65,14.77,12.48,19470600.0,,
"Jan 9, 2013",14.69,14.73,14.67,14.7,12.41,23198600.0,,
"Jan 8, 2013",14.73,14.76,14.6,14.68,12.39,11130400.0,,
"Jan 7, 2013",14.7,14.77,14.65,14.73,12.44,15376000.0,,
"Jan 4, 2013",14.8,14.81,14.7,14.75,12.45,13665800.0,,
"Jan 3, 2013",14.9,14.94,14.77,14.81,12.5,19579400.0,,
"Jan 2, 2013",14.81,14.91,14.74,14.9,12.59,30083000.0,,
"Dec 31, 2012",14.15,14.48,14.13,14.43,12.18,30372600.0,,
"Dec 28, 2012",14.23,14.32,14.16,14.18,11.97,16506800.0,,
"Dec 27, 2012",14.35,14.38,14.15,14.34,12.11,21490400.0,,
"Dec 26, 2012",14.44,14.48,14.3,14.35,12.12,8450000.0,,
"Dec 24, 2012",14.44,14.46,14.4,14.44,12.19,5188600.0,,
"Dec 21, 2012",,,,,,,Dividend,0.084
"Dec 21, 2012",14.41,14.49,14.36,14.48,12.22,27099200.0,,
"Dec 20, 2012",14.67,14.71,14.59,14.69,12.33,14209600.0,,
"Dec 19, 2012",14.77,14.78,14.65,14.66,12.31,18421600.0,,
"Dec 18, 2012",14.59,14.75,14.53,14.73,12.37,22085000.0,,
"Dec 17, 2012",14.35,14.52,14.34,14.52,12.19,17626200.0,,
"Dec 14, 2012",14.39,14.44,14.31,14.35,12.04,18332200.0,,
"Dec 13, 2012",14.57,14.64,14.44,14.48,12.16,17561400.0,,
"Dec 12, 2012",14.69,14.69,14.56,14.59,12.25,13110000.0,,
"Dec 11, 2012",14.53,14.7,14.51,14.61,12.27,19842000.0,,
"Dec 10, 2012",14.35,14.49,14.34,14.42,12.11,27452400.0,,
"Dec 7, 2012",14.53,14.55,14.32,14.39,12.08,47442800.0,,
"Dec 6, 2012",14.34,14.49,14.27,14.46,12.14,19477800.0,,
"Dec 5, 2012",14.49,14.49,14.28,14.38,12.07,25176600.0,,
"Dec 4, 2012",14.55,14.56,14.44,14.52,12.19,21323600.0,,
"Dec 3, 2012",14.68,14.69,14.53,14.55,12.21,15813000.0,,
"Nov 30, 2012",14.57,14.6,14.52,14.56,12.23,12603600.0,,
"Nov 29, 2012",14.58,14.63,14.52,14.58,12.24,27040800.0,,
"Nov 28, 2012",14.33,14.52,14.25,14.51,12.18,22532200.0,,
"Nov 27, 2012",14.48,14.52,14.39,14.43,12.11,21487800.0,,
"Nov 27, 2012",14.48,14.52,14.39,14.43,12.11,21487800.0,,
"Nov 26, 2012",14.4,14.49,14.35,14.49,12.16,16138400.0,,
"Nov 23, 2012",14.28,14.44,14.27,14.43,12.11,16571000.0,,
"Nov 21, 2012",14.15,14.23,14.14,14.19,11.92,20198200.0,,
"Nov 20, 2012",14.19,14.19,14.02,14.15,11.88,29239400.0,,
"Nov 19, 2012",14.0,14.22,13.99,14.21,11.93,21953600.0,,
"Nov 16, 2012",13.82,13.88,13.6,13.83,11.61,17345200.0,,
"Nov 15, 2012",13.9,13.95,13.77,13.81,11.59,17899000.0,,
"Nov 14, 2012",14.1,14.13,13.86,13.89,11.66,30501800.0,,
"Nov 13, 2012",13.99,14.16,13.95,14.03,11.78,20176000.0,,
"Nov 12, 2012",14.18,14.19,14.05,14.1,11.84,10224000.0,,
"Nov 9, 2012",14.05,14.26,14.03,14.12,11.85,28790800.0,,
"Nov 8, 2012",14.31,14.35,14.05,14.06,11.8,18926800.0,,
"Nov 7, 2012",14.47,14.48,14.22,14.26,11.97,20196800.0,,
"Nov 6, 2012",14.63,14.73,14.59,14.63,12.28,12140800.0,,
"Nov 5, 2012",14.49,14.6,14.45,14.56,12.22,12036400.0,,
"Nov 2, 2012",14.72,14.73,14.47,14.48,12.16,18269000.0,,
"Nov 1, 2012",14.51,14.69,14.48,14.67,12.32,12538200.0,,
"Oct 31, 2012",14.49,14.51,14.39,14.44,12.12,38869000.0,,
"Oct 26, 2012",14.45,14.56,14.36,14.49,12.17,19385400.0,,
"Oct 25, 2012",14.59,14.61,14.41,14.47,12.15,10469800.0,,
"Oct 24, 2012",14.63,14.67,14.48,14.5,12.17,12784600.0,,
"Oct 23, 2012",14.65,14.73,14.56,14.59,12.24,21124000.0,,
"Oct 22, 2012",14.65,14.78,14.61,14.74,12.38,12177800.0,,
"Oct 19, 2012",14.98,14.98,14.65,14.65,12.29,25686400.0,,
"Oct 18, 2012",15.12,15.18,14.93,14.98,12.58,24502400.0,,
"Oct 17, 2012",15.11,15.21,15.09,15.16,12.73,21197000.0,,
"Oct 16, 2012",15.06,15.26,15.06,15.24,12.79,22450400.0,,
"Oct 15, 2012",14.99,15.06,14.9,15.03,12.62,10338200.0,,
"Oct 12, 2012",14.98,15.05,14.93,14.96,12.56,14276400.0,,
"Oct 11, 2012",15.14,15.15,14.97,14.97,12.57,13798800.0,,
"Oct 10, 2012",15.1,15.12,15.0,15.03,12.62,26970200.0,,
"Oct 9, 2012",15.26,15.27,15.05,15.09,12.67,30969400.0,,
"Oct 8, 2012",15.34,15.38,15.26,15.28,12.83,35163800.0,,
"Oct 5, 2012",15.6,15.61,15.4,15.44,12.97,9157800.0,,
"Oct 4, 2012",15.49,15.56,15.43,15.52,13.03,7925600.0,,
"Oct 3, 2012",15.45,15.52,15.38,15.48,13.0,10537400.0,,
"Oct 2, 2012",15.45,15.48,15.28,15.4,12.93,15035400.0,,
"Oct 1, 2012",15.48,15.56,15.34,15.38,12.91,29855000.0,,
"Sep 28, 2012",15.48,15.54,15.39,15.41,12.94,16246800.0,,
"Sep 27, 2012",15.35,15.56,15.33,15.52,13.03,9697200.0,,
"Sep 26, 2012",15.4,15.41,15.24,15.32,12.87,14782000.0,,
"Sep 25, 2012",15.69,15.7,15.43,15.44,12.96,10879600.0,,
"Sep 24, 2012",15.64,15.68,15.6,15.65,13.14,9361400.0,,
"Sep 21, 2012",,,,,,,Dividend,0.065
"Sep 21, 2012",15.81,15.85,15.73,15.76,13.23,17937800.0,,
"Sep 20, 2012",15.77,15.82,15.72,15.8,13.21,14270400.0,,
"Sep 19, 2012",15.81,15.87,15.77,15.83,13.23,34489800.0,,
"Sep 18, 2012",15.77,15.81,15.77,15.81,13.22,10617800.0,,
"Sep 17, 2012",15.8,15.81,15.75,15.81,13.21,7630800.0,,
"Sep 14, 2012",15.76,15.86,15.74,15.79,13.2,20608200.0,,
"Sep 13, 2012",15.52,15.77,15.51,15.72,13.14,17639000.0,,
"Sep 12, 2012",15.48,15.52,15.41,15.51,12.96,10383200.0,,
"Sep 11, 2012",15.4,15.5,15.4,15.42,12.89,10634400.0,,
"Sep 10, 2012",15.52,15.56,15.38,15.38,12.86,12528400.0,,
"Sep 7, 2012",15.52,15.57,15.49,15.55,13.0,16006200.0,,
"Sep 6, 2012",15.34,15.57,15.32,15.57,13.02,15790800.0,,
"Sep 5, 2012",15.23,15.31,15.19,15.23,12.73,17578600.0,,
"Sep 4, 2012",15.23,15.29,15.1,15.24,12.75,13611800.0,,
"Aug 31, 2012",15.24,15.3,15.09,15.24,12.75,13221200.0,,
"Aug 30, 2012",15.23,15.24,15.11,15.13,12.65,12042200.0,,
"Aug 29, 2012",15.28,15.34,15.23,15.3,12.79,9583000.0,,
"Aug 28, 2012",15.28,15.32,15.22,15.27,12.76,15733800.0,,
"Aug 27, 2012",15.35,15.36,15.27,15.3,12.79,9647400.0,,
"Aug 24, 2012",15.14,15.31,15.1,15.28,12.78,12511800.0,,
"Aug 23, 2012",15.25,15.28,15.15,15.19,12.7,14113800.0,,
"Aug 22, 2012",15.26,15.35,15.2,15.31,12.8,37100000.0,,
"Aug 21, 2012",15.45,15.48,15.24,15.29,12.78,20252400.0,,
"Aug 20, 2012",15.36,15.41,15.31,15.39,12.87,16192600.0,,
"Aug 17, 2012",15.31,15.38,15.3,15.38,12.85,16269800.0,,
"Aug 16, 2012",15.16,15.31,15.15,15.29,12.78,14334000.0,,
"Aug 15, 2012",15.09,15.12,15.06,15.09,12.61,11301600.0,,
"Aug 14, 2012",15.15,15.16,15.03,15.08,12.61,12665400.0,,
"Aug 13, 2012",15.06,15.11,15.01,15.11,12.63,10418400.0,,
"Aug 10, 2012",14.98,15.07,14.95,15.06,12.6,22866200.0,,
"Aug 9, 2012",15.01,15.06,14.97,15.03,12.57,8787600.0,,
"Aug 8, 2012",14.94,15.02,14.92,14.98,12.52,17118400.0,,
"Aug 7, 2012",14.93,15.03,14.9,14.98,12.52,15374800.0,,
"Aug 6, 2012",14.82,14.94,14.81,14.88,12.44,22640400.0,,
"Aug 3, 2012",14.73,14.81,14.67,14.77,12.35,16377200.0,,
"Aug 2, 2012",14.46,14.65,14.41,14.48,12.11,13260800.0,,
"Aug 1, 2012",14.73,14.73,14.53,14.58,12.19,18240600.0,,
"Jul 31, 2012",14.61,14.71,14.6,14.63,12.23,17480600.0,,
"Jul 30, 2012",14.59,14.68,14.54,14.57,12.18,17853000.0,,
"Jul 27, 2012",14.34,14.59,14.3,14.56,12.18,18278200.0,,
"Jul 26, 2012",14.24,14.31,14.18,14.26,11.92,14088000.0,,
"Jul 25, 2012",13.99,14.13,13.96,14.04,11.74,16461200.0,,
"Jul 24, 2012",14.24,14.28,14.01,14.1,11.78,15751800.0,,
"Jul 23, 2012",14.14,14.29,14.02,14.24,11.91,13050200.0,,
"Jul 20, 2012",14.52,14.53,14.37,14.38,12.02,31410600.0,,
"Jul 19, 2012",14.51,14.6,14.49,14.55,12.16,19684800.0,,
"Jul 18, 2012",14.18,14.45,14.16,14.42,12.06,16260400.0,,
"Jul 17, 2012",14.21,14.22,14.0,14.18,11.85,16763800.0,,
"Jul 16, 2012",14.14,14.19,14.09,14.12,11.81,9420600.0,,
"Jul 13, 2012",13.98,14.17,13.98,14.14,11.82,13778800.0,,
"Jul 12, 2012",13.99,14.01,13.84,13.95,11.66,19515800.0,,
"Jul 11, 2012",14.15,14.18,13.98,14.09,11.78,15684200.0,,
"Jul 10, 2012",14.37,14.42,14.1,14.15,11.83,14580200.0,,
"Jul 9, 2012",14.31,14.35,14.23,14.31,11.97,14639400.0,,
"Jul 6, 2012",14.47,14.47,14.24,14.35,11.99,13804400.0,,
"Jul 6, 2012",14.47,14.47,14.24,14.35,11.99,13804400.0,,
"Jul 5, 2012",14.52,14.64,14.47,14.56,12.17,14129200.0,,
"Jul 3, 2012",14.44,14.56,14.43,14.56,12.17,6851000.0,,
"Jul 2, 2012",14.4,14.45,14.34,14.44,12.08,16942800.0,,
"Jun 29, 2012",14.22,14.39,14.18,14.36,12.01,17999400.0,,
"Jun 28, 2012",13.99,14.02,13.81,13.98,11.68,21093800.0,,
"Jun 27, 2012",14.06,14.13,14.03,14.09,11.78,14875400.0,,
"Jun 26, 2012",13.99,14.04,13.9,14.01,11.71,11241000.0,,
"Jun 25, 2012",14.11,14.11,13.93,13.95,11.66,10928800.0,,
"Jun 22, 2012",14.14,14.26,14.1,14.24,11.91,28528600.0,,
"Jun 21, 2012",14.41,14.44,14.06,14.09,11.78,12344600.0,,
"Jun 20, 2012",14.42,14.47,14.31,14.43,12.06,18961600.0,,
"Jun 19, 2012",14.36,14.46,14.35,14.4,12.04,13112000.0,,
"Jun 18, 2012",14.14,14.35,14.12,14.29,11.95,17272400.0,,
"Jun 15, 2012",,,,,,,Dividend,0.0545
"Jun 15, 2012",14.09,14.22,14.07,14.19,11.86,29203400.0,,
"Jun 14, 2012",14.03,14.14,13.94,14.09,11.73,21162400.0,,
"Jun 13, 2012",14.09,14.15,13.98,14.02,11.68,22709000.0,,
"Jun 12, 2012",13.99,14.12,13.91,14.1,11.75,16018800.0,,
"Jun 11, 2012",14.28,14.29,13.94,13.97,11.63,27117400.0,,
"Jun 8, 2012",14.0,14.18,13.96,14.16,11.8,15210200.0,,
"Jun 7, 2012",14.22,14.22,14.0,14.01,11.67,13362200.0,,
"Jun 6, 2012",13.86,14.1,13.85,14.08,11.73,17740600.0,,
"Jun 5, 2012",13.65,13.78,13.63,13.77,11.46,14268000.0,,
"Jun 4, 2012",13.65,13.71,13.52,13.68,11.39,15706600.0,,
"Jun 1, 2012",13.73,13.81,13.6,13.6,11.33,24028600.0,,
"May 31, 2012",14.01,14.06,13.86,13.97,11.63,23844200.0,,
"May 30, 2012",13.99,14.07,13.95,14.03,11.68,11103000.0,,
"May 29, 2012",14.08,14.18,14.02,14.12,11.76,14668400.0,,
"May 25, 2012",13.95,13.99,13.9,13.94,11.61,10010400.0,,
"May 24, 2012",14.09,14.09,13.86,13.97,11.63,16600800.0,,
"May 23, 2012",13.93,14.09,13.8,14.05,11.7,17437400.0,,
"May 22, 2012",14.12,14.16,13.95,14.03,11.68,15628600.0,,
"May 21, 2012",13.77,14.08,13.73,14.07,11.72,17104400.0,,
"May 18, 2012",13.92,13.97,13.7,13.73,11.44,25196200.0,,
"May 17, 2012",14.09,14.11,13.86,13.86,11.55,22552600.0,,
"May 16, 2012",14.24,14.26,14.05,14.06,11.71,25618800.0,,
"May 15, 2012",14.26,14.35,14.15,14.18,11.81,16883200.0,,
"May 14, 2012",14.24,14.33,14.2,14.22,11.84,28108600.0,,
"May 11, 2012",14.31,14.5,14.28,14.35,11.95,14323000.0,,
"May 10, 2012",14.47,14.48,14.31,14.34,11.94,17288600.0,,
"May 9, 2012",14.3,14.52,14.24,14.44,12.03,20923600.0,,
"May 8, 2012",14.42,14.48,14.26,14.44,12.03,20341600.0,,
"May 7, 2012",14.44,14.57,14.42,14.49,12.07,16165400.0,,
"May 4, 2012",14.72,14.74,14.53,14.53,12.11,24187200.0,,
"May 3, 2012",14.99,15.0,14.81,14.85,12.36,18397800.0,,
"May 2, 2012",14.88,14.98,14.85,14.97,12.47,12842600.0,,
"May 1, 2012",14.9,15.11,14.88,14.96,12.46,23355800.0,,
"Apr 30, 2012",14.99,15.01,14.89,14.91,12.42,20123600.0,,
"Apr 27, 2012",15.04,15.06,14.95,15.02,12.51,11353200.0,,
"Apr 26, 2012",14.9,15.05,14.9,15.02,12.51,18953600.0,,
"Apr 25, 2012",14.81,14.92,14.81,14.9,12.41,28710400.0,,
"Apr 24, 2012",14.51,14.6,14.44,14.49,12.07,19248800.0,,
"Apr 23, 2012",14.52,14.56,14.4,14.52,12.1,31060600.0,,
"Apr 20, 2012",14.76,14.81,14.63,14.64,12.19,23242600.0,,
"Apr 19, 2012",14.81,14.94,14.61,14.69,12.24,38465200.0,,
"Apr 18, 2012",14.89,14.93,14.81,14.86,12.38,14212800.0,,
"Apr 17, 2012",14.7,14.99,14.69,14.97,12.47,20538200.0,,
"Apr 16, 2012",14.89,14.9,14.63,14.65,12.2,40978000.0,,
"Apr 13, 2012",15.0,15.0,14.79,14.81,12.33,21060800.0,,
"Apr 12, 2012",14.89,15.06,14.88,15.04,12.53,18139000.0,,
"Apr 11, 2012",14.89,14.93,14.82,14.85,12.37,18613200.0,,
"Apr 10, 2012",14.98,15.05,14.73,14.77,12.3,28745800.0,,
"Apr 9, 2012",14.9,15.06,14.89,14.98,12.48,13779800.0,,
"Apr 5, 2012",15.0,15.1,14.98,15.09,12.56,10119800.0,,
"Apr 4, 2012",15.1,15.11,14.95,15.05,12.53,18419600.0,,
"Apr 3, 2012",15.27,15.31,15.15,15.23,12.68,13552400.0,,
"Apr 2, 2012",15.07,15.26,15.05,15.24,12.69,32815600.0,,
"Mar 30, 2012",15.18,15.19,15.03,15.08,12.56,16014600.0,,
"Mar 29, 2012",15.07,15.15,15.02,15.13,12.6,11474400.0,,
"Mar 28, 2012",15.21,15.27,15.08,15.15,12.62,12979000.0,,
"Mar 27, 2012",15.23,15.27,15.2,15.21,12.67,12876000.0,,
"Mar 26, 2012",15.1,15.22,15.06,15.22,12.67,24374400.0,,
"Mar 23, 2012",15.02,15.02,14.91,14.99,12.49,19023200.0,,
"Mar 22, 2012",14.97,15.03,14.94,14.99,12.49,15001800.0,,
"Mar 21, 2012",15.06,15.13,15.02,15.03,12.52,17650000.0,,
"Mar 20, 2012",14.96,15.06,14.92,15.03,12.52,11426200.0,,
"Mar 19, 2012",14.97,15.09,14.94,15.05,12.53,17861600.0,,
"Mar 16, 2012",,,,,,,Dividend,0.048
"Mar 16, 2012",14.98,14.98,14.91,14.94,12.44,18957600.0,,
"Mar 15, 2012",15.02,15.03,14.93,14.99,12.45,24901000.0,,
"Mar 14, 2012",14.91,15.02,14.86,14.95,12.42,25483600.0,,
"Mar 13, 2012",14.69,14.9,14.68,14.9,12.37,38024200.0,,
"Mar 12, 2012",14.58,14.63,14.54,14.61,12.13,11853600.0,,
"Mar 9, 2012",14.55,14.6,14.54,14.59,12.11,12731600.0,,
"Mar 8, 2012",14.45,14.56,14.43,14.52,12.06,14517800.0,,
"Mar 7, 2012",14.34,14.4,14.31,14.38,11.94,21582000.0,,
"Mar 6, 2012",14.27,14.31,14.19,14.27,11.85,28072800.0,,
"Mar 5, 2012",14.52,14.55,14.36,14.41,11.97,14492400.0,,
"Mar 2, 2012",14.55,14.6,14.5,14.54,12.07,17570800.0,,
"Mar 1, 2012",14.55,14.59,14.48,14.56,12.09,27944800.0,,
"Feb 29, 2012",14.55,14.6,14.42,14.48,12.02,20911600.0,,
"Feb 28, 2012",14.45,14.54,14.42,14.54,12.07,20220200.0,,
"Feb 27, 2012",14.34,14.48,14.27,14.44,11.98,17053000.0,,
"Feb 24, 2012",14.38,14.44,14.37,14.41,11.96,10992000.0,,
"Feb 23, 2012",14.26,14.35,14.18,14.32,11.89,11013400.0,,
"Feb 22, 2012",14.3,14.34,14.24,14.27,11.85,16206000.0,,
"Feb 21, 2012",14.28,14.39,14.23,14.32,11.89,19440800.0,,
"Feb 17, 2012",14.31,14.31,14.21,14.26,11.84,18570000.0,,
"Feb 16, 2012",14.06,14.27,14.03,14.26,11.84,20095600.0,,
"Feb 16, 2012",14.06,14.27,14.03,14.26,11.84,20095600.0,,
"Feb 15, 2012",14.2,14.29,14.03,14.06,11.67,24426200.0,,
"Feb 14, 2012",14.09,14.14,14.02,14.13,11.73,13086000.0,,
"Feb 13, 2012",14.11,14.14,14.02,14.1,11.71,16844000.0,,
"Feb 10, 2012",14.02,14.05,13.97,14.02,11.63,12739000.0,,
"Feb 9, 2012",14.05,14.14,14.01,14.12,11.72,18972800.0,,
"Feb 8, 2012",13.93,14.0,13.89,13.98,11.61,22989800.0,,
"Feb 7, 2012",13.86,13.94,13.8,13.9,11.54,14776000.0,,
"Feb 6, 2012",13.82,13.88,13.78,13.86,11.51,13401200.0,,
"Feb 3, 2012",13.8,13.89,13.77,13.86,11.51,14786400.0,,
"Feb 2, 2012",13.7,13.74,13.65,13.69,11.36,12041000.0,,
"Feb 1, 2012",13.65,13.71,13.6,13.65,11.33,17944800.0,,
"Jan 31, 2012",13.58,13.59,13.44,13.52,11.22,16178600.0,,
"Jan 30, 2012",13.34,13.51,13.32,13.49,11.2,15382400.0,,
"Jan 27, 2012",13.4,13.48,13.4,13.45,11.17,16520400.0,,
"Jan 26, 2012",13.59,13.6,13.4,13.45,11.17,17425800.0,,
"Jan 25, 2012",13.56,13.58,13.42,13.54,11.24,35868400.0,,
"Jan 24, 2012",13.39,13.46,13.37,13.44,11.15,11501800.0,,
"Jan 23, 2012",13.42,13.52,13.36,13.44,11.16,58044400.0,,
"Jan 20, 2012",13.36,13.42,13.35,13.4,11.12,26720600.0,,
"Jan 19, 2012",13.36,13.41,13.35,13.39,11.11,14850400.0,,
"Jan 18, 2012",13.14,13.31,13.13,13.29,11.03,14418800.0,,
"Jan 17, 2012",13.13,13.19,13.07,13.1,10.88,11066200.0,,
"Jan 13, 2012",13.03,13.06,12.94,13.04,10.83,11943000.0,,
"Jan 12, 2012",13.08,13.13,13.01,13.11,10.89,9731000.0,,
"Jan 11, 2012",12.98,13.09,12.98,13.05,10.83,8307600.0,,
"Jan 10, 2012",13.09,13.11,13.01,13.01,10.8,11466200.0,,
"Jan 9, 2012",13.03,13.04,12.93,12.97,10.76,8173200.0,,
"Jan 6, 2012",12.99,13.02,12.93,12.98,10.78,9978400.0,,
"Jan 5, 2012",12.93,13.01,12.86,12.98,10.78,13513800.0,,
"Jan 4, 2012",12.9,12.97,12.83,12.94,10.74,9488600.0,,
"Jan 3, 2012",12.94,13.01,12.9,12.9,10.71,53679800.0,,
"Dec 30, 2011",12.75,12.81,12.73,12.73,10.56,7502600.0,,
"Dec 29, 2011",12.7,12.78,12.68,12.77,10.6,11777800.0,,
"Dec 28, 2011",12.8,12.81,12.64,12.67,10.52,9702600.0,,
"Dec 27, 2011",12.76,12.84,12.74,12.8,10.63,5578000.0,,
"Dec 23, 2011",12.65,12.78,12.65,12.78,10.61,9490600.0,,
"Dec 22, 2011",12.55,12.65,12.55,12.65,10.51,9373800.0,,
"Dec 21, 2011",12.64,12.64,12.36,12.51,10.39,18212600.0,,
"Dec 20, 2011",12.53,12.73,12.53,12.72,10.56,17925600.0,,
"Dec 19, 2011",12.53,12.56,12.33,12.37,10.27,20306400.0,,
"Dec 16, 2011",,,,,,,Dividend,0.0545
"Dec 16, 2011",12.52,12.65,12.45,12.49,10.37,39399000.0,,
"Dec 15, 2011",12.66,12.68,12.5,12.51,10.34,18948000.0,,
"Dec 14, 2011",12.71,12.72,12.49,12.54,10.36,27793400.0,,
"Dec 13, 2011",12.94,12.98,12.69,12.73,10.53,23459600.0,,
"Dec 12, 2011",12.9,12.91,12.76,12.85,10.63,116342000.0,,
"Dec 9, 2011",12.85,13.05,12.85,13.02,10.76,16561200.0,,
"Dec 8, 2011",12.95,13.03,12.8,12.82,10.6,13632200.0,,
"Dec 7, 2011",12.96,13.07,12.85,13.02,10.77,11650600.0,,
"Dec 6, 2011",13.02,13.08,12.95,13.01,10.75,11733200.0,,
"Dec 5, 2011",13.05,13.11,12.95,13.02,10.76,12168000.0,,
"Dec 2, 2011",12.98,13.01,12.85,12.87,10.64,11084800.0,,
"Dec 1, 2011",12.77,12.9,12.77,12.88,10.65,15959400.0,,
"Nov 30, 2011",12.66,12.82,12.63,12.81,10.59,27460600.0,,
"Nov 29, 2011",12.41,12.49,12.31,12.34,10.2,9531000.0,,
"Nov 28, 2011",12.31,12.42,12.31,12.4,10.25,19591800.0,,
"Nov 25, 2011",12.03,12.18,12.01,12.01,9.92,14131800.0,,
"Nov 23, 2011",12.27,12.29,12.07,12.07,9.98,25073600.0,,
"Nov 22, 2011",12.36,12.43,12.27,12.36,10.22,14135600.0,,
"Nov 21, 2011",12.47,12.48,12.27,12.39,10.24,18826000.0,,
"Nov 18, 2011",12.7,12.73,12.59,12.6,10.42,14593800.0,,
"Nov 17, 2011",12.93,12.94,12.6,12.71,10.51,24996600.0,,
"Nov 16, 2011",13.05,13.17,12.94,12.96,10.71,17483000.0,,
"Nov 15, 2011",12.96,13.2,12.95,13.15,10.87,15485600.0,,
"Nov 14, 2011",13.05,13.11,12.94,12.98,10.73,6522000.0,,
"Nov 11, 2011",12.95,13.12,12.95,13.08,10.81,9877200.0,,
"Nov 10, 2011",12.95,12.96,12.73,12.84,10.61,11454200.0,,
"Nov 9, 2011",13.0,13.02,12.76,12.8,10.58,20789600.0,,
"Nov 8, 2011",13.2,13.27,13.07,13.26,10.96,14476200.0,,
"Nov 7, 2011",13.02,13.12,12.89,13.1,10.83,12765000.0,,
"Nov 4, 2011",13.01,13.06,12.9,13.02,10.77,11387800.0,,
"Nov 3, 2011",12.94,13.12,12.79,13.1,10.83,23279200.0,,
"Nov 2, 2011",12.81,12.86,12.7,12.8,10.58,17999400.0,,
"Nov 1, 2011",12.7,12.78,12.62,12.65,10.45,33196600.0,,
"Oct 31, 2011",13.11,13.16,12.99,13.01,10.75,12862400.0,,
"Oct 28, 2011",13.14,13.27,13.13,13.24,10.94,18011600.0,,
"Oct 27, 2011",13.11,13.28,13.02,13.19,10.91,27882200.0,,
"Oct 26, 2011",12.88,12.89,12.58,12.81,10.59,14990200.0,,
"Oct 25, 2011",12.93,12.94,12.73,12.76,10.55,24070000.0,,
"Oct 24, 2011",12.81,13.01,12.78,12.97,10.72,25305200.0,,
"Oct 21, 2011",12.74,12.83,12.67,12.77,10.55,19584600.0,,
"Oct 20, 2011",12.65,12.67,12.45,12.6,10.42,17875400.0,,
"Oct 19, 2011",12.84,12.86,12.64,12.66,10.46,24489600.0,,
"Oct 18, 2011",12.76,12.98,12.64,12.91,10.67,17419600.0,,
"Oct 17, 2011",12.98,12.98,12.74,12.8,10.58,17802600.0,,
"Oct 14, 2011",12.95,13.02,12.89,13.0,10.75,23006000.0,,
"Oct 13, 2011",12.63,12.78,12.6,12.77,10.56,19951400.0,,
"Oct 12, 2011",12.68,12.77,12.64,12.64,10.44,19226600.0,,
"Oct 11, 2011",12.48,12.61,12.45,12.58,10.4,21544600.0,,
"Oct 10, 2011",12.28,12.53,12.28,12.52,10.35,16416600.0,,
"Oct 7, 2011",12.21,12.27,12.07,12.15,10.04,19545200.0,,
"Oct 6, 2011",11.99,12.2,11.92,12.19,10.08,21334800.0,,
"Oct 5, 2011",11.74,12.03,11.65,12.02,9.93,26480200.0,,
"Oct 4, 2011",11.41,11.77,11.3,11.77,9.73,33952200.0,,
"Oct 3, 2011",11.7,11.88,11.52,11.53,9.53,47078800.0,,
"Sep 30, 2011",11.94,12.05,11.78,11.8,9.75,32973200.0,,
"Sep 29, 2011",12.31,12.35,11.91,12.1,10.01,39385800.0,,
"Sep 28, 2011",12.35,12.42,12.12,12.13,10.03,24657600.0,,
"Sep 27, 2011",12.36,12.49,12.23,12.31,10.17,43886800.0,,
"Sep 27, 2011",12.36,12.49,12.23,12.31,10.17,43886800.0,,
"Sep 26, 2011",12.06,12.18,11.85,12.15,10.04,41016200.0,,
"Sep 23, 2011",11.83,12.04,11.78,12.0,9.92,52197800.0,,
"Sep 22, 2011",11.93,12.04,11.71,11.86,9.81,82462000.0,,
"Sep 21, 2011",12.48,12.57,12.24,12.24,10.12,44161600.0,,
"Sep 20, 2011",12.53,12.65,12.42,12.43,10.27,49468200.0,,
"Sep 19, 2011",12.33,12.51,12.23,12.46,10.3,23528800.0,,
"Sep 16, 2011",,,,,,,Dividend,0.047
"Sep 16, 2011",12.4,12.49,12.36,12.49,10.32,30007200.0,,
"Sep 15, 2011",12.32,12.43,12.23,12.4,10.21,25153800.0,,
"Sep 14, 2011",12.11,12.34,11.97,12.2,10.05,33621600.0,,
"Sep 13, 2011",11.94,12.06,11.86,12.02,9.9,32684400.0,,
"Sep 12, 2011",11.63,11.89,11.61,11.89,9.79,22505200.0,,
"Sep 9, 2011",11.91,11.98,11.69,11.74,9.67,33013800.0,,
"Sep 8, 2011",12.02,12.18,11.97,12.0,9.88,18912000.0,,
"Sep 7, 2011",11.93,12.06,11.9,12.06,9.93,21515400.0,,
"Sep 6, 2011",11.56,11.78,11.5,11.76,9.68,22863200.0,,
"Sep 2, 2011",11.88,11.94,11.77,11.81,9.72,28679000.0,,
"Sep 1, 2011",12.24,12.34,12.08,12.09,9.95,22643200.0,,
"Aug 31, 2011",12.31,12.4,12.12,12.22,10.06,24520600.0,,
"Aug 30, 2011",12.18,12.31,12.09,12.25,10.09,24940400.0,,
"Aug 29, 2011",12.02,12.2,12.02,12.2,10.05,39852000.0,,
"Aug 26, 2011",11.63,11.94,11.5,11.9,9.8,46332800.0,,
"Aug 25, 2011",11.84,11.9,11.63,11.67,9.61,40875600.0,,
"Aug 24, 2011",11.73,11.87,11.64,11.84,9.75,44978600.0,,
"Aug 23, 2011",11.4,11.74,11.36,11.73,9.66,37140400.0,,
"Aug 22, 2011",11.49,11.52,11.27,11.32,9.32,40644800.0,,
"Aug 19, 2011",11.39,11.6,11.23,11.26,9.27,75489400.0,,
"Aug 18, 2011",11.78,11.79,11.43,11.54,9.5,61895000.0,,
"Aug 17, 2011",12.18,12.28,12.01,12.13,9.99,43154600.0,,
"Aug 16, 2011",12.18,12.27,12.02,12.19,10.03,40466400.0,,
"Aug 15, 2011",12.15,12.29,12.1,12.27,10.11,69936400.0,,
"Aug 12, 2011",12.13,12.15,11.94,12.06,9.93,29171800.0,,
"Aug 11, 2011",11.71,12.13,11.65,11.98,9.86,63193000.0,,
"Aug 10, 2011",11.78,11.9,11.51,11.53,9.5,69241200.0,,
"Aug 9, 2011",11.61,12.01,11.31,12.01,9.89,83606000.0,,
"Aug 8, 2011",11.8,11.99,11.48,11.48,9.45,89921600.0,,
"Aug 5, 2011",12.32,12.38,11.81,12.16,10.02,65683400.0,,
"Aug 4, 2011",12.6,12.63,12.22,12.24,10.08,67391800.0,,
"Aug 3, 2011",12.64,12.79,12.46,12.76,10.5,43071200.0,,
"Aug 2, 2011",12.82,12.89,12.6,12.63,10.4,42248200.0,,
"Aug 1, 2011",13.07,13.1,12.74,12.9,10.62,23996200.0,,
"Jul 29, 2011",12.89,13.05,12.81,12.9,10.63,22955000.0,,
"Jul 28, 2011",13.01,13.15,12.97,13.01,10.71,21409200.0,,
"Jul 27, 2011",13.25,13.26,13.01,13.03,10.73,26931400.0,,
"Jul 26, 2011",13.34,13.44,13.31,13.39,11.02,16658800.0,,
"Jul 25, 2011",13.25,13.4,13.22,13.32,10.97,11805600.0,,
"Jul 22, 2011",13.24,13.39,13.23,13.36,11.0,12630000.0,,
"Jul 21, 2011",13.16,13.31,13.1,13.24,10.91,22424400.0,,
"Jul 20, 2011",13.32,13.32,13.16,13.19,10.86,11853600.0,,
"Jul 19, 2011",13.04,13.23,13.03,13.23,10.89,24640800.0,,
"Jul 18, 2011",12.9,12.97,12.8,12.91,10.63,16761200.0,,
"Jul 15, 2011",12.94,12.98,12.86,12.96,10.67,28470800.0,,
"Jul 14, 2011",12.95,13.04,12.77,12.82,10.56,21495400.0,,
"Jul 13, 2011",12.97,13.06,12.89,12.93,10.65,11160200.0,,
"Jul 12, 2011",12.98,13.02,12.89,12.9,10.62,18861800.0,,
"Jul 11, 2011",13.09,13.15,12.97,13.02,10.72,23381400.0,,
"Jul 8, 2011",13.18,13.23,13.1,13.23,10.9,23908400.0,,
"Jul 7, 2011",13.23,13.33,13.22,13.3,10.95,26018200.0,,
"Jul 6, 2011",13.07,13.16,13.02,13.14,10.82,13517200.0,,
"Jul 5, 2011",13.05,13.1,13.02,13.08,10.77,16311800.0,,
"Jul 1, 2011",12.86,13.08,12.82,13.06,10.75,22902600.0,,
"Jun 30, 2011",12.74,12.86,12.73,12.85,10.58,18197000.0,,
"Jun 29, 2011",12.64,12.69,12.56,12.69,10.45,16565600.0,,
"Jun 28, 2011",12.47,12.6,12.46,12.59,10.37,16118800.0,,
"Jun 27, 2011",12.3,12.5,12.26,12.44,10.24,23962000.0,,
"Jun 24, 2011",12.44,12.45,12.26,12.27,10.1,23521200.0,,
"Jun 23, 2011",12.25,12.49,12.22,12.48,10.28,25150400.0,,
"Jun 22, 2011",12.42,12.49,12.39,12.4,10.21,22092400.0,,
"Jun 21, 2011",12.34,12.52,12.28,12.49,10.28,28681800.0,,
"Jun 20, 2011",12.18,12.31,12.17,12.27,10.1,17454200.0,,
"Jun 17, 2011",,,,,,,Dividend,0.049
"Jun 17, 2011",12.36,12.38,12.19,12.23,10.07,39895800.0,,
"Jun 16, 2011",12.31,12.38,12.19,12.28,10.08,18411800.0,,
"Jun 15, 2011",12.43,12.49,12.29,12.31,10.1,33123400.0,,
"Jun 14, 2011",12.51,12.59,12.49,12.55,10.29,18234400.0,,
"Jun 13, 2011",12.4,12.45,12.35,12.4,10.17,23329800.0,,
"Jun 10, 2011",12.52,12.53,12.38,12.39,10.16,21798400.0,,
"Jun 9, 2011",12.56,12.61,12.52,12.56,10.3,10667000.0,,
"Jun 8, 2011",12.59,12.62,12.52,12.55,10.29,19987200.0,,
"Jun 7, 2011",12.72,12.74,12.63,12.64,10.36,17582000.0,,
"Jun 6, 2011",12.76,12.8,12.66,12.68,10.4,16872000.0,,
"Jun 3, 2011",12.81,12.9,12.76,12.77,10.47,21554600.0,,
"Jun 2, 2011",12.97,13.02,12.9,12.97,10.63,20809800.0,,
"Jun 1, 2011",13.19,13.24,12.94,12.95,10.62,33255000.0,,
"May 31, 2011",13.16,13.23,13.1,13.23,10.85,21345200.0,,
"May 27, 2011",12.99,13.05,12.98,13.05,10.7,25109200.0,,
"May 26, 2011",12.88,13.01,12.88,12.98,10.65,22264200.0,,
"May 25, 2011",12.84,12.97,12.82,12.9,10.58,24816200.0,,
"May 24, 2011",12.93,12.94,12.85,12.86,10.55,17531400.0,,
"May 23, 2011",12.9,12.95,12.85,12.9,10.58,25196800.0,,
"May 20, 2011",13.15,13.18,13.06,13.09,10.73,26858600.0,,
"May 19, 2011",13.19,13.19,13.08,13.16,10.79,16237000.0,,
"May 18, 2011",13.05,13.15,13.02,13.14,10.77,23915400.0,,
"May 17, 2011",12.97,13.05,12.9,13.04,10.69,110101200.0,,
"May 16, 2011",13.17,13.23,13.02,13.04,10.69,33938800.0,,
"May 13, 2011",13.35,13.36,13.22,13.23,10.85,20408200.0,,
"May 12, 2011",13.26,13.41,13.19,13.4,10.99,21935400.0,,
"May 11, 2011",13.41,13.44,13.22,13.3,10.9,23684800.0,,
"May 10, 2011",13.32,13.43,13.31,13.41,11.0,27132000.0,,
"May 10, 2011",13.32,13.43,13.31,13.41,11.0,27132000.0,,
"May 9, 2011",13.27,13.34,13.22,13.3,10.9,7888200.0,,
"May 6, 2011",13.33,13.4,13.23,13.24,10.86,21269000.0,,
"May 5, 2011",13.25,13.35,13.17,13.22,10.84,26800000.0,,
"May 4, 2011",13.33,13.35,13.19,13.28,10.9,21753800.0,,
"May 3, 2011",13.32,13.35,13.24,13.32,10.93,16303600.0,,
"May 2, 2011",13.43,13.44,13.31,13.32,10.92,13415000.0,,
"Apr 29, 2011",13.37,13.4,13.33,13.37,10.97,15000000.0,,
"Apr 28, 2011",13.35,13.4,13.32,13.38,10.97,16963600.0,,
"Apr 27, 2011",13.32,13.4,13.27,13.38,10.97,16033800.0,,
"Apr 26, 2011",13.22,13.34,13.19,13.3,10.9,14400000.0,,
"Apr 25, 2011",13.18,13.2,13.15,13.19,10.81,12519400.0,,
"Apr 21, 2011",13.18,13.19,13.11,13.18,10.81,20296000.0,,
"Apr 20, 2011",12.98,13.08,12.97,13.06,10.71,18449000.0,,
"Apr 19, 2011",12.77,12.79,12.71,12.79,10.49,19927800.0,,
"Apr 18, 2011",12.73,12.76,12.6,12.76,10.46,17627000.0,,
"Apr 15, 2011",12.86,12.9,12.8,12.87,10.56,20343600.0,,
"Apr 14, 2011",12.85,12.91,12.78,12.9,10.58,11015000.0,,
"Apr 13, 2011",12.9,12.97,12.85,12.92,10.6,14444400.0,,
"Apr 12, 2011",12.87,12.9,12.8,12.84,10.53,16106800.0,,
"Apr 11, 2011",12.98,13.02,12.9,12.94,10.62,11592800.0,,
"Apr 8, 2011",13.09,13.09,12.92,12.97,10.63,12734000.0,,
"Apr 7, 2011",13.02,13.09,12.94,13.04,10.69,18300600.0,,
"Apr 6, 2011",13.03,13.06,12.96,13.03,10.69,21893200.0,,
"Apr 5, 2011",12.95,13.03,12.93,12.94,10.61,19828400.0,,
"Apr 4, 2011",13.03,13.04,12.91,12.96,10.63,11739600.0,,
"Apr 1, 2011",13.09,13.12,12.97,13.01,10.67,21874800.0,,
"Mar 31, 2011",13.03,13.07,13.01,13.03,10.69,12432000.0,,
"Mar 30, 2011",13.07,13.09,13.02,13.06,10.71,12454600.0,,
"Mar 29, 2011",12.9,13.01,12.84,13.0,10.66,10271600.0,,
"Mar 28, 2011",12.99,13.02,12.9,12.91,10.59,16532200.0,,
"Mar 25, 2011",12.95,13.01,12.93,12.94,10.61,12480200.0,,
"Mar 24, 2011",12.81,12.93,12.75,12.91,10.59,20801200.0,,
"Mar 23, 2011",12.61,12.74,12.56,12.71,10.42,11671200.0,,
"Mar 22, 2011",12.68,12.69,12.63,12.64,10.37,18278600.0,,
"Mar 21, 2011",12.65,12.73,12.63,12.66,10.38,17801200.0,,
"Mar 18, 2011",,,,,,,Dividend,0.042
"Mar 18, 2011",12.6,12.6,12.44,12.45,10.21,36830200.0,,
"Mar 17, 2011",12.51,12.59,12.45,12.47,10.19,21866200.0,,
"Mar 16, 2011",12.58,12.63,12.26,12.34,10.09,42762200.0,,
"Mar 15, 2011",12.47,12.72,12.44,12.65,10.34,29789400.0,,
"Mar 14, 2011",12.84,12.93,12.77,12.84,10.5,19229600.0,,
"Mar 11, 2011",12.78,12.95,12.78,12.9,10.54,22764400.0,,
"Mar 10, 2011",12.94,12.95,12.83,12.85,10.5,29591200.0,,
"Mar 9, 2011",13.11,13.15,13.02,13.1,10.7,23727000.0,,
"Mar 8, 2011",13.05,13.2,13.0,13.15,10.75,21926400.0,,
"Mar 7, 2011",13.27,13.27,12.96,13.04,10.66,29609400.0,,
"Mar 4, 2011",13.31,13.31,13.13,13.21,10.8,27781400.0,,
"Mar 3, 2011",13.23,13.32,13.23,13.31,10.88,19117000.0,,
"Mar 2, 2011",13.05,13.2,13.03,13.1,10.71,19854600.0,,
"Mar 1, 2011",13.31,13.33,13.02,13.02,10.65,29088000.0,,
"Feb 28, 2011",13.27,13.31,13.19,13.28,10.85,18504600.0,,
"Feb 25, 2011",13.15,13.24,13.12,13.23,10.81,15605800.0,,
"Feb 24, 2011",13.02,13.1,12.91,13.06,10.67,22663400.0,,
"Feb 23, 2011",13.13,13.15,12.94,13.02,10.64,24511800.0,,
"Feb 22, 2011",13.33,13.4,13.15,13.17,10.76,44693600.0,,
"Feb 18, 2011",13.53,13.55,13.47,13.5,11.03,12668200.0,,
"Feb 17, 2011",13.43,13.53,13.42,13.52,11.05,13297800.0,,
"Feb 16, 2011",13.46,13.51,13.42,13.49,11.03,13573000.0,,
"Feb 15, 2011",13.44,13.44,13.37,13.42,10.97,12084800.0,,
"Feb 14, 2011",13.44,13.49,13.44,13.47,11.01,11883600.0,,
"Feb 11, 2011",13.39,13.47,13.35,13.45,10.99,25499200.0,,
"Feb 10, 2011",13.34,13.41,13.28,13.38,10.94,15676800.0,,
"Feb 9, 2011",13.44,13.48,13.4,13.44,10.99,10374400.0,,
"Feb 8, 2011",13.44,13.48,13.39,13.47,11.01,10376000.0,,
"Feb 7, 2011",13.38,13.48,13.37,13.41,10.96,19596400.0,,
"Feb 4, 2011",13.28,13.35,13.23,13.35,10.91,15135200.0,,
"Feb 3, 2011",13.23,13.29,13.13,13.26,10.84,22929000.0,,
"Feb 2, 2011",13.19,13.27,13.19,13.24,10.82,17495000.0,,
"Feb 1, 2011",13.09,13.24,13.07,13.22,10.8,24745400.0,,
"Jan 31, 2011",12.93,12.99,12.85,12.99,10.62,27973000.0,,
"Jan 28, 2011",13.23,13.23,12.87,12.91,10.56,32363400.0,,
"Jan 27, 2011",13.18,13.26,13.15,13.22,10.81,18093000.0,,
"Jan 26, 2011",13.14,13.22,13.1,13.18,10.77,16571000.0,,
"Jan 25, 2011",13.01,13.1,12.98,13.1,10.71,22027000.0,,
"Jan 24, 2011",12.86,13.05,12.86,13.04,10.66,36983400.0,,
"Jan 21, 2011",13.01,13.02,12.85,12.86,10.51,23263400.0,,
"Jan 20, 2011",12.96,12.97,12.82,12.94,10.57,30717200.0,,
"Jan 19, 2011",13.13,13.13,12.97,13.01,10.63,22431200.0,,
"Jan 18, 2011",13.01,13.11,12.99,13.1,10.71,17266000.0,,
"Jan 14, 2011",12.98,13.09,12.95,13.09,10.7,15706800.0,,
"Jan 13, 2011",12.99,13.01,12.93,12.97,10.6,26086800.0,,
"Jan 12, 2011",12.94,12.99,12.9,12.98,10.61,27155000.0,,
"Jan 11, 2011",12.93,12.94,12.82,12.86,10.52,16782800.0,,
"Jan 10, 2011",12.86,12.91,12.8,12.89,10.53,20666600.0,,
"Jan 7, 2011",12.93,12.94,12.77,12.88,10.52,17831200.0,,
"Jan 6, 2011",12.89,12.94,12.84,12.94,10.57,22089000.0,,
"Jan 5, 2011",12.76,12.88,12.73,12.86,10.51,23670800.0,,
"Jan 4, 2011",12.8,12.81,12.7,12.78,10.45,18383400.0,,
"Jan 3, 2011",12.69,12.81,12.69,12.73,10.41,14855000.0,,
"Dec 31, 2010",12.6,12.62,12.55,12.6,10.29,12704200.0,,
"Dec 30, 2010",12.63,12.65,12.6,12.61,10.31,10092000.0,,
"Dec 29, 2010",12.65,12.67,12.63,12.64,10.33,7469800.0,,
"Dec 28, 2010",12.65,12.66,12.6,12.61,10.31,5815000.0,,
"Dec 27, 2010",12.55,12.65,12.52,12.63,10.32,5982800.0,,
"Dec 23, 2010",12.6,12.62,12.56,12.6,10.3,6456400.0,,
"Dec 22, 2010",12.61,12.63,12.59,12.61,10.31,10815600.0,,
"Dec 21, 2010",12.59,12.63,12.57,12.63,10.32,11115400.0,,
"Dec 20, 2010",12.57,12.59,12.48,12.55,10.26,9538400.0,,
"Dec 17, 2010",,,,,,,Dividend,045
"Dec 17, 2010",,,,,,,Dividend,0.045
"Dec 17, 2010",12.55,12.56,12.51,12.54,10.25,11957600.0,,
"Dec 16, 2010",12.56,12.61,12.5,12.56,10.23,11870400.0,,
"Dec 15, 2010",12.57,12.64,12.51,12.54,10.21,9197000.0,,
"Dec 14, 2010",12.57,12.64,12.56,12.59,10.25,12583400.0,,
"Dec 13, 2010",12.65,12.66,12.56,12.57,10.24,13802200.0,,
"Dec 10, 2010",12.56,12.6,12.52,12.6,10.26,11634000.0,,
"Dec 9, 2010",12.57,12.58,12.48,12.53,10.21,12462600.0,,
"Dec 8, 2010",12.47,12.52,12.4,12.52,10.2,18021800.0,,
"Dec 7, 2010",12.55,12.55,12.41,12.42,10.12,19821200.0,,
"Dec 6, 2010",12.39,12.44,12.38,12.4,10.1,12875600.0,,
"Dec 3, 2010",12.31,12.41,12.31,12.4,10.1,18354800.0,,
"Dec 2, 2010",12.24,12.39,12.23,12.38,10.08,19251200.0,,
"Dec 1, 2010",12.15,12.27,12.12,12.23,9.96,21454600.0,,
"Nov 30, 2010",11.98,12.04,11.94,11.98,9.75,21385600.0,,
"Nov 29, 2010",12.11,12.15,11.98,12.1,9.85,14342000.0,,
"Nov 26, 2010",12.15,12.22,12.12,12.13,9.88,4980000.0,,
"Nov 24, 2010",12.15,12.25,12.13,12.24,9.97,14432400.0,,
"Nov 23, 2010",12.11,12.13,11.98,12.05,9.81,22018800.0,,
"Nov 22, 2010",12.1,12.23,12.07,12.23,9.96,18828400.0,,
"Nov 19, 2010",12.12,12.17,12.08,12.15,9.9,10239800.0,,
"Nov 18, 2010",12.05,12.17,12.05,12.12,9.87,21610400.0,,
"Nov 17, 2010",11.93,12.0,11.87,11.92,9.71,20825800.0,,
"Nov 16, 2010",12.05,12.09,11.87,11.91,9.7,35830800.0,,
"Nov 15, 2010",12.23,12.24,12.13,12.14,9.88,17599200.0,,
"Nov 12, 2010",12.28,12.34,12.11,12.17,9.91,21570800.0,,
"Nov 11, 2010",12.3,12.36,12.22,12.35,10.05,24255400.0,,
"Nov 10, 2010",12.54,12.56,12.42,12.53,10.21,14106000.0,,
"Nov 9, 2010",12.6,12.64,12.47,12.52,10.2,18159600.0,,
"Nov 8, 2010",12.52,12.57,12.5,12.56,10.23,15004200.0,,
"Nov 5, 2010",12.56,12.56,12.49,12.55,10.22,17475400.0,,
"Nov 4, 2010",12.51,12.57,12.48,12.56,10.23,27347000.0,,
"Nov 3, 2010",12.32,12.38,12.23,12.38,10.08,30232800.0,,
"Nov 2, 2010",12.3,12.34,12.27,12.31,10.02,14973800.0,,
"Nov 1, 2010",12.23,12.31,12.14,12.19,9.92,16937800.0,,
"Oct 29, 2010",12.18,12.23,12.15,12.18,9.92,16677200.0,,
"Oct 28, 2010",12.2,12.22,12.07,12.15,9.9,17096200.0,,
"Oct 27, 2010",12.07,12.16,12.03,12.15,9.9,23674600.0,,
"Oct 26, 2010",12.05,12.14,11.99,12.12,9.87,20635800.0,,
"Oct 25, 2010",12.1,12.18,12.09,12.09,9.85,19000000.0,,
"Oct 22, 2010",12.02,12.06,11.99,12.06,9.82,11525200.0,,
"Oct 21, 2010",12.07,12.1,11.9,12.02,9.79,55292800.0,,
"Oct 20, 2010",11.95,12.08,11.93,12.01,9.78,47254600.0,,
"Oct 19, 2010",11.9,12.0,11.82,11.91,9.7,50409400.0,,
"Oct 18, 2010",12.05,12.13,12.01,12.13,9.88,21501200.0,,
"Oct 15, 2010",12.01,12.05,11.9,12.05,9.81,42694000.0,,
"Oct 14, 2010",11.86,11.89,11.78,11.85,9.65,11029200.0,,
"Oct 13, 2010",11.81,11.9,11.78,11.84,9.64,30959000.0,,
"Oct 12, 2010",11.64,11.77,11.57,11.74,9.57,22014600.0,,
"Oct 11, 2010",11.68,11.73,11.63,11.68,9.51,12082000.0,,
"Oct 8, 2010",11.6,11.68,11.52,11.65,9.49,13341200.0,,
"Oct 7, 2010",11.64,11.64,11.51,11.59,9.44,9899400.0,,
"Oct 6, 2010",11.65,11.68,11.49,11.59,9.44,14340000.0,,
"Oct 5, 2010",11.5,11.68,11.49,11.65,9.48,15425800.0,,
"Oct 4, 2010",11.45,11.52,11.34,11.42,9.3,16976000.0,,
"Oct 1, 2010",11.59,11.61,11.48,11.52,9.38,24335400.0,,
"Sep 30, 2010",11.61,11.69,11.44,11.51,9.37,26278600.0,,
"Sep 29, 2010",11.56,11.6,11.52,11.56,9.41,12267000.0,,
"Sep 28, 2010",11.6,11.6,11.41,11.58,9.43,29432000.0,,
"Sep 27, 2010",11.59,11.65,11.54,11.56,9.42,30638200.0,,
"Sep 24, 2010",11.45,11.57,11.45,11.56,9.41,16332600.0,,
"Sep 23, 2010",11.28,11.46,11.27,11.34,9.24,19862600.0,,
"Sep 22, 2010",11.36,11.42,11.3,11.35,9.25,16811600.0,,
"Sep 21, 2010",11.44,11.51,11.37,11.41,9.29,37269200.0,,
"Sep 20, 2010",11.31,11.45,11.28,11.43,9.31,19105200.0,,
"Sep 17, 2010",,,,,,,Dividend,0.0405
"Sep 17, 2010",11.28,11.29,11.21,11.27,9.17,28835400.0,,
"Sep 16, 2010",11.16,11.26,11.15,11.24,9.13,15599600.0,,
"Sep 15, 2010",11.1,11.2,11.08,11.18,9.07,14763400.0,,
"Sep 14, 2010",11.06,11.2,11.02,11.11,9.02,18854400.0,,
"Sep 13, 2010",10.98,11.09,10.96,11.06,8.98,23197400.0,,
"Sep 10, 2010",10.88,10.89,10.8,10.87,8.82,16300600.0,,
"Sep 9, 2010",10.93,10.94,10.85,10.86,8.82,13895200.0,,
"Sep 8, 2010",10.81,10.86,10.78,10.84,8.79,18581600.0,,
"Sep 7, 2010",10.81,10.87,10.77,10.77,8.74,15678800.0,,
"Sep 3, 2010",10.8,10.86,10.76,10.86,8.82,20718000.0,,
"Sep 2, 2010",10.61,10.7,10.6,10.7,8.69,18613000.0,,
"Sep 1, 2010",10.48,10.65,10.47,10.61,8.61,29596200.0,,
"Aug 31, 2010",10.35,10.42,10.29,10.35,8.4,31040000.0,,
"Aug 30, 2010",10.47,10.55,10.38,10.38,8.42,15187000.0,,
"Aug 27, 2010",10.45,10.52,10.29,10.52,8.54,29983400.0,,
"Aug 26, 2010",10.55,10.56,10.38,10.4,8.44,20309400.0,,
"Aug 25, 2010",10.37,10.55,10.35,10.5,8.52,22105800.0,,
"Aug 24, 2010",10.47,10.54,10.39,10.44,8.47,21180600.0,,
"Aug 23, 2010",10.73,10.76,10.58,10.58,8.59,16367400.0,,
"Aug 20, 2010",10.66,10.71,10.61,10.68,8.66,18632800.0,,
"Aug 19, 2010",10.79,10.82,10.64,10.7,8.68,27622200.0,,
"Aug 18, 2010",10.77,10.89,10.73,10.83,8.79,25232200.0,,
"Aug 17, 2010",10.76,10.86,10.72,10.77,8.74,34201200.0,,
"Aug 16, 2010",10.57,10.71,10.54,10.65,8.65,20537200.0,,
"Aug 13, 2010",10.64,10.7,10.62,10.64,8.63,12157600.0,,
"Aug 12, 2010",10.62,10.73,10.57,10.69,8.67,30331600.0,,
"Aug 11, 2010",10.93,10.94,10.8,10.84,8.79,36123000.0,,
"Aug 10, 2010",11.11,11.16,11.02,11.1,9.01,22578600.0,,
"Aug 9, 2010",11.17,11.23,11.13,11.22,9.1,27105600.0,,
"Aug 6, 2010",11.06,11.15,10.99,11.14,9.04,31234200.0,,
"Aug 5, 2010",11.15,11.19,11.1,11.17,9.06,10129600.0,,
"Aug 4, 2010",11.16,11.23,11.09,11.22,9.11,29363200.0,,
"Aug 3, 2010",11.18,11.18,11.1,11.13,9.03,10787400.0,,
"Aug 2, 2010",11.09,11.22,11.06,11.19,9.08,31420600.0,,
"Aug 2, 2010",11.09,11.22,11.06,11.19,9.08,31420600.0,,
"Jul 30, 2010",10.89,11.02,10.85,10.96,8.89,17912400.0,,
"Jul 29, 2010",11.15,11.16,10.91,11.01,8.93,21295400.0,,
"Jul 28, 2010",11.18,11.22,11.06,11.1,9.01,26353400.0,,
"Jul 27, 2010",11.2,11.23,11.14,11.19,9.08,15588400.0,,
"Jul 26, 2010",11.1,11.17,11.05,11.16,9.06,13152600.0,,
"Jul 23, 2010",10.99,11.1,10.95,11.1,9.0,20772800.0,,
"Jul 22, 2010",10.86,11.06,10.86,11.02,8.94,23437600.0,,
"Jul 21, 2010",10.94,10.95,10.69,10.73,8.71,33310200.0,,
"Jul 20, 2010",10.6,10.88,10.56,10.86,8.81,31219600.0,,
"Jul 19, 2010",10.73,10.81,10.68,10.79,8.76,14704600.0,,
"Jul 16, 2010",10.9,10.93,10.68,10.69,8.67,30216200.0,,
"Jul 15, 2010",10.94,11.01,10.82,11.0,8.93,24839000.0,,
"Jul 14, 2010",10.94,11.03,10.9,10.97,8.9,24766800.0,,
"Jul 13, 2010",10.85,10.94,10.78,10.9,8.85,20582000.0,,
"Jul 12, 2010",10.67,10.79,10.67,10.74,8.72,17427200.0,,
"Jul 9, 2010",10.64,10.69,10.61,10.69,8.68,15716400.0,,
"Jul 8, 2010",10.68,10.68,10.52,10.64,8.63,17332800.0,,
"Jul 7, 2010",10.26,10.59,10.24,10.57,8.58,25780600.0,,
"Jul 6, 2010",10.31,10.38,10.14,10.24,8.31,30672400.0,,
"Jul 2, 2010",10.2,10.24,10.07,10.15,8.23,17022000.0,,
"Jul 1, 2010",10.2,10.27,10.01,10.16,8.24,45810800.0,,
"Jun 30, 2010",10.31,10.4,10.17,10.2,8.28,25000000.0,,
"Jun 29, 2010",10.58,10.6,10.28,10.36,8.41,39667200.0,,
"Jun 28, 2010",10.73,10.81,10.67,10.76,8.73,20527200.0,,
"Jun 25, 2010",10.81,10.82,10.65,10.74,8.72,31331000.0,,
"Jun 24, 2010",10.92,10.95,10.73,10.75,8.72,30528200.0,,
"Jun 23, 2010",11.02,11.06,10.89,10.97,8.9,18819600.0,,
"Jun 22, 2010",11.12,11.2,10.98,10.99,8.92,20366800.0,,
"Jun 21, 2010",11.29,11.31,11.03,11.09,9.0,17484400.0,,
"Jun 18, 2010",,,,,,,Dividend,0.0395
"Jun 18, 2010",11.18,11.23,11.13,11.16,9.06,14238600.0,,
"Jun 17, 2010",11.22,11.23,11.09,11.2,9.06,19837200.0,,
"Jun 16, 2010",11.09,11.2,11.06,11.16,9.03,15507600.0,,
"Jun 15, 2010",10.91,11.15,10.9,11.14,9.0,23053600.0,,
"Jun 14, 2010",10.98,11.02,10.84,10.85,8.77,26047600.0,,
"Jun 11, 2010",10.66,10.89,10.66,10.87,8.79,21450600.0,,
"Jun 10, 2010",10.64,10.78,10.61,10.77,8.71,28425600.0,,
"Jun 9, 2010",10.65,10.75,10.47,10.52,8.51,26627000.0,,
"Jun 8, 2010",10.57,10.6,10.41,10.57,8.55,26650400.0,,
"Jun 7, 2010",10.77,10.8,10.53,10.56,8.54,21086400.0,,
"Jun 4, 2010",10.83,10.98,10.67,10.71,8.66,36989000.0,,
"Jun 3, 2010",10.99,11.09,10.93,11.06,8.95,25170000.0,,
"Jun 2, 2010",10.77,10.95,10.7,10.95,8.86,20760000.0,,
"Jun 1, 2010",10.77,10.94,10.7,10.72,8.66,26467000.0,,
"May 28, 2010",10.91,10.92,10.74,10.82,8.75,24232600.0,,
"May 27, 2010",10.79,10.92,10.76,10.91,8.82,38243400.0,,
"May 26, 2010",10.76,10.86,10.52,10.55,8.53,48645200.0,,
"May 25, 2010",10.41,10.68,10.34,10.65,8.62,36575800.0,,
"May 24, 2010",10.74,10.83,10.67,10.69,8.64,25923400.0,,
"May 21, 2010",10.47,10.8,10.43,10.73,8.68,42044000.0,,
"May 20, 2010",10.83,10.85,10.62,10.65,8.62,39636800.0,,
"May 19, 2010",11.06,11.15,10.91,11.01,8.9,53445200.0,,
"May 18, 2010",11.34,11.35,11.04,11.09,8.97,45030400.0,,
"May 17, 2010",11.23,11.27,11.03,11.26,9.11,29975200.0,,
"May 14, 2010",11.32,11.35,11.09,11.2,9.06,32993200.0,,
"May 13, 2010",11.56,11.64,11.4,11.43,9.24,22879600.0,,
"May 12, 2010",11.38,11.6,11.38,11.6,9.38,23624200.0,,
"May 11, 2010",11.26,11.5,11.24,11.3,9.14,25730000.0,,
"May 10, 2010",11.35,11.43,11.27,11.38,9.2,46776400.0,,
"May 7, 2010",11.07,11.15,10.63,10.88,8.79,50444200.0,,
"May 6, 2010",11.39,11.49,10.32,11.12,8.99,51044800.0,,
"May 5, 2010",11.4,11.55,11.39,11.47,9.27,26930000.0,,
"May 4, 2010",11.72,11.73,11.44,11.52,9.31,29680600.0,,
"May 3, 2010",11.73,11.9,11.73,11.85,9.59,13769000.0,,
"Apr 30, 2010",11.94,11.95,11.69,11.69,9.46,21095200.0,,
"Apr 29, 2010",11.88,11.97,11.85,11.94,9.66,18107200.0,,
"Apr 28, 2010",11.86,11.86,11.72,11.82,9.56,25521400.0,,
"Apr 27, 2010",11.98,12.03,11.77,11.79,9.53,56498000.0,,
"Apr 26, 2010",12.06,12.08,12.01,12.02,9.72,19625800.0,,
"Apr 23, 2010",12.01,12.06,11.94,12.04,9.74,25740400.0,,
"Apr 22, 2010",11.86,12.02,11.78,12.01,9.71,8321000.0,,
"Apr 21, 2010",12.02,12.04,11.92,11.98,9.69,18800600.0,,
"Apr 20, 2010",11.93,11.98,11.86,11.95,9.67,13887000.0,,
"Apr 19, 2010",11.85,11.91,11.76,11.89,9.61,17533600.0,,
"Apr 16, 2010",11.95,12.01,11.81,11.86,9.59,30402400.0,,
"Apr 15, 2010",11.98,12.03,11.94,12.02,9.72,18980400.0,,
"Apr 14, 2010",11.9,11.98,11.88,11.97,9.68,29962600.0,,
"Apr 13, 2010",11.75,11.82,11.71,11.8,9.54,11877200.0,,
"Apr 12, 2010",11.75,11.81,11.74,11.77,9.51,8320800.0,,
"Apr 9, 2010",11.68,11.74,11.64,11.74,9.49,10978600.0,,
"Apr 8, 2010",11.59,11.66,11.53,11.65,9.42,16910400.0,,
"Apr 7, 2010",11.64,11.69,11.57,11.63,9.4,11420600.0,,
"Apr 6, 2010",11.63,11.7,11.58,11.68,9.44,10143800.0,,
"Apr 5, 2010",11.57,11.67,11.47,11.66,9.43,9699200.0,,
"Apr 1, 2010",11.58,11.65,11.45,11.53,9.32,18213400.0,,
"Mar 31, 2010",11.55,11.59,11.5,11.55,9.34,9356400.0,,
"Mar 30, 2010",11.56,11.63,11.52,11.59,9.37,10629000.0,,
"Mar 29, 2010",11.55,11.6,11.52,11.53,9.33,15494400.0,,
"Mar 26, 2010",11.59,11.6,11.48,11.5,9.3,17161200.0,,
"Mar 25, 2010",11.61,11.69,11.53,11.56,9.34,16660400.0,,
"Mar 24, 2010",11.53,11.57,11.5,11.53,9.33,11754200.0,,
"Mar 23, 2010",11.52,11.6,11.47,11.59,9.37,11956800.0,,
"Mar 22, 2010",11.34,11.53,11.33,11.48,9.28,16861600.0,,
"Mar 19, 2010",,,,,,,Dividend,0.0365
"Mar 19, 2010",11.4,11.52,11.35,11.4,9.21,18086000.0,,
"Mar 18, 2010",11.48,11.52,11.47,11.5,9.27,9003200.0,,
"Mar 17, 2010",11.47,11.55,11.44,11.48,9.26,19621000.0,,
"Mar 16, 2010",11.36,11.45,11.35,11.45,9.23,13229600.0,,
"Mar 15, 2010",11.34,11.38,11.28,11.36,9.16,17564000.0,,
"Mar 15, 2010",11.34,11.38,11.28,11.36,9.16,17564000.0,,
"Mar 12, 2010",11.41,11.48,11.35,11.38,9.17,14918400.0,,
"Mar 11, 2010",11.31,11.39,11.29,11.39,9.18,10907400.0,,
"Mar 10, 2010",11.27,11.36,11.26,11.34,9.14,33817000.0,,
"Mar 9, 2010",11.2,11.34,11.18,11.27,9.08,24003800.0,,
"Mar 8, 2010",11.18,11.23,11.16,11.22,9.04,11718800.0,,
"Mar 5, 2010",11.1,11.17,11.06,11.15,8.99,14095800.0,,
"Mar 4, 2010",10.99,11.03,10.91,11.02,8.88,7247600.0,,
"Mar 3, 2010",11.0,11.03,10.94,10.98,8.85,16663600.0,,
"Mar 2, 2010",11.03,11.06,10.94,10.97,8.84,14023800.0,,
"Mar 1, 2010",10.9,10.99,10.88,10.98,8.85,12843600.0,,
"Feb 26, 2010",10.83,10.88,10.78,10.85,8.74,19404000.0,,
"Feb 25, 2010",10.72,10.85,10.65,10.83,8.73,23315000.0,,
"Feb 24, 2010",10.81,10.9,10.8,10.86,8.75,15078000.0,,
"Feb 23, 2010",10.88,10.89,10.71,10.76,8.67,20971400.0,,
"Feb 22, 2010",10.97,10.97,10.87,10.89,8.78,14074600.0,,
"Feb 19, 2010",10.88,10.97,10.86,10.91,8.79,13535600.0,,
"Feb 18, 2010",10.86,10.96,10.84,10.94,8.82,11527600.0,,
"Feb 17, 2010",10.89,10.89,10.81,10.87,8.76,17806600.0,,
"Feb 16, 2010",10.74,10.84,10.72,10.84,8.74,20466600.0,,
"Feb 12, 2010",10.59,10.7,10.52,10.68,8.61,30286000.0,,
"Feb 11, 2010",10.55,10.7,10.48,10.66,8.59,30349600.0,,
"Feb 10, 2010",10.6,10.62,10.48,10.55,8.5,20846800.0,,
"Feb 9, 2010",10.6,10.68,10.51,10.58,8.53,31774800.0,,
"Feb 8, 2010",10.55,10.61,10.48,10.49,8.46,45887600.0,,
"Feb 5, 2010",10.44,10.56,10.35,10.53,8.49,46507400.0,,
"Feb 4, 2010",10.66,10.69,10.42,10.43,8.41,32978200.0,,
"Feb 3, 2010",10.66,10.76,10.65,10.73,8.65,29566400.0,,
"Feb 2, 2010",10.64,10.73,10.57,10.7,8.63,27391200.0,,
"Feb 1, 2010",10.53,10.63,10.52,10.6,8.54,38415000.0,,
"Jan 29, 2010",10.77,10.78,10.43,10.48,8.45,53794800.0,,
"Jan 28, 2010",10.93,10.94,10.62,10.66,8.6,46278600.0,,
"Jan 27, 2010",10.9,11.01,10.81,10.98,8.85,35370000.0,,
"Jan 26, 2010",10.9,11.02,10.84,10.89,8.78,32250600.0,,
"Jan 25, 2010",10.93,10.99,10.86,10.92,8.8,66680200.0,,
"Jan 22, 2010",11.2,11.2,10.81,10.83,8.73,67402400.0,,
"Jan 21, 2010",11.38,11.43,11.19,11.22,9.04,25606800.0,,
"Jan 20, 2010",11.44,11.44,11.23,11.34,9.14,29398000.0,,
"Jan 19, 2010",11.35,11.52,11.35,11.52,9.29,14965600.0,,
"Jan 15, 2010",11.51,11.52,11.3,11.33,9.13,27066600.0,,
"Jan 14, 2010",11.45,11.53,11.44,11.49,9.26,15013200.0,,
"Jan 13, 2010",11.4,11.48,11.3,11.46,9.24,20107400.0,,
"Jan 12, 2010",11.41,11.43,11.31,11.35,9.15,19485600.0,,
"Jan 11, 2010",11.57,11.57,11.42,11.48,9.25,30477800.0,,
"Jan 8, 2010",11.43,11.53,11.39,11.52,9.29,23772400.0,,
"Jan 7, 2010",11.5,11.5,11.4,11.44,9.23,14584800.0,,
"Jan 6, 2010",11.62,11.63,11.48,11.49,9.26,20048200.0,,
"Jan 5, 2010",11.65,11.65,11.55,11.62,9.37,39976400.0,,
"Jan 4, 2010",11.57,11.65,11.55,11.64,9.38,16898800.0,,
"Dec 31, 2009",11.57,11.59,11.44,11.47,9.24,11526200.0,,
"Dec 30, 2009",11.51,11.57,11.49,11.56,9.32,11367000.0,,
"Dec 29, 2009",11.56,11.56,11.51,11.52,9.29,7698800.0,,
"Dec 28, 2009",11.52,11.56,11.48,11.54,9.3,18266600.0,,
"Dec 24, 2009",11.44,11.51,11.41,11.51,9.27,3333200.0,,
"Dec 23, 2009",11.38,11.41,11.34,11.4,9.19,10980400.0,,
"Dec 22, 2009",11.3,11.35,11.29,11.35,9.15,7604000.0,,
"Dec 21, 2009",11.23,11.31,11.2,11.27,9.08,12415400.0,,
"Dec 18, 2009",,,,,,,Dividend,0.0395
"Dec 18, 2009",11.11,11.18,11.06,11.16,9.0,14629200.0,,
"Dec 17, 2009",11.14,11.14,11.03,11.04,8.87,10250200.0,,
"Dec 16, 2009",11.19,11.23,11.15,11.18,8.98,8966000.0,,
"Dec 15, 2009",11.19,11.23,11.1,11.14,8.95,10167600.0,,
"Dec 14, 2009",11.2,11.23,11.15,11.21,9.0,23433000.0,,
"Dec 11, 2009",11.19,11.2,11.09,11.12,8.93,8196000.0,,
"Dec 10, 2009",11.14,11.19,11.13,11.15,8.95,21856800.0,,
"Dec 9, 2009",11.01,11.1,10.94,11.1,8.91,14958600.0,,
"Dec 8, 2009",11.04,11.09,10.95,10.99,8.83,17652600.0,,
"Dec 7, 2009",11.12,11.15,11.06,11.09,8.91,13269000.0,,
"Dec 4, 2009",11.15,11.23,11.0,11.11,8.92,22041600.0,,
"Dec 3, 2009",11.09,11.14,11.02,11.04,8.87,12896600.0,,
"Dec 2, 2009",11.05,11.14,11.02,11.03,8.86,10424400.0,,
"Dec 1, 2009",10.96,11.07,10.95,11.05,8.88,17054200.0,,
"Nov 30, 2009",10.85,10.9,10.78,10.88,8.73,13966400.0,,
"Nov 27, 2009",10.77,10.93,10.73,10.85,8.72,10515000.0,,
"Nov 25, 2009",11.03,11.06,11.01,11.03,8.86,7015200.0,,
"Nov 24, 2009",11.03,11.03,10.95,11.02,8.85,14025200.0,,
"Nov 23, 2009",10.95,11.06,10.94,11.03,8.86,14472200.0,,
"Nov 20, 2009",10.83,10.87,10.81,10.85,8.71,11102600.0,,
"Nov 19, 2009",10.98,10.99,10.84,10.9,8.75,21146800.0,,
"Nov 18, 2009",11.1,11.1,10.99,11.06,8.88,8421400.0,,
"Nov 17, 2009",11.02,11.12,11.02,11.12,8.93,9999800.0,,
"Nov 16, 2009",11.0,11.09,10.97,11.07,8.89,16005200.0,,
"Nov 13, 2009",10.9,10.98,10.82,10.95,8.8,10872400.0,,
"Nov 12, 2009",10.93,10.98,10.84,10.85,8.71,12722800.0,,
"Nov 11, 2009",10.93,10.96,10.86,10.93,8.78,10423200.0,,
"Nov 10, 2009",10.85,10.9,10.81,10.86,8.73,10734600.0,,
"Nov 9, 2009",10.71,10.9,10.68,10.87,8.73,14874800.0,,
"Nov 6, 2009",10.56,10.65,10.53,10.63,8.53,9924200.0,,
"Nov 5, 2009",10.53,10.64,10.51,10.61,8.52,13478400.0,,
"Nov 4, 2009",10.37,10.51,10.37,10.39,8.34,15870800.0,,
"Nov 3, 2009",10.28,10.32,10.23,10.32,8.29,30066000.0,,
"Nov 2, 2009",10.31,10.44,10.23,10.36,8.33,33501600.0,,
"Oct 30, 2009",10.57,10.57,10.3,10.31,8.28,22670000.0,,
"Oct 29, 2009",10.48,10.6,10.43,10.59,8.5,21452200.0,,
"Oct 28, 2009",10.47,10.56,10.38,10.39,8.34,26111200.0,,
"Oct 27, 2009",10.6,10.66,10.5,10.54,8.47,18711800.0,,
"Oct 26, 2009",10.69,10.8,10.57,10.6,8.51,21219000.0,,
"Oct 23, 2009",10.84,10.85,10.62,10.66,8.57,32998000.0,,
"Oct 22, 2009",10.65,10.73,10.57,10.69,8.59,20659400.0,,
"Oct 21, 2009",10.65,10.81,10.61,10.65,8.55,18116800.0,,
"Oct 21, 2009",10.65,10.81,10.61,10.65,8.55,18116800.0,,
"Oct 20, 2009",10.74,10.75,10.59,10.64,8.55,14169200.0,,
"Oct 19, 2009",10.59,10.68,10.55,10.68,8.57,18320800.0,,
"Oct 16, 2009",10.61,10.62,10.5,10.56,8.48,14431200.0,,
"Oct 15, 2009",10.63,10.66,10.59,10.66,8.56,11443000.0,,
"Oct 14, 2009",10.7,10.7,10.62,10.68,8.58,18362400.0,,
"Oct 13, 2009",10.52,10.58,10.48,10.56,8.48,9602200.0,,
"Oct 12, 2009",10.55,10.57,10.46,10.52,8.45,7997600.0,,
"Oct 9, 2009",10.4,10.51,10.39,10.51,8.44,18425600.0,,
"Oct 8, 2009",10.46,10.49,10.38,10.44,8.39,9998600.0,,
"Oct 7, 2009",10.37,10.4,10.32,10.38,8.33,10382400.0,,
"Oct 6, 2009",10.26,10.4,10.25,10.4,8.35,16493000.0,,
"Oct 5, 2009",10.15,10.23,10.08,10.21,8.2,12440600.0,,
"Oct 2, 2009",10.05,10.18,10.05,10.13,8.13,14310000.0,,
"Oct 1, 2009",10.39,10.39,10.13,10.13,8.13,32404800.0,,
"Sep 30, 2009",10.43,10.49,10.27,10.44,8.38,29816200.0,,
"Sep 29, 2009",10.46,10.51,10.39,10.4,8.36,22216400.0,,
"Sep 28, 2009",10.35,10.54,10.35,10.46,8.4,10126000.0,,
"Sep 25, 2009",10.32,10.39,10.27,10.29,8.26,18445000.0,,
"Sep 24, 2009",10.5,10.52,10.31,10.35,8.32,11164000.0,,
"Sep 23, 2009",10.5,10.62,10.42,10.45,8.4,13050800.0,,
"Sep 22, 2009",10.48,10.48,10.4,10.45,8.4,11379800.0,,
"Sep 21, 2009",10.38,10.44,10.34,10.4,8.35,12015800.0,,
"Sep 18, 2009",,,,,,,Dividend,0.0385
"Sep 18, 2009",10.43,10.47,10.36,10.44,8.39,13098600.0,,
"Sep 17, 2009",10.43,10.49,10.39,10.42,8.34,11453000.0,,
"Sep 16, 2009",10.43,10.49,10.35,10.46,8.37,21677200.0,,
"Sep 15, 2009",10.34,10.41,10.3,10.38,8.31,9138000.0,,
"Sep 14, 2009",10.26,10.34,10.25,10.31,8.25,9048600.0,,
"Sep 11, 2009",10.33,10.36,10.26,10.35,8.28,23523400.0,,
"Sep 10, 2009",10.2,10.34,10.17,10.34,8.27,31455000.0,,
"Sep 9, 2009",10.1,10.22,10.08,10.19,8.16,14115000.0,,
"Sep 8, 2009",10.1,10.12,10.04,10.12,8.1,6249200.0,,
"Sep 4, 2009",9.87,10.05,9.85,10.05,8.04,20509600.0,,
"Sep 3, 2009",9.88,9.88,9.76,9.87,7.9,10676800.0,,
"Sep 2, 2009",9.79,9.87,9.77,9.82,7.86,9894400.0,,
"Sep 1, 2009",9.97,10.12,9.8,9.81,7.85,27297000.0,,
"Aug 31, 2009",10.02,10.04,9.96,10.01,8.01,19650400.0,,
"Aug 28, 2009",10.23,10.28,10.07,10.14,8.11,22097000.0,,
"Aug 27, 2009",10.06,10.11,9.94,10.1,8.09,18829400.0,,
"Aug 26, 2009",10.03,10.11,10.02,10.09,8.07,11368600.0,,
"Aug 25, 2009",10.07,10.14,10.03,10.04,8.03,9226800.0,,
"Aug 24, 2009",10.07,10.14,10.02,10.02,8.01,8479800.0,,
"Aug 21, 2009",9.96,10.06,9.9,10.05,8.04,13267200.0,,
"Aug 20, 2009",9.8,9.91,9.77,9.9,7.92,7821000.0,,
"Aug 19, 2009",9.64,9.83,9.62,9.79,7.83,11440600.0,,
"Aug 18, 2009",9.66,9.77,9.65,9.77,7.81,7432200.0,,
"Aug 17, 2009",9.7,9.73,9.6,9.62,7.7,10120200.0,,
"Aug 14, 2009",9.94,9.95,9.78,9.85,7.89,6912000.0,,
"Aug 13, 2009",9.94,9.97,9.85,9.95,7.96,12151400.0,,
"Aug 12, 2009",9.73,9.98,9.71,9.9,7.93,10676800.0,,
"Aug 11, 2009",9.81,9.81,9.7,9.71,7.77,9643600.0,,
"Aug 10, 2009",9.85,9.88,9.77,9.85,7.88,24926200.0,,
"Aug 7, 2009",9.94,9.95,9.85,9.9,7.92,23483000.0,,
"Aug 6, 2009",9.9,9.91,9.76,9.8,7.84,20416400.0,,
"Aug 5, 2009",10.0,10.0,9.82,9.86,7.89,10024200.0,,
"Aug 4, 2009",9.93,9.97,9.9,9.95,7.97,11643000.0,,
"Aug 3, 2009",9.98,9.98,9.89,9.98,7.99,15641400.0,,
"Jul 31, 2009",9.89,9.94,9.84,9.85,7.88,13465600.0,,
"Jul 30, 2009",9.94,10.03,9.86,9.89,7.91,22961200.0,,
"Jul 29, 2009",9.8,9.84,9.73,9.84,7.87,11856800.0,,
"Jul 28, 2009",9.76,9.86,9.69,9.85,7.88,11774400.0,,
"Jul 27, 2009",9.84,9.84,9.72,9.82,7.86,11474600.0,,
"Jul 24, 2009",9.75,9.84,9.68,9.82,7.86,21417000.0,,
"Jul 23, 2009",9.69,9.94,9.67,9.89,7.91,26817200.0,,
"Jul 22, 2009",9.64,9.73,9.61,9.69,7.76,14524600.0,,
"Jul 21, 2009",9.62,9.64,9.52,9.64,7.71,31625400.0,,
"Jul 20, 2009",9.55,9.6,9.5,9.59,7.67,41402200.0,,
"Jul 17, 2009",9.41,9.5,9.37,9.5,7.6,36892200.0,,
"Jul 16, 2009",9.25,9.42,9.22,9.41,7.53,17033000.0,,
"Jul 15, 2009",9.1,9.28,9.07,9.27,7.42,16611200.0,,
"Jul 14, 2009",8.91,8.94,8.85,8.94,7.15,13903600.0,,
"Jul 13, 2009",8.76,8.93,8.65,8.93,7.15,16473800.0,,
"Jul 10, 2009",8.7,8.78,8.66,8.77,7.01,20055400.0,,
"Jul 9, 2009",8.72,8.77,8.69,8.73,6.99,28062400.0,,
"Jul 8, 2009",8.7,8.73,8.57,8.68,6.94,17221800.0,,
"Jul 7, 2009",8.9,8.93,8.67,8.67,6.94,8982600.0,,
"Jul 6, 2009",8.88,8.94,8.81,8.89,7.11,11724600.0,,
"Jul 2, 2009",9.06,9.06,8.91,8.91,7.13,18547800.0,,
"Jul 1, 2009",9.16,9.23,9.13,9.15,7.32,22071400.0,,
"Jun 30, 2009",9.19,9.22,9.04,9.1,7.29,15497600.0,,
"Jun 29, 2009",9.1,9.2,9.09,9.18,7.34,10663000.0,,
"Jun 26, 2009",9.06,9.13,9.04,9.08,7.27,17909400.0,,
"Jun 25, 2009",8.92,9.13,8.88,9.1,7.28,17386600.0,,
"Jun 24, 2009",8.92,9.03,8.9,8.97,7.17,13363400.0,,
"Jun 23, 2009",8.85,8.87,8.77,8.84,7.07,11561400.0,,
"Jun 22, 2009",8.98,9.0,8.81,8.84,7.07,15364400.0,,
"Jun 19, 2009",,,,,,,Dividend,0.0405
"Jun 19, 2009",9.03,9.09,8.98,9.06,7.25,22896600.0,,
"Jun 18, 2009",9.03,9.06,8.97,8.99,7.16,13541800.0,,
"Jun 17, 2009",9.01,9.1,8.94,9.03,7.19,15441800.0,,
"Jun 16, 2009",9.12,9.14,8.96,8.98,7.15,13599400.0,,
"Jun 15, 2009",9.12,9.16,9.01,9.1,7.25,13549400.0,,
"Jun 12, 2009",9.19,9.22,9.1,9.19,7.32,11411200.0,,
"Jun 11, 2009",9.19,9.31,9.15,9.22,7.34,12335600.0,,
"Jun 10, 2009",9.21,9.24,9.05,9.18,7.31,10700000.0,,
"Jun 9, 2009",9.18,9.23,9.1,9.15,7.29,12225400.0,,
"Jun 8, 2009",9.08,9.16,8.96,9.11,7.26,13437600.0,,
"Jun 5, 2009",9.16,9.2,9.07,9.17,7.31,19307800.0,,
"Jun 4, 2009",9.02,9.1,9.01,9.08,7.23,18743600.0,,
"Jun 4, 2009",9.02,9.1,9.01,9.08,7.23,18743600.0,,
"Jun 3, 2009",9.02,9.02,8.89,8.95,7.13,11487800.0,,
"Jun 2, 2009",9.02,9.15,8.98,9.06,7.21,13743800.0,,
"Jun 1, 2009",8.94,9.1,8.91,9.07,7.23,15874200.0,,
"May 29, 2009",8.76,8.84,8.67,8.82,7.03,10793600.0,,
"May 28, 2009",8.71,8.77,8.56,8.73,6.95,12355800.0,,
"May 27, 2009",8.69,8.8,8.6,8.6,6.85,15429800.0,,
"May 26, 2009",8.38,8.71,8.35,8.69,6.92,11486800.0,,
"May 22, 2009",8.48,8.52,8.35,8.47,6.75,10869400.0,,
"May 21, 2009",8.52,8.56,8.36,8.44,6.72,12901600.0,,
"May 20, 2009",8.74,8.78,8.58,8.59,6.84,17401600.0,,
"May 19, 2009",8.59,8.75,8.57,8.68,6.91,14238000.0,,
"May 18, 2009",8.5,8.63,8.45,8.63,6.87,8677400.0,,
"May 15, 2009",8.48,8.53,8.4,8.4,6.69,14036600.0,,
"May 14, 2009",8.37,8.5,8.35,8.4,6.69,13505000.0,,
"May 13, 2009",8.48,8.49,8.31,8.31,6.62,26418800.0,,
"May 12, 2009",8.63,8.65,8.48,8.52,6.79,11605600.0,,
"May 11, 2009",8.47,8.66,8.45,8.57,6.83,11392000.0,,
"May 8, 2009",8.66,8.69,8.47,8.55,6.81,13724600.0,,
"May 7, 2009",8.91,8.94,8.52,8.56,6.82,36639400.0,,
"May 6, 2009",8.94,8.94,8.76,8.9,7.09,14494800.0,,
"May 5, 2009",8.85,8.88,8.77,8.85,7.05,9088200.0,,
"May 4, 2009",8.8,8.91,8.75,8.9,7.09,9104200.0,,
"May 1, 2009",8.65,8.74,8.56,8.74,6.96,7022400.0,,
"Apr 30, 2009",8.74,8.84,8.6,8.63,6.87,25428400.0,,
"Apr 29, 2009",8.57,8.73,8.53,8.6,6.85,11049400.0,,
"Apr 28, 2009",8.47,8.57,8.4,8.51,6.78,14151400.0,,
"Apr 27, 2009",8.48,8.64,8.47,8.51,6.78,8749200.0,,
"Apr 24, 2009",8.5,8.63,8.43,8.55,6.81,10391000.0,,
"Apr 23, 2009",8.45,8.46,8.26,8.43,6.72,13641800.0,,
"Apr 22, 2009",8.32,8.56,8.3,8.39,6.68,18245600.0,,
"Apr 21, 2009",8.18,8.36,8.15,8.35,6.65,4293800.0,,
"Apr 20, 2009",8.35,8.35,8.19,8.21,6.54,10750600.0,,
"Apr 17, 2009",8.5,8.52,8.4,8.48,6.76,17962800.0,,
"Apr 16, 2009",8.36,8.53,8.3,8.49,6.77,29548600.0,,
"Apr 15, 2009",8.21,8.27,8.14,8.25,6.57,11345800.0,,
"Apr 14, 2009",8.35,8.36,8.23,8.27,6.59,10869200.0,,
"Apr 13, 2009",8.39,8.44,8.3,8.36,6.66,11552800.0,,
"Apr 9, 2009",8.35,8.47,8.31,8.36,6.66,30211600.0,,
"Apr 8, 2009",8.17,8.26,8.1,8.16,6.5,10671000.0,,
"Apr 7, 2009",8.17,8.2,8.03,8.04,6.4,12568400.0,,
"Apr 6, 2009",8.27,8.31,8.13,8.27,6.59,30654000.0,,
"Apr 3, 2009",8.27,8.39,8.22,8.35,6.66,30178400.0,,
"Apr 2, 2009",8.18,8.41,8.13,8.24,6.56,14645800.0,,
"Apr 1, 2009",7.72,8.04,7.7,8.03,6.4,12126400.0,,
"Mar 31, 2009",7.78,7.96,7.76,7.81,6.22,10078200.0,,
"Mar 30, 2009",7.78,7.78,7.59,7.66,6.11,12785400.0,,
"Mar 27, 2009",8.02,8.02,7.89,7.91,6.3,12588600.0,,
"Mar 26, 2009",7.99,8.1,7.91,8.09,6.44,16755400.0,,
"Mar 25, 2009",7.91,8.0,7.67,7.88,6.28,18962800.0,,
"Mar 24, 2009",7.89,7.97,7.83,7.84,6.24,11955200.0,,
"Mar 23, 2009",7.7,7.97,7.63,7.97,6.35,10848600.0,,
"Mar 20, 2009",,,,,,,Dividend,0.0385
"Mar 20, 2009",7.67,7.74,7.47,7.52,5.99,10532000.0,,
"Mar 19, 2009",7.8,7.82,7.62,7.68,6.08,12457200.0,,
"Mar 18, 2009",7.51,7.78,7.47,7.66,6.07,21289600.0,,
"Mar 17, 2009",7.3,7.55,7.26,7.55,5.98,11355200.0,,
"Mar 16, 2009",7.41,7.45,7.26,7.28,5.77,9802400.0,,
"Mar 13, 2009",7.37,7.4,7.25,7.35,5.83,13471400.0,,
"Mar 12, 2009",7.18,7.38,7.09,7.35,5.83,16177800.0,,
"Mar 11, 2009",7.09,7.22,7.02,7.14,5.66,28460000.0,,
"Mar 10, 2009",6.68,7.02,6.66,6.99,5.54,49537600.0,,
"Mar 9, 2009",6.68,6.84,6.54,6.61,5.24,18855000.0,,
"Mar 6, 2009",6.91,6.93,6.59,6.82,5.41,46663200.0,,
"Mar 5, 2009",6.92,7.02,6.78,6.79,5.38,13908600.0,,
"Mar 4, 2009",6.96,7.14,6.92,7.01,5.55,12826000.0,,
"Mar 3, 2009",6.93,6.97,6.79,6.82,5.41,14889600.0,,
"Mar 2, 2009",6.97,7.09,6.84,6.89,5.46,14689400.0,,
"Feb 27, 2009",7.03,7.2,7.01,7.06,5.6,13934400.0,,
"Feb 26, 2009",7.22,7.34,7.1,7.11,5.64,14137000.0,,
"Feb 25, 2009",7.15,7.32,7.01,7.18,5.7,36860200.0,,
"Feb 24, 2009",6.99,7.22,6.95,7.12,5.64,16381400.0,,
"Feb 23, 2009",7.3,7.31,6.91,6.93,5.5,28396800.0,,
"Feb 20, 2009",7.13,7.32,7.11,7.27,5.76,24569200.0,,
"Feb 19, 2009",7.45,7.45,7.2,7.2,5.71,13666400.0,,
"Feb 18, 2009",7.48,7.5,7.32,7.38,5.85,13326400.0,,
"Feb 17, 2009",7.5,7.52,7.38,7.38,5.85,12472000.0,,
"Feb 13, 2009",7.72,7.85,7.7,7.7,6.1,7834200.0,,
"Feb 12, 2009",7.63,7.75,7.5,7.73,6.13,11572200.0,,
"Feb 11, 2009",7.68,7.76,7.6,7.7,6.1,11357000.0,,
"Feb 10, 2009",7.97,8.04,7.64,7.68,6.09,17649000.0,,
"Feb 9, 2009",8.01,8.07,7.95,8.01,6.35,9208800.0,,
"Feb 6, 2009",7.78,8.06,7.76,7.99,6.33,15331400.0,,
"Feb 5, 2009",7.51,7.82,7.49,7.72,6.12,17939000.0,,
"Feb 4, 2009",7.63,7.82,7.59,7.6,6.02,11547800.0,,
"Feb 3, 2009",7.49,7.64,7.39,7.61,6.03,12651800.0,,
"Feb 2, 2009",7.3,7.55,7.28,7.45,5.91,9860600.0,,
"Jan 30, 2009",7.61,7.61,7.34,7.34,5.82,10148800.0,,
"Jan 29, 2009",7.72,7.72,7.53,7.57,6.0,10149800.0,,
"Jan 28, 2009",7.7,7.89,7.66,7.8,6.18,14272800.0,,
"Jan 27, 2009",7.56,7.66,7.51,7.58,6.01,12281000.0,,
"Jan 26, 2009",7.49,7.68,7.47,7.53,5.97,14685600.0,,
"Jan 23, 2009",7.2,7.58,7.2,7.45,5.9,14874600.0,,
"Jan 22, 2009",7.35,7.47,7.22,7.34,5.82,14986000.0,,
"Jan 21, 2009",7.34,7.51,7.22,7.51,5.95,11724800.0,,
"Jan 20, 2009",7.45,7.49,7.15,7.16,5.68,33716200.0,,
"Jan 16, 2009",7.56,7.58,7.32,7.47,5.92,14892800.0,,
"Jan 15, 2009",7.36,7.49,7.18,7.42,5.88,15304600.0,,
"Jan 14, 2009",7.51,7.55,7.33,7.37,5.84,17025800.0,,
"Jan 13, 2009",7.66,7.7,7.54,7.6,6.02,17308400.0,,
"Jan 13, 2009",7.66,7.7,7.54,7.6,6.02,17308400.0,,
"Jan 12, 2009",7.8,7.8,7.57,7.64,6.05,10259200.0,,
"Jan 9, 2009",7.95,7.97,7.74,7.78,6.16,7885600.0,,
"Jan 8, 2009",7.84,7.97,7.8,7.95,6.3,11421600.0,,
"Jan 7, 2009",8.03,8.03,7.84,7.89,6.26,12422000.0,,
"Jan 6, 2009",8.06,8.23,8.02,8.15,6.46,16853800.0,,
"Jan 5, 2009",7.95,8.02,7.86,7.97,6.32,12531400.0,,
"Jan 2, 2009",7.75,8.03,7.69,7.99,6.34,8959600.0,,
"Dec 31, 2008",7.64,7.8,7.61,7.7,6.11,8277400.0,,
"Dec 30, 2008",7.49,7.64,7.49,7.61,6.03,8545800.0,,
"Dec 29, 2008",7.53,7.53,7.36,7.47,5.92,6016400.0,,
"Dec 26, 2008",7.51,7.53,7.47,7.47,5.92,4247400.0,,
"Dec 24, 2008",7.49,7.51,7.46,7.47,5.92,3326600.0,,
"Dec 23, 2008",7.59,7.64,7.42,7.43,5.89,11170600.0,,
"Dec 22, 2008",7.64,7.68,7.4,7.53,5.97,15816000.0,,
"Dec 19, 2008",,,,,,,Dividend,0.0405
"Dec 19, 2008",7.71,7.8,7.64,7.64,6.05,34642200.0,,
"Dec 18, 2008",7.86,7.87,7.57,7.61,6.0,17684200.0,,
"Dec 17, 2008",7.85,7.95,7.72,7.83,6.17,16309200.0,,
"Dec 16, 2008",7.99,7.99,7.63,7.99,6.3,19651200.0,,
"Dec 15, 2008",7.74,7.74,7.47,7.59,5.98,11140400.0,,
"Dec 12, 2008",7.36,7.78,7.36,7.68,6.05,15700200.0,,
"Dec 11, 2008",7.69,7.84,7.53,7.59,5.98,35361800.0,,
"Dec 10, 2008",7.85,7.94,7.7,7.75,6.11,13966400.0,,
"Dec 9, 2008",7.74,8.04,7.72,7.82,6.16,16336600.0,,
"Dec 8, 2008",7.7,7.97,7.64,7.86,6.2,18814000.0,,
"Dec 5, 2008",7.16,7.53,7.01,7.51,5.92,20803400.0,,
"Dec 4, 2008",7.38,7.53,7.13,7.23,5.7,20125000.0,,
"Dec 3, 2008",7.17,7.55,7.15,7.53,5.94,19319800.0,,
"Dec 2, 2008",7.2,7.36,7.07,7.32,5.78,16009200.0,,
"Dec 1, 2008",7.49,7.49,7.07,7.07,5.58,12596000.0,,
"Nov 28, 2008",7.49,7.66,7.49,7.63,6.01,3718000.0,,
"Nov 26, 2008",7.2,7.64,7.18,7.61,6.0,17516400.0,,
"Nov 25, 2008",7.45,7.53,7.14,7.39,5.82,25723400.0,,
"Nov 24, 2008",7.09,7.45,7.03,7.28,5.74,23877000.0,,
"Nov 21, 2008",6.68,6.95,6.47,6.95,5.48,40298400.0,,
"Nov 20, 2008",6.78,7.12,6.54,6.59,5.2,38023400.0,,
"Nov 19, 2008",7.28,7.38,6.88,6.89,5.43,16502200.0,,
"Nov 18, 2008",7.22,7.34,7.0,7.3,5.75,16192000.0,,
"Nov 17, 2008",7.28,7.44,7.16,7.2,5.67,19138800.0,,
"Nov 14, 2008",7.59,7.78,7.35,7.41,5.84,22160000.0,,
"Nov 13, 2008",7.28,7.78,6.93,7.76,6.12,29438000.0,,
"Nov 12, 2008",7.53,7.57,7.28,7.3,5.76,14837000.0,,
"Nov 11, 2008",7.79,7.82,7.57,7.66,6.04,30540800.0,,
"Nov 10, 2008",8.11,8.11,7.74,7.84,6.18,12580400.0,,
"Nov 7, 2008",7.8,7.97,7.77,7.92,6.24,18432400.0,,
"Nov 6, 2008",8.06,8.11,7.64,7.7,6.07,23825000.0,,
"Nov 5, 2008",8.51,8.57,8.14,8.15,6.43,18078800.0,,
"Nov 4, 2008",8.48,8.73,8.42,8.68,6.84,24448000.0,,
"Nov 3, 2008",8.35,8.42,8.26,8.32,6.56,13548200.0,,
"Oct 31, 2008",8.19,8.51,8.18,8.32,6.56,46909600.0,,
"Oct 30, 2008",8.32,8.45,8.14,8.38,6.6,38308400.0,,
"Oct 29, 2008",8.27,8.44,8.06,8.07,6.37,33117600.0,,
"Oct 28, 2008",7.61,8.4,7.48,8.4,6.62,24178000.0,,
"Oct 27, 2008",7.45,7.77,7.3,7.38,5.81,17504600.0,,
"Oct 24, 2008",7.17,7.76,7.14,7.53,5.94,28272200.0,,
"Oct 23, 2008",7.76,7.94,7.4,7.9,6.23,37059600.0,,
"Oct 22, 2008",8.07,8.07,7.53,7.72,6.09,22789600.0,,
"Oct 21, 2008",8.47,8.52,8.1,8.15,6.43,20008200.0,,
"Oct 20, 2008",8.4,8.6,8.19,8.6,6.78,37735000.0,,
"Oct 17, 2008",8.21,8.65,8.06,8.27,6.52,31264800.0,,
"Oct 16, 2008",7.95,8.35,7.57,8.35,6.58,39838600.0,,
"Oct 15, 2008",8.51,8.52,7.92,7.93,6.26,35791800.0,,
"Oct 14, 2008",9.19,9.23,8.47,8.58,6.76,48832800.0,,
"Oct 13, 2008",8.39,8.88,8.23,8.88,7.0,32866200.0,,
"Oct 10, 2008",7.63,8.29,7.47,7.95,6.27,63059800.0,,
"Oct 9, 2008",8.44,8.56,7.65,8.0,6.31,46289400.0,,
"Oct 8, 2008",8.15,8.68,8.15,8.27,6.52,47608200.0,,
"Oct 7, 2008",9.02,9.03,8.35,8.35,6.58,29725000.0,,
"Oct 6, 2008",9.07,9.14,8.53,8.8,6.94,40746800.0,,
"Oct 3, 2008",9.53,9.77,9.27,9.31,7.34,26107600.0,,
"Oct 2, 2008",9.63,9.69,9.34,9.45,7.45,21715800.0,,
"Oct 1, 2008",9.84,9.89,9.64,9.84,7.75,26947400.0,,
"Sep 30, 2008",9.59,9.97,9.59,9.93,7.82,20694600.0,,
"Sep 29, 2008",10.16,10.22,9.48,9.5,7.49,41041600.0,,
"Sep 26, 2008",10.09,10.46,10.07,10.4,8.2,33362600.0,,
"Sep 25, 2008",10.23,10.51,10.19,10.35,8.16,29713800.0,,
"Sep 24, 2008",10.17,10.24,10.06,10.18,8.02,14168600.0,,
"Sep 23, 2008",10.2,10.4,10.03,10.15,8.0,33454400.0,,
"Sep 22, 2008",10.52,10.57,10.13,10.15,8.01,17704400.0,,
"Sep 19, 2008",,,,,,,Dividend,0.0355
"Sep 19, 2008",11.11,11.11,10.43,10.43,8.22,22431200.0,,
"Sep 18, 2008",10.06,10.39,9.76,10.39,8.16,45571800.0,,
"Sep 17, 2008",10.25,10.33,9.49,9.96,7.83,44263200.0,,
"Sep 16, 2008",10.23,10.55,10.14,10.55,8.29,54852600.0,,
"Sep 15, 2008",10.46,10.72,10.35,10.35,8.13,40395400.0,,
"Sep 12, 2008",10.69,10.88,10.59,10.88,8.54,14368200.0,,
"Sep 11, 2008",10.58,10.82,10.48,10.82,8.51,19512600.0,,
"Sep 10, 2008",10.79,10.79,10.65,10.65,8.37,14894600.0,,
"Sep 9, 2008",10.85,10.98,10.65,10.7,8.41,16326400.0,,
"Sep 8, 2008",11.05,11.05,10.66,10.89,8.56,25333600.0,,
"Sep 5, 2008",10.68,10.84,10.63,10.76,8.45,14406200.0,,
"Sep 4, 2008",11.07,11.09,10.74,10.76,8.45,17805000.0,,
"Sep 3, 2008",11.27,11.31,11.1,11.16,8.77,13292800.0,,
"Sep 2, 2008",11.64,11.66,11.28,11.31,8.89,11437600.0,,
"Aug 29, 2008",11.55,11.59,11.38,11.38,8.94,17844800.0,,
"Aug 28, 2008",11.61,11.72,11.61,11.64,9.14,10645400.0,,
"Aug 27, 2008",11.5,11.63,11.44,11.56,9.09,7579600.0,,
"Aug 26, 2008",11.5,11.52,11.39,11.45,9.0,12225400.0,,
"Aug 25, 2008",11.61,11.66,11.48,11.5,9.04,13372600.0,,
"Aug 25, 2008",11.61,11.66,11.48,11.5,9.04,13372600.0,,
"Aug 22, 2008",11.61,11.74,11.59,11.65,9.15,5864200.0,,
"Aug 21, 2008",11.48,11.56,11.41,11.49,9.03,8122400.0,,
"Aug 20, 2008",11.57,11.66,11.49,11.53,9.06,11079400.0,,
"Aug 19, 2008",11.63,11.66,11.48,11.51,9.04,10864800.0,,
"Aug 18, 2008",11.88,11.88,11.62,11.72,9.2,9678600.0,,
"Aug 15, 2008",11.84,11.91,11.76,11.86,9.32,9372600.0,,
"Aug 14, 2008",11.71,11.88,11.64,11.82,9.29,12528000.0,,
"Aug 13, 2008",11.77,11.81,11.63,11.73,9.22,9585800.0,,
"Aug 12, 2008",11.78,11.84,11.72,11.77,9.25,9625400.0,,
"Aug 11, 2008",11.7,11.9,11.64,11.75,9.23,11214400.0,,
"Aug 8, 2008",11.43,11.7,11.41,11.68,9.17,11782000.0,,
"Aug 7, 2008",11.39,11.53,11.31,11.45,9.0,17818000.0,,
"Aug 6, 2008",11.29,11.48,11.25,11.48,9.02,12255600.0,,
"Aug 5, 2008",11.14,11.35,11.09,11.31,8.89,9737800.0,,
"Aug 4, 2008",11.09,11.14,11.0,11.1,8.73,9051200.0,,
"Aug 1, 2008",11.24,11.24,10.98,11.05,8.68,17579200.0,,
"Jul 31, 2008",11.15,11.32,11.1,11.18,8.78,11852000.0,,
"Jul 30, 2008",11.21,11.26,11.08,11.24,8.83,15122400.0,,
"Jul 29, 2008",11.01,11.19,11.0,11.16,8.77,8644400.0,,
"Jul 28, 2008",11.19,11.19,10.94,10.94,8.6,10263200.0,,
"Jul 25, 2008",11.18,11.22,11.07,11.18,8.78,20218800.0,,
"Jul 24, 2008",11.36,11.36,11.02,11.02,8.66,12680000.0,,
"Jul 23, 2008",11.2,11.39,11.15,11.31,8.89,16389400.0,,
"Jul 22, 2008",10.95,11.11,10.88,11.11,8.73,15545600.0,,
"Jul 21, 2008",11.27,11.27,11.09,11.18,8.78,9950200.0,,
"Jul 18, 2008",11.34,11.4,11.09,11.4,8.96,19338400.0,,
"Jul 17, 2008",11.3,11.41,11.17,11.27,8.86,26019400.0,,
"Jul 16, 2008",11.06,11.24,10.94,11.16,8.77,13718800.0,,
"Jul 15, 2008",10.9,11.19,10.79,11.0,8.64,22237800.0,,
"Jul 14, 2008",11.21,11.27,10.97,11.02,8.66,23662400.0,,
"Jul 11, 2008",11.1,11.27,10.96,11.11,8.73,26645200.0,,
"Jul 10, 2008",11.12,11.23,11.0,11.22,8.81,13040600.0,,
"Jul 9, 2008",11.4,11.4,11.05,11.07,8.7,11885800.0,,
"Jul 8, 2008",11.27,11.43,11.22,11.41,8.97,13348200.0,,
"Jul 7, 2008",11.3,11.44,11.11,11.3,8.88,13705600.0,,
"Jul 3, 2008",11.27,11.31,11.11,11.18,8.78,8578400.0,,
"Jul 2, 2008",11.44,11.49,11.2,11.23,8.82,13003000.0,,
"Jul 1, 2008",11.32,11.45,11.21,11.38,8.94,18498400.0,,
"Jun 30, 2008",11.4,11.53,11.37,11.45,9.0,9530800.0,,
"Jun 27, 2008",11.49,11.53,11.32,11.47,9.01,18810000.0,,
"Jun 26, 2008",11.74,11.77,11.4,11.63,9.13,10697400.0,,
"Jun 25, 2008",11.78,12.03,11.78,11.85,9.31,10264200.0,,
"Jun 24, 2008",11.72,11.88,11.6,11.75,9.23,10971200.0,,
"Jun 23, 2008",11.88,11.9,11.72,11.77,9.24,8358400.0,,
"Jun 20, 2008",,,,,,,Dividend,0.0345
"Jun 20, 2008",12.07,12.07,11.78,11.88,9.33,12916200.0,,
"Jun 19, 2008",12.01,12.24,11.91,12.13,9.5,12652600.0,,
"Jun 18, 2008",12.13,12.15,12.01,12.08,9.46,8858000.0,,
"Jun 17, 2008",12.33,12.34,12.18,12.21,9.57,8100000.0,,
"Jun 16, 2008",12.2,12.34,12.14,12.26,9.61,4927200.0,,
"Jun 13, 2008",12.13,12.3,12.07,12.23,9.58,6462800.0,,
"Jun 12, 2008",12.05,12.18,11.94,12.1,9.48,10051000.0,,
"Jun 11, 2008",12.22,12.23,11.97,11.97,9.37,11444600.0,,
"Jun 10, 2008",12.16,12.38,12.15,12.28,9.62,8567800.0,,
"Jun 9, 2008",12.45,12.45,12.2,12.34,9.66,8162600.0,,
"Jun 6, 2008",12.65,12.65,12.36,12.36,9.68,12721000.0,,
"Jun 5, 2008",12.52,12.76,12.5,12.7,9.95,7901400.0,,
"Jun 4, 2008",12.38,12.56,12.36,12.45,9.75,9887600.0,,
"Jun 3, 2008",12.52,12.62,12.33,12.43,9.73,10135000.0,,
"Jun 2, 2008",12.64,12.65,12.39,12.49,9.79,7097600.0,,
"May 30, 2008",12.66,12.73,12.63,12.68,9.93,5478800.0,,
"May 29, 2008",12.52,12.67,12.46,12.6,9.87,5021800.0,,
"May 28, 2008",12.51,12.52,12.38,12.51,9.8,10008200.0,,
"May 27, 2008",12.22,12.46,12.22,12.44,9.75,5138400.0,,
"May 23, 2008",12.25,12.3,12.15,12.24,9.59,6048600.0,,
"May 22, 2008",12.26,12.39,12.25,12.27,9.61,5496800.0,,
"May 21, 2008",12.48,12.55,12.22,12.22,9.57,8440600.0,,
"May 20, 2008",12.63,12.63,12.42,12.55,9.83,6230400.0,,
"May 19, 2008",12.74,12.85,12.63,12.75,9.99,8424400.0,,
"May 16, 2008",12.75,12.75,12.57,12.69,9.94,7263400.0,,
"May 15, 2008",12.48,12.74,12.47,12.72,9.96,5586000.0,,
"May 14, 2008",12.51,12.65,12.47,12.48,9.77,8452000.0,,
"May 13, 2008",12.39,12.46,12.34,12.45,9.75,10994000.0,,
"May 12, 2008",12.3,12.45,12.26,12.45,9.75,3302200.0,,
"May 9, 2008",12.24,12.31,12.15,12.25,9.6,5849800.0,,
"May 8, 2008",12.32,12.38,12.23,12.29,9.63,14934200.0,,
"May 7, 2008",12.43,12.52,12.22,12.27,9.61,9409600.0,,
"May 6, 2008",12.3,12.51,12.23,12.49,9.79,6996800.0,,
"May 5, 2008",12.42,12.44,12.29,12.34,9.67,3073000.0,,
"May 2, 2008",12.51,12.51,12.29,12.4,9.71,12979000.0,,
"May 1, 2008",12.09,12.43,12.07,12.4,9.72,15184600.0,,
"Apr 30, 2008",12.15,12.24,11.9,11.9,9.32,6563600.0,,
"Apr 29, 2008",12.03,12.15,12.01,12.11,9.49,5817800.0,,
"Apr 28, 2008",12.23,12.23,11.98,12.0,9.4,20443800.0,,
"Apr 25, 2008",12.15,12.19,11.91,12.0,9.4,11315600.0,,
"Apr 24, 2008",12.1,12.28,11.98,12.15,9.52,6630000.0,,
"Apr 23, 2008",11.94,12.08,11.92,12.0,9.4,7439800.0,,
"Apr 22, 2008",11.97,11.97,11.8,11.93,9.34,10162000.0,,
"Apr 21, 2008",11.88,12.01,11.85,11.98,9.39,10590200.0,,
"Apr 18, 2008",11.9,11.98,11.81,11.91,9.33,5527400.0,,
"Apr 17, 2008",11.6,11.71,11.5,11.7,9.17,5849400.0,,
"Apr 16, 2008",11.41,11.71,11.39,11.71,9.17,9298200.0,,
"Apr 15, 2008",11.28,11.31,11.15,11.25,8.81,9011200.0,,
"Apr 14, 2008",11.3,11.37,11.23,11.25,8.81,4385800.0,,
"Apr 11, 2008",11.49,11.51,11.27,11.3,8.85,14447600.0,,
"Apr 10, 2008",11.48,11.68,11.48,11.6,9.09,4426400.0,,
"Apr 9, 2008",11.57,11.57,11.39,11.51,9.02,3832200.0,,
"Apr 8, 2008",11.55,11.59,11.49,11.56,9.06,4401000.0,,
"Apr 7, 2008",11.66,11.76,11.6,11.63,9.11,3970600.0,,
"Apr 7, 2008",11.66,11.76,11.6,11.63,9.11,3970600.0,,
"Apr 4, 2008",11.68,11.73,11.53,11.62,9.1,8162600.0,,
"Apr 3, 2008",11.6,11.7,11.51,11.66,9.14,13018400.0,,
"Apr 2, 2008",11.69,11.77,11.55,11.66,9.14,7379000.0,,
"Apr 1, 2008",11.46,11.69,11.38,11.52,9.03,15338200.0,,
"Mar 31, 2008",11.26,11.35,11.18,11.2,8.77,11624400.0,,
"Mar 28, 2008",11.36,11.4,11.17,11.22,8.79,8918600.0,,
"Mar 27, 2008",11.36,11.44,11.22,11.28,8.84,14213400.0,,
"Mar 26, 2008",11.58,11.58,11.35,11.38,8.91,12907800.0,,
"Mar 25, 2008",11.63,11.64,11.48,11.6,9.09,6624800.0,,
"Mar 24, 2008",11.39,11.65,11.34,11.59,9.08,8102000.0,,
"Mar 20, 2008",,,,,,,Dividend,0.003
"Mar 20, 2008",11.02,11.27,11.02,11.19,8.77,13974200.0,,
"Mar 19, 2008",11.38,11.4,11.05,11.07,8.67,14822600.0,,
"Mar 18, 2008",11.19,11.41,11.02,11.41,8.94,12224200.0,,
"Mar 17, 2008",10.59,11.06,10.56,10.93,8.56,11432000.0,,
"Mar 14, 2008",11.19,11.26,10.85,10.98,8.6,16473800.0,,
"Mar 13, 2008",10.99,11.26,10.92,11.11,8.71,7827200.0,,
"Mar 12, 2008",11.3,11.34,11.13,11.16,8.74,8805400.0,,
"Mar 11, 2008",11.07,11.27,10.93,11.27,8.83,10623800.0,,
"Mar 10, 2008",10.98,11.04,10.85,10.89,8.53,18617800.0,,
"Mar 7, 2008",10.86,11.13,10.85,11.01,8.62,9228800.0,,
"Mar 6, 2008",11.22,11.22,10.97,11.01,8.62,6034600.0,,
"Mar 5, 2008",11.18,11.26,11.06,11.16,8.75,10598800.0,,
"Mar 4, 2008",10.95,11.11,10.86,11.09,8.68,8617800.0,,
"Mar 3, 2008",11.09,11.13,10.97,11.07,8.67,5840000.0,,
"Feb 29, 2008",11.24,11.32,11.07,11.07,8.67,8987000.0,,
"Feb 28, 2008",11.44,11.52,11.31,11.31,8.85,5410000.0,,
"Feb 27, 2008",11.41,11.52,11.27,11.45,8.97,5043000.0,,
"Feb 26, 2008",11.27,11.48,11.19,11.44,8.96,6198800.0,,
"Feb 25, 2008",11.2,11.35,11.15,11.31,8.86,4957200.0,,
"Feb 22, 2008",11.25,11.25,11.02,11.24,8.81,6007200.0,,
"Feb 21, 2008",11.39,11.41,11.12,11.26,8.82,6893600.0,,
"Feb 20, 2008",11.19,11.31,11.06,11.27,8.83,11570200.0,,
"Feb 19, 2008",11.38,11.49,11.12,11.26,8.82,4624400.0,,
"Feb 15, 2008",11.28,11.41,11.28,11.36,8.9,4624800.0,,
"Feb 14, 2008",11.71,11.71,11.4,11.4,8.93,7289600.0,,
"Feb 13, 2008",11.48,11.68,11.31,11.63,9.11,11514400.0,,
"Feb 12, 2008",11.49,11.49,11.28,11.37,8.91,9568200.0,,
"Feb 11, 2008",11.21,11.38,11.19,11.35,8.89,6383200.0,,
"Feb 8, 2008",11.16,11.27,11.09,11.15,8.73,9563600.0,,
"Feb 7, 2008",11.0,11.26,10.93,11.23,8.8,9516800.0,,
"Feb 6, 2008",11.31,11.4,11.1,11.16,8.75,12319000.0,,
"Feb 5, 2008",11.46,11.49,11.26,11.29,8.84,8288800.0,,
"Feb 4, 2008",11.85,11.85,11.58,11.58,9.07,3920000.0,,
"Feb 1, 2008",11.79,11.83,11.61,11.82,9.26,6269800.0,,
"Jan 31, 2008",11.3,11.77,11.3,11.63,9.11,12088600.0,,
"Jan 30, 2008",11.48,11.75,11.48,11.48,8.99,10001400.0,,
"Jan 29, 2008",11.64,11.64,11.41,11.57,9.06,8515200.0,,
"Jan 28, 2008",11.38,11.49,11.28,11.47,8.98,5782200.0,,
"Jan 25, 2008",11.88,11.88,11.38,11.42,8.94,7827200.0,,
"Jan 24, 2008",11.51,11.6,11.34,11.6,9.09,8270400.0,,
"Jan 23, 2008",11.0,11.44,10.65,11.44,8.96,16725200.0,,
"Jan 22, 2008",10.25,11.44,9.88,11.34,8.88,17957600.0,,
"Jan 18, 2008",11.76,11.89,11.55,11.55,9.05,9112200.0,,
"Jan 17, 2008",11.91,12.02,11.65,11.76,9.21,11247000.0,,
"Jan 16, 2008",11.99,12.09,11.78,11.86,9.29,13374600.0,,
"Jan 15, 2008",12.29,12.31,12.09,12.13,9.5,7326200.0,,
"Jan 14, 2008",12.3,12.43,12.27,12.39,9.7,8271000.0,,
"Jan 11, 2008",12.31,12.31,12.04,12.14,9.51,6568600.0,,
"Jan 10, 2008",12.18,12.46,12.09,12.32,9.65,13048600.0,,
"Jan 9, 2008",12.06,12.32,12.02,12.3,9.63,10450000.0,,
"Jan 8, 2008",12.52,12.63,12.1,12.13,9.5,10589800.0,,
"Jan 7, 2008",12.48,12.59,12.32,12.46,9.76,11198400.0,,
"Jan 4, 2008",12.85,12.88,12.5,12.57,9.85,7784000.0,,
"Jan 3, 2008",13.15,13.15,12.97,13.08,10.25,4022000.0,,
"Jan 2, 2008",13.32,13.36,12.98,13.06,10.23,14921200.0,,
"Dec 31, 2007",13.49,13.49,13.27,13.33,10.44,3573400.0,,
"Dec 28, 2007",13.7,13.7,13.4,13.43,10.52,2125400.0,,
"Dec 27, 2007",13.6,13.69,13.44,13.49,10.57,3367400.0,,
"Dec 26, 2007",13.6,13.72,13.54,13.69,10.72,4802600.0,,
"Dec 24, 2007",13.64,13.64,13.53,13.61,10.66,1674200.0,,
"Dec 21, 2007",,,,,,,Dividend,0.0615
"Dec 21, 2007",13.45,13.52,13.43,13.51,10.58,6097600.0,,
"Dec 20, 2007",13.4,13.4,13.23,13.4,10.45,3856200.0,,
"Dec 19, 2007",13.23,13.23,13.09,13.21,10.3,3816600.0,,
"Dec 18, 2007",13.25,13.25,13.01,13.13,10.23,6774800.0,,
"Dec 17, 2007",13.27,13.35,13.09,13.13,10.23,3916800.0,,
"Dec 14, 2007",13.52,13.53,13.36,13.38,10.43,4215800.0,,
"Dec 13, 2007",13.52,13.55,13.41,13.47,10.5,5037600.0,,
"Dec 12, 2007",13.65,13.68,13.33,13.53,10.55,7625600.0,,
"Dec 11, 2007",13.68,13.81,13.31,13.31,10.37,7334000.0,,
"Dec 10, 2007",13.6,13.6,13.44,13.52,10.54,5049200.0,,
"Dec 7, 2007",13.56,13.56,13.41,13.45,10.49,5594600.0,,
"Dec 6, 2007",13.4,13.48,13.27,13.44,10.47,4544000.0,,
"Dec 5, 2007",13.22,13.32,13.13,13.3,10.37,7732400.0,,
"Dec 4, 2007",13.05,13.11,12.9,13.0,10.14,3942800.0,,
"Dec 3, 2007",13.17,13.19,13.02,13.05,10.17,5349400.0,,
"Nov 30, 2007",13.57,13.57,13.02,13.13,10.24,7207600.0,,
"Nov 29, 2007",13.19,13.27,13.11,13.2,10.29,9349400.0,,
"Nov 28, 2007",13.04,13.2,12.91,13.14,10.24,8484600.0,,
"Nov 27, 2007",12.8,12.84,12.6,12.76,9.95,6741000.0,,
"Nov 26, 2007",13.04,13.04,12.6,12.62,9.84,5631200.0,,
"Nov 23, 2007",12.77,12.95,12.77,12.89,10.05,1764200.0,,
"Nov 21, 2007",12.8,13.01,12.72,12.77,9.95,12597600.0,,
"Nov 20, 2007",13.15,13.15,12.77,13.01,10.14,10510400.0,,
"Nov 19, 2007",13.15,13.16,12.89,12.9,10.06,9532400.0,,
"Nov 16, 2007",12.95,13.19,12.95,13.16,10.26,6969600.0,,
"Nov 15, 2007",12.99,13.16,12.93,12.98,10.12,7741400.0,,
"Nov 14, 2007",13.5,13.5,13.04,13.14,10.24,12157600.0,,
"Nov 14, 2007",13.5,13.5,13.04,13.14,10.24,12157600.0,,
"Nov 13, 2007",13.0,13.27,12.94,13.21,10.3,8956000.0,,
"Nov 12, 2007",12.75,13.06,12.75,12.77,9.96,14523800.0,,
"Nov 9, 2007",12.85,13.2,12.79,12.98,10.12,12801200.0,,
"Nov 8, 2007",13.35,13.7,13.14,13.26,10.34,28626600.0,,
"Nov 7, 2007",14.07,14.08,13.75,13.75,10.72,11670800.0,,
"Nov 6, 2007",14.19,14.19,13.94,14.13,11.02,6754000.0,,
"Nov 5, 2007",14.02,14.11,13.38,14.06,10.96,9410200.0,,
"Nov 2, 2007",14.19,14.19,13.91,14.07,10.97,10665200.0,,
"Nov 1, 2007",14.3,14.3,13.98,14.05,10.95,14404600.0,,
"Oct 31, 2007",14.23,14.26,14.06,14.2,11.07,7755000.0,,
"Oct 30, 2007",13.93,14.09,13.93,14.03,10.94,5465200.0,,
"Oct 29, 2007",14.01,14.06,13.95,14.01,10.92,5021400.0,,
"Oct 26, 2007",13.88,14.1,13.84,13.97,10.89,5234200.0,,
"Oct 25, 2007",13.76,13.8,13.56,13.78,10.75,6276400.0,,
"Oct 24, 2007",13.88,13.88,13.43,13.67,10.66,11222600.0,,
"Oct 23, 2007",13.8,13.86,13.69,13.81,10.77,12859800.0,,
"Oct 22, 2007",13.48,13.68,13.46,13.66,10.65,6714200.0,,
"Oct 19, 2007",13.9,13.91,13.55,13.57,10.58,6091800.0,,
"Oct 18, 2007",13.85,13.92,13.8,13.9,10.84,4794200.0,,
"Oct 17, 2007",13.95,13.95,13.7,13.87,10.81,13161600.0,,
"Oct 16, 2007",13.72,13.8,13.69,13.76,10.72,11204400.0,,
"Oct 15, 2007",13.71,13.89,13.68,13.76,10.72,10147000.0,,
"Oct 12, 2007",13.76,13.87,13.73,13.85,10.8,4375000.0,,
"Oct 11, 2007",13.93,14.01,13.63,13.72,10.7,9814000.0,,
"Oct 10, 2007",13.99,13.99,13.81,13.87,10.81,3587400.0,,
"Oct 9, 2007",13.82,13.85,13.74,13.82,10.78,5415000.0,,
"Oct 8, 2007",13.69,13.78,13.68,13.73,10.7,1730200.0,,
"Oct 5, 2007",13.61,13.73,13.6,13.7,10.68,3861400.0,,
"Oct 4, 2007",13.59,13.59,13.48,13.56,10.57,10153000.0,,
"Oct 3, 2007",13.61,13.65,13.5,13.52,10.54,4107400.0,,
"Oct 2, 2007",13.73,13.73,13.61,13.68,10.67,7112400.0,,
"Oct 1, 2007",13.59,13.69,13.51,13.63,10.63,20283200.0,,
"Sep 28, 2007",13.69,13.69,13.45,13.48,10.51,5307200.0,,
"Sep 27, 2007",13.59,13.59,13.51,13.53,10.55,5407600.0,,
"Sep 26, 2007",13.68,13.68,13.48,13.55,10.56,7763600.0,,
"Sep 25, 2007",13.33,13.5,13.3,13.46,10.49,5934000.0,,
"Sep 24, 2007",13.39,13.48,13.32,13.32,10.39,12531000.0,,
"Sep 21, 2007",,,,,,,Dividend,0.0265
"Sep 21, 2007",13.31,13.39,13.3,13.36,10.42,7054000.0,,
"Sep 20, 2007",13.22,13.33,13.22,13.28,10.34,3706800.0,,
"Sep 19, 2007",13.26,13.31,13.19,13.23,10.3,4144600.0,,
"Sep 18, 2007",13.04,13.19,12.82,13.19,10.26,6788000.0,,
"Sep 17, 2007",12.93,12.99,12.88,12.93,10.06,1858600.0,,
"Sep 14, 2007",12.89,12.99,12.89,12.94,10.06,5792600.0,,
"Sep 13, 2007",13.07,13.07,12.98,13.0,10.12,3670800.0,,
"Sep 12, 2007",13.0,13.11,12.97,13.0,10.12,5573400.0,,
"Sep 11, 2007",12.93,13.08,12.93,13.03,10.14,4962400.0,,
"Sep 10, 2007",12.96,13.0,12.78,12.85,10.0,7000200.0,,
"Sep 7, 2007",12.94,12.98,12.8,12.88,10.02,9476000.0,,
"Sep 6, 2007",13.13,13.15,13.03,13.15,10.23,4577600.0,,
"Sep 5, 2007",13.17,13.19,13.03,13.08,10.18,4926000.0,,
"Sep 4, 2007",13.04,13.31,13.02,13.22,10.29,8888800.0,,
"Aug 31, 2007",13.07,13.07,12.94,13.02,10.13,9307200.0,,
"Aug 30, 2007",12.8,13.02,12.71,12.94,10.06,8625200.0,,
"Aug 29, 2007",12.63,12.9,12.63,12.88,10.02,6544400.0,,
"Aug 28, 2007",12.76,12.77,12.53,12.58,9.79,5599200.0,,
"Aug 27, 2007",12.81,12.89,12.81,12.81,9.97,2937600.0,,
"Aug 24, 2007",12.7,12.9,12.67,12.88,10.02,5134800.0,,
"Aug 23, 2007",12.73,12.75,12.63,12.7,9.88,3812600.0,,
"Aug 22, 2007",12.66,12.69,12.6,12.66,9.85,3990400.0,,
"Aug 21, 2007",12.42,12.6,12.42,12.5,9.73,5712800.0,,
"Aug 20, 2007",12.52,12.54,12.4,12.46,9.7,4386400.0,,
"Aug 17, 2007",12.61,12.61,12.28,12.41,9.66,8014800.0,,
"Aug 16, 2007",12.28,12.34,11.95,12.3,9.57,8078800.0,,
"Aug 15, 2007",12.52,12.63,12.31,12.38,9.63,6147200.0,,
"Aug 14, 2007",12.81,12.82,12.48,12.53,9.75,3041400.0,,
"Aug 13, 2007",12.8,12.84,12.72,12.8,9.96,5321800.0,,
"Aug 10, 2007",12.61,12.77,12.47,12.62,9.82,9740800.0,,
"Aug 9, 2007",12.92,13.2,12.7,12.8,9.96,7373200.0,,
"Aug 8, 2007",12.99,13.1,12.93,13.1,10.19,10562600.0,,
"Aug 7, 2007",12.84,12.98,12.69,12.9,10.04,5314000.0,,
"Aug 6, 2007",12.76,12.88,12.65,12.88,10.02,4985000.0,,
"Aug 3, 2007",12.95,12.98,12.68,12.68,9.86,5316000.0,,
"Aug 2, 2007",12.89,13.02,12.86,12.93,10.06,10085800.0,,
"Aug 1, 2007",12.78,13.14,12.63,12.9,10.04,19142200.0,,
"Jul 31, 2007",13.05,13.05,12.72,12.77,9.94,5476800.0,,
"Jul 30, 2007",12.88,12.95,12.78,12.86,10.01,3211000.0,,
"Jul 27, 2007",13.05,13.1,12.82,12.82,9.98,4116800.0,,
"Jul 26, 2007",13.3,13.3,12.88,13.1,10.19,5945600.0,,
"Jul 25, 2007",13.28,13.4,13.02,13.3,10.35,8055400.0,,
"Jul 24, 2007",13.27,13.43,13.19,13.28,10.34,3476000.0,,
"Jul 23, 2007",13.41,13.47,13.38,13.42,10.44,2205400.0,,
"Jul 20, 2007",13.41,13.43,13.28,13.4,10.43,3146600.0,,
"Jul 19, 2007",13.46,13.51,13.4,13.45,10.47,6020800.0,,
"Jul 18, 2007",13.31,13.35,13.19,13.34,10.38,3069800.0,,
"Jul 17, 2007",13.36,13.47,13.35,13.41,10.43,2627200.0,,
"Jul 16, 2007",13.31,13.4,13.27,13.36,10.4,2787200.0,,
"Jul 13, 2007",13.31,13.49,13.27,13.32,10.37,3357000.0,,
"Jul 12, 2007",13.1,13.33,13.1,13.3,10.35,2575800.0,,
"Jul 11, 2007",12.98,13.1,12.94,13.07,10.17,2182800.0,,
"Jul 10, 2007",13.02,13.11,12.98,13.0,10.12,4268400.0,,
"Jul 9, 2007",13.1,13.15,13.06,13.15,10.23,2021000.0,,
"Jul 6, 2007",13.07,13.13,13.03,13.07,10.17,5459600.0,,
"Jul 5, 2007",13.02,13.41,12.98,13.05,10.15,6720400.0,,
"Jul 3, 2007",12.95,13.03,12.94,13.0,10.12,3113000.0,,
"Jul 2, 2007",12.84,12.93,12.84,12.91,10.05,3356000.0,,
"Jun 29, 2007",12.89,12.93,12.72,12.8,9.96,2804800.0,,
"Jun 28, 2007",12.81,12.91,12.81,12.85,9.99,3403600.0,,
"Jun 27, 2007",12.64,12.84,12.61,12.8,9.96,8159400.0,,
"Jun 27, 2007",12.64,12.84,12.61,12.8,9.96,8159400.0,,
"Jun 26, 2007",12.8,12.8,12.64,12.68,9.86,4166000.0,,
"Jun 25, 2007",12.77,12.85,12.65,12.72,9.9,2923400.0,,
"Jun 22, 2007",12.77,12.9,12.72,12.77,9.93,3794000.0,,
"Jun 21, 2007",12.77,12.91,12.74,12.91,10.05,3145800.0,,
"Jun 20, 2007",12.98,12.98,12.77,12.85,9.99,2223800.0,,
"Jun 19, 2007",12.85,12.94,12.85,12.92,10.05,2616800.0,,
"Jun 18, 2007",12.97,12.97,12.86,12.93,10.06,1316400.0,,
"Jun 15, 2007",,,,,,,Dividend,0.009
"Jun 15, 2007",12.89,12.94,12.86,12.89,10.03,1735600.0,,
"Jun 14, 2007",12.69,12.84,12.69,12.82,9.97,1699400.0,,
"Jun 13, 2007",12.6,12.7,12.55,12.7,9.88,2259200.0,,
"Jun 12, 2007",12.6,12.69,12.53,12.55,9.75,2585200.0,,
"Jun 11, 2007",12.66,12.73,12.64,12.69,9.87,2245200.0,,
"Jun 8, 2007",12.48,12.72,12.48,12.67,9.85,3353400.0,,
"Jun 7, 2007",12.65,12.73,12.47,12.49,9.72,4947600.0,,
"Jun 6, 2007",12.77,12.78,12.68,12.68,9.86,4098000.0,,
"Jun 5, 2007",12.81,12.85,12.74,12.82,9.97,2752200.0,,
"Jun 4, 2007",12.78,12.88,12.78,12.87,10.01,2835200.0,,
"Jun 1, 2007",12.89,12.91,12.8,12.82,9.97,4135800.0,,
"May 31, 2007",12.81,12.85,12.78,12.82,9.97,4341600.0,,
"May 30, 2007",12.57,12.78,12.53,12.77,9.93,4505600.0,,
"May 29, 2007",12.59,12.69,12.57,12.67,9.85,4741600.0,,
"May 25, 2007",12.52,12.6,12.49,12.6,9.79,3945600.0,,
"May 24, 2007",12.62,12.69,12.44,12.49,9.71,9670400.0,,
"May 23, 2007",12.73,12.76,12.64,12.65,9.84,7728400.0,,
"May 22, 2007",12.57,12.77,12.57,12.69,9.87,3869600.0,,
"May 21, 2007",12.69,12.77,12.65,12.71,9.88,5695400.0,,
"May 18, 2007",12.64,12.66,12.56,12.65,9.84,2826400.0,,
"May 17, 2007",12.63,12.65,12.56,12.59,9.79,1020800.0,,
"May 16, 2007",12.53,12.63,12.48,12.63,9.82,1182600.0,,
"May 15, 2007",12.55,12.63,12.48,12.52,9.73,6864200.0,,
"May 14, 2007",12.63,12.63,12.49,12.53,9.75,1408000.0,,
"May 11, 2007",12.44,12.6,12.44,12.6,9.79,5076400.0,,
"May 10, 2007",12.52,12.58,12.41,12.46,9.69,4766400.0,,
"May 9, 2007",12.48,12.59,12.45,12.52,9.74,11249600.0,,
"May 8, 2007",12.45,12.55,12.44,12.54,9.75,3855200.0,,
"May 7, 2007",12.48,12.52,12.47,12.49,9.71,1270600.0,,
"May 4, 2007",12.5,12.52,12.44,12.51,9.72,5899400.0,,
"May 3, 2007",12.4,12.47,12.35,12.45,9.68,2133400.0,,
"May 2, 2007",12.29,12.39,12.28,12.34,9.59,2660000.0,,
"May 1, 2007",12.24,12.27,12.17,12.27,9.54,6200200.0,,
"Apr 30, 2007",12.3,12.35,12.21,12.21,9.49,1851600.0,,
"Apr 27, 2007",12.26,12.35,12.26,12.31,9.57,1809800.0,,
"Apr 26, 2007",12.23,12.34,12.2,12.31,9.58,1438400.0,,
"Apr 25, 2007",12.16,12.26,12.14,12.24,9.52,3426800.0,,
"Apr 24, 2007",12.19,12.2,12.07,12.15,9.45,5673200.0,,
"Apr 23, 2007",12.1,12.14,12.06,12.09,9.4,3213600.0,,
"Apr 20, 2007",12.13,12.16,12.07,12.11,9.42,1973200.0,,
"Apr 19, 2007",11.94,12.07,11.93,12.05,9.37,3559200.0,,
"Apr 18, 2007",11.95,12.07,11.95,12.04,9.36,2132800.0,,
"Apr 17, 2007",12.02,12.07,11.98,12.07,9.39,2745800.0,,
"Apr 16, 2007",11.95,12.05,11.95,12.05,9.37,2643400.0,,
"Apr 13, 2007",11.86,11.94,11.8,11.94,9.29,2226400.0,,
"Apr 12, 2007",11.82,11.94,11.77,11.94,9.28,1541600.0,,
"Apr 11, 2007",11.95,11.95,11.8,11.81,9.18,4192200.0,,
"Apr 10, 2007",11.92,11.95,11.88,11.92,9.27,3884400.0,,
"Apr 9, 2007",11.93,11.97,11.9,11.93,9.28,1535600.0,,
"Apr 5, 2007",11.9,11.94,11.76,11.93,9.28,1319400.0,,
"Apr 4, 2007",11.81,11.89,11.8,11.89,9.24,4582000.0,,
"Apr 3, 2007",11.74,11.86,11.7,11.81,9.19,3981800.0,,
"Apr 2, 2007",11.69,11.74,11.63,11.72,9.11,3146600.0,,
"Mar 30, 2007",11.69,11.72,11.57,11.66,9.07,7548000.0,,
"Mar 29, 2007",11.7,11.73,11.56,11.69,9.09,5708000.0,,
"Mar 28, 2007",11.7,11.74,11.64,11.67,9.07,3973600.0,,
"Mar 27, 2007",11.77,11.81,11.75,11.81,9.18,3529800.0,,
"Mar 26, 2007",11.78,11.82,11.55,11.8,9.18,1917200.0,,
"Mar 23, 2007",11.77,11.84,11.76,11.78,9.16,2740200.0,,
"Mar 22, 2007",11.81,11.82,11.71,11.81,9.19,3440400.0,,
"Mar 21, 2007",11.65,11.86,11.6,11.86,9.22,1716800.0,,
"Mar 20, 2007",11.57,11.65,11.55,11.63,9.04,2582600.0,,
"Mar 19, 2007",11.53,11.67,11.52,11.55,8.98,1741000.0,,
"Mar 16, 2007",11.44,11.52,11.43,11.48,8.92,5810600.0,,
"Mar 15, 2007",11.49,11.51,11.43,11.49,8.94,4487400.0,,
"Mar 14, 2007",11.39,11.49,11.3,11.49,8.93,5799400.0,,
"Mar 13, 2007",11.52,11.55,11.35,11.39,8.85,3314200.0,,
"Mar 12, 2007",11.45,11.59,11.45,11.57,9.0,3186800.0,,
"Mar 9, 2007",11.55,11.56,11.4,11.5,8.94,2264600.0,,
"Mar 8, 2007",11.47,11.53,11.43,11.47,8.92,5550000.0,,
"Mar 7, 2007",11.45,11.48,11.38,11.38,8.84,3083800.0,,
"Mar 6, 2007",11.44,11.52,11.38,11.52,8.96,4354000.0,,
"Mar 5, 2007",11.23,11.46,11.23,11.35,8.82,2813600.0,,
"Mar 2, 2007",11.45,11.52,11.32,11.32,8.8,5225800.0,,
"Mar 1, 2007",11.36,11.6,11.19,11.53,8.97,7367200.0,,
"Feb 28, 2007",11.5,11.64,11.44,11.55,8.98,7235400.0,,
"Feb 27, 2007",11.76,11.88,11.39,11.5,8.94,9442800.0,,
"Feb 26, 2007",11.95,12.02,11.89,11.96,9.3,1975200.0,,
"Feb 23, 2007",11.97,11.99,11.94,11.99,9.32,2015800.0,,
"Feb 22, 2007",12.01,12.04,11.93,12.0,9.33,7157200.0,,
"Feb 21, 2007",11.91,11.96,11.89,11.94,9.28,2329400.0,,
"Feb 20, 2007",11.9,11.98,11.85,11.95,9.3,2642400.0,,
"Feb 16, 2007",11.89,11.95,11.87,11.95,9.29,4092600.0,,
"Feb 15, 2007",11.95,11.98,11.91,11.98,9.31,6126600.0,,
"Feb 14, 2007",11.81,11.94,11.81,11.93,9.28,2036400.0,,
"Feb 13, 2007",11.76,11.78,11.73,11.77,9.15,3063400.0,,
"Feb 12, 2007",11.73,11.76,11.69,11.72,9.11,5192000.0,,
"Feb 9, 2007",11.91,11.93,11.71,11.77,9.15,3774800.0,,
"Feb 8, 2007",11.82,11.91,11.82,11.9,9.25,2740200.0,,
"Feb 7, 2007",11.9,11.93,11.84,11.89,9.24,3141200.0,,
"Feb 6, 2007",11.84,11.87,11.74,11.83,9.2,3391400.0,,
"Feb 6, 2007",11.84,11.87,11.74,11.83,9.2,3391400.0,,
"Feb 5, 2007",11.8,11.88,11.8,11.85,9.21,2069000.0,,
"Feb 2, 2007",11.85,11.88,11.81,11.88,9.23,3043200.0,,
"Feb 1, 2007",11.88,11.9,11.78,11.81,9.19,3014400.0,,
"Jan 31, 2007",11.77,11.9,11.7,11.86,9.23,3446800.0,,
"Jan 30, 2007",11.72,11.8,11.72,11.8,9.17,4996200.0,,
"Jan 29, 2007",11.69,11.77,11.68,11.73,9.12,4681000.0,,
"Jan 26, 2007",11.72,11.76,11.63,11.68,9.08,8337200.0,,
"Jan 25, 2007",11.86,11.91,11.67,11.67,9.07,2902800.0,,
"Jan 24, 2007",11.65,11.81,11.64,11.81,9.19,8763000.0,,
"Jan 23, 2007",11.57,11.68,11.56,11.6,9.02,2941600.0,,
"Jan 22, 2007",11.68,11.69,11.55,11.6,9.02,6799800.0,,
"Jan 19, 2007",11.63,11.7,11.61,11.69,9.09,4741400.0,,
"Jan 18, 2007",11.77,11.81,11.66,11.69,9.09,9660800.0,,
"Jan 17, 2007",11.94,11.96,11.81,11.83,9.2,3026000.0,,
"Jan 16, 2007",11.95,12.02,11.94,11.98,9.32,3113600.0,,
"Jan 12, 2007",11.99,12.03,11.92,12.01,9.34,6081200.0,,
"Jan 11, 2007",11.93,12.0,11.89,11.98,9.32,7137200.0,,
"Jan 10, 2007",11.76,11.88,11.73,11.86,9.22,5318000.0,,
"Jan 9, 2007",11.77,11.84,11.7,11.8,9.18,6938000.0,,
"Jan 8, 2007",11.75,11.82,11.71,11.78,9.16,3558600.0,,
"Jan 5, 2007",11.76,11.77,11.68,11.75,9.14,3298200.0,,
"Jan 4, 2007",11.66,11.88,11.64,11.85,9.21,5766000.0,,
"Jan 3, 2007",11.68,11.83,11.56,11.66,9.07,9484400.0,,
"Dec 29, 2006",11.66,11.74,11.63,11.63,9.04,2130200.0,,
"Dec 28, 2006",11.67,11.69,11.63,11.66,9.07,2011600.0,,
"Dec 27, 2006",11.6,11.69,11.59,11.67,9.07,1813800.0,,
"Dec 26, 2006",11.49,11.59,11.49,11.59,9.01,1788200.0,,
"Dec 22, 2006",11.61,11.62,11.51,11.52,8.96,2810800.0,,
"Dec 21, 2006",11.67,11.69,11.57,11.61,9.03,3646600.0,,
"Dec 20, 2006",11.71,11.76,11.65,11.66,9.07,2549800.0,,
"Dec 19, 2006",11.64,11.72,11.59,11.66,9.07,2978400.0,,
"Dec 18, 2006",11.81,11.86,11.68,11.73,9.12,4150200.0,,
"Dec 15, 2006",,,,,,,Dividend,0.0675
"Dec 15, 2006",11.84,11.85,11.77,11.78,9.16,3691600.0,,
"Dec 14, 2006",11.74,11.87,11.7,11.85,9.16,2649000.0,,
"Dec 13, 2006",11.82,11.82,11.66,11.74,9.08,2795400.0,,
"Dec 12, 2006",11.74,11.78,11.65,11.73,9.07,5957600.0,,
"Dec 11, 2006",11.69,11.82,11.63,11.77,9.1,1924200.0,,
"Dec 8, 2006",11.68,11.77,11.63,11.69,9.04,1630400.0,,
"Dec 7, 2006",11.77,11.82,11.68,11.69,9.04,3126200.0,,
"Dec 6, 2006",11.82,11.85,11.73,11.74,9.08,1949000.0,,
"Dec 5, 2006",11.77,11.86,11.77,11.81,9.13,2318200.0,,
"Dec 4, 2006",11.68,11.85,11.68,11.81,9.13,2834000.0,,
"Dec 1, 2006",11.7,11.76,11.56,11.66,9.01,5798800.0,,
"Nov 30, 2006",11.73,11.81,11.69,11.76,9.09,3430400.0,,
"Nov 29, 2006",11.73,11.77,11.68,11.73,9.07,6330800.0,,
"Nov 28, 2006",11.56,11.66,11.52,11.66,9.01,5880200.0,,
"Nov 27, 2006",11.8,11.85,11.57,11.6,8.97,6463400.0,,
"Nov 24, 2006",11.84,11.91,11.77,11.88,9.18,847000.0,,
"Nov 22, 2006",11.89,11.9,11.82,11.9,9.2,2136200.0,,
"Nov 21, 2006",11.85,11.85,11.79,11.81,9.13,2863200.0,,
"Nov 20, 2006",11.8,11.86,11.76,11.82,9.14,2804000.0,,
"Nov 17, 2006",11.75,11.82,11.74,11.82,9.14,3094400.0,,
"Nov 16, 2006",11.78,11.83,11.73,11.8,9.12,3245800.0,,
"Nov 15, 2006",11.64,11.8,11.64,11.76,9.09,3437400.0,,
"Nov 14, 2006",11.66,11.76,11.59,11.73,9.07,4866800.0,,
"Nov 13, 2006",11.57,11.65,11.55,11.65,9.0,4094800.0,,
"Nov 10, 2006",11.39,11.56,11.39,11.55,8.93,3217800.0,,
"Nov 9, 2006",11.65,11.65,11.51,11.52,8.9,6209200.0,,
"Nov 8, 2006",11.51,11.56,11.41,11.52,8.91,5974800.0,,
"Nov 7, 2006",11.52,11.57,11.34,11.51,8.9,6573000.0,,
"Nov 6, 2006",11.37,11.48,11.34,11.45,8.85,3029000.0,,
"Nov 3, 2006",11.35,11.4,11.26,11.31,8.75,3833800.0,,
"Nov 2, 2006",11.31,11.37,11.3,11.31,8.75,5608200.0,,
"Nov 1, 2006",11.5,11.5,11.32,11.39,8.8,6624000.0,,
"Oct 31, 2006",11.48,11.49,11.39,11.44,8.84,5646200.0,,
"Oct 30, 2006",11.31,11.46,11.27,11.42,8.83,4953000.0,,
"Oct 27, 2006",11.5,11.5,11.33,11.38,8.8,4705000.0,,
"Oct 26, 2006",11.46,11.54,11.42,11.53,8.91,4339800.0,,
"Oct 25, 2006",11.4,11.48,11.38,11.47,8.87,2569000.0,,
"Oct 24, 2006",11.44,11.47,11.32,11.37,8.79,4397000.0,,
"Oct 23, 2006",11.38,11.48,11.23,11.45,8.85,2603000.0,,
"Oct 20, 2006",11.32,11.38,11.28,11.38,8.8,3479000.0,,
"Oct 19, 2006",11.25,11.33,11.2,11.31,8.74,3963400.0,,
"Oct 18, 2006",11.35,11.43,11.23,11.27,8.72,7511400.0,,
"Oct 17, 2006",11.35,11.35,11.23,11.31,8.74,14908200.0,,
"Oct 16, 2006",11.44,11.48,11.4,11.4,8.81,3802600.0,,
"Oct 13, 2006",11.37,11.44,11.34,11.4,8.82,5863400.0,,
"Oct 12, 2006",11.19,11.36,11.19,11.35,8.78,4867200.0,,
"Oct 11, 2006",11.17,11.25,11.13,11.19,8.65,2959000.0,,
"Oct 10, 2006",11.19,11.2,11.13,11.19,8.65,3180400.0,,
"Oct 9, 2006",11.11,11.2,11.1,11.18,8.64,1050200.0,,
"Oct 6, 2006",11.1,11.16,10.6,11.15,8.62,3297600.0,,
"Oct 5, 2006",11.16,11.18,11.1,11.15,8.62,3415600.0,,
"Oct 4, 2006",10.96,11.18,10.95,11.15,8.62,12510400.0,,
"Oct 3, 2006",10.88,11.01,10.85,10.98,8.49,4122800.0,,
"Oct 2, 2006",10.98,11.03,10.92,10.92,8.44,3948400.0,,
"Sep 29, 2006",11.04,11.07,10.98,11.0,8.5,2373400.0,,
"Sep 28, 2006",11.0,11.04,10.94,11.03,8.53,4533400.0,,
"Sep 27, 2006",11.1,11.13,10.94,10.98,8.49,10624200.0,,
"Sep 26, 2006",11.05,11.07,10.96,11.06,8.55,5045000.0,,
"Sep 25, 2006",10.86,11.02,10.85,10.99,8.5,3340600.0,,
"Sep 22, 2006",10.82,10.85,10.78,10.8,8.35,6683000.0,,
"Sep 21, 2006",10.97,11.0,10.85,10.86,8.4,3908800.0,,
"Sep 20, 2006",10.89,10.98,10.8,10.97,8.48,5118600.0,,
"Sep 19, 2006",10.86,10.86,10.69,10.8,8.35,7064800.0,,
"Sep 18, 2006",10.8,10.93,10.77,10.85,8.38,2346200.0,,
"Sep 15, 2006",,,,,,,Dividend,0.022
"Sep 15, 2006",10.94,10.95,10.84,10.85,8.39,13820000.0,,
"Sep 15, 2006",10.94,10.95,10.84,10.85,8.39,13820000.0,,
"Sep 14, 2006",10.75,10.88,10.75,10.85,8.37,2958600.0,,
"Sep 13, 2006",10.81,10.84,10.76,10.82,8.35,3399600.0,,
"Sep 12, 2006",10.6,10.84,10.6,10.82,8.35,2847200.0,,
"Sep 11, 2006",10.48,10.66,10.48,10.64,8.21,6407800.0,,
"Sep 8, 2006",10.45,10.56,10.45,10.55,8.14,3789600.0,,
"Sep 7, 2006",10.47,10.54,10.41,10.46,8.07,3678200.0,,
"Sep 6, 2006",10.56,10.64,10.51,10.52,8.12,2667000.0,,
"Sep 5, 2006",10.64,10.7,10.57,10.69,8.25,4921000.0,,
"Sep 1, 2006",10.66,10.68,10.59,10.64,8.21,8053200.0,,
"Aug 31, 2006",10.68,10.68,10.59,10.6,8.17,2216800.0,,
"Aug 30, 2006",10.57,10.65,10.55,10.64,8.21,4024200.0,,
"Aug 29, 2006",10.48,10.56,10.4,10.56,8.15,3534000.0,,
"Aug 28, 2006",10.4,10.48,10.35,10.47,8.07,2762000.0,,
"Aug 25, 2006",10.34,10.42,10.32,10.37,8.0,1923800.0,,
"Aug 24, 2006",10.44,10.44,10.28,10.34,7.98,2274400.0,,
"Aug 23, 2006",10.23,10.43,10.23,10.3,7.95,4995400.0,,
"Aug 22, 2006",10.32,10.44,10.31,10.35,7.99,2045600.0,,
"Aug 21, 2006",10.39,10.39,10.31,10.35,7.98,3181600.0,,
"Aug 18, 2006",10.3,10.44,10.29,10.41,8.04,1528400.0,,
"Aug 17, 2006",10.32,10.44,10.31,10.38,8.01,3681200.0,,
"Aug 16, 2006",10.27,10.35,10.19,10.33,7.97,8387800.0,,
"Aug 15, 2006",10.05,10.18,10.03,10.17,7.85,2995400.0,,
"Aug 14, 2006",9.94,10.03,9.91,9.94,7.67,1683000.0,,
"Aug 11, 2006",9.85,9.89,9.81,9.85,7.6,2045400.0,,
"Aug 10, 2006",9.82,9.93,9.82,9.91,7.65,1538600.0,,
"Aug 9, 2006",10.0,10.05,9.85,9.87,7.62,3368400.0,,
"Aug 8, 2006",9.84,9.89,9.77,9.81,7.57,2160200.0,,
"Aug 7, 2006",9.82,9.88,9.8,9.85,7.6,3739600.0,,
"Aug 4, 2006",9.97,10.04,9.81,9.88,7.62,1985000.0,,
"Aug 3, 2006",9.82,9.94,9.76,9.91,7.65,1288800.0,,
"Aug 2, 2006",9.81,9.91,9.8,9.88,7.62,2071800.0,,
"Aug 1, 2006",9.86,9.86,9.7,9.76,7.53,2605000.0,,
"Jul 31, 2006",9.85,9.95,9.85,9.9,7.64,7260600.0,,
"Jul 28, 2006",9.82,9.94,9.81,9.91,7.65,1601400.0,,
"Jul 27, 2006",9.82,9.89,9.74,9.74,7.52,1823400.0,,
"Jul 26, 2006",9.68,9.84,9.68,9.77,7.54,1477400.0,,
"Jul 25, 2006",9.66,9.77,9.65,9.75,7.52,3102800.0,,
"Jul 24, 2006",9.57,9.68,9.53,9.65,7.44,3587000.0,,
"Jul 21, 2006",9.56,9.6,9.47,9.5,7.33,2674400.0,,
"Jul 20, 2006",9.73,9.78,9.6,9.6,7.41,1419800.0,,
"Jul 19, 2006",9.61,9.77,9.59,9.74,7.52,4155200.0,,
"Jul 18, 2006",9.57,9.63,9.47,9.6,7.41,4505000.0,,
"Jul 17, 2006",9.53,9.61,9.53,9.58,7.39,1976000.0,,
"Jul 14, 2006",9.44,9.59,9.44,9.55,7.37,1841200.0,,
"Jul 13, 2006",9.43,9.74,9.43,9.57,7.39,3806600.0,,
"Jul 12, 2006",9.86,9.89,9.71,9.73,7.51,2064600.0,,
"Jul 11, 2006",9.88,9.93,9.77,9.91,7.65,4488200.0,,
"Jul 10, 2006",10.02,10.04,9.84,9.88,7.62,3933400.0,,
"Jul 7, 2006",10.09,10.09,9.95,9.99,7.71,1667600.0,,
"Jul 6, 2006",10.1,10.15,10.06,10.09,7.79,1589000.0,,
"Jul 5, 2006",10.2,10.2,10.08,10.08,7.78,1862600.0,,
"Jul 3, 2006",10.15,10.25,10.15,10.24,7.9,822000.0,,
"Jun 30, 2006",10.2,10.2,10.14,10.16,7.84,3577600.0,,
"Jun 29, 2006",10.0,10.22,10.0,10.22,7.89,2171800.0,,
"Jun 28, 2006",9.88,9.97,9.86,9.97,7.69,1740000.0,,
"Jun 27, 2006",10.07,10.07,9.9,9.9,7.64,2653200.0,,
"Jun 26, 2006",10.02,10.1,10.01,10.03,7.74,1923400.0,,
"Jun 23, 2006",10.02,10.1,9.99,10.02,7.73,967800.0,,
"Jun 22, 2006",10.2,10.2,10.02,10.05,7.75,1339000.0,,
"Jun 21, 2006",10.0,10.23,10.0,10.16,7.84,3030400.0,,
"Jun 20, 2006",10.06,10.11,9.99,10.03,7.74,2047200.0,,
"Jun 19, 2006",10.11,10.14,10.01,10.05,7.75,2331800.0,,
"Jun 16, 2006",10.12,10.14,10.04,10.1,7.79,4521200.0,,
"Jun 15, 2006",9.9,10.14,9.9,10.11,7.8,3628800.0,,
"Jun 14, 2006",9.76,9.9,9.76,9.86,7.61,2461600.0,,
"Jun 13, 2006",9.78,9.9,9.77,9.8,7.56,3274800.0,,
"Jun 12, 2006",9.98,9.99,9.78,9.78,7.55,1602600.0,,
"Jun 9, 2006",10.06,10.1,9.95,9.97,7.69,1643800.0,,
"Jun 8, 2006",10.31,10.31,9.84,10.01,7.72,11834000.0,,
"Jun 7, 2006",10.15,10.23,10.06,10.06,7.76,3079600.0,,
"Jun 6, 2006",10.21,10.23,10.11,10.2,7.87,7301800.0,,
"Jun 5, 2006",10.35,10.35,10.19,10.2,7.87,1464600.0,,
"Jun 2, 2006",10.44,10.47,10.31,10.35,7.99,3067400.0,,
"Jun 1, 2006",10.21,10.4,10.21,10.39,8.02,1342800.0,,
"May 31, 2006",10.26,10.27,10.16,10.22,7.88,2706000.0,,
"May 30, 2006",10.31,10.35,10.18,10.18,7.85,1965200.0,,
"May 26, 2006",10.36,10.4,10.32,10.38,8.01,4045600.0,,
"May 25, 2006",10.32,10.33,10.23,10.33,7.97,2522400.0,,
"May 24, 2006",10.19,10.27,10.1,10.23,7.9,4181200.0,,
"May 23, 2006",10.32,10.34,10.14,10.14,7.82,2050400.0,,
"May 22, 2006",10.2,10.28,10.15,10.21,7.88,3216800.0,,
"May 19, 2006",10.24,10.32,10.17,10.3,7.95,4114800.0,,
"May 18, 2006",10.38,10.38,10.22,10.23,7.89,8081800.0,,
"May 17, 2006",10.35,10.39,10.25,10.26,7.92,3303000.0,,
"May 16, 2006",10.5,10.51,10.38,10.4,8.02,3114000.0,,
"May 15, 2006",10.46,10.53,10.39,10.5,8.1,5769200.0,,
"May 12, 2006",10.55,10.59,10.48,10.49,8.09,9414200.0,,
"May 11, 2006",10.76,10.78,10.55,10.59,8.17,5251000.0,,
"May 10, 2006",10.95,10.98,10.78,10.81,8.34,5227800.0,,
"May 9, 2006",11.02,11.02,10.9,10.93,8.43,3140400.0,,
"May 8, 2006",10.97,11.0,10.95,10.98,8.47,1530400.0,,
"May 5, 2006",10.94,10.98,10.91,10.96,8.46,2252400.0,,
"May 4, 2006",10.88,10.94,10.79,10.9,8.41,3366400.0,,
"May 3, 2006",10.87,10.9,10.81,10.86,8.38,1630800.0,,
"May 2, 2006",10.89,10.94,10.86,10.89,8.4,1752400.0,,
"May 1, 2006",10.98,10.98,10.84,10.84,8.36,7702800.0,,
"Apr 28, 2006",11.05,11.05,10.9,10.93,8.43,5820000.0,,
"Apr 27, 2006",10.98,11.19,10.98,11.16,8.61,5294800.0,,
"Apr 26, 2006",11.05,11.07,11.0,11.05,8.53,4900600.0,,
"Apr 26, 2006",11.05,11.07,11.0,11.05,8.53,4900600.0,,
"Apr 25, 2006",11.02,11.05,10.94,11.01,8.5,4229000.0,,
"Apr 24, 2006",11.01,11.04,10.95,11.02,8.5,1183400.0,,
"Apr 21, 2006",11.16,11.19,11.0,11.03,8.51,2783200.0,,
"Apr 20, 2006",11.14,11.23,11.11,11.15,8.6,4032000.0,,
"Apr 19, 2006",11.13,11.17,11.06,11.14,8.6,2348400.0,,
"Apr 18, 2006",11.0,11.16,10.95,11.15,8.6,1703000.0,,
"Apr 17, 2006",11.05,11.09,10.9,10.93,8.43,5201800.0,,
"Apr 13, 2006",11.16,11.16,11.01,11.05,8.53,1794600.0,,
"Apr 12, 2006",11.03,11.06,11.01,11.03,8.51,5234000.0,,
"Apr 11, 2006",11.15,11.16,10.99,11.02,8.5,4942400.0,,
"Apr 10, 2006",11.13,11.17,11.09,11.11,8.58,2341200.0,,
"Apr 7, 2006",11.26,11.31,11.13,11.13,8.59,3346400.0,,
"Apr 6, 2006",11.23,11.31,11.2,11.26,8.69,3302800.0,,
"Apr 5, 2006",11.2,11.27,11.18,11.27,8.7,5473600.0,,
"Apr 4, 2006",11.13,11.19,11.1,11.18,8.62,3987200.0,,
"Apr 3, 2006",11.15,11.23,11.1,11.14,8.59,6607600.0,,
"Mar 31, 2006",11.16,11.17,11.07,11.07,8.54,3247000.0,,
"Mar 30, 2006",11.15,11.22,11.09,11.14,8.59,4259600.0,,
"Mar 29, 2006",10.98,11.15,10.95,11.1,8.56,2189800.0,,
"Mar 28, 2006",11.0,11.1,10.93,10.94,8.44,1454000.0,,
"Mar 27, 2006",11.0,11.1,11.0,11.06,8.53,1480400.0,,
"Mar 24, 2006",11.02,11.07,10.98,11.05,8.52,3206000.0,,
"Mar 23, 2006",11.02,11.05,10.96,11.01,8.5,1829800.0,,
"Mar 22, 2006",10.95,11.05,10.92,11.03,8.51,2426400.0,,
"Mar 21, 2006",11.07,11.2,11.01,11.03,8.51,3823000.0,,
"Mar 20, 2006",11.07,11.09,11.04,11.07,8.55,888600.0,,
"Mar 17, 2006",11.03,11.09,11.01,11.06,8.53,1845400.0,,
"Mar 16, 2006",11.11,11.15,11.01,11.02,8.5,3904200.0,,
"Mar 15, 2006",11.01,11.11,11.01,11.09,8.56,1738000.0,,
"Mar 14, 2006",10.89,11.03,10.87,11.02,8.51,3509600.0,,
"Mar 13, 2006",10.91,10.95,10.86,10.9,8.41,3341800.0,,
"Mar 10, 2006",10.83,10.92,10.78,10.86,8.38,5768000.0,,
"Mar 9, 2006",10.94,10.97,10.81,10.81,8.34,2857200.0,,
"Mar 8, 2006",10.88,10.94,10.81,10.88,8.39,2818600.0,,
"Mar 7, 2006",10.89,10.92,10.81,10.89,8.4,2635000.0,,
"Mar 6, 2006",11.06,11.09,10.93,10.95,8.45,5595600.0,,
"Mar 3, 2006",10.94,11.11,10.94,11.0,8.49,3699600.0,,
"Mar 2, 2006",10.99,11.09,10.99,11.06,8.54,2490800.0,,
"Mar 1, 2006",10.88,11.08,10.88,11.04,8.52,3393400.0,,
"Feb 28, 2006",10.94,10.95,10.81,10.82,8.35,3014800.0,,
"Feb 27, 2006",10.84,10.98,10.84,10.95,8.45,5171400.0,,
"Feb 24, 2006",10.85,10.86,10.8,10.85,8.37,2996000.0,,
"Feb 23, 2006",10.86,10.93,10.84,10.85,8.37,3354400.0,,
"Feb 22, 2006",10.83,10.94,10.8,10.9,8.41,3358800.0,,
"Feb 21, 2006",10.94,10.95,10.81,10.85,8.37,4018200.0,,
"Feb 17, 2006",11.0,11.0,10.94,10.97,8.46,2311000.0,,
"Feb 16, 2006",10.98,11.05,10.95,11.02,8.51,3170400.0,,
"Feb 15, 2006",10.86,10.94,10.85,10.93,8.43,4090800.0,,
"Feb 14, 2006",10.74,10.9,10.73,10.86,8.38,3486600.0,,
"Feb 13, 2006",10.75,10.79,10.68,10.72,8.27,3745600.0,,
"Feb 10, 2006",10.73,10.82,10.67,10.82,8.35,4046000.0,,
"Feb 9, 2006",10.81,10.87,10.73,10.73,8.28,2608400.0,,
"Feb 8, 2006",10.63,10.8,10.62,10.78,8.32,3871400.0,,
"Feb 7, 2006",10.57,10.65,10.56,10.58,8.16,7051000.0,,
"Feb 6, 2006",10.64,10.66,10.56,10.61,8.19,2963200.0,,
"Feb 3, 2006",10.66,10.7,10.63,10.64,8.21,3067800.0,,
"Feb 2, 2006",10.84,10.86,10.71,10.72,8.27,4836400.0,,
"Feb 1, 2006",10.74,10.89,10.74,10.86,8.38,6163800.0,,
"Jan 31, 2006",10.89,10.9,10.8,10.8,8.33,2206800.0,,
"Jan 30, 2006",10.85,10.91,10.84,10.89,8.4,7540800.0,,
"Jan 27, 2006",10.85,10.91,10.8,10.85,8.38,4760200.0,,
"Jan 26, 2006",10.72,10.77,10.68,10.73,8.28,4260400.0,,
"Jan 25, 2006",10.68,10.68,10.59,10.66,8.23,3708800.0,,
"Jan 24, 2006",10.65,10.72,10.62,10.63,8.2,4566800.0,,
"Jan 23, 2006",10.67,10.68,10.59,10.6,8.17,3652400.0,,
"Jan 20, 2006",10.86,10.9,10.61,10.64,8.21,6537200.0,,
"Jan 19, 2006",10.89,10.97,10.84,10.92,8.43,7723400.0,,
"Jan 18, 2006",10.74,10.86,10.73,10.82,8.35,8722200.0,,
"Jan 17, 2006",11.31,11.31,10.91,10.95,8.45,4761200.0,,
"Jan 13, 2006",11.08,11.1,11.02,11.06,8.54,2902200.0,,
"Jan 12, 2006",11.14,11.15,11.06,11.07,8.54,3250800.0,,
"Jan 11, 2006",11.05,11.15,11.03,11.13,8.59,4685000.0,,
"Jan 10, 2006",10.98,11.03,10.96,11.02,8.51,4844800.0,,
"Jan 9, 2006",11.01,11.05,10.96,11.03,8.51,4916600.0,,
"Jan 6, 2006",10.9,11.01,10.87,11.0,8.49,9017400.0,,
"Jan 5, 2006",10.73,10.85,10.73,10.83,8.36,2564400.0,,
"Jan 4, 2006",10.68,10.78,10.65,10.78,8.32,5459200.0,,
"Jan 3, 2006",10.5,10.68,10.42,10.65,8.22,5416600.0,,
"Dec 30, 2005",10.49,10.49,10.44,10.45,8.06,2059800.0,,
"Dec 29, 2005",10.6,10.62,10.52,10.52,8.12,3287400.0,,
"Dec 28, 2005",10.63,10.64,10.56,10.58,8.16,1814400.0,,
"Dec 27, 2005",10.73,10.75,10.6,10.6,8.18,2966400.0,,
"Dec 23, 2005",10.69,10.73,10.67,10.69,8.25,1482200.0,,
"Dec 22, 2005",10.71,10.71,10.63,10.68,8.24,2098000.0,,
"Dec 21, 2005",10.65,10.69,10.6,10.63,8.2,1966200.0,,
"Dec 20, 2005",10.64,10.66,10.59,10.61,8.19,2371400.0,,
"Dec 19, 2005",10.77,10.78,10.64,10.65,8.22,3899000.0,,
"Dec 16, 2005",,,,,,,Dividend,0.074
"Dec 16, 2005",10.85,10.85,10.77,10.78,8.32,2159000.0,,
"Dec 15, 2005",10.94,10.94,10.85,10.88,8.33,1973400.0,,
"Dec 14, 2005",10.93,10.94,10.85,10.92,8.37,2581200.0,,
"Dec 13, 2005",10.92,10.96,10.88,10.9,8.36,2075800.0,,
"Dec 12, 2005",10.97,10.98,10.9,10.94,8.38,1893600.0,,
"Dec 9, 2005",10.87,10.94,10.84,10.91,8.36,2272200.0,,
"Dec 8, 2005",10.96,10.97,10.81,10.87,8.33,2264400.0,,
"Dec 7, 2005",11.01,11.02,10.91,10.95,8.39,3021400.0,,
"Dec 6, 2005",11.01,11.07,10.97,10.97,8.41,2684200.0,,
"Dec 5, 2005",11.02,11.02,10.91,10.95,8.4,4013200.0,,
"Dec 2, 2005",11.01,11.07,10.99,11.01,8.44,5787600.0,,
"Dec 2, 2005",11.01,11.07,10.99,11.01,8.44,5787600.0,,
"Dec 1, 2005",10.95,11.05,10.93,11.02,8.44,4256600.0,,
"Nov 30, 2005",10.87,10.94,10.85,10.85,8.32,2791400.0,,
"Nov 29, 2005",10.9,10.98,10.88,10.89,8.35,3807800.0,,
"Nov 28, 2005",10.96,10.97,10.89,10.89,8.35,2189800.0,,
"Nov 25, 2005",10.95,11.0,10.9,10.93,8.38,1202000.0,,
"Nov 23, 2005",10.87,10.96,10.85,10.9,8.35,4545400.0,,
"Nov 22, 2005",10.75,10.87,10.74,10.84,8.31,2615600.0,,
"Nov 21, 2005",10.77,10.78,10.52,10.77,8.25,2490600.0,,
"Nov 18, 2005",10.8,10.82,10.73,10.77,8.26,2480000.0,,
"Nov 17, 2005",10.6,10.73,10.6,10.72,8.21,9564000.0,,
"Nov 16, 2005",10.5,10.59,10.5,10.59,8.12,2356600.0,,
"Nov 15, 2005",10.71,10.71,10.52,10.55,8.08,5602400.0,,
"Nov 14, 2005",10.6,10.63,10.55,10.59,8.11,7584200.0,,
"Nov 11, 2005",10.57,10.6,10.55,10.57,8.1,1777600.0,,
"Nov 10, 2005",10.48,10.55,10.4,10.55,8.08,2278600.0,,
"Nov 9, 2005",10.44,10.51,10.43,10.46,8.02,1887600.0,,
"Nov 8, 2005",10.4,10.51,10.4,10.47,8.02,1776600.0,,
"Nov 7, 2005",10.48,10.5,10.41,10.47,8.02,2171400.0,,
"Nov 4, 2005",10.4,10.45,10.35,10.44,8.0,1935000.0,,
"Nov 3, 2005",10.38,10.43,10.35,10.4,7.97,2678400.0,,
"Nov 2, 2005",10.15,10.33,10.14,10.31,7.9,1356400.0,,
"Nov 1, 2005",10.19,10.22,10.16,10.19,7.81,3015400.0,,
"Oct 31, 2005",10.13,10.27,10.12,10.21,7.82,1963000.0,,
"Oct 28, 2005",10.05,10.11,9.98,10.1,7.74,2169000.0,,
"Oct 27, 2005",10.14,10.14,10.01,10.01,7.67,1965000.0,,
"Oct 26, 2005",10.14,10.24,10.12,10.12,7.76,1975800.0,,
"Oct 25, 2005",10.25,10.25,10.05,10.15,7.77,1999400.0,,
"Oct 24, 2005",10.19,10.22,10.07,10.22,7.83,1982800.0,,
"Oct 21, 2005",10.02,10.15,10.02,10.09,7.73,903600.0,,
"Oct 20, 2005",10.1,10.16,9.99,10.02,7.68,3020000.0,,
"Oct 19, 2005",9.86,10.1,9.86,10.1,7.74,4312400.0,,
"Oct 18, 2005",10.01,10.02,9.97,9.98,7.64,2856600.0,,
"Oct 17, 2005",10.02,10.02,9.94,9.99,7.66,2850600.0,,
"Oct 14, 2005",9.99,10.02,9.93,10.01,7.67,1950200.0,,
"Oct 13, 2005",9.88,9.99,9.87,9.97,7.64,5529600.0,,
"Oct 12, 2005",9.75,9.99,9.75,9.9,7.58,4102000.0,,
"Oct 11, 2005",10.02,10.07,9.94,9.96,7.63,1714800.0,,
"Oct 10, 2005",10.09,10.14,10.02,10.03,7.69,1885000.0,,
"Oct 7, 2005",10.1,10.16,10.09,10.1,7.74,1952800.0,,
"Oct 6, 2005",10.18,10.23,10.02,10.08,7.72,2504400.0,,
"Oct 5, 2005",10.35,10.35,10.19,10.19,7.81,3649200.0,,
"Oct 4, 2005",10.46,10.48,10.33,10.34,7.92,1570200.0,,
"Oct 3, 2005",10.43,10.52,10.43,10.44,8.0,2112600.0,,
"Sep 30, 2005",10.39,10.45,10.38,10.45,8.01,1342000.0,,
"Sep 29, 2005",10.28,10.41,10.23,10.38,7.95,1854600.0,,
"Sep 28, 2005",10.27,10.32,10.23,10.3,7.89,1955800.0,,
"Sep 27, 2005",10.28,10.29,10.2,10.23,7.84,1860200.0,,
"Sep 26, 2005",10.34,10.38,10.23,10.27,7.87,1636400.0,,
"Sep 23, 2005",10.24,10.31,10.21,10.28,7.88,1335600.0,,
"Sep 22, 2005",10.21,10.3,10.18,10.28,7.88,2168600.0,,
"Sep 21, 2005",10.34,10.35,10.23,10.24,7.85,1541400.0,,
"Sep 20, 2005",10.43,10.52,10.35,10.36,7.94,1874000.0,,
"Sep 19, 2005",10.48,10.48,10.38,10.4,7.97,2378400.0,,
"Sep 16, 2005",10.48,10.51,10.43,10.49,8.04,2218000.0,,
"Sep 15, 2005",10.47,10.49,10.4,10.43,7.99,2218800.0,,
"Sep 14, 2005",10.56,10.58,10.45,10.45,8.01,3189400.0,,
"Sep 13, 2005",10.58,10.61,10.52,10.56,8.09,2110400.0,,
"Sep 12, 2005",10.53,10.59,10.52,10.55,8.08,1168400.0,,
"Sep 9, 2005",10.53,10.56,10.49,10.52,8.07,2782000.0,,
"Sep 8, 2005",10.5,10.55,10.47,10.52,8.06,980200.0,,
"Sep 7, 2005",10.38,10.51,10.38,10.49,8.04,4556000.0,,
"Sep 6, 2005",10.4,10.51,10.4,10.49,8.04,1359400.0,,
"Sep 2, 2005",10.41,10.44,10.35,10.37,7.95,988000.0,,
"Sep 1, 2005",10.43,10.45,10.38,10.4,7.97,933000.0,,
"Aug 31, 2005",10.34,10.45,10.32,10.43,7.99,1711400.0,,
"Aug 30, 2005",10.31,10.37,10.28,10.37,7.95,1775600.0,,
"Aug 29, 2005",10.29,10.4,10.25,10.37,7.95,922800.0,,
"Aug 26, 2005",10.5,10.5,10.28,10.3,7.89,3208000.0,,
"Aug 25, 2005",10.35,10.38,10.34,10.34,7.92,1545600.0,,
"Aug 24, 2005",10.39,10.48,10.32,10.33,7.92,2100000.0,,
"Aug 23, 2005",10.4,10.45,10.36,10.4,7.97,2616000.0,,
"Aug 22, 2005",10.38,10.49,10.36,10.4,7.97,1858400.0,,
"Aug 19, 2005",10.41,10.44,10.38,10.38,7.95,994000.0,,
"Aug 18, 2005",10.41,10.45,10.37,10.37,7.95,3174600.0,,
"Aug 17, 2005",10.38,10.49,10.38,10.44,8.0,2953600.0,,
"Aug 16, 2005",10.45,10.45,10.33,10.35,7.93,1094400.0,,
"Aug 15, 2005",10.39,10.49,10.38,10.45,8.01,1876000.0,,
"Aug 12, 2005",10.18,10.44,10.12,10.4,7.97,3060200.0,,
"Aug 11, 2005",10.47,10.55,10.44,10.53,8.07,1652200.0,,
"Aug 10, 2005",10.6,10.65,10.44,10.45,8.01,2003400.0,,
"Aug 9, 2005",10.54,10.63,10.54,10.57,8.1,1284400.0,,
"Aug 8, 2005",10.55,10.6,10.49,10.49,8.04,2301800.0,,
"Aug 5, 2005",10.6,10.63,10.54,10.58,8.11,2127800.0,,
"Aug 4, 2005",10.66,10.69,10.58,10.6,8.13,2102400.0,,
"Aug 3, 2005",10.64,10.72,10.59,10.7,8.2,2441400.0,,
"Aug 2, 2005",10.53,10.66,10.53,10.64,8.15,2161600.0,,
"Aug 1, 2005",10.56,10.57,10.5,10.53,8.07,1932800.0,,
"Jul 29, 2005",10.61,10.63,10.51,10.52,8.07,3616400.0,,
"Jul 28, 2005",10.57,10.6,10.53,10.58,8.11,3899200.0,,
"Jul 27, 2005",10.55,10.64,10.47,10.57,8.1,1823600.0,,
"Jul 26, 2005",10.52,10.53,10.47,10.51,8.05,1601400.0,,
"Jul 25, 2005",10.48,10.54,10.43,10.43,7.99,1493800.0,,
"Jul 22, 2005",10.53,10.54,10.45,10.48,8.03,2046600.0,,
"Jul 21, 2005",10.57,10.59,10.48,10.51,8.05,3232000.0,,
"Jul 20, 2005",10.48,10.61,10.44,10.57,8.1,2700400.0,,
"Jul 19, 2005",10.57,10.63,10.52,10.61,8.13,3799800.0,,
"Jul 18, 2005",10.53,10.55,10.44,10.45,8.01,2811800.0,,
"Jul 15, 2005",10.53,10.55,10.48,10.52,8.06,2910600.0,,
"Jul 14, 2005",10.52,10.56,10.48,10.52,8.06,2943800.0,,
"Jul 14, 2005",10.52,10.56,10.48,10.52,8.06,2943800.0,,
"Jul 13, 2005",10.41,10.46,10.39,10.43,7.99,1377200.0,,
"Jul 12, 2005",10.43,10.43,10.3,10.39,7.96,1242200.0,,
"Jul 11, 2005",10.25,10.33,10.23,10.33,7.92,1587200.0,,
"Jul 8, 2005",10.06,10.23,10.03,10.23,7.84,2544400.0,,
"Jul 7, 2005",9.93,10.06,9.91,10.05,7.7,2298600.0,,
"Jul 6, 2005",10.03,10.12,10.02,10.02,7.68,1080600.0,,
"Jul 5, 2005",9.92,10.08,9.92,10.05,7.7,1272600.0,,
"Jul 1, 2005",10.02,10.04,9.96,9.98,7.65,1481800.0,,
"Jun 30, 2005",10.08,10.09,9.94,9.96,7.63,1650800.0,,
"Jun 29, 2005",10.05,10.1,10.02,10.06,7.71,1177400.0,,
"Jun 28, 2005",9.96,10.06,9.95,10.04,7.69,1116400.0,,
"Jun 27, 2005",9.95,10.01,9.9,9.91,7.6,2275400.0,,
"Jun 24, 2005",10.14,10.14,9.98,9.99,7.66,1546400.0,,
"Jun 23, 2005",10.2,10.3,10.12,10.12,7.76,1734600.0,,
"Jun 22, 2005",10.19,10.24,10.15,10.2,7.82,1486600.0,,
"Jun 21, 2005",10.16,10.19,10.13,10.18,7.8,1425800.0,,
"Jun 20, 2005",10.12,10.2,10.06,10.14,7.77,1397200.0,,
"Jun 17, 2005",10.22,10.22,10.13,10.15,7.78,1151200.0,,
"Jun 16, 2005",10.13,10.17,10.1,10.15,7.77,1186200.0,,
"Jun 15, 2005",10.14,10.15,9.99,10.13,7.76,998000.0,,
"Jun 14, 2005",10.12,10.15,10.06,10.06,7.71,1080400.0,,
"Jun 13, 2005",10.05,10.18,10.05,10.13,7.76,1469400.0,,
"Jun 10, 2005",10.15,10.15,10.02,10.09,7.73,905000.0,,
"Jun 9, 2005",10.13,10.16,10.05,10.14,7.77,3505400.0,,
"Jun 8, 2005",10.14,10.15,10.06,10.09,7.73,1197400.0,,
"Jun 7, 2005",10.13,10.22,10.06,10.07,7.72,2060400.0,,
"Jun 6, 2005",10.15,10.15,10.06,10.11,7.75,3478000.0,,
"Jun 3, 2005",10.22,10.22,10.1,10.13,7.76,1169800.0,,
"Jun 2, 2005",10.18,10.23,10.09,10.23,7.84,918800.0,,
"Jun 1, 2005",10.1,10.23,10.08,10.19,7.81,1676800.0,,
"May 31, 2005",10.16,10.16,10.09,10.09,7.73,943000.0,,
"May 27, 2005",10.2,10.2,10.12,10.15,7.78,895000.0,,
"May 26, 2005",10.1,10.19,10.1,10.17,7.79,1561400.0,,
"May 25, 2005",10.07,10.07,10.0,10.06,7.71,1371200.0,,
"May 24, 2005",10.03,10.1,10.01,10.1,7.74,1684600.0,,
"May 23, 2005",10.04,10.09,10.02,10.05,7.7,2038200.0,,
"May 20, 2005",9.95,10.05,9.95,10.02,7.67,940800.0,,
"May 19, 2005",9.98,10.02,9.94,10.0,7.66,1719800.0,,
"May 18, 2005",9.81,9.98,9.81,9.94,7.62,2766600.0,,
"May 17, 2005",9.74,9.83,9.69,9.81,7.51,841400.0,,
"May 16, 2005",9.69,9.77,9.65,9.77,7.49,1432400.0,,
"May 13, 2005",9.62,9.73,9.58,9.68,7.42,3716000.0,,
"May 12, 2005",9.57,9.65,9.52,9.56,7.33,602400.0,,
"May 11, 2005",9.51,9.58,9.43,9.55,7.32,3711000.0,,
"May 10, 2005",9.58,9.59,9.48,9.51,7.28,691400.0,,
"May 9, 2005",9.59,9.62,9.52,9.6,7.36,543200.0,,
"May 6, 2005",9.57,9.6,9.55,9.56,7.33,701600.0,,
"May 5, 2005",9.56,9.61,9.51,9.54,7.31,1447200.0,,
"May 4, 2005",9.52,9.6,9.48,9.56,7.32,831000.0,,
"May 3, 2005",9.42,9.52,9.42,9.49,7.27,570000.0,,
"May 2, 2005",9.48,9.52,9.4,9.43,7.22,512400.0,,
"Apr 29, 2005",9.44,9.47,9.31,9.44,7.23,847400.0,,
"Apr 28, 2005",9.4,9.46,9.35,9.35,7.17,721000.0,,
"Apr 27, 2005",9.35,9.49,9.35,9.44,7.24,853400.0,,
"Apr 26, 2005",9.44,9.55,9.4,9.41,7.21,1077000.0,,
"Apr 25, 2005",9.46,9.52,9.44,9.48,7.26,1544200.0,,
"Apr 22, 2005",9.45,9.49,9.35,9.41,7.21,1300800.0,,
"Apr 21, 2005",9.32,9.53,9.32,9.52,7.3,2932600.0,,
"Apr 20, 2005",9.48,9.48,9.24,9.27,7.11,1590400.0,,
"Apr 19, 2005",9.36,9.38,9.3,9.36,7.17,1412600.0,,
"Apr 18, 2005",9.27,9.32,9.23,9.24,7.08,4085000.0,,
"Apr 15, 2005",9.4,9.42,9.23,9.23,7.08,2733000.0,,
"Apr 14, 2005",9.62,9.65,9.52,9.52,7.3,1327200.0,,
"Apr 13, 2005",9.76,9.78,9.63,9.66,7.4,1576000.0,,
"Apr 12, 2005",9.73,9.81,9.63,9.8,7.51,1070200.0,,
"Apr 11, 2005",9.84,9.84,9.73,9.74,7.46,1434000.0,,
"Apr 8, 2005",9.88,9.89,9.78,9.8,7.51,852600.0,,
"Apr 7, 2005",9.74,9.87,9.74,9.86,7.56,1317200.0,,
"Apr 6, 2005",9.8,9.83,9.73,9.73,7.46,906400.0,,
"Apr 5, 2005",9.77,9.79,9.74,9.75,7.47,1091000.0,,
"Apr 4, 2005",9.68,9.76,9.65,9.73,7.46,1927200.0,,
"Apr 1, 2005",9.75,9.85,9.68,9.69,7.43,847800.0,,
"Mar 31, 2005",9.77,9.82,9.74,9.78,7.49,1091200.0,,
"Mar 30, 2005",9.64,9.79,9.64,9.77,7.48,1858800.0,,
"Mar 29, 2005",9.63,9.74,9.6,9.62,7.37,1471600.0,,
"Mar 28, 2005",9.69,9.81,9.69,9.69,7.43,1290000.0,,
"Mar 24, 2005",9.65,9.78,9.65,9.69,7.42,901000.0,,
"Mar 23, 2005",9.55,9.73,9.55,9.68,7.42,1324600.0,,
"Mar 22, 2005",9.73,9.77,9.61,9.64,7.39,3089200.0,,
"Mar 21, 2005",9.73,9.78,9.68,9.73,7.45,1698200.0,,
"Mar 18, 2005",9.75,9.81,9.69,9.73,7.45,2694600.0,,
"Mar 17, 2005",9.77,9.83,9.75,9.78,7.49,673600.0,,
"Mar 16, 2005",9.88,9.9,9.76,9.78,7.5,1133600.0,,
"Mar 15, 2005",9.98,10.04,9.89,9.89,7.58,657600.0,,
"Mar 14, 2005",9.94,9.99,9.9,9.98,7.65,1297400.0,,
"Mar 11, 2005",10.01,10.13,9.92,9.94,7.62,1131400.0,,
"Mar 10, 2005",10.0,10.09,9.97,10.07,7.72,1145000.0,,
"Mar 9, 2005",9.95,10.12,9.95,10.03,7.69,1192800.0,,
"Mar 8, 2005",10.1,10.19,10.05,10.05,7.7,1477200.0,,
"Mar 7, 2005",10.0,10.22,10.0,10.14,7.77,1081600.0,,
"Mar 4, 2005",9.95,10.11,9.95,10.06,7.71,1489600.0,,
"Mar 3, 2005",10.06,10.1,9.95,9.99,7.66,804600.0,,
"Mar 2, 2005",10.04,10.15,10.0,10.07,7.72,902800.0,,
"Mar 1, 2005",10.05,10.11,10.02,10.1,7.74,1192800.0,,
"Feb 28, 2005",9.98,10.07,9.94,9.98,7.64,1688600.0,,
"Feb 25, 2005",9.95,10.03,9.93,10.01,7.67,1155000.0,,
"Feb 24, 2005",9.86,9.96,9.82,9.94,7.62,1755200.0,,
"Feb 23, 2005",9.86,9.92,9.8,9.85,7.55,2073200.0,,
"Feb 22, 2005",9.82,10.02,9.82,9.89,7.58,1974800.0,,
"Feb 22, 2005",9.82,10.02,9.82,9.89,7.58,1974800.0,,
"Feb 18, 2005",9.95,10.01,9.94,9.94,7.62,695600.0,,
"Feb 17, 2005",10.1,10.14,9.96,9.96,7.63,919000.0,,
"Feb 16, 2005",10.09,10.16,10.09,10.13,7.76,1080200.0,,
"Feb 15, 2005",10.07,10.23,10.07,10.16,7.79,2085200.0,,
"Feb 14, 2005",10.04,10.14,10.04,10.11,7.75,1926800.0,,
"Feb 11, 2005",9.91,10.11,9.91,10.09,7.73,1134600.0,,
"Feb 10, 2005",9.98,10.03,9.93,9.99,7.66,824800.0,,
"Feb 9, 2005",10.14,10.15,9.98,9.98,7.64,2332400.0,,
"Feb 8, 2005",10.07,10.19,10.07,10.15,7.78,971600.0,,
"Feb 7, 2005",10.13,10.17,10.09,10.1,7.74,1863400.0,,
"Feb 4, 2005",9.98,10.15,9.94,10.13,7.76,1695000.0,,
"Feb 3, 2005",10.02,10.02,9.91,9.96,7.63,1973400.0,,
"Feb 2, 2005",10.0,10.07,9.98,10.02,7.68,928800.0,,
"Feb 1, 2005",10.0,10.04,9.97,10.02,7.68,1404400.0,,
"Jan 31, 2005",9.9,10.0,9.9,9.96,7.63,2628400.0,,
"Jan 28, 2005",9.93,9.96,9.81,9.89,7.58,686400.0,,
"Jan 27, 2005",9.85,9.92,9.84,9.89,7.58,1442000.0,,
"Jan 26, 2005",9.88,9.93,9.82,9.9,7.59,727200.0,,
"Jan 25, 2005",9.8,9.9,9.8,9.8,7.51,2121400.0,,
"Jan 24, 2005",9.88,9.9,9.77,9.78,7.5,1966200.0,,
"Jan 21, 2005",10.0,10.0,9.86,9.86,7.56,3038400.0,,
"Jan 20, 2005",9.99,10.02,9.9,9.94,7.61,2012600.0,,
"Jan 19, 2005",10.22,10.22,10.01,10.01,7.67,2025000.0,,
"Jan 18, 2005",10.1,10.22,10.07,10.22,7.83,1050600.0,,
"Jan 14, 2005",10.07,10.15,10.07,10.11,7.75,8207000.0,,
"Jan 13, 2005",10.18,10.19,10.05,10.08,7.72,2369200.0,,
"Jan 12, 2005",10.13,10.19,10.07,10.18,7.8,5578800.0,,
"Jan 11, 2005",10.06,10.21,10.06,10.13,7.76,1467800.0,,
"Jan 10, 2005",10.32,10.32,10.19,10.23,7.84,987600.0,,
"Jan 7, 2005",10.2,10.31,10.17,10.23,7.84,791200.0,,
"Jan 6, 2005",10.26,10.31,10.2,10.2,7.82,963400.0,,
"Jan 5, 2005",10.27,10.37,10.23,10.23,7.84,1627000.0,,
"Jan 4, 2005",10.49,10.53,10.23,10.27,7.87,1529400.0,,
"Jan 3, 2005",10.64,10.65,10.45,10.47,8.02,2647800.0,,
"Dec 31, 2004",10.57,10.61,10.55,10.56,8.09,978600.0,,
"Dec 30, 2004",10.58,10.6,10.56,10.57,8.1,1085600.0,,
"Dec 29, 2004",10.55,10.6,10.54,10.57,8.1,769800.0,,
"Dec 28, 2004",10.55,10.58,10.51,10.57,8.1,976400.0,,
"Dec 27, 2004",10.61,10.61,10.49,10.52,8.06,476200.0,,
"Dec 23, 2004",10.57,10.6,10.53,10.58,8.11,2971800.0,,
"Dec 22, 2004",10.56,10.61,10.51,10.56,8.09,1267000.0,,
"Dec 21, 2004",10.49,10.55,10.45,10.53,8.07,3929800.0,,
"Dec 20, 2004",10.6,10.6,10.4,10.42,7.99,665200.0,,
"Dec 17, 2004",,,,,,,Dividend,0.209
"Dec 17, 2004",10.45,10.56,10.45,10.48,8.03,964400.0,,
"Dec 16, 2004",10.75,10.84,10.68,10.74,8.07,1315800.0,,
"Dec 15, 2004",10.8,10.85,10.73,10.78,8.1,997400.0,,
"Dec 14, 2004",10.6,10.83,10.6,10.78,8.1,3396800.0,,
"Dec 13, 2004",10.75,10.77,10.69,10.77,8.09,1180600.0,,
"Dec 10, 2004",10.61,10.7,10.61,10.64,8.0,1041400.0,,
"Dec 9, 2004",10.64,10.73,10.52,10.69,8.04,1493000.0,,
"Dec 8, 2004",10.69,10.74,10.65,10.7,8.04,854400.0,,
"Dec 7, 2004",10.9,10.94,10.69,10.71,8.05,1859800.0,,
"Dec 6, 2004",10.75,10.9,10.75,10.85,8.16,702600.0,,
"Dec 3, 2004",10.85,10.91,10.8,10.81,8.12,1582200.0,,
"Dec 2, 2004",10.82,10.84,10.66,10.73,8.07,1645800.0,,
"Dec 1, 2004",10.55,10.72,10.52,10.7,8.04,2342600.0,,
"Nov 30, 2004",10.56,10.56,10.49,10.49,7.88,589800.0,,
"Nov 29, 2004",10.57,10.64,10.48,10.55,7.93,1522000.0,,
"Nov 26, 2004",10.6,10.6,10.53,10.55,7.92,431000.0,,
"Nov 24, 2004",10.48,10.56,10.48,10.56,7.93,519000.0,,
"Nov 23, 2004",10.5,10.56,10.43,10.48,7.87,981000.0,,
"Nov 22, 2004",10.45,10.55,10.41,10.52,7.9,723800.0,,
"Nov 19, 2004",10.6,10.68,10.48,10.51,7.89,672200.0,,
"Nov 18, 2004",10.59,10.69,10.59,10.67,8.02,1548200.0,,
"Nov 17, 2004",10.63,10.71,10.59,10.63,7.99,1380800.0,,
"Nov 16, 2004",10.47,10.53,10.45,10.51,7.9,1206000.0,,
"Nov 15, 2004",10.64,10.68,10.52,10.59,7.96,5157600.0,,
"Nov 12, 2004",10.5,10.53,10.36,10.53,7.91,788600.0,,
"Nov 11, 2004",10.23,10.4,10.23,10.39,7.8,1063000.0,,
"Nov 10, 2004",10.33,10.33,10.23,10.26,7.71,1371600.0,,
"Nov 9, 2004",10.31,10.4,10.31,10.35,7.77,1267200.0,,
"Nov 8, 2004",10.34,10.36,10.3,10.35,7.78,928800.0,,
"Nov 5, 2004",10.35,10.38,10.27,10.34,7.77,9837800.0,,
"Nov 4, 2004",10.13,10.26,10.09,10.24,7.7,1142800.0,,
"Nov 3, 2004",10.25,10.28,10.09,10.13,7.61,1917400.0,,
"Nov 2, 2004",10.09,10.18,10.03,10.07,7.57,1782400.0,,
"Nov 1, 2004",10.02,10.08,9.98,10.06,7.56,780400.0,,
"Oct 29, 2004",10.02,10.05,9.93,9.98,7.5,1629000.0,,
"Oct 28, 2004",9.88,10.03,9.88,9.98,7.5,1958400.0,,
"Oct 27, 2004",9.75,9.98,9.7,9.95,7.48,1832600.0,,
"Oct 26, 2004",9.69,9.75,9.65,9.72,7.3,633800.0,,
"Oct 25, 2004",9.69,9.76,9.68,9.69,7.28,878800.0,,
"Oct 22, 2004",9.94,9.94,9.7,9.71,7.3,1303200.0,,
"Oct 21, 2004",9.91,9.97,9.82,9.93,7.46,759200.0,,
"Oct 20, 2004",9.76,9.86,9.73,9.84,7.39,425600.0,,
"Oct 19, 2004",9.88,9.97,9.81,9.82,7.38,5270200.0,,
"Oct 18, 2004",9.66,9.84,9.66,9.82,7.38,480600.0,,
"Oct 15, 2004",9.72,9.8,9.68,9.73,7.31,497600.0,,
"Oct 14, 2004",9.78,9.78,9.66,9.66,7.26,379000.0,,
"Oct 13, 2004",9.91,9.91,9.72,9.74,7.32,392200.0,,
"Oct 12, 2004",9.68,9.78,9.66,9.77,7.35,573800.0,,
"Oct 11, 2004",9.76,9.82,9.75,9.8,7.36,407000.0,,
"Oct 8, 2004",9.86,9.93,9.74,9.77,7.34,745800.0,,
"Oct 7, 2004",9.95,10.02,9.91,9.91,7.45,1162800.0,,
"Oct 6, 2004",9.9,10.02,9.88,10.02,7.53,1468800.0,,
"Oct 5, 2004",9.9,9.97,9.86,9.95,7.48,695000.0,,
"Oct 4, 2004",9.94,9.97,9.88,9.88,7.42,3342400.0,,
"Oct 1, 2004",9.61,9.83,9.61,9.8,7.36,1866000.0,,
"Oct 1, 2004",9.61,9.83,9.61,9.8,7.36,1866000.0,,
"Sep 30, 2004",9.51,9.59,9.51,9.56,7.18,286200.0,,
"Sep 29, 2004",9.41,9.53,9.41,9.52,7.16,2367200.0,,
"Sep 28, 2004",9.44,9.44,9.34,9.43,7.08,2060200.0,,
"Sep 27, 2004",9.44,9.48,9.39,9.4,7.06,2521600.0,,
"Sep 24, 2004",9.55,9.61,9.48,9.48,7.13,668000.0,,
"Sep 23, 2004",9.56,9.6,9.52,9.56,7.19,472000.0,,
"Sep 22, 2004",9.6,9.65,9.53,9.54,7.17,388400.0,,
"Sep 21, 2004",9.66,9.75,9.66,9.7,7.29,479200.0,,
"Sep 20, 2004",9.55,9.73,9.55,9.66,7.26,1062200.0,,
"Sep 17, 2004",9.57,9.64,9.55,9.63,7.24,512800.0,,
"Sep 16, 2004",9.57,9.63,9.56,9.56,7.19,277400.0,,
"Sep 15, 2004",9.61,9.63,9.52,9.55,7.17,315600.0,,
"Sep 14, 2004",9.64,9.7,9.63,9.7,7.29,360600.0,,
"Sep 13, 2004",9.66,9.74,9.63,9.66,7.26,1092800.0,,
"Sep 10, 2004",9.47,9.63,9.43,9.61,7.22,585400.0,,
"Sep 9, 2004",9.36,9.49,9.32,9.45,7.1,536800.0,,
"Sep 8, 2004",9.3,9.38,9.29,9.31,7.0,447800.0,,
"Sep 7, 2004",9.27,9.38,9.27,9.31,6.99,572600.0,,
"Sep 3, 2004",9.36,9.38,9.26,9.27,6.96,338600.0,,
"Sep 2, 2004",9.32,9.47,9.32,9.47,7.12,324200.0,,
"Sep 1, 2004",9.28,9.4,9.26,9.36,7.03,1044600.0,,
"Aug 31, 2004",9.34,9.34,9.2,9.29,6.98,1829200.0,,
"Aug 30, 2004",9.41,9.41,9.32,9.32,7.01,445200.0,,
"Aug 27, 2004",9.4,9.46,9.39,9.42,7.08,641000.0,,
"Aug 26, 2004",9.39,9.44,9.38,9.38,7.05,575000.0,,
"Aug 25, 2004",9.27,9.45,9.27,9.43,7.09,780600.0,,
"Aug 24, 2004",9.43,9.43,9.29,9.32,7.01,567000.0,,
"Aug 23, 2004",9.37,9.42,9.34,9.38,7.04,303000.0,,
"Aug 20, 2004",9.27,9.38,9.27,9.33,7.01,473200.0,,
"Aug 19, 2004",9.31,9.35,9.23,9.28,6.98,860200.0,,
"Aug 18, 2004",9.09,9.34,9.09,9.31,7.0,1697000.0,,
"Aug 17, 2004",9.18,9.22,9.14,9.16,6.89,709200.0,,
"Aug 16, 2004",9.06,9.16,9.02,9.1,6.84,851200.0,,
"Aug 13, 2004",9.03,9.06,8.98,9.02,6.78,855800.0,,
"Aug 12, 2004",9.03,9.07,8.93,8.98,6.74,5286000.0,,
"Aug 11, 2004",9.27,9.27,9.09,9.15,6.88,813200.0,,
"Aug 10, 2004",9.26,9.39,9.26,9.39,7.06,1663400.0,,
"Aug 9, 2004",9.3,9.3,9.2,9.23,6.94,618800.0,,
"Aug 6, 2004",9.35,9.39,9.17,9.17,6.89,963800.0,,
"Aug 5, 2004",9.65,9.65,9.44,9.45,7.1,702200.0,,
"Aug 4, 2004",9.52,9.65,9.52,9.6,7.21,1572400.0,,
"Aug 3, 2004",9.71,9.74,9.56,9.59,7.2,859200.0,,
"Aug 2, 2004",9.65,9.77,9.62,9.74,7.32,846000.0,,
"Jul 30, 2004",9.69,9.77,9.65,9.72,7.3,338600.0,,
"Jul 29, 2004",9.63,9.74,9.63,9.7,7.29,1026600.0,,
"Jul 28, 2004",9.53,9.63,9.43,9.56,7.19,1913600.0,,
"Jul 27, 2004",9.51,9.61,9.47,9.57,7.19,1165200.0,,
"Jul 26, 2004",9.47,9.52,9.4,9.48,7.12,915800.0,,
"Jul 23, 2004",9.55,9.55,9.41,9.43,7.08,536400.0,,
"Jul 22, 2004",9.47,9.64,9.44,9.59,7.21,1563200.0,,
"Jul 21, 2004",9.78,9.79,9.48,9.49,7.13,1276400.0,,
"Jul 20, 2004",9.51,9.64,9.48,9.64,7.24,1004000.0,,
"Jul 19, 2004",9.44,9.55,9.41,9.48,7.12,1379600.0,,
"Jul 16, 2004",9.63,9.64,9.43,9.45,7.1,915200.0,,
"Jul 15, 2004",9.6,9.67,9.55,9.55,7.18,502000.0,,
"Jul 14, 2004",9.65,9.73,9.56,9.6,7.21,1674200.0,,
"Jul 13, 2004",9.85,9.85,9.74,9.76,7.33,629800.0,,
"Jul 12, 2004",9.75,9.82,9.7,9.8,7.36,2477200.0,,
"Jul 9, 2004",9.81,9.86,9.79,9.81,7.38,437400.0,,
"Jul 8, 2004",9.8,9.88,9.73,9.73,7.31,551800.0,,
"Jul 7, 2004",9.81,9.94,9.81,9.9,7.44,414400.0,,
"Jul 6, 2004",9.94,9.98,9.78,9.84,7.39,1693600.0,,
"Jul 2, 2004",10.17,10.17,10.02,10.05,7.55,705200.0,,
"Jul 1, 2004",10.32,10.32,10.07,10.16,7.63,973400.0,,
"Jun 30, 2004",10.27,10.39,10.26,10.35,7.78,684200.0,,
"Jun 29, 2004",10.19,10.29,10.15,10.28,7.72,1281600.0,,
"Jun 28, 2004",10.32,10.32,10.15,10.18,7.65,850400.0,,
"Jun 25, 2004",10.23,10.31,10.2,10.26,7.71,439000.0,,
"Jun 24, 2004",10.27,10.31,10.19,10.22,7.68,997800.0,,
"Jun 23, 2004",10.15,10.28,10.11,10.27,7.71,859200.0,,
"Jun 22, 2004",10.01,10.14,9.99,10.13,7.61,670600.0,,
"Jun 21, 2004",10.07,10.15,10.01,10.02,7.53,805800.0,,
"Jun 18, 2004",10.0,10.15,10.0,10.06,7.56,670000.0,,
"Jun 17, 2004",10.15,10.15,10.02,10.05,7.55,451200.0,,
"Jun 16, 2004",10.15,10.19,10.12,10.16,7.63,1427800.0,,
"Jun 15, 2004",10.15,10.27,10.14,10.2,7.67,1184000.0,,
"Jun 14, 2004",10.11,10.16,10.02,10.06,7.56,828800.0,,
"Jun 10, 2004",10.2,10.21,10.15,10.19,7.66,1713600.0,,
"Jun 9, 2004",10.25,10.25,10.13,10.14,7.62,709200.0,,
"Jun 8, 2004",10.14,10.26,10.14,10.26,7.71,1117200.0,,
"Jun 7, 2004",10.02,10.22,10.02,10.2,7.66,2318200.0,,
"Jun 4, 2004",9.98,10.07,9.97,9.97,7.49,1043200.0,,
"Jun 3, 2004",9.97,9.97,9.87,9.88,7.42,953800.0,,
"Jun 2, 2004",10.01,10.05,9.94,10.01,7.52,1880400.0,,
"Jun 1, 2004",9.95,10.05,9.91,10.01,7.52,499200.0,,
"May 28, 2004",10.0,10.07,9.99,10.07,7.57,564600.0,,
"May 27, 2004",9.98,10.07,9.94,10.02,7.53,1904000.0,,
"May 26, 2004",9.97,10.0,9.89,9.97,7.49,672400.0,,
"May 25, 2004",9.75,9.99,9.73,9.98,7.5,555800.0,,
"May 24, 2004",9.9,9.9,9.77,9.8,7.36,438800.0,,
"May 21, 2004",9.82,9.83,9.73,9.78,7.35,359400.0,,
"May 20, 2004",9.74,9.81,9.69,9.76,7.33,302600.0,,
"May 19, 2004",9.8,9.94,9.76,9.76,7.33,876400.0,,
"May 18, 2004",9.74,9.77,9.7,9.72,7.3,663200.0,,
"May 17, 2004",9.61,9.69,9.54,9.62,7.23,1350200.0,,
"May 14, 2004",9.89,9.89,9.71,9.73,7.31,1345600.0,,
"May 13, 2004",9.79,9.94,9.78,9.86,7.41,745000.0,,
"May 12, 2004",9.89,9.89,9.63,9.86,7.41,814800.0,,
"May 11, 2004",9.83,9.91,9.83,9.89,7.43,762800.0,,
"May 11, 2004",9.83,9.91,9.83,9.89,7.43,762800.0,,
"May 10, 2004",9.7,9.8,9.68,9.76,7.33,850600.0,,
"May 7, 2004",9.82,9.96,9.8,9.8,7.36,835000.0,,
"May 6, 2004",9.81,9.87,9.73,9.85,7.4,950800.0,,
"May 5, 2004",9.86,9.94,9.81,9.9,7.44,1468200.0,,
"May 4, 2004",9.8,9.95,9.76,9.85,7.4,1198000.0,,
"May 3, 2004",9.76,9.86,9.68,9.75,7.33,774000.0,,
"Apr 30, 2004",9.88,9.93,9.69,9.69,7.28,1048800.0,,
"Apr 29, 2004",10.02,10.08,9.81,9.9,7.44,944000.0,,
"Apr 28, 2004",10.19,10.19,10.02,10.05,7.55,1476800.0,,
"Apr 27, 2004",10.27,10.35,10.2,10.23,7.68,536000.0,,
"Apr 26, 2004",10.36,10.4,10.23,10.26,7.71,426400.0,,
"Apr 23, 2004",10.35,10.4,10.28,10.38,7.8,1009800.0,,
"Apr 22, 2004",9.99,10.29,9.99,10.24,7.7,1570400.0,,
"Apr 21, 2004",10.01,10.09,9.97,10.09,7.58,1048400.0,,
"Apr 20, 2004",10.21,10.24,9.94,9.94,7.47,519000.0,,
"Apr 19, 2004",10.03,10.16,10.02,10.16,7.63,522800.0,,
"Apr 16, 2004",10.07,10.11,9.99,10.05,7.55,616800.0,,
"Apr 15, 2004",10.25,10.31,10.05,10.14,7.62,1404800.0,,
"Apr 14, 2004",10.23,10.32,10.19,10.26,7.71,529000.0,,
"Apr 13, 2004",10.43,10.44,10.26,10.27,7.72,1002800.0,,
"Apr 12, 2004",10.41,10.43,10.38,10.4,7.81,538800.0,,
"Apr 8, 2004",10.5,10.5,10.31,10.38,7.8,685400.0,,
"Apr 7, 2004",10.43,10.43,10.27,10.35,7.78,1432400.0,,
"Apr 6, 2004",10.38,10.48,10.38,10.42,7.83,518000.0,,
"Apr 5, 2004",10.42,10.55,10.42,10.53,7.91,885800.0,,
"Apr 2, 2004",10.45,10.45,10.32,10.44,7.84,2958000.0,,
"Apr 1, 2004",10.14,10.24,10.12,10.19,7.65,904800.0,,
"Mar 31, 2004",10.1,10.18,10.08,10.08,7.57,896600.0,,
"Mar 30, 2004",10.09,10.16,10.03,10.15,7.62,1252800.0,,
"Mar 29, 2004",10.14,10.18,10.06,10.13,7.61,806600.0,,
"Mar 26, 2004",10.01,10.1,10.0,10.0,7.51,1742200.0,,
"Mar 25, 2004",9.89,10.06,9.85,10.06,7.56,1464800.0,,
"Mar 24, 2004",9.7,9.85,9.66,9.75,7.33,1252200.0,,
"Mar 23, 2004",9.73,9.83,9.64,9.7,7.29,813800.0,,
"Mar 22, 2004",9.73,9.76,9.63,9.72,7.3,1256800.0,,
"Mar 19, 2004",9.97,10.02,9.86,9.88,7.42,920200.0,,
"Mar 18, 2004",9.99,10.04,9.9,10.01,7.52,771000.0,,
"Mar 17, 2004",10.05,10.1,9.98,10.07,7.57,2245200.0,,
"Mar 16, 2004",9.94,9.99,9.84,9.95,7.48,1763800.0,,
"Mar 15, 2004",10.03,10.05,9.86,9.89,7.43,1413600.0,,
"Mar 12, 2004",10.02,10.09,9.96,10.08,7.57,568600.0,,
"Mar 11, 2004",9.89,10.1,9.86,9.89,7.43,2429600.0,,
"Mar 10, 2004",10.15,10.21,9.97,9.99,7.51,5181400.0,,
"Mar 9, 2004",10.2,10.22,10.08,10.18,7.65,941200.0,,
"Mar 8, 2004",10.4,10.47,10.18,10.18,7.65,1185200.0,,
"Mar 5, 2004",10.39,10.53,10.35,10.4,7.81,772800.0,,
"Mar 4, 2004",10.4,10.49,10.39,10.48,7.87,799000.0,,
"Mar 3, 2004",10.4,10.45,10.35,10.39,7.81,826600.0,,
"Mar 2, 2004",10.5,10.61,10.38,10.44,7.84,1041400.0,,
"Mar 1, 2004",10.37,10.52,10.36,10.48,7.87,1144600.0,,
"Feb 27, 2004",10.45,10.48,10.31,10.35,7.78,713600.0,,
"Feb 26, 2004",10.37,10.47,10.31,10.41,7.82,870000.0,,
"Feb 25, 2004",10.32,10.41,10.31,10.39,7.8,1108400.0,,
"Feb 24, 2004",10.23,10.37,10.21,10.31,7.74,2182600.0,,
"Feb 23, 2004",10.45,10.5,10.23,10.3,7.74,2281400.0,,
"Feb 20, 2004",10.55,10.55,10.36,10.44,7.84,1117200.0,,
"Feb 19, 2004",10.77,10.78,10.48,10.48,7.88,1709600.0,,
"Feb 18, 2004",10.66,10.72,10.63,10.65,8.0,1474800.0,,
"Feb 17, 2004",10.66,10.72,10.61,10.69,8.04,714400.0,,
"Feb 13, 2004",10.66,10.73,10.51,10.54,7.92,2313200.0,,
"Feb 12, 2004",10.64,10.74,10.6,10.6,7.97,675200.0,,
"Feb 11, 2004",10.6,10.74,10.6,10.7,8.04,1346400.0,,
"Feb 10, 2004",10.52,10.65,10.52,10.62,7.98,451000.0,,
"Feb 9, 2004",10.57,10.63,10.53,10.53,7.92,835400.0,,
"Feb 6, 2004",10.39,10.61,10.39,10.61,7.98,1297800.0,,
"Feb 5, 2004",10.38,10.45,10.34,10.4,7.81,597600.0,,
"Feb 4, 2004",10.45,10.52,10.35,10.38,7.8,1374800.0,,
"Feb 3, 2004",10.59,10.68,10.59,10.64,8.0,1066200.0,,
"Feb 2, 2004",10.68,10.75,10.56,10.63,7.98,4168200.0,,
"Jan 30, 2004",10.61,10.69,10.59,10.63,7.98,721800.0,,
"Jan 29, 2004",10.69,10.75,10.49,10.62,7.98,1299000.0,,
"Jan 28, 2004",10.88,10.95,10.64,10.68,8.02,7795000.0,,
"Jan 27, 2004",10.98,11.06,10.84,10.85,8.16,957000.0,,
"Jan 26, 2004",10.88,11.04,10.82,11.02,8.28,7664200.0,,
"Jan 23, 2004",10.85,10.95,10.76,10.82,8.13,1321000.0,,
"Jan 22, 2004",10.95,11.03,10.84,10.86,8.16,959400.0,,
"Jan 21, 2004",10.96,11.02,10.88,10.97,8.24,1271400.0,,
"Jan 20, 2004",11.1,11.12,10.98,11.05,8.3,1430200.0,,
"Jan 16, 2004",10.92,11.03,10.9,11.02,8.28,1032600.0,,
"Jan 15, 2004",10.81,10.95,10.77,10.89,8.18,694000.0,,
"Jan 14, 2004",10.76,10.85,10.73,10.84,8.15,2025000.0,,
"Jan 13, 2004",10.88,10.9,10.65,10.71,8.05,2270400.0,,
"Jan 12, 2004",10.75,10.87,10.63,10.86,8.16,877600.0,,
"Jan 9, 2004",10.65,10.85,10.65,10.7,8.04,1046400.0,,
"Jan 8, 2004",10.77,10.85,10.68,10.85,8.15,3746400.0,,
"Jan 7, 2004",10.63,10.66,10.51,10.64,7.99,1021600.0,,
"Jan 6, 2004",10.52,10.6,10.45,10.59,7.95,925800.0,,
"Jan 5, 2004",10.3,10.52,10.3,10.49,7.88,1341200.0,,
"Jan 2, 2004",10.23,10.32,10.19,10.24,7.69,543600.0,,
"Dec 31, 2003",10.27,10.27,10.16,10.19,7.66,704000.0,,
"Dec 30, 2003",10.23,10.24,10.18,10.2,7.67,760000.0,,
"Dec 29, 2003",10.06,10.23,10.05,10.22,7.68,1233800.0,,
"Dec 26, 2003",10.06,10.08,10.02,10.04,7.54,611200.0,,
"Dec 24, 2003",10.04,10.06,10.0,10.02,7.53,1895200.0,,
"Dec 23, 2003",9.98,10.05,9.98,10.04,7.54,1053000.0,,
"Dec 22, 2003",9.92,9.99,9.9,9.96,7.48,760600.0,,
"Dec 19, 2003",,,,,,,Dividend,0.0705
"Dec 19, 2003",10.02,10.05,9.89,9.94,7.47,2056600.0,,
"Dec 18, 2003",9.86,10.09,9.86,10.05,7.5,1358400.0,,
"Dec 18, 2003",9.86,10.09,9.86,10.05,7.5,1358400.0,,
"Dec 17, 2003",9.91,9.91,9.81,9.89,7.38,553200.0,,
"Dec 16, 2003",9.86,9.93,9.81,9.9,7.39,1575000.0,,
"Dec 15, 2003",10.15,10.15,9.84,9.85,7.35,1785200.0,,
"Dec 12, 2003",9.99,9.99,9.89,9.98,7.44,405800.0,,
"Dec 11, 2003",9.8,10.0,9.77,9.97,7.44,732600.0,,
"Dec 10, 2003",9.78,9.82,9.69,9.78,7.3,1032400.0,,
"Dec 9, 2003",9.99,10.02,9.71,9.73,7.26,725200.0,,
"Dec 8, 2003",9.88,9.97,9.84,9.94,7.42,644400.0,,
"Dec 5, 2003",9.99,10.04,9.9,9.91,7.4,746400.0,,
"Dec 4, 2003",9.95,10.1,9.93,10.1,7.53,486800.0,,
"Dec 3, 2003",10.1,10.14,9.95,9.97,7.44,531000.0,,
"Dec 2, 2003",10.03,10.1,10.01,10.01,7.47,730800.0,,
"Dec 1, 2003",10.0,10.1,9.95,10.05,7.5,1013800.0,,
"Nov 28, 2003",9.9,9.98,9.9,9.95,7.42,194200.0,,
"Nov 26, 2003",9.91,9.97,9.82,9.91,7.4,354400.0,,
"Nov 25, 2003",9.92,9.96,9.86,9.88,7.37,557200.0,,
"Nov 24, 2003",9.77,9.9,9.74,9.89,7.38,1031800.0,,
"Nov 21, 2003",9.61,9.67,9.56,9.64,7.19,362600.0,,
"Nov 20, 2003",9.6,9.77,9.56,9.56,7.13,704600.0,,
"Nov 19, 2003",9.57,9.72,9.57,9.71,7.25,1254000.0,,
"Nov 18, 2003",9.82,9.83,9.6,9.6,7.17,793600.0,,
"Nov 17, 2003",9.73,9.82,9.63,9.73,7.26,1317800.0,,
"Nov 14, 2003",10.0,10.05,9.84,9.86,7.36,704200.0,,
"Nov 13, 2003",9.98,10.05,9.93,9.99,7.46,892000.0,,
"Nov 12, 2003",9.93,10.1,9.91,10.08,7.52,607000.0,,
"Nov 11, 2003",9.93,9.94,9.85,9.87,7.36,332000.0,,
"Nov 10, 2003",10.04,10.04,9.88,9.9,7.38,667000.0,,
"Nov 7, 2003",10.1,10.15,9.99,10.02,7.48,388600.0,,
"Nov 6, 2003",10.05,10.08,9.94,10.06,7.51,836200.0,,
"Nov 5, 2003",9.95,10.0,9.85,9.98,7.45,380600.0,,
"Nov 4, 2003",10.0,10.02,9.91,9.95,7.43,886400.0,,
"Nov 3, 2003",9.89,10.05,9.89,10.04,7.49,1227200.0,,
"Oct 31, 2003",9.86,9.89,9.79,9.81,7.32,1413200.0,,
"Oct 30, 2003",9.9,9.93,9.78,9.8,7.31,982200.0,,
"Oct 29, 2003",9.8,9.84,9.7,9.81,7.32,411200.0,,
"Oct 28, 2003",9.61,9.8,9.6,9.8,7.31,702800.0,,
"Oct 27, 2003",9.6,9.64,9.53,9.56,7.14,488600.0,,
"Oct 24, 2003",9.51,9.54,9.38,9.52,7.1,737600.0,,
"Oct 23, 2003",9.63,9.7,9.57,9.66,7.21,1104400.0,,
"Oct 22, 2003",9.75,9.82,9.7,9.73,7.26,949200.0,,
"Oct 21, 2003",9.87,9.9,9.81,9.88,7.37,450400.0,,
"Oct 20, 2003",9.71,9.84,9.69,9.82,7.33,891000.0,,
"Oct 17, 2003",9.84,9.9,9.69,9.71,7.25,689000.0,,
"Oct 16, 2003",9.82,9.88,9.75,9.87,7.36,486400.0,,
"Oct 15, 2003",9.98,9.98,9.8,9.84,7.34,2073400.0,,
"Oct 14, 2003",9.77,9.8,9.71,9.77,7.29,440600.0,,
"Oct 13, 2003",9.81,9.88,9.74,9.8,7.31,519600.0,,
"Oct 10, 2003",9.75,9.78,9.68,9.77,7.29,650400.0,,
"Oct 9, 2003",9.77,9.86,9.67,9.69,7.23,1000200.0,,
"Oct 8, 2003",9.73,9.76,9.6,9.65,7.2,423400.0,,
"Oct 7, 2003",9.62,9.73,9.56,9.72,7.25,546400.0,,
"Oct 6, 2003",9.66,9.68,9.57,9.65,7.2,1340400.0,,
"Oct 3, 2003",9.44,9.69,9.44,9.6,7.17,1815600.0,,
"Oct 2, 2003",9.32,9.37,9.26,9.32,6.95,593400.0,,
"Oct 1, 2003",9.21,9.35,9.15,9.34,6.97,1245400.0,,
"Sep 30, 2003",9.29,9.38,9.1,9.14,6.82,873800.0,,
"Sep 29, 2003",9.27,9.35,9.18,9.35,6.98,604600.0,,
"Sep 26, 2003",9.27,9.32,9.19,9.2,6.86,787200.0,,
"Sep 25, 2003",9.38,9.44,9.25,9.25,6.9,1365400.0,,
"Sep 24, 2003",9.7,9.7,9.31,9.32,6.95,1216600.0,,
"Sep 23, 2003",9.6,9.66,9.52,9.65,7.2,577200.0,,
"Sep 22, 2003",9.64,9.66,9.52,9.6,7.16,823200.0,,
"Sep 19, 2003",9.79,9.81,9.59,9.78,7.3,515000.0,,
"Sep 18, 2003",9.6,9.8,9.57,9.77,7.29,888400.0,,
"Sep 17, 2003",9.65,9.72,9.6,9.64,7.19,624200.0,,
"Sep 16, 2003",9.41,9.68,9.41,9.65,7.2,424400.0,,
"Sep 15, 2003",9.53,9.53,9.4,9.41,7.02,542000.0,,
"Sep 12, 2003",9.35,9.49,9.31,9.47,7.06,585600.0,,
"Sep 11, 2003",9.44,9.52,9.32,9.45,7.05,629000.0,,
"Sep 10, 2003",9.59,9.59,9.34,9.35,6.97,1121200.0,,
"Sep 9, 2003",9.7,9.71,9.6,9.63,7.19,970800.0,,
"Sep 8, 2003",9.6,9.74,9.6,9.73,7.26,937400.0,,
"Sep 5, 2003",9.56,9.7,9.52,9.56,7.13,1063200.0,,
"Sep 4, 2003",9.55,9.65,9.49,9.61,7.17,777400.0,,
"Sep 3, 2003",9.52,9.6,9.45,9.52,7.1,1388400.0,,
"Sep 2, 2003",9.32,9.44,9.22,9.42,7.03,881200.0,,
"Aug 29, 2003",9.16,9.27,9.14,9.22,6.88,582000.0,,
"Aug 28, 2003",9.18,9.23,9.06,9.19,6.86,1086400.0,,
"Aug 27, 2003",9.09,9.16,9.03,9.14,6.82,409000.0,,
"Aug 26, 2003",8.98,9.1,8.89,9.07,6.77,757600.0,,
"Aug 25, 2003",9.02,9.08,8.98,9.02,6.73,733200.0,,
"Aug 22, 2003",9.23,9.32,9.06,9.08,6.77,668400.0,,
"Aug 21, 2003",9.1,9.16,9.01,9.1,6.79,614200.0,,
"Aug 20, 2003",9.0,9.07,8.94,9.01,6.72,1089800.0,,
"Aug 19, 2003",8.99,9.06,8.93,9.06,6.76,1002000.0,,
"Aug 18, 2003",8.81,8.95,8.76,8.94,6.67,654200.0,,
"Aug 15, 2003",8.69,8.77,8.69,8.69,6.48,549200.0,,
"Aug 14, 2003",8.64,8.76,8.61,8.73,6.51,458800.0,,
"Aug 13, 2003",8.74,8.75,8.61,8.65,6.45,529200.0,,
"Aug 12, 2003",8.56,8.69,8.53,8.66,6.47,448200.0,,
"Aug 11, 2003",8.49,8.6,8.48,8.53,6.37,875400.0,,
"Aug 8, 2003",8.54,8.6,8.45,8.49,6.34,650000.0,,
"Aug 7, 2003",8.49,8.56,8.46,8.51,6.35,902800.0,,
"Aug 6, 2003",8.52,8.68,8.47,8.53,6.36,1286400.0,,
"Aug 5, 2003",8.85,8.85,8.57,8.61,6.42,666600.0,,
"Aug 4, 2003",8.8,8.88,8.66,8.83,6.59,677800.0,,
"Aug 1, 2003",8.78,8.84,8.73,8.76,6.53,2422400.0,,
"Jul 31, 2003",8.9,8.98,8.8,8.8,6.57,2461800.0,,
"Jul 30, 2003",8.86,8.86,8.73,8.74,6.52,400800.0,,
"Jul 30, 2003",8.86,8.86,8.73,8.74,6.52,400800.0,,
"Jul 29, 2003",8.89,8.9,8.73,8.81,6.57,1697200.0,,
"Jul 28, 2003",8.85,8.93,8.82,8.89,6.63,1909200.0,,
"Jul 25, 2003",8.7,8.88,8.6,8.88,6.62,693400.0,,
"Jul 24, 2003",8.85,8.93,8.65,8.69,6.48,1099600.0,,
"Jul 23, 2003",8.82,8.82,8.66,8.81,6.58,494400.0,,
"Jul 22, 2003",8.73,8.8,8.65,8.77,6.54,839600.0,,
"Jul 21, 2003",8.71,8.77,8.55,8.58,6.4,936400.0,,
"Jul 18, 2003",8.81,8.82,8.66,8.77,6.55,423200.0,,
"Jul 17, 2003",8.85,8.9,8.68,8.76,6.53,1333000.0,,
"Jul 16, 2003",9.18,9.18,8.94,9.03,6.74,978400.0,,
"Jul 15, 2003",9.18,9.18,8.98,9.06,6.76,1414800.0,,
"Jul 14, 2003",9.18,9.23,9.02,9.05,6.75,989600.0,,
"Jul 11, 2003",8.91,9.05,8.91,9.01,6.72,690800.0,,
"Jul 10, 2003",8.99,9.03,8.85,8.88,6.63,2022400.0,,
"Jul 9, 2003",9.1,9.2,9.03,9.09,6.78,2366600.0,,
"Jul 8, 2003",9.03,9.14,8.95,9.1,6.79,1561800.0,,
"Jul 7, 2003",8.84,9.05,8.84,9.03,6.74,1470400.0,,
"Jul 3, 2003",8.74,8.87,8.73,8.73,6.51,1528600.0,,
"Jul 2, 2003",8.67,8.84,8.67,8.84,6.59,1607200.0,,
"Jul 1, 2003",8.45,8.65,8.39,8.65,6.46,1207800.0,,
"Jun 30, 2003",8.61,8.67,8.51,8.53,6.37,1116400.0,,
"Jun 27, 2003",8.65,8.71,8.51,8.56,6.39,1001600.0,,
"Jun 26, 2003",8.47,8.65,8.45,8.63,6.44,3227400.0,,
"Jun 25, 2003",8.52,8.66,8.42,8.47,6.32,1194000.0,,
"Jun 24, 2003",8.56,8.63,8.49,8.55,6.38,1206400.0,,
"Jun 23, 2003",8.72,8.74,8.51,8.59,6.41,3413600.0,,
"Jun 20, 2003",8.8,8.85,8.72,8.76,6.54,778600.0,,
"Jun 19, 2003",8.88,8.95,8.77,8.77,6.54,797200.0,,
"Jun 18, 2003",8.68,8.91,8.67,8.84,6.59,874400.0,,
"Jun 17, 2003",8.81,8.81,8.67,8.75,6.53,2267200.0,,
"Jun 16, 2003",8.6,8.73,8.52,8.71,6.5,4128200.0,,
"Jun 13, 2003",8.69,8.73,8.48,8.5,6.34,2936800.0,,
"Jun 12, 2003",8.74,8.76,8.61,8.69,6.48,1967800.0,,
"Jun 11, 2003",8.52,8.72,8.48,8.65,6.45,918400.0,,
"Jun 10, 2003",8.48,8.62,8.48,8.6,6.41,1137600.0,,
"Jun 9, 2003",8.59,8.63,8.42,8.48,6.32,2334000.0,,
"Jun 6, 2003",8.89,8.93,8.58,8.6,6.42,1690200.0,,
"Jun 5, 2003",8.63,8.69,8.55,8.69,6.48,1011200.0,,
"Jun 4, 2003",8.54,8.72,8.51,8.69,6.48,5049000.0,,
"Jun 3, 2003",8.36,8.52,8.36,8.51,6.35,1720800.0,,
"Jun 2, 2003",8.5,8.63,8.43,8.43,6.29,1386200.0,,
"May 30, 2003",8.41,8.52,8.41,8.48,6.32,2174800.0,,
"May 29, 2003",8.33,8.51,8.32,8.35,6.23,1460000.0,,
"May 28, 2003",8.31,8.39,8.25,8.34,6.22,1882600.0,,
"May 27, 2003",8.0,8.31,8.0,8.28,6.18,1399200.0,,
"May 23, 2003",8.01,8.1,8.01,8.07,6.02,595800.0,,
"May 22, 2003",7.99,8.09,7.94,8.06,6.01,5500200.0,,
"May 21, 2003",8.0,8.0,7.89,7.97,5.95,1881000.0,,
"May 20, 2003",7.97,8.06,7.9,7.97,5.94,3637600.0,,
"May 19, 2003",8.16,8.2,7.95,7.95,5.93,1921200.0,,
"May 16, 2003",8.28,8.32,8.2,8.25,6.16,2263800.0,,
"May 15, 2003",8.3,8.38,8.23,8.32,6.21,1354400.0,,
"May 14, 2003",8.3,8.35,8.17,8.24,6.15,1082800.0,,
"May 13, 2003",8.2,8.31,8.2,8.27,6.17,1424400.0,,
"May 12, 2003",8.17,8.31,8.12,8.28,6.18,1005000.0,,
"May 9, 2003",8.04,8.16,8.03,8.16,6.09,739800.0,,
"May 8, 2003",8.02,8.05,7.94,7.94,5.92,1228600.0,,
"May 7, 2003",8.13,8.19,8.02,8.07,6.02,2072200.0,,
"May 6, 2003",8.05,8.25,8.05,8.17,6.1,2328200.0,,
"May 5, 2003",8.07,8.15,8.02,8.02,5.99,1858600.0,,
"May 2, 2003",7.87,8.05,7.87,8.05,6.0,1167600.0,,
"May 1, 2003",7.78,7.92,7.73,7.88,5.88,969800.0,,
"Apr 30, 2003",7.87,7.89,7.8,7.8,5.82,1018000.0,,
"Apr 29, 2003",7.88,7.97,7.8,7.89,5.89,1180600.0,,
"Apr 28, 2003",7.65,7.86,7.64,7.82,5.83,997800.0,,
"Apr 25, 2003",7.76,7.76,7.63,7.66,5.71,1581400.0,,
"Apr 24, 2003",7.79,7.86,7.7,7.8,5.82,782400.0,,
"Apr 23, 2003",7.74,7.88,7.72,7.87,5.87,1962600.0,,
"Apr 22, 2003",7.5,7.74,7.49,7.74,5.78,1659800.0,,
"Apr 21, 2003",7.63,7.66,7.52,7.57,5.65,3037600.0,,
"Apr 17, 2003",7.45,7.63,7.4,7.61,5.67,2423600.0,,
"Apr 16, 2003",7.54,7.6,7.43,7.45,5.56,1124600.0,,
"Apr 15, 2003",7.37,7.44,7.32,7.39,5.52,706400.0,,
"Apr 14, 2003",7.2,7.39,7.2,7.38,5.51,1345600.0,,
"Apr 11, 2003",7.39,7.43,7.18,7.2,5.38,1287600.0,,
"Apr 10, 2003",7.22,7.29,7.16,7.27,5.42,1067400.0,,
"Apr 9, 2003",7.35,7.47,7.2,7.22,5.39,2548200.0,,
"Apr 8, 2003",7.5,7.5,7.36,7.39,5.51,2225200.0,,
"Apr 7, 2003",7.75,7.75,7.46,7.46,5.57,1554400.0,,
"Apr 4, 2003",7.56,7.57,7.38,7.44,5.55,798200.0,,
"Apr 3, 2003",7.65,7.66,7.52,7.53,5.61,2762600.0,,
"Apr 2, 2003",7.38,7.59,7.38,7.55,5.63,3119000.0,,
"Apr 1, 2003",7.18,7.3,7.17,7.24,5.4,1305200.0,,
"Mar 31, 2003",7.2,7.28,7.15,7.15,5.33,2439200.0,,
"Mar 28, 2003",7.47,7.49,7.34,7.35,5.48,845400.0,,
"Mar 27, 2003",7.45,7.54,7.39,7.45,5.56,1021400.0,,
"Mar 26, 2003",7.57,7.57,7.47,7.53,5.62,2671200.0,,
"Mar 25, 2003",7.43,7.6,7.41,7.55,5.64,1304000.0,,
"Mar 24, 2003",7.54,7.6,7.43,7.45,5.56,1847400.0,,
"Mar 21, 2003",7.8,7.8,7.66,7.76,5.79,3290600.0,,
"Mar 20, 2003",7.59,7.74,7.5,7.65,5.71,1280400.0,,
"Mar 19, 2003",7.61,7.7,7.51,7.66,5.72,2966600.0,,
"Mar 18, 2003",7.69,7.7,7.55,7.68,5.73,2887400.0,,
"Mar 17, 2003",7.25,7.64,7.2,7.64,5.7,5973400.0,,
"Mar 14, 2003",7.35,7.4,7.22,7.3,5.45,2836600.0,,
"Mar 13, 2003",7.07,7.3,6.97,7.28,5.43,2896200.0,,
"Mar 12, 2003",6.81,6.93,6.71,6.91,5.16,884000.0,,
"Mar 11, 2003",6.86,6.94,6.8,6.82,5.09,697200.0,,
"Mar 10, 2003",6.95,6.99,6.84,6.86,5.11,767800.0,,
"Mar 10, 2003",6.95,6.99,6.84,6.86,5.11,767800.0,,
"Mar 7, 2003",6.86,7.07,6.86,7.0,5.22,1616800.0,,
"Mar 6, 2003",7.03,7.11,7.01,7.03,5.25,1019600.0,,
"Mar 5, 2003",7.03,7.14,7.03,7.13,5.32,776000.0,,
"Mar 4, 2003",7.11,7.14,7.03,7.05,5.26,712200.0,,
"Mar 3, 2003",7.28,7.35,7.1,7.14,5.32,1388800.0,,
"Feb 28, 2003",7.18,7.28,7.18,7.26,5.42,1851200.0,,
"Feb 27, 2003",7.11,7.24,7.07,7.15,5.33,1917200.0,,
"Feb 26, 2003",7.22,7.28,7.06,7.08,5.28,1415000.0,,
"Feb 25, 2003",7.13,7.3,7.04,7.27,5.42,882800.0,,
"Feb 24, 2003",7.35,7.36,7.22,7.25,5.41,1383600.0,,
"Feb 21, 2003",7.32,7.43,7.18,7.38,5.5,916600.0,,
"Feb 20, 2003",7.4,7.45,7.28,7.28,5.44,960800.0,,
"Feb 19, 2003",7.43,7.46,7.28,7.4,5.52,1064400.0,,
"Feb 18, 2003",7.28,7.47,7.28,7.45,5.56,2075400.0,,
"Feb 14, 2003",7.06,7.22,7.01,7.22,5.38,2567600.0,,
"Feb 13, 2003",7.02,7.03,6.88,6.99,5.22,1257000.0,,
"Feb 12, 2003",7.05,7.13,6.97,6.97,5.2,574800.0,,
"Feb 11, 2003",7.12,7.2,7.01,7.07,5.28,639000.0,,
"Feb 10, 2003",7.01,7.13,6.94,7.09,5.29,1139000.0,,
"Feb 7, 2003",7.18,7.21,6.97,7.02,5.24,1116400.0,,
"Feb 6, 2003",7.08,7.21,7.05,7.1,5.3,844200.0,,
"Feb 5, 2003",7.3,7.37,7.13,7.14,5.33,1449400.0,,
"Feb 4, 2003",7.16,7.2,7.09,7.16,5.35,1377200.0,,
"Feb 3, 2003",7.22,7.35,7.21,7.29,5.44,2158200.0,,
"Jan 31, 2003",7.14,7.27,7.07,7.22,5.39,1676200.0,,
"Jan 30, 2003",7.55,7.55,7.22,7.24,5.4,1759800.0,,
"Jan 29, 2003",7.35,7.5,7.24,7.47,5.57,1993400.0,,
"Jan 28, 2003",7.38,7.41,7.24,7.36,5.49,1193200.0,,
"Jan 27, 2003",7.22,7.41,7.22,7.26,5.42,3370400.0,,
"Jan 24, 2003",7.6,7.61,7.3,7.34,5.48,2671800.0,,
"Jan 23, 2003",7.7,7.7,7.47,7.64,5.7,1054800.0,,
"Jan 22, 2003",7.55,7.69,7.51,7.51,5.6,2727800.0,,
"Jan 21, 2003",7.68,7.7,7.56,7.56,5.64,2873800.0,,
"Jan 17, 2003",7.78,7.82,7.6,7.61,5.68,5678600.0,,
"Jan 16, 2003",8.16,8.23,7.97,8.0,5.97,2588400.0,,
"Jan 15, 2003",8.38,8.39,8.15,8.18,6.1,1816000.0,,
"Jan 14, 2003",8.24,8.36,8.23,8.34,6.22,1894800.0,,
"Jan 13, 2003",8.43,8.45,8.2,8.23,6.14,2677400.0,,
"Jan 10, 2003",8.07,8.35,8.07,8.27,6.17,1583600.0,,
"Jan 9, 2003",8.15,8.3,8.11,8.23,6.14,1743600.0,,
"Jan 8, 2003",8.13,8.18,7.99,7.99,5.96,3033600.0,,
"Jan 7, 2003",8.21,8.34,8.15,8.26,6.16,3594400.0,,
"Jan 6, 2003",7.88,8.23,7.88,8.18,6.1,2575600.0,,
"Jan 3, 2003",7.78,7.85,7.7,7.83,5.84,3162400.0,,
"Jan 2, 2003",7.45,7.8,7.44,7.8,5.82,4144400.0,,
"Dec 31, 2002",7.49,7.49,7.36,7.4,5.52,4342200.0,,
"Dec 30, 2002",7.59,7.59,7.38,7.44,5.55,7433600.0,,
"Dec 27, 2002",7.64,7.67,7.5,7.51,5.61,2507600.0,,
"Dec 26, 2002",7.74,7.84,7.6,7.65,5.71,1577800.0,,
"Dec 24, 2002",7.69,7.78,7.68,7.69,5.74,1050600.0,,
"Dec 23, 2002",7.65,7.82,7.63,7.77,5.8,2141800.0,,
"Dec 20, 2002",,,,,,,Dividend,0.0205
"Dec 20, 2002",7.7,7.74,7.63,7.68,5.73,3538600.0,,
"Dec 19, 2002",7.68,7.8,7.53,7.61,5.67,4875000.0,,
"Dec 18, 2002",7.74,7.78,7.6,7.64,5.69,1610600.0,,
"Dec 17, 2002",7.91,8.01,7.84,7.86,5.85,5131800.0,,
"Dec 16, 2002",7.66,7.93,7.66,7.9,5.88,3185200.0,,
"Dec 13, 2002",7.76,7.77,7.63,7.64,5.69,1067600.0,,
"Dec 12, 2002",7.93,7.95,7.77,7.82,5.82,1327000.0,,
"Dec 11, 2002",7.74,7.94,7.68,7.85,5.84,1468200.0,,
"Dec 10, 2002",7.68,7.86,7.68,7.79,5.8,6605800.0,,
"Dec 9, 2002",7.9,7.93,7.64,7.66,5.7,2260200.0,,
"Dec 6, 2002",7.9,8.12,7.8,8.05,5.99,1987600.0,,
"Dec 5, 2002",8.27,8.27,7.97,7.97,5.93,1951800.0,,
"Dec 4, 2002",8.06,8.24,8.01,8.15,6.06,3542200.0,,
"Dec 3, 2002",8.43,8.45,8.27,8.27,6.16,6049400.0,,
"Dec 2, 2002",8.8,8.9,8.48,8.57,6.38,3563200.0,,
"Nov 29, 2002",8.65,8.65,8.52,8.55,6.36,869600.0,,
"Nov 27, 2002",8.48,8.63,8.4,8.6,6.4,2463600.0,,
"Nov 26, 2002",8.43,8.49,8.27,8.27,6.15,3468400.0,,
"Nov 25, 2002",8.4,8.56,8.38,8.51,6.33,3775200.0,,
"Nov 22, 2002",8.27,8.44,8.25,8.39,6.24,2595200.0,,
"Nov 21, 2002",8.23,8.43,8.15,8.41,6.26,7346800.0,,
"Nov 20, 2002",7.66,8.05,7.66,8.0,5.95,2580400.0,,
"Nov 19, 2002",7.78,7.82,7.63,7.68,5.71,1701800.0,,
"Nov 18, 2002",7.99,8.01,7.8,7.8,5.81,2332200.0,,
"Nov 15, 2002",7.77,7.92,7.7,7.89,5.87,1837600.0,,
"Nov 14, 2002",7.75,7.88,7.68,7.88,5.86,3078600.0,,
"Nov 13, 2002",7.5,7.65,7.4,7.57,5.64,3293200.0,,
"Nov 12, 2002",7.39,7.66,7.39,7.54,5.61,661600.0,,
"Nov 11, 2002",7.58,7.58,7.3,7.34,5.46,1722200.0,,
"Nov 8, 2002",7.7,7.8,7.55,7.6,5.66,2894000.0,,
"Nov 7, 2002",7.84,7.84,7.63,7.66,5.7,1449200.0,,
"Nov 6, 2002",7.93,7.99,7.75,7.97,5.93,1619200.0,,
"Nov 5, 2002",7.78,7.91,7.7,7.84,5.84,2855800.0,,
"Nov 4, 2002",7.93,8.07,7.82,7.89,5.87,6071800.0,,
"Nov 1, 2002",7.3,7.61,7.22,7.6,5.66,1282200.0,,
"Oct 31, 2002",7.41,7.53,7.32,7.38,5.49,4234400.0,,
"Oct 30, 2002",7.13,7.41,7.1,7.38,5.49,1708600.0,,
"Oct 29, 2002",7.22,7.3,6.95,7.13,5.31,2317600.0,,
"Oct 28, 2002",7.38,7.43,7.21,7.25,5.39,1220200.0,,
"Oct 25, 2002",7.05,7.27,7.05,7.26,5.41,1373400.0,,
"Oct 24, 2002",7.25,7.32,7.04,7.07,5.26,3005000.0,,
"Oct 23, 2002",6.98,7.19,6.89,7.19,5.35,1502800.0,,
"Oct 22, 2002",6.89,7.13,6.82,7.0,5.21,5402600.0,,
"Oct 21, 2002",6.78,7.09,6.76,7.03,5.23,2944600.0,,
"Oct 18, 2002",6.8,6.91,6.65,6.89,5.13,1247200.0,,
"Oct 17, 2002",6.9,6.93,6.72,6.8,5.06,3150200.0,,
"Oct 16, 2002",6.6,6.68,6.49,6.53,4.86,2210600.0,,
"Oct 16, 2002",6.6,6.68,6.49,6.53,4.86,2210600.0,,
"Oct 15, 2002",6.78,6.92,6.72,6.9,5.13,5464000.0,,
"Oct 14, 2002",6.33,6.5,6.33,6.49,4.83,1476000.0,,
"Oct 11, 2002",6.25,6.53,6.24,6.48,4.82,4996600.0,,
"Oct 10, 2002",5.8,6.14,5.73,6.09,4.54,2984600.0,,
"Oct 9, 2002",5.75,5.91,5.7,5.79,4.31,1965000.0,,
"Oct 8, 2002",5.91,5.95,5.71,5.84,4.35,2372200.0,,
"Oct 7, 2002",5.93,6.02,5.81,5.84,4.35,1374800.0,,
"Oct 4, 2002",6.17,6.17,5.9,5.95,4.43,2278200.0,,
"Oct 3, 2002",6.1,6.24,6.05,6.08,4.52,1044400.0,,
"Oct 2, 2002",6.19,6.32,6.05,6.09,4.54,5077800.0,,
"Oct 1, 2002",5.97,6.25,5.89,6.24,4.64,2156800.0,,
"Sep 30, 2002",6.07,6.07,5.86,5.91,4.4,3170600.0,,
"Sep 27, 2002",6.22,6.36,6.11,6.12,4.55,2185600.0,,
"Sep 26, 2002",6.45,6.47,6.24,6.28,4.67,3233800.0,,
"Sep 25, 2002",6.26,6.44,6.16,6.35,4.73,2690200.0,,
"Sep 24, 2002",6.13,6.28,6.08,6.11,4.55,2655600.0,,
"Sep 23, 2002",6.27,6.32,6.15,6.22,4.62,1797000.0,,
"Sep 20, 2002",6.5,6.5,6.36,6.41,4.77,2982600.0,,
"Sep 19, 2002",6.53,6.56,6.38,6.38,4.75,2299400.0,,
"Sep 18, 2002",6.64,6.78,6.57,6.68,4.97,1211000.0,,
"Sep 17, 2002",6.93,7.01,6.73,6.75,5.02,757200.0,,
"Sep 16, 2002",6.9,6.93,6.78,6.84,5.09,401600.0,,
"Sep 13, 2002",6.88,7.02,6.86,6.95,5.17,493600.0,,
"Sep 12, 2002",7.07,7.13,6.92,6.92,5.15,680800.0,,
"Sep 11, 2002",7.35,7.35,7.16,7.18,5.35,1437000.0,,
"Sep 10, 2002",7.09,7.16,7.02,7.14,5.32,580000.0,,
"Sep 9, 2002",6.84,7.05,6.78,7.03,5.23,1398400.0,,
"Sep 6, 2002",6.84,7.01,6.81,6.95,5.17,5887800.0,,
"Sep 5, 2002",6.78,6.82,6.68,6.72,5.0,785800.0,,
"Sep 4, 2002",6.76,6.97,6.75,6.96,5.18,1838400.0,,
"Sep 3, 2002",6.93,6.98,6.75,6.75,5.02,2919800.0,,
"Aug 30, 2002",7.18,7.24,7.09,7.1,5.28,3210400.0,,
"Aug 29, 2002",7.05,7.34,7.03,7.28,5.42,1332600.0,,
"Aug 28, 2002",7.3,7.32,7.14,7.18,5.35,2237800.0,,
"Aug 27, 2002",7.66,7.68,7.36,7.39,5.5,2273600.0,,
"Aug 26, 2002",7.57,7.68,7.44,7.64,5.69,1284800.0,,
"Aug 23, 2002",7.76,7.78,7.53,7.59,5.65,1902000.0,,
"Aug 22, 2002",7.85,7.92,7.72,7.88,5.86,1566000.0,,
"Aug 21, 2002",7.68,7.82,7.55,7.79,5.8,1280200.0,,
"Aug 20, 2002",7.7,7.71,7.53,7.55,5.62,1334400.0,,
"Aug 19, 2002",7.52,7.81,7.5,7.78,5.79,2438600.0,,
"Aug 16, 2002",7.18,7.57,7.18,7.5,5.58,3721000.0,,
"Aug 15, 2002",7.36,7.4,7.15,7.32,5.45,715800.0,,
"Aug 14, 2002",6.87,7.26,6.81,7.22,5.38,1792800.0,,
"Aug 13, 2002",6.97,7.15,6.8,6.8,5.06,1398400.0,,
"Aug 12, 2002",6.9,7.05,6.86,6.96,5.18,377800.0,,
"Aug 9, 2002",6.94,7.11,6.89,7.03,5.23,393200.0,,
"Aug 8, 2002",6.8,7.09,6.68,7.05,5.25,794200.0,,
"Aug 7, 2002",6.96,7.0,6.55,6.8,5.06,1362200.0,,
"Aug 6, 2002",6.57,6.89,6.57,6.68,4.97,869400.0,,
"Aug 5, 2002",6.64,6.68,6.38,6.41,4.77,886400.0,,
"Aug 2, 2002",6.78,6.85,6.6,6.7,4.99,1884600.0,,
"Aug 1, 2002",7.09,7.18,6.82,6.84,5.09,2134600.0,,
"Jul 31, 2002",7.11,7.19,7.01,7.16,5.33,718400.0,,
"Jul 30, 2002",7.01,7.26,6.98,7.2,5.36,1533600.0,,
"Jul 29, 2002",6.9,7.13,6.83,7.09,5.28,2021800.0,,
"Jul 26, 2002",6.68,6.75,6.53,6.7,4.98,2312000.0,,
"Jul 25, 2002",6.93,6.95,6.47,6.61,4.91,2473800.0,,
"Jul 24, 2002",6.45,7.03,6.45,7.03,5.23,1788600.0,,
"Jul 23, 2002",7.09,7.11,6.68,6.68,4.97,2018600.0,,
"Jul 22, 2002",7.26,7.44,6.97,7.03,5.23,2315200.0,,
"Jul 19, 2002",7.53,7.68,7.32,7.42,5.52,2839200.0,,
"Jul 18, 2002",7.76,7.91,7.65,7.66,5.7,738600.0,,
"Jul 17, 2002",8.15,8.15,7.72,7.82,5.82,3634000.0,,
"Jul 16, 2002",7.75,8.02,7.7,7.77,5.78,2009800.0,,
"Jul 15, 2002",7.55,7.86,7.38,7.86,5.85,1097400.0,,
"Jul 12, 2002",7.93,7.93,7.64,7.71,5.74,2222200.0,,
"Jul 11, 2002",7.43,7.74,7.34,7.74,5.76,2555800.0,,
"Jul 10, 2002",7.72,7.78,7.47,7.47,5.56,1815800.0,,
"Jul 9, 2002",7.78,7.88,7.66,7.68,5.71,795200.0,,
"Jul 8, 2002",8.09,8.1,7.74,7.79,5.8,2180200.0,,
"Jul 5, 2002",7.72,8.05,7.72,8.03,5.98,4479400.0,,
"Jul 3, 2002",7.26,7.62,7.26,7.62,5.67,1037400.0,,
"Jul 2, 2002",7.45,7.57,7.3,7.35,5.47,2827400.0,,
"Jul 1, 2002",7.89,7.94,7.57,7.57,5.64,1169000.0,,
"Jun 28, 2002",7.97,8.09,7.86,7.91,5.89,908000.0,,
"Jun 27, 2002",7.81,7.92,7.57,7.92,5.89,1129200.0,,
"Jun 26, 2002",7.3,7.82,7.25,7.72,5.74,2459600.0,,
"Jun 25, 2002",8.09,8.1,7.7,7.71,5.74,1276600.0,,
"Jun 24, 2002",7.75,8.1,7.64,7.99,5.94,1805200.0,,
"Jun 21, 2002",7.9,8.12,7.79,7.85,5.84,1403600.0,,
"Jun 20, 2002",8.3,8.34,8.01,8.08,6.01,953000.0,,
"Jun 19, 2002",8.5,8.54,8.23,8.27,6.15,1163000.0,,
"Jun 18, 2002",8.6,8.8,8.6,8.61,6.41,696600.0,,
"Jun 17, 2002",8.48,8.73,8.48,8.7,6.48,807800.0,,
"Jun 14, 2002",8.25,8.45,8.06,8.42,6.27,1765600.0,,
"Jun 13, 2002",8.69,8.69,8.4,8.44,6.28,1352800.0,,
"Jun 12, 2002",8.34,8.6,8.28,8.58,6.38,2063200.0,,
"Jun 11, 2002",8.7,8.77,8.41,8.41,6.26,1897600.0,,
"Jun 10, 2002",8.63,8.76,8.57,8.6,6.4,1383000.0,,
"Jun 7, 2002",8.57,8.78,8.44,8.68,6.46,3143600.0,,
"Jun 6, 2002",8.98,9.02,8.8,8.88,6.6,1629000.0,,
"Jun 5, 2002",8.95,9.1,8.88,9.1,6.77,1374600.0,,
"Jun 4, 2002",8.77,9.07,8.77,8.98,6.69,3079000.0,,
"Jun 3, 2002",9.14,9.21,8.82,8.86,6.59,1408400.0,,
"May 31, 2002",9.31,9.39,9.13,9.13,6.79,1626800.0,,
"May 30, 2002",9.12,9.29,9.06,9.23,6.87,997000.0,,
"May 29, 2002",9.27,9.31,9.19,9.19,6.84,2000200.0,,
"May 28, 2002",9.47,9.51,9.26,9.36,6.97,1906200.0,,
"May 28, 2002",9.47,9.51,9.26,9.36,6.97,1906200.0,,
"May 24, 2002",9.51,9.57,9.4,9.45,7.03,906200.0,,
"May 23, 2002",9.62,9.72,9.43,9.66,7.19,779000.0,,
"May 22, 2002",9.45,9.59,9.36,9.59,7.13,1862800.0,,
"May 21, 2002",9.85,9.85,9.45,9.47,7.05,5041000.0,,
"May 20, 2002",9.82,9.89,9.67,9.71,7.23,2145000.0,,
"May 17, 2002",10.02,10.06,9.85,9.97,7.42,1858600.0,,
"May 16, 2002",9.77,9.93,9.73,9.92,7.38,1471800.0,,
"May 15, 2002",9.63,10.05,9.6,9.77,7.27,5863600.0,,
"May 14, 2002",9.77,9.84,9.63,9.81,7.3,4165600.0,,
"May 13, 2002",9.02,9.38,9.0,9.35,6.96,2033600.0,,
"May 10, 2002",9.32,9.35,8.94,9.0,6.7,1695400.0,,
"May 9, 2002",9.6,9.62,9.31,9.32,6.94,3875800.0,,
"May 8, 2002",9.25,9.65,9.19,9.64,7.17,6047800.0,,
"May 7, 2002",8.82,8.88,8.64,8.73,6.5,1497400.0,,
"May 6, 2002",8.88,9.04,8.72,8.73,6.5,1345400.0,,
"May 3, 2002",9.17,9.54,8.91,8.98,6.69,1660000.0,,
"May 2, 2002",9.44,9.59,9.18,9.2,6.85,927800.0,,
"May 1, 2002",9.48,9.55,9.19,9.44,7.03,908600.0,,
"Apr 30, 2002",9.4,9.65,9.32,9.52,7.09,3062400.0,,
"Apr 29, 2002",9.38,9.53,9.27,9.34,6.95,1921600.0,,
"Apr 26, 2002",9.8,9.85,9.4,9.4,6.99,3914200.0,,
"Apr 25, 2002",9.65,9.78,9.57,9.73,7.24,1422800.0,,
"Apr 24, 2002",9.84,9.94,9.65,9.66,7.19,1498400.0,,
"Apr 23, 2002",10.02,10.07,9.78,9.81,7.3,697000.0,,
"Apr 22, 2002",10.05,10.12,9.92,10.02,7.46,996000.0,,
"Apr 19, 2002",10.43,10.43,10.26,10.27,7.65,452000.0,,
"Apr 18, 2002",10.35,10.44,10.13,10.31,7.67,2312200.0,,
"Apr 17, 2002",10.5,10.53,10.33,10.41,7.75,2170400.0,,
"Apr 16, 2002",10.25,10.4,10.18,10.38,7.72,3304600.0,,
"Apr 15, 2002",10.05,10.05,9.87,9.93,7.39,1300800.0,,
"Apr 12, 2002",9.85,9.95,9.77,9.9,7.37,1827400.0,,
"Apr 11, 2002",9.98,10.0,9.69,9.73,7.24,1409200.0,,
"Apr 10, 2002",10.07,10.17,9.85,10.07,7.49,2450600.0,,
"Apr 9, 2002",10.35,10.41,10.01,10.04,7.47,1835200.0,,
"Apr 8, 2002",10.07,10.34,9.99,10.3,7.66,1657600.0,,
"Apr 5, 2002",10.63,10.63,10.33,10.35,7.7,1622600.0,,
"Apr 4, 2002",10.5,10.61,10.38,10.52,7.82,2802400.0,,
"Apr 3, 2002",10.6,10.72,10.36,10.47,7.79,1483800.0,,
"Apr 2, 2002",10.79,10.84,10.61,10.64,7.91,908000.0,,
"Apr 1, 2002",10.76,11.02,10.68,10.95,8.15,712600.0,,
"Mar 28, 2002",10.8,10.92,10.79,10.84,8.06,2679800.0,,
"Mar 27, 2002",10.68,10.73,10.59,10.7,7.97,1625400.0,,
"Mar 26, 2002",10.61,10.87,10.59,10.71,7.97,4002800.0,,
"Mar 25, 2002",10.93,10.99,10.63,10.63,7.91,2307200.0,,
"Mar 22, 2002",11.02,11.05,10.86,10.88,8.09,1764600.0,,
"Mar 21, 2002",10.85,11.05,10.75,11.03,8.21,3094200.0,,
"Mar 20, 2002",10.98,11.02,10.8,10.82,8.05,2164800.0,,
"Mar 19, 2002",11.15,11.23,11.07,11.16,8.3,1154800.0,,
"Mar 18, 2002",11.3,11.3,11.06,11.11,8.27,1285000.0,,
"Mar 15, 2002",11.01,11.14,10.97,11.08,8.24,813600.0,,
"Mar 14, 2002",11.18,11.19,10.98,11.0,8.19,718200.0,,
"Mar 13, 2002",11.3,11.3,11.09,11.13,8.28,1163600.0,,
"Mar 12, 2002",11.43,11.43,11.28,11.43,8.51,1831800.0,,
"Mar 11, 2002",11.55,11.78,11.47,11.68,8.69,1919200.0,,
"Mar 8, 2002",11.66,11.74,11.5,11.65,8.67,3953400.0,,
"Mar 7, 2002",11.52,11.56,11.21,11.35,8.44,959800.0,,
"Mar 6, 2002",11.2,11.46,11.1,11.39,8.47,1016600.0,,
"Mar 5, 2002",11.23,11.43,11.2,11.27,8.39,1839000.0,,
"Mar 4, 2002",10.9,11.24,10.73,11.24,8.36,3348400.0,,
"Mar 1, 2002",10.46,10.86,10.45,10.85,8.07,3147000.0,,
"Feb 28, 2002",10.43,10.6,10.31,10.32,7.68,829200.0,,
"Feb 27, 2002",10.65,10.72,10.32,10.44,7.77,3199200.0,,
"Feb 26, 2002",10.68,10.73,10.42,10.52,7.83,894000.0,,
"Feb 25, 2002",10.39,10.69,10.31,10.59,7.88,2616800.0,,
"Feb 22, 2002",10.13,10.42,10.03,10.24,7.62,2428800.0,,
"Feb 21, 2002",10.51,10.58,10.16,10.18,7.57,2031800.0,,
"Feb 20, 2002",10.56,10.68,10.31,10.67,7.94,3243400.0,,
"Feb 19, 2002",10.75,10.81,10.52,10.54,7.84,3603600.0,,
"Feb 15, 2002",11.19,11.27,10.88,10.93,8.13,2396800.0,,
"Feb 14, 2002",11.47,11.48,11.22,11.25,8.37,1585600.0,,
"Feb 13, 2002",11.3,11.41,11.25,11.37,8.46,1112600.0,,
"Feb 12, 2002",11.18,11.35,11.13,11.19,8.33,2014800.0,,
"Feb 11, 2002",11.18,11.38,11.1,11.38,8.46,1265000.0,,
"Feb 8, 2002",10.98,11.14,10.83,11.13,8.28,2287800.0,,
"Feb 7, 2002",11.08,11.23,10.9,10.91,8.12,3421400.0,,
"Feb 6, 2002",11.28,11.28,10.99,11.08,8.24,2411400.0,,
"Feb 5, 2002",11.18,11.42,11.1,11.15,8.29,6906000.0,,
"Feb 4, 2002",11.65,11.66,11.25,11.32,8.42,2595000.0,,
"Feb 1, 2002",11.77,11.9,11.6,11.65,8.67,4099800.0,,
"Jan 31, 2002",11.88,12.0,11.63,11.87,8.83,2754800.0,,
"Jan 30, 2002",11.51,11.7,11.22,11.7,8.71,5865600.0,,
"Jan 29, 2002",12.03,12.06,11.51,11.55,8.59,2326200.0,,
"Jan 28, 2002",11.5,12.07,11.5,11.98,8.91,2186000.0,,
"Jan 25, 2002",11.82,12.01,11.81,11.89,8.85,2238600.0,,
"Jan 24, 2002",11.8,12.07,11.8,11.94,8.88,8242000.0,,
"Jan 23, 2002",11.63,11.84,11.51,11.76,8.75,2936400.0,,
"Jan 22, 2002",12.1,12.13,11.56,11.59,8.62,3783600.0,,
"Jan 18, 2002",12.13,12.19,11.93,12.02,8.94,3200200.0,,
"Jan 17, 2002",12.35,12.44,12.22,12.43,9.25,1590000.0,,
"Jan 16, 2002",12.3,12.35,12.13,12.13,9.03,4076000.0,,
"Jan 15, 2002",12.39,12.55,12.29,12.44,9.25,2440800.0,,
"Jan 14, 2002",12.48,12.54,12.27,12.35,9.19,2588800.0,,
"Jan 11, 2002",12.73,12.8,12.51,12.55,9.34,3463600.0,,
"Jan 10, 2002",12.73,12.81,12.61,12.67,9.43,1723200.0,,
"Jan 9, 2002",13.07,13.16,12.7,12.77,9.51,4484000.0,,
"Jan 8, 2002",12.73,12.97,12.69,12.88,9.58,1233000.0,,
"Jan 7, 2002",13.0,13.07,12.76,12.78,9.51,3103000.0,,
"Jan 4, 2002",13.03,13.07,12.44,12.92,9.61,9138000.0,,
"Jan 3, 2002",12.45,12.88,12.45,12.84,9.55,5502200.0,,
"Jan 3, 2002",12.45,12.88,12.45,12.84,9.55,5502200.0,,
"Jan 2, 2002",12.2,12.35,12.05,12.3,9.15,6364000.0,,
"Dec 31, 2001",12.2,12.37,12.0,12.0,8.93,4026000.0,,
"Dec 28, 2001",12.38,12.45,12.26,12.28,9.14,6261200.0,,
"Dec 27, 2001",12.24,12.32,12.15,12.26,9.12,2696600.0,,
"Dec 26, 2001",12.12,12.35,12.1,12.15,9.04,3550000.0,,
"Dec 24, 2001",12.13,12.18,12.03,12.06,8.97,1998200.0,,
"Dec 21, 2001",12.13,12.19,12.02,12.1,9.0,2617000.0,,
"Dec 20, 2001",12.4,12.4,11.93,11.94,8.88,3203800.0,,
"Dec 19, 2001",12.27,12.54,12.27,12.36,9.2,4430200.0,,
"Dec 18, 2001",12.57,12.69,12.45,12.55,9.34,6122000.0,,
"Dec 17, 2001",12.26,12.59,12.26,12.49,9.3,2873200.0,,
"Dec 14, 2001",12.2,12.39,12.13,12.26,9.12,3240400.0,,
"Dec 13, 2001",12.47,12.52,12.18,12.21,9.09,9124600.0,,
"Dec 12, 2001",12.61,12.76,12.46,12.66,9.42,3987600.0,,
"Dec 11, 2001",12.7,12.85,12.54,12.61,9.38,3096800.0,,
"Dec 10, 2001",12.63,12.88,12.5,12.52,9.32,1514600.0,,
"Dec 7, 2001",12.99,13.0,12.65,12.8,9.52,6939000.0,,
"Dec 6, 2001",13.07,13.15,12.95,13.04,9.7,8649800.0,,
"Dec 5, 2001",12.6,13.15,12.6,13.07,9.73,7263600.0,,
"Dec 4, 2001",12.16,12.48,12.13,12.48,9.28,3529800.0,,
"Dec 3, 2001",12.13,12.22,12.05,12.1,9.0,1077800.0,,
"Nov 30, 2001",12.2,12.36,12.14,12.27,9.13,6510600.0,,
"Nov 29, 2001",12.07,12.3,11.98,12.3,9.15,7643000.0,,
"Nov 28, 2001",12.23,12.33,11.98,11.98,8.91,1280200.0,,
"Nov 27, 2001",12.33,12.57,12.1,12.36,9.2,4313800.0,,
"Nov 26, 2001",12.24,12.43,12.21,12.4,9.23,4416000.0,,
"Nov 23, 2001",12.02,12.22,11.95,12.19,9.07,469200.0,,
"Nov 21, 2001",12.01,12.1,11.84,12.01,8.94,8005600.0,,
"Nov 20, 2001",12.38,12.43,12.07,12.13,9.03,8892800.0,,
"Nov 19, 2001",12.3,12.49,12.27,12.48,9.29,5668000.0,,
"Nov 16, 2001",12.35,12.36,12.12,12.23,9.1,1145800.0,,
"Nov 15, 2001",12.28,12.47,12.16,12.27,9.13,3026600.0,,
"Nov 14, 2001",12.47,12.5,12.1,12.34,9.18,5559400.0,,
"Nov 13, 2001",12.2,12.3,11.67,12.27,9.13,3150200.0,,
"Nov 12, 2001",11.57,11.95,11.45,11.85,8.82,1307800.0,,
"Nov 9, 2001",11.77,11.89,11.64,11.77,8.75,1806200.0,,
"Nov 8, 2001",11.9,12.18,11.68,11.81,8.79,4176800.0,,
"Nov 7, 2001",11.65,11.99,11.65,11.75,8.74,2154200.0,,
"Nov 6, 2001",11.32,11.8,11.32,11.8,8.78,7600800.0,,
"Nov 5, 2001",11.35,11.49,11.34,11.4,8.48,1302400.0,,
"Nov 2, 2001",11.04,11.14,10.92,11.06,8.23,1162600.0,,
"Nov 1, 2001",10.75,11.1,10.56,11.05,8.22,1143800.0,,
"Oct 31, 2001",10.65,10.93,10.6,10.68,7.94,2691000.0,,
"Oct 30, 2001",10.57,10.72,10.44,10.53,7.84,2046400.0,,
"Oct 29, 2001",11.15,11.36,10.75,10.75,8.0,1849800.0,,
"Oct 26, 2001",11.23,11.44,11.2,11.29,8.4,1880800.0,,
"Oct 25, 2001",10.76,11.33,10.63,11.27,8.39,1588000.0,,
"Oct 24, 2001",10.75,11.09,10.75,11.01,8.19,1263600.0,,
"Oct 23, 2001",10.85,11.11,10.77,10.88,8.09,1549600.0,,
"Oct 22, 2001",10.45,10.86,10.45,10.86,8.08,3221600.0,,
"Oct 19, 2001",10.45,10.7,10.28,10.61,7.9,3806000.0,,
"Oct 18, 2001",10.31,10.61,10.31,10.48,7.79,1528400.0,,
"Oct 17, 2001",11.23,11.23,10.5,10.5,7.81,4309200.0,,
"Oct 16, 2001",10.85,11.03,10.78,11.0,8.19,1842800.0,,
"Oct 15, 2001",10.8,10.92,10.67,10.89,8.1,1237600.0,,
"Oct 12, 2001",10.78,11.03,10.61,10.96,8.16,2411200.0,,
"Oct 11, 2001",10.8,10.98,10.7,10.98,8.17,2884400.0,,
"Oct 10, 2001",10.07,10.48,10.01,10.48,7.8,1117200.0,,
"Oct 9, 2001",10.33,10.42,10.1,10.16,7.56,1476200.0,,
"Oct 8, 2001",10.07,10.51,10.07,10.4,7.74,1083800.0,,
"Oct 5, 2001",10.23,10.4,9.91,10.34,7.69,2093400.0,,
"Oct 4, 2001",10.35,10.61,10.11,10.34,7.69,3396000.0,,
"Oct 3, 2001",9.35,10.28,9.35,10.13,7.53,3066000.0,,
"Oct 2, 2001",9.5,9.63,9.34,9.49,7.06,932200.0,,
"Oct 1, 2001",9.57,9.57,9.34,9.5,7.07,1218200.0,,
"Sep 28, 2001",9.52,9.81,9.35,9.63,7.16,1725200.0,,
"Sep 27, 2001",9.49,9.5,9.04,9.37,6.97,2049400.0,,
"Sep 26, 2001",9.85,9.97,9.28,9.44,7.03,1706600.0,,
"Sep 25, 2001",9.85,9.99,9.55,9.77,7.27,2197600.0,,
"Sep 24, 2001",9.63,9.83,9.4,9.69,7.21,3486400.0,,
"Sep 21, 2001",9.05,9.42,8.81,9.17,6.82,2934200.0,,
"Sep 20, 2001",9.65,9.97,9.4,9.44,7.02,1758800.0,,
"Sep 19, 2001",10.13,10.13,9.27,9.87,7.34,3126400.0,,
"Sep 18, 2001",10.15,10.29,9.9,9.96,7.41,3598600.0,,
"Sep 17, 2001",10.13,10.45,9.97,10.05,7.48,5433800.0,,
"Sep 10, 2001",10.45,10.75,10.4,10.73,7.99,1157200.0,,
"Sep 7, 2001",10.6,10.9,10.46,10.51,7.82,1802400.0,,
"Sep 6, 2001",10.9,11.1,10.64,10.64,7.91,878400.0,,
"Sep 5, 2001",11.22,11.35,10.81,11.16,8.31,1002800.0,,
"Sep 4, 2001",11.26,11.75,11.25,11.26,8.38,906400.0,,
"Aug 31, 2001",11.35,11.61,11.31,11.51,8.56,496600.0,,
"Aug 30, 2001",11.65,11.74,11.28,11.41,8.49,844400.0,,
"Aug 29, 2001",12.2,12.23,11.82,11.88,8.84,405800.0,,
"Aug 28, 2001",12.45,12.49,12.1,12.1,9.01,3132000.0,,
"Aug 27, 2001",12.38,12.61,12.33,12.45,9.26,738800.0,,
"Aug 24, 2001",11.98,12.48,11.98,12.48,9.29,587400.0,,
"Aug 23, 2001",11.95,12.13,11.88,11.9,8.86,691400.0,,
"Aug 22, 2001",11.95,12.01,11.7,11.91,8.86,768800.0,,
"Aug 21, 2001",12.19,12.24,11.79,11.79,8.77,517200.0,,
"Aug 20, 2001",12.01,12.16,11.96,12.15,9.04,427200.0,,
"Aug 17, 2001",12.23,12.3,11.96,12.06,8.98,406200.0,,
"Aug 16, 2001",12.25,12.48,12.08,12.44,9.25,606200.0,,
"Aug 15, 2001",12.65,12.73,12.34,12.37,9.2,524800.0,,
"Aug 14, 2001",12.9,12.96,12.63,12.65,9.42,733800.0,,
"Aug 13, 2001",12.75,12.9,12.68,12.82,9.54,358400.0,,
"Aug 10, 2001",12.77,12.81,12.39,12.77,9.5,812200.0,,
"Aug 9, 2001",12.73,12.81,12.61,12.79,9.52,1115000.0,,
"Aug 8, 2001",13.14,13.28,12.72,12.78,9.51,953800.0,,
"Aug 7, 2001",13.23,13.34,13.07,13.21,9.83,778200.0,,
"Aug 7, 2001",13.23,13.34,13.07,13.21,9.83,778200.0,,
"Aug 6, 2001",13.32,13.41,13.21,13.28,9.89,1389000.0,,
"Aug 3, 2001",13.68,13.68,13.34,13.45,10.01,397200.0,,
"Aug 2, 2001",13.73,13.75,13.45,13.65,10.15,581200.0,,
"Aug 1, 2001",13.35,13.56,13.25,13.46,10.02,697000.0,,
"Jul 31, 2001",13.18,13.38,12.6,13.11,9.76,532000.0,,
"Jul 30, 2001",13.18,13.27,13.06,13.11,9.76,443200.0,,
"Jul 27, 2001",13.13,13.28,13.06,13.15,9.79,735200.0,,
"Jul 26, 2001",12.81,13.19,12.69,13.18,9.8,1293400.0,,
"Jul 25, 2001",12.71,12.93,12.61,12.93,9.62,439000.0,,
"Jul 24, 2001",12.77,12.93,12.52,12.66,9.42,430800.0,,
"Jul 23, 2001",13.2,13.29,12.82,12.83,9.55,410600.0,,
"Jul 20, 2001",13.05,13.18,12.95,13.15,9.79,386200.0,,
"Jul 19, 2001",13.25,13.48,13.06,13.23,9.84,5580200.0,,
"Jul 18, 2001",13.26,13.34,12.88,12.98,9.66,767200.0,,
"Jul 17, 2001",13.25,13.52,13.09,13.5,10.05,763000.0,,
"Jul 16, 2001",13.63,13.73,13.28,13.34,9.93,447000.0,,
"Jul 13, 2001",13.6,13.85,13.46,13.67,10.17,679800.0,,
"Jul 12, 2001",13.24,13.71,13.23,13.63,10.14,475000.0,,
"Jul 11, 2001",12.72,12.86,12.56,12.78,9.51,443200.0,,
"Jul 10, 2001",13.24,13.27,12.67,12.72,9.46,1212600.0,,
"Jul 9, 2001",13.02,13.22,12.98,13.11,9.76,1552000.0,,
"Jul 6, 2001",13.38,13.43,12.91,12.95,9.64,2081600.0,,
"Jul 5, 2001",13.89,13.98,13.57,13.57,10.1,570200.0,,
"Jul 3, 2001",14.05,14.1,13.92,14.02,10.44,281600.0,,
"Jul 2, 2001",13.95,14.26,13.94,14.07,10.47,427600.0,,
"Jun 29, 2001",13.85,14.25,13.75,14.09,10.48,802000.0,,
"Jun 28, 2001",13.63,14.24,13.63,13.76,10.24,2177800.0,,
"Jun 27, 2001",13.4,13.58,13.31,13.49,10.04,603800.0,,
"Jun 26, 2001",13.23,13.48,13.12,13.47,10.02,895200.0,,
"Jun 25, 2001",13.3,13.46,13.22,13.39,9.96,275000.0,,
"Jun 22, 2001",13.3,13.52,13.15,13.2,9.82,474800.0,,
"Jun 21, 2001",13.13,13.44,13.01,13.32,9.92,571200.0,,
"Jun 20, 2001",12.82,13.11,12.74,13.08,9.73,795200.0,,
"Jun 19, 2001",13.4,13.44,12.82,12.94,9.63,997600.0,,
"Jun 18, 2001",13.18,13.28,12.86,12.9,9.6,706400.0,,
"Jun 15, 2001",13.02,13.34,12.9,13.23,9.84,971400.0,,
"Jun 14, 2001",13.57,13.7,13.25,13.35,9.93,545200.0,,
"Jun 13, 2001",14.2,14.31,13.83,13.85,10.3,395200.0,,
"Jun 12, 2001",13.93,14.34,13.77,14.16,10.54,1363400.0,,
"Jun 11, 2001",14.45,14.45,14.11,14.27,10.62,1309600.0,,
"Jun 8, 2001",14.8,14.8,14.38,14.52,10.8,613800.0,,
"Jun 7, 2001",14.45,14.85,14.45,14.85,11.05,348400.0,,
"Jun 6, 2001",14.57,14.75,14.39,14.44,10.74,507600.0,,
"Jun 5, 2001",14.15,14.73,14.15,14.57,10.85,444600.0,,
"Jun 4, 2001",14.18,14.22,13.95,14.02,10.43,336800.0,,
"Jun 1, 2001",13.95,14.16,13.65,14.05,10.46,1201400.0,,
"May 31, 2001",13.73,14.09,13.73,13.81,10.28,1802800.0,,
"May 30, 2001",13.95,13.99,13.59,13.69,10.19,1683800.0,,
"May 29, 2001",14.65,14.74,14.23,14.27,10.62,723200.0,,
"May 25, 2001",15.1,15.1,14.8,14.82,11.03,757800.0,,
"May 24, 2001",14.93,15.11,14.76,15.11,11.24,1445200.0,,
"May 23, 2001",15.25,15.25,14.95,14.99,11.16,1991800.0,,
"May 22, 2001",15.52,15.6,15.26,15.37,11.44,1941200.0,,
"May 21, 2001",14.8,15.43,14.68,15.4,11.46,3830200.0,,
"May 18, 2001",14.68,14.79,14.53,14.74,10.97,503600.0,,
"May 17, 2001",14.65,14.88,14.59,14.68,10.92,1706400.0,,
"May 16, 2001",13.93,14.64,13.82,14.6,10.86,628800.0,,
"May 15, 2001",14.13,14.4,13.93,14.02,10.44,1250400.0,,
"May 14, 2001",14.23,14.23,13.9,14.05,10.46,1507000.0,,
"May 11, 2001",14.55,14.55,14.14,14.25,10.6,3981600.0,,
"May 10, 2001",14.95,14.95,14.38,14.4,10.72,648000.0,,
"May 9, 2001",14.63,14.84,14.4,14.62,10.88,2013600.0,,
"May 8, 2001",14.9,14.99,14.66,14.82,11.03,665400.0,,
"May 7, 2001",14.85,15.0,14.65,14.76,10.98,1708800.0,,
"May 4, 2001",14.07,14.85,14.07,14.77,10.99,992800.0,,
"May 3, 2001",14.57,14.73,14.34,14.56,10.84,761000.0,,
"May 2, 2001",15.0,15.18,14.8,15.05,11.2,2541000.0,,
"May 1, 2001",14.4,14.78,14.2,14.75,10.98,1673800.0,,
"Apr 30, 2001",14.45,14.8,14.31,14.4,10.72,1380200.0,,
"Apr 27, 2001",14.3,14.33,14.01,14.19,10.56,843400.0,,
"Apr 26, 2001",14.35,14.44,13.91,13.99,10.41,1251400.0,,
"Apr 25, 2001",13.95,14.27,13.8,14.19,10.56,944400.0,,
"Apr 24, 2001",14.5,14.56,13.89,13.95,10.38,1645600.0,,
"Apr 23, 2001",14.38,14.56,14.06,14.17,10.54,2965200.0,,
"Apr 20, 2001",14.94,15.31,14.78,15.0,11.16,2133800.0,,
"Apr 19, 2001",14.5,15.18,14.33,15.18,11.29,2278400.0,,
"Apr 18, 2001",13.63,16.0,13.56,14.27,10.62,8998400.0,,
"Apr 17, 2001",12.75,13.25,12.75,13.09,9.74,834000.0,,
"Apr 16, 2001",13.1,13.23,12.74,12.95,9.64,843000.0,,
"Apr 12, 2001",12.9,13.34,12.58,13.27,9.87,932400.0,,
"Apr 11, 2001",13.15,13.32,12.76,12.94,9.63,3049400.0,,
"Apr 10, 2001",12.05,12.72,12.05,12.49,9.29,1697600.0,,
"Apr 9, 2001",11.82,11.99,11.45,11.7,8.71,2918000.0,,
"Apr 6, 2001",11.9,11.94,11.51,11.68,8.69,971000.0,,
"Apr 5, 2001",11.68,12.3,11.63,12.24,9.11,3381800.0,,
"Apr 4, 2001",11.45,11.6,10.93,11.07,8.24,2446400.0,,
"Apr 3, 2001",11.77,11.87,11.2,11.29,8.4,2167800.0,,
"Apr 2, 2001",12.48,12.57,11.9,12.1,9.0,2215400.0,,
"Mar 30, 2001",12.45,12.6,12.15,12.4,9.23,1598400.0,,
"Mar 29, 2001",12.52,12.87,12.22,12.48,9.28,939200.0,,
"Mar 28, 2001",13.13,13.27,12.56,12.64,9.41,916600.0,,
"Mar 27, 2001",13.3,13.73,13.13,13.65,10.16,1629800.0,,
"Mar 26, 2001",13.5,13.55,13.1,13.23,9.84,3437400.0,,
"Mar 23, 2001",13.45,13.55,12.98,13.4,9.97,1468600.0,,
"Mar 22, 2001",12.64,13.19,12.32,13.12,9.76,3179200.0,,
"Mar 21, 2001",12.5,12.95,12.4,12.55,9.34,2128000.0,,
"Mar 20, 2001",13.27,13.38,12.48,12.48,9.29,3183000.0,,
"Mar 19, 2001",12.75,13.21,12.58,13.11,9.76,4159000.0,,
"Mar 16, 2001",12.9,13.05,12.55,12.72,9.47,938600.0,,
"Mar 16, 2001",12.9,13.05,12.55,12.72,9.47,938600.0,,
"Mar 15, 2001",13.45,13.63,13.01,13.01,9.68,750200.0,,
"Mar 14, 2001",12.8,13.57,12.8,13.16,9.79,1594400.0,,
"Mar 13, 2001",12.93,13.49,12.76,13.49,10.04,2338000.0,,
"Mar 12, 2001",13.05,13.27,12.68,12.85,9.56,2050200.0,,
"Mar 9, 2001",14.01,14.08,13.48,13.57,10.1,1460200.0,,
"Mar 8, 2001",14.82,14.82,14.43,14.52,10.81,928800.0,,
"Mar 7, 2001",15.05,15.05,14.65,14.82,11.03,1930600.0,,
"Mar 6, 2001",14.75,15.1,14.7,14.8,11.01,1796200.0,,
"Mar 5, 2001",14.1,14.29,13.98,14.2,10.57,1089400.0,,
"Mar 2, 2001",13.9,14.52,13.6,13.9,10.34,1631000.0,,
"Mar 1, 2001",13.82,14.4,13.43,14.4,10.72,1990400.0,,
"Feb 28, 2001",14.32,14.61,13.8,14.01,10.42,3324600.0,,
"Feb 27, 2001",14.85,14.98,14.29,14.33,10.66,933400.0,,
"Feb 26, 2001",14.88,15.02,14.45,14.9,11.09,1713000.0,,
"Feb 23, 2001",14.57,14.81,14.0,14.66,10.91,2161800.0,,
"Feb 22, 2001",14.7,15.09,14.13,14.77,10.99,1870400.0,,
"Feb 21, 2001",15.06,15.44,14.65,14.75,10.98,1849000.0,,
"Feb 20, 2001",16.0,16.0,15.11,15.14,11.26,1274400.0,,
"Feb 16, 2001",16.13,16.24,15.76,15.99,11.9,1218600.0,,
"Feb 15, 2001",17.0,17.42,16.9,17.05,12.69,1379200.0,,
"Feb 14, 2001",16.13,16.62,15.82,16.55,12.32,1426600.0,,
"Feb 13, 2001",16.73,16.92,16.17,16.17,12.03,1288200.0,,
"Feb 12, 2001",16.3,16.62,16.03,16.45,12.24,2485800.0,,
"Feb 9, 2001",16.85,16.92,16.17,16.31,12.14,1674600.0,,
"Feb 8, 2001",17.58,17.7,17.05,17.1,12.72,1552600.0,,
"Feb 7, 2001",17.42,17.66,16.97,17.35,12.91,1409800.0,,
"Feb 6, 2001",17.7,18.2,17.7,17.82,13.26,645000.0,,
"Feb 5, 2001",17.7,17.83,17.39,17.71,13.18,1565400.0,,
"Feb 2, 2001",18.75,18.8,17.81,17.82,13.26,2428600.0,,
"Feb 1, 2001",18.71,18.83,18.38,18.64,13.87,2874200.0,,
"Jan 31, 2001",19.15,19.5,18.61,18.65,13.88,1903400.0,,
"Jan 30, 2001",19.08,19.24,18.88,19.13,14.23,1412200.0,,
"Jan 29, 2001",18.5,19.13,18.38,19.08,14.2,690000.0,,
"Jan 26, 2001",18.19,18.75,17.77,18.69,13.91,1462800.0,,
"Jan 25, 2001",19.13,19.2,18.51,18.56,13.81,914600.0,,
"Jan 24, 2001",19.23,19.53,19.06,19.23,14.31,1141600.0,,
"Jan 23, 2001",18.81,19.18,18.53,19.0,14.14,936200.0,,
"Jan 22, 2001",18.84,19.03,18.45,18.69,13.91,1125000.0,,
"Jan 19, 2001",19.25,19.38,18.75,19.04,14.17,2071800.0,,
"Jan 18, 2001",17.81,18.84,17.78,18.78,13.98,2244800.0,,
"Jan 17, 2001",18.0,18.29,17.7,17.84,13.28,1230800.0,,
"Jan 16, 2001",17.41,17.5,17.03,17.31,12.88,1326200.0,,
"Jan 12, 2001",17.69,18.05,17.38,17.52,13.03,1431000.0,,
"Jan 11, 2001",17.14,18.0,16.91,17.78,13.23,2164400.0,,
"Jan 10, 2001",16.53,17.16,16.16,17.06,12.7,2290600.0,,
"Jan 9, 2001",16.5,16.88,16.38,16.56,12.32,1261400.0,,
"Jan 8, 2001",15.94,16.23,15.57,16.2,12.06,1221800.0,,
"Jan 5, 2001",17.06,17.09,16.07,16.25,12.09,2125800.0,,
"Jan 4, 2001",17.33,17.84,17.13,17.3,12.87,1854800.0,,
"Jan 3, 2001",14.78,17.31,14.66,17.13,12.74,5149800.0,,
"Jan 2, 2001",15.72,15.8,14.57,14.75,10.98,3811600.0,,
"Dec 29, 2000",16.22,16.25,15.53,15.66,11.65,6775400.0,,
"Dec 28, 2000",16.41,16.42,15.88,16.17,12.03,2969600.0,,
"Dec 27, 2000",16.16,16.46,15.84,16.25,12.09,2589600.0,,
"Dec 26, 2000",16.59,16.61,15.75,16.09,11.98,2246000.0,,
"Dec 22, 2000",15.78,16.37,15.78,16.37,12.18,4057000.0,,
"Dec 21, 2000",15.22,15.81,14.81,15.31,11.39,12317400.0,,
"Dec 20, 2000",15.59,15.91,15.06,15.27,11.36,4089800.0,,
"Dec 19, 2000",17.03,17.74,16.42,16.5,12.28,1598400.0,,
"Dec 18, 2000",17.69,17.78,16.81,17.0,12.65,1456000.0,,
"Dec 15, 2000",17.5,17.72,17.0,17.34,12.91,1503800.0,,
"Dec 14, 2000",18.5,18.72,18.06,18.06,13.44,1257400.0,,
"Dec 13, 2000",19.44,19.44,18.34,18.34,13.65,2092400.0,,
"Dec 12, 2000",19.44,19.54,19.06,19.16,14.25,2124200.0,,
"Dec 11, 2000",18.78,19.69,18.78,19.55,14.55,2618200.0,,
"Dec 8, 2000",18.75,19.25,18.54,18.84,14.02,2772400.0,,
"Dec 7, 2000",18.0,18.38,17.82,18.01,13.4,3142400.0,,
"Dec 6, 2000",19.0,19.31,18.38,18.63,13.86,3677200.0,,
"Dec 5, 2000",18.31,19.23,18.03,19.16,14.25,1993200.0,,
"Dec 4, 2000",17.72,17.91,17.14,17.5,13.02,1419000.0,,
"Dec 1, 2000",17.88,18.34,17.31,17.6,13.1,1781200.0,,
"Nov 30, 2000",17.38,17.76,16.88,17.38,12.93,3366600.0,,
"Nov 29, 2000",18.44,18.66,17.88,18.34,13.65,890200.0,,
"Nov 28, 2000",19.25,19.44,18.38,18.43,13.71,1175200.0,,
"Nov 27, 2000",20.0,20.09,19.2,19.2,14.29,589400.0,,
"Nov 24, 2000",19.13,19.42,18.95,19.31,14.37,265200.0,,
"Nov 22, 2000",19.28,19.39,18.56,18.58,13.82,546400.0,,
"Nov 21, 2000",19.53,19.53,19.02,19.28,14.35,674800.0,,
"Nov 20, 2000",19.41,19.73,19.06,19.19,14.28,1021400.0,,
"Nov 17, 2000",19.67,20.23,19.38,20.0,14.88,536400.0,,
"Nov 16, 2000",20.39,20.64,19.76,19.84,14.77,304400.0,,
"Nov 15, 2000",20.53,20.78,20.09,20.5,15.25,800600.0,,
"Nov 14, 2000",20.03,20.5,19.84,20.36,15.15,800800.0,,
"Nov 13, 2000",18.75,19.88,18.53,19.31,14.37,2663200.0,,
"Nov 10, 2000",20.03,20.06,19.31,19.38,14.42,1003800.0,,
"Nov 9, 2000",20.09,20.77,19.81,20.51,15.26,1523800.0,,
"Nov 8, 2000",21.97,22.03,20.75,20.81,15.49,558200.0,,
"Nov 7, 2000",21.69,22.11,21.57,21.97,16.35,575400.0,,
"Nov 6, 2000",22.16,22.33,21.75,21.81,16.23,323600.0,,
"Nov 3, 2000",21.98,22.23,21.81,22.16,16.49,630000.0,,
"Nov 2, 2000",21.91,22.09,21.63,21.99,16.37,527600.0,,
"Nov 1, 2000",21.63,21.94,21.16,21.44,15.95,777400.0,,
"Oct 31, 2000",21.41,22.0,21.2,21.86,16.27,788600.0,,
"Oct 30, 2000",21.06,21.31,20.42,20.89,15.55,515600.0,,
"Oct 27, 2000",21.63,21.63,20.84,21.18,15.76,855800.0,,
"Oct 26, 2000",20.73,21.11,19.81,21.0,15.63,2114800.0,,
"Oct 25, 2000",21.03,21.58,20.5,20.51,15.26,1083200.0,,
"Oct 24, 2000",22.73,22.91,21.84,22.06,16.42,461400.0,,
"Oct 23, 2000",22.72,23.0,22.25,22.5,16.74,574400.0,,
"Oct 23, 2000",22.72,23.0,22.25,22.5,16.74,574400.0,,
"Oct 20, 2000",22.34,23.06,22.17,22.64,16.85,933600.0,,
"Oct 19, 2000",21.69,22.38,21.5,22.3,16.6,1544000.0,,
"Oct 18, 2000",19.75,21.02,19.75,20.48,15.24,820400.0,,
"Oct 17, 2000",21.44,21.5,20.5,20.81,15.49,776200.0,,
"Oct 16, 2000",21.59,21.89,21.16,21.38,15.91,593400.0,,
"Oct 13, 2000",20.44,21.75,20.44,21.72,16.16,920600.0,,
"Oct 12, 2000",20.75,21.25,20.03,20.03,14.91,1155600.0,,
"Oct 11, 2000",20.84,21.28,20.19,20.75,15.44,1050200.0,,
"Oct 10, 2000",21.92,22.22,21.31,21.44,15.95,527600.0,,
"Oct 9, 2000",22.03,22.56,21.5,22.09,16.43,680400.0,,
"Oct 6, 2000",23.0,23.0,21.88,22.21,16.53,956600.0,,
"Oct 5, 2000",22.88,23.17,22.56,22.68,16.88,493200.0,,
"Oct 4, 2000",22.41,23.2,22.03,23.01,17.12,1031800.0,,
"Oct 3, 2000",23.47,23.58,22.38,22.41,16.67,1655800.0,,
"Oct 2, 2000",23.53,23.72,22.94,23.02,17.13,790000.0,,
"Sep 29, 2000",23.81,23.88,23.19,23.19,17.25,521400.0,,
"Sep 28, 2000",23.63,24.31,23.31,24.25,18.05,1274000.0,,
"Sep 27, 2000",23.97,24.0,23.16,23.44,17.44,1100400.0,,
"Sep 26, 2000",24.16,24.47,23.59,23.6,17.56,1557400.0,,
"Sep 25, 2000",24.94,25.06,23.97,24.11,17.94,642200.0,,
"Sep 22, 2000",24.25,24.66,24.0,24.63,18.32,872400.0,,
"Sep 21, 2000",25.47,25.7,25.11,25.34,18.86,819600.0,,
"Sep 20, 2000",25.66,25.94,25.17,25.88,19.25,373400.0,,
"Sep 19, 2000",24.95,25.81,24.89,25.78,19.18,536600.0,,
"Sep 18, 2000",25.5,25.72,24.64,24.81,18.46,1348000.0,,
"Sep 15, 2000",25.63,25.72,25.14,25.38,18.89,543000.0,,
"Sep 14, 2000",26.03,26.27,25.64,25.83,19.22,405600.0,,
"Sep 13, 2000",25.09,25.81,25.09,25.69,19.11,343000.0,,
"Sep 12, 2000",26.0,26.22,25.38,25.44,18.93,412600.0,,
"Sep 11, 2000",26.31,26.66,25.75,25.81,19.21,563200.0,,
"Sep 8, 2000",27.13,27.13,26.47,26.5,19.72,502800.0,,
"Sep 7, 2000",27.05,27.45,27.03,27.38,20.37,263400.0,,
"Sep 6, 2000",27.47,27.53,26.88,26.94,20.05,615200.0,,
"Sep 5, 2000",28.06,28.06,27.55,27.64,20.57,254200.0,,
"Sep 1, 2000",28.52,28.59,28.16,28.28,21.04,676800.0,,
"Aug 31, 2000",27.84,28.33,27.84,28.27,21.03,369000.0,,
"Aug 30, 2000",27.81,27.86,27.58,27.72,20.63,210600.0,,
"Aug 29, 2000",27.88,27.99,27.72,27.91,20.77,226600.0,,
"Aug 28, 2000",27.59,28.05,27.58,27.88,20.74,204800.0,,
"Aug 25, 2000",27.69,27.84,27.56,27.65,20.57,219600.0,,
"Aug 24, 2000",27.47,27.74,27.41,27.74,20.64,210400.0,,
"Aug 23, 2000",27.0,27.49,26.78,27.48,20.45,322200.0,,
"Aug 22, 2000",27.28,27.47,27.11,27.22,20.25,295200.0,,
"Aug 21, 2000",27.19,27.45,26.94,27.22,20.25,146800.0,,
"Aug 18, 2000",27.22,27.41,27.0,27.09,20.16,504200.0,,
"Aug 17, 2000",26.59,27.13,26.47,27.06,20.14,372200.0,,
"Aug 16, 2000",26.66,26.97,26.39,26.56,19.77,142600.0,,
"Aug 15, 2000",26.53,26.72,26.34,26.53,19.74,208800.0,,
"Aug 14, 2000",25.84,26.47,25.73,26.47,19.7,215200.0,,
"Aug 11, 2000",25.63,25.97,25.33,25.94,19.3,536600.0,,
"Aug 10, 2000",26.15,26.28,25.78,25.84,19.23,173800.0,,
"Aug 9, 2000",26.72,26.84,26.27,26.41,19.65,318400.0,,
"Aug 8, 2000",26.21,26.47,26.1,26.31,19.58,342600.0,,
"Aug 7, 2000",25.84,26.35,25.75,26.27,19.55,478800.0,,
"Aug 4, 2000",25.88,26.13,25.47,25.73,19.15,467600.0,,
"Aug 3, 2000",24.47,25.73,24.42,25.73,19.15,1807600.0,,
"Aug 2, 2000",25.13,25.86,25.13,25.25,18.79,287000.0,,
"Aug 1, 2000",25.63,25.67,25.25,25.36,18.87,335000.0,,
"Jul 31, 2000",25.28,25.83,24.97,25.66,19.09,1128000.0,,
"Jul 28, 2000",26.16,26.34,24.92,25.14,18.71,748600.0,,
"Jul 27, 2000",26.5,26.63,25.94,26.11,19.43,959400.0,,
"Jul 26, 2000",27.02,27.03,26.44,26.89,20.01,548200.0,,
"Jul 25, 2000",27.14,27.28,26.77,27.25,20.28,445400.0,,
"Jul 24, 2000",27.44,27.67,26.7,26.8,19.94,409000.0,,
"Jul 21, 2000",27.73,27.78,27.39,27.47,20.44,457400.0,,
"Jul 20, 2000",27.69,28.17,27.67,28.08,20.89,541800.0,,
"Jul 19, 2000",28.0,28.02,27.44,27.5,20.46,267800.0,,
"Jul 18, 2000",28.44,28.52,28.02,28.13,20.93,368000.0,,
"Jul 17, 2000",28.44,28.88,28.38,28.7,21.36,225600.0,,
"Jul 14, 2000",28.31,28.59,28.07,28.47,21.18,271200.0,,
"Jul 13, 2000",27.61,28.19,27.55,27.95,20.8,396200.0,,
"Jul 12, 2000",27.06,27.58,26.94,27.42,20.41,694200.0,,
"Jul 11, 2000",26.83,27.2,26.5,26.73,19.89,190400.0,,
"Jul 10, 2000",27.13,27.28,26.84,26.95,20.06,206800.0,,
"Jul 7, 2000",26.91,27.48,26.91,27.25,20.28,383000.0,,
"Jul 6, 2000",26.31,26.84,25.98,26.81,19.95,254800.0,,
"Jul 5, 2000",26.84,26.91,26.23,26.41,19.65,297800.0,,
"Jul 3, 2000",27.03,27.28,26.94,27.28,20.3,78800.0,,
"Jun 30, 2000",26.56,27.09,26.56,27.09,20.16,527200.0,,
"Jun 29, 2000",26.75,26.94,26.41,26.56,19.77,925800.0,,
"Jun 28, 2000",26.75,27.45,26.75,27.09,20.16,319000.0,,
"Jun 27, 2000",27.13,27.39,26.78,26.83,19.96,295800.0,,
"Jun 26, 2000",27.16,27.38,26.88,27.09,20.16,384000.0,,
"Jun 23, 2000",27.5,27.58,26.78,26.91,20.03,227800.0,,
"Jun 22, 2000",28.16,28.27,27.41,27.5,20.46,1244400.0,,
"Jun 21, 2000",27.88,28.45,27.84,28.38,21.11,682000.0,,
"Jun 20, 2000",28.17,28.49,27.92,28.13,20.93,404200.0,,
"Jun 19, 2000",27.22,28.16,27.13,28.05,20.87,1025000.0,,
"Jun 16, 2000",27.19,27.39,26.92,27.19,20.23,941000.0,,
"Jun 15, 2000",26.75,27.31,26.63,27.09,20.16,254600.0,,
"Jun 14, 2000",27.13,27.28,26.55,26.56,19.77,445200.0,,
"Jun 13, 2000",26.59,27.06,26.19,27.06,20.14,724400.0,,
"Jun 12, 2000",27.02,27.08,26.41,26.5,19.72,738600.0,,
"Jun 9, 2000",27.34,27.34,26.91,27.06,20.14,261800.0,,
"Jun 8, 2000",27.34,27.49,26.78,27.0,20.09,554200.0,,
"Jun 7, 2000",26.78,27.17,26.39,27.13,20.18,476600.0,,
"Jun 6, 2000",27.0,27.38,26.63,26.63,19.81,894400.0,,
"Jun 5, 2000",26.75,27.38,26.75,27.0,20.09,783800.0,,
"Jun 2, 2000",26.88,27.11,26.56,26.92,20.03,1716200.0,,
"Jun 2, 2000",26.88,27.11,26.56,26.92,20.03,1716200.0,,
"Jun 1, 2000",25.13,25.75,24.97,25.75,19.16,1080400.0,,
"May 31, 2000",25.0,25.34,24.61,24.64,18.34,505600.0,,
"May 30, 2000",24.19,25.13,24.06,25.13,18.7,1642200.0,,
"May 26, 2000",23.78,23.86,23.13,23.59,17.56,287000.0,,
"May 25, 2000",24.34,24.58,23.34,23.52,17.5,1212200.0,,
"May 24, 2000",23.25,24.0,22.34,23.91,17.79,1427200.0,,
"May 23, 2000",24.25,24.25,22.97,23.0,17.12,668600.0,,
"May 22, 2000",24.06,24.22,23.0,24.17,17.99,905200.0,,
"May 19, 2000",25.06,25.09,24.14,24.28,18.07,1555000.0,,
"May 18, 2000",25.94,25.94,25.19,25.27,18.8,413600.0,,
"May 17, 2000",26.03,26.17,25.56,25.92,19.29,737200.0,,
"May 16, 2000",26.13,26.38,25.64,26.3,19.57,816000.0,,
"May 15, 2000",25.25,25.59,24.56,25.53,19.0,315200.0,,
"May 12, 2000",25.25,25.7,25.06,25.06,18.65,443000.0,,
"May 11, 2000",24.22,24.81,23.91,24.74,18.41,862400.0,,
"May 10, 2000",24.81,24.91,23.88,24.06,17.91,2039600.0,,
"May 9, 2000",25.94,25.97,25.0,25.29,18.82,2472400.0,,
"May 8, 2000",26.09,26.31,25.7,25.77,19.17,310800.0,,
"May 5, 2000",26.28,26.81,26.19,26.71,19.88,600000.0,,
"May 4, 2000",26.14,26.5,25.84,26.0,19.35,357200.0,,
"May 3, 2000",26.41,26.66,25.5,26.19,19.49,1533200.0,,
"May 2, 2000",27.66,27.72,26.75,27.38,20.37,1365200.0,,
"May 1, 2000",27.91,28.13,27.63,27.89,20.75,391600.0,,
"Apr 28, 2000",27.72,27.84,27.25,27.5,20.46,1293000.0,,
"Apr 27, 2000",26.19,27.5,26.19,27.42,20.41,963400.0,,
"Apr 26, 2000",27.19,27.59,26.59,26.59,19.79,2924000.0,,
"Apr 25, 2000",26.38,27.11,26.13,27.11,20.17,715800.0,,
"Apr 24, 2000",25.31,25.69,24.69,25.63,19.07,1222200.0,,
"Apr 20, 2000",26.75,26.94,26.13,26.44,19.67,482800.0,,
"Apr 19, 2000",27.13,27.56,26.63,26.67,19.85,710600.0,,
"Apr 18, 2000",26.31,27.58,26.06,27.58,20.52,1146400.0,,
"Apr 17, 2000",24.38,26.09,24.31,26.09,19.42,1810800.0,,
"Apr 14, 2000",25.38,26.02,23.63,24.75,18.42,3816000.0,,
"Apr 13, 2000",27.0,27.63,26.11,26.12,19.43,4364200.0,,
"Apr 12, 2000",28.41,28.41,26.56,26.63,19.81,2676200.0,,
"Apr 11, 2000",28.74,29.06,28.0,28.47,21.18,2958400.0,,
"Apr 10, 2000",30.28,30.38,29.19,29.19,21.72,1330200.0,,
"Apr 7, 2000",29.66,30.31,29.44,30.28,22.53,466000.0,,
"Apr 6, 2000",29.38,29.72,28.88,29.28,21.79,346000.0,,
"Apr 5, 2000",28.31,29.59,28.06,28.91,21.51,1200400.0,,
"Apr 4, 2000",28.86,29.38,26.14,28.72,21.37,4423000.0,,
"Apr 3, 2000",29.91,29.91,28.63,29.0,21.58,5290000.0,,
"Mar 31, 2000",30.13,30.59,29.31,30.28,22.53,639200.0,,
"Mar 30, 2000",30.34,30.92,28.88,29.72,22.11,9271600.0,,
"Mar 29, 2000",31.5,31.53,30.39,30.55,22.73,6663800.0,,
"Mar 28, 2000",32.25,32.25,31.47,31.47,23.42,1251200.0,,
"Mar 27, 2000",32.13,32.47,32.03,32.25,24.0,1566200.0,,
"Mar 24, 2000",32.03,32.72,31.5,31.99,23.81,2206200.0,,
"Mar 23, 2000",31.16,32.0,31.06,31.72,23.6,968200.0,,
"Mar 22, 2000",30.78,31.38,30.63,31.13,23.16,1337000.0,,
"Mar 21, 2000",29.73,30.81,29.32,30.59,22.77,1298400.0,,
"Mar 20, 2000",30.06,30.31,29.56,29.81,22.18,790800.0,,
"Mar 17, 2000",29.38,30.0,29.34,29.94,22.28,882000.0,,
"Mar 16, 2000",28.63,29.25,27.94,29.25,21.77,5453200.0,,
"Mar 15, 2000",29.0,29.09,28.13,28.27,21.03,1238600.0,,
"Mar 14, 2000",29.81,30.06,28.66,28.77,21.41,928400.0,,
"Mar 13, 2000",29.25,30.13,29.0,29.44,21.91,4022400.0,,
"Mar 10, 2000",30.0,30.33,29.75,29.88,22.23,530000.0,,
"Mar 9, 2000",28.97,29.88,28.69,29.81,22.18,571800.0,,
"Mar 8, 2000",28.78,29.06,28.25,28.94,21.53,2179200.0,,
"Mar 7, 2000",29.58,29.75,28.44,28.44,21.16,2609600.0,,
"Mar 6, 2000",29.29,29.7,29.0,29.24,21.76,1335000.0,,
"Mar 3, 2000",29.0,29.41,28.69,29.29,21.79,803200.0,,
"Mar 2, 2000",28.44,28.66,28.05,28.5,21.21,2195200.0,,
"Mar 1, 2000",28.0,28.63,28.0,28.22,21.0,1927000.0,,
"Feb 29, 2000",27.88,28.0,27.69,27.94,20.79,948200.0,,
"Feb 28, 2000",27.38,27.81,26.63,27.31,20.32,3016600.0,,
"Feb 25, 2000",27.94,28.25,27.44,27.64,20.57,1874400.0,,
"Feb 24, 2000",27.74,28.03,27.25,27.91,20.77,639800.0,,
"Feb 23, 2000",26.81,27.75,26.74,27.56,20.51,366600.0,,
"Feb 22, 2000",26.69,27.0,26.0,26.75,19.91,2467800.0,,
"Feb 18, 2000",27.78,27.78,26.75,26.81,19.95,725400.0,,
"Feb 17, 2000",27.49,27.81,27.09,27.75,20.65,462400.0,,
"Feb 16, 2000",27.19,27.5,27.09,27.14,20.2,344200.0,,
"Feb 15, 2000",27.16,27.47,26.48,27.28,20.3,601200.0,,
"Feb 14, 2000",27.38,27.38,26.88,27.2,20.24,703000.0,,
"Feb 11, 2000",27.93,27.94,26.94,27.19,20.23,2004200.0,,
"Feb 10, 2000",27.34,27.94,27.25,27.93,20.78,2315200.0,,
"Feb 9, 2000",27.88,28.06,27.13,27.28,20.3,3246600.0,,
"Feb 8, 2000",27.59,27.88,27.54,27.63,20.56,1772000.0,,
"Feb 7, 2000",27.13,27.44,26.91,27.38,20.37,1310600.0,,
"Feb 4, 2000",26.88,27.31,26.81,27.06,20.14,1383400.0,,
"Feb 3, 2000",26.13,26.75,25.88,26.75,19.91,2489200.0,,
"Feb 2, 2000",25.72,26.33,25.72,26.0,19.35,1069400.0,,
"Feb 1, 2000",25.26,25.88,25.02,25.81,19.21,949800.0,,
"Jan 31, 2000",24.47,25.28,23.94,25.28,18.81,2624600.0,,
"Jan 28, 2000",25.06,25.56,24.06,24.47,18.21,4914000.0,,
"Jan 27, 2000",25.94,26.06,24.86,25.38,18.88,2476200.0,,
"Jan 26, 2000",26.34,26.38,25.47,25.63,19.07,1678600.0,,
"Jan 25, 2000",25.88,26.52,25.53,26.49,19.71,5964800.0,,
"Jan 24, 2000",26.97,27.17,25.8,25.94,19.3,1137800.0,,
"Jan 21, 2000",26.94,26.94,26.57,26.81,19.95,2869400.0,,
"Jan 20, 2000",27.13,27.22,26.56,26.78,19.93,2191200.0,,
"Jan 19, 2000",26.47,26.73,26.28,26.63,19.81,1580800.0,,
"Jan 18, 2000",26.38,26.86,26.3,26.58,19.78,1101600.0,,
"Jan 14, 2000",26.63,26.86,26.39,26.44,19.67,2767800.0,,
"Jan 13, 2000",25.94,26.0,25.44,25.84,19.23,2386000.0,,
"Jan 12, 2000",26.19,26.19,25.31,25.61,19.06,3966400.0,,
"Jan 11, 2000",26.5,26.73,25.59,25.72,19.14,2822600.0,,
"Jan 11, 2000",26.5,26.73,25.59,25.72,19.14,2822600.0,,
"Jan 10, 2000",26.5,26.72,26.03,26.47,19.7,2041000.0,,
"Jan 7, 2000",24.81,25.5,24.56,25.5,18.98,1372000.0,,
"Jan 6, 2000",25.63,26.05,24.81,25.06,18.65,3340000.0,,
"Jan 5, 2000",25.88,26.53,25.06,25.92,19.29,3812000.0,,
"Jan 4, 2000",27.0,27.38,26.16,26.31,19.58,1091000.0,,
"Jan 3, 2000",27.81,27.81,26.75,27.72,20.63,1876200.0,,
"Dec 31, 1999",27.08,27.22,26.91,26.94,20.05,1510600.0,,
"Dec 30, 1999",27.5,27.5,26.97,27.03,20.11,3379600.0,,
"Dec 29, 1999",26.69,27.13,26.69,27.05,20.13,1167000.0,,
"Dec 28, 1999",26.81,26.97,26.56,26.63,19.81,1400800.0,,
"Dec 27, 1999",26.97,26.97,26.31,26.88,20.0,1252000.0,,
"Dec 23, 1999",26.78,27.0,26.64,26.67,19.85,718400.0,,
"Dec 22, 1999",26.75,26.84,26.18,26.53,19.74,615400.0,,
"Dec 21, 1999",26.09,26.61,25.91,26.53,19.74,763600.0,,
"Dec 20, 1999",25.88,26.13,25.69,26.03,19.37,578400.0,,
"Dec 17, 1999",,,,,,,Dividend,0.0005
"Dec 17, 1999",25.88,25.92,25.59,25.78,19.18,795400.0,,
"Dec 16, 1999",25.22,25.56,25.16,25.5,18.97,838800.0,,
"Dec 15, 1999",24.47,25.03,24.06,25.03,18.63,2496800.0,,
"Dec 14, 1999",25.09,25.09,24.41,24.53,18.25,1432200.0,,
"Dec 13, 1999",24.84,25.22,24.66,25.01,18.61,754000.0,,
"Dec 10, 1999",24.91,25.0,24.41,24.84,18.49,453200.0,,
"Dec 9, 1999",25.03,25.13,24.3,24.72,18.39,2375000.0,,
"Dec 8, 1999",24.78,25.06,24.75,24.78,18.44,815800.0,,
"Dec 7, 1999",25.16,25.16,24.77,25.05,18.64,409000.0,,
"Dec 6, 1999",24.73,25.17,24.66,24.98,18.59,694800.0,,
"Dec 3, 1999",24.81,25.06,24.67,24.81,18.46,1246200.0,,
"Dec 2, 1999",23.81,24.27,23.81,24.13,17.95,417200.0,,
"Dec 1, 1999",23.25,23.73,23.25,23.56,17.53,1801000.0,,
"Nov 30, 1999",23.94,24.05,23.23,23.34,17.36,872400.0,,
"Nov 29, 1999",24.19,24.41,24.04,24.05,17.9,706400.0,,
"Nov 26, 1999",24.2,24.5,24.2,24.27,18.06,851800.0,,
"Nov 24, 1999",23.64,24.16,23.51,24.08,17.92,1253400.0,,
"Nov 23, 1999",24.12,24.12,23.39,23.71,17.64,1170000.0,,
"Nov 22, 1999",23.72,24.0,23.69,23.92,17.8,872400.0,,
"Nov 19, 1999",23.58,23.81,23.38,23.77,17.69,890600.0,,
"Nov 18, 1999",23.13,23.55,22.95,23.55,17.53,1505600.0,,
"Nov 17, 1999",23.09,23.19,22.75,22.78,16.95,1031200.0,,
"Nov 16, 1999",22.7,23.0,22.52,23.0,17.11,511200.0,,
"Nov 15, 1999",22.67,22.67,22.43,22.52,16.76,374600.0,,
"Nov 12, 1999",22.8,22.81,22.02,22.63,16.84,878600.0,,
"Nov 11, 1999",22.36,22.63,22.34,22.5,16.74,591000.0,,
"Nov 10, 1999",21.75,22.37,21.75,22.2,16.52,1167800.0,,
"Nov 9, 1999",22.24,22.25,21.75,21.81,16.23,1963000.0,,
"Nov 8, 1999",21.59,22.15,21.59,22.05,16.41,754200.0,,
"Nov 5, 1999",22.13,22.13,21.73,21.84,16.25,1796000.0,,
"Nov 4, 1999",21.72,21.73,21.45,21.6,16.07,818200.0,,
"Nov 3, 1999",21.44,21.56,21.31,21.44,15.95,418400.0,,
"Nov 2, 1999",21.22,21.47,21.07,21.13,15.72,312600.0,,
"Nov 1, 1999",21.31,21.48,21.2,21.22,15.79,461600.0,,
"Oct 29, 1999",20.84,21.38,20.84,21.25,15.81,1633600.0,,
"Oct 28, 1999",20.34,20.49,20.06,20.49,15.25,680400.0,,
"Oct 27, 1999",19.99,20.0,19.66,19.98,14.86,1298600.0,,
"Oct 26, 1999",20.34,20.38,19.98,20.0,14.88,982400.0,,
"Oct 25, 1999",19.81,20.12,19.79,19.99,14.88,325000.0,,
"Oct 22, 1999",20.13,20.22,19.93,19.94,14.84,399400.0,,
"Oct 21, 1999",19.56,19.92,19.44,19.89,14.8,1361800.0,,
"Oct 20, 1999",19.94,20.23,19.78,20.22,15.05,796800.0,,
"Oct 19, 1999",19.97,20.0,19.34,19.44,14.46,2947800.0,,
"Oct 18, 1999",19.88,19.98,19.23,19.75,14.7,3011800.0,,
"Oct 15, 1999",20.01,20.25,19.77,19.93,14.83,2097600.0,,
"Oct 14, 1999",20.56,20.66,20.16,20.41,15.19,1401000.0,,
"Oct 13, 1999",20.91,21.03,20.38,20.53,15.28,1058600.0,,
"Oct 12, 1999",21.47,21.56,21.03,21.09,15.69,471800.0,,
"Oct 11, 1999",21.37,21.6,21.31,21.47,15.98,1238200.0,,
"Oct 8, 1999",21.27,21.33,20.81,21.26,15.82,1064600.0,,
"Oct 7, 1999",21.49,21.5,21.13,21.27,15.83,1896600.0,,
"Oct 6, 1999",21.22,21.45,21.14,21.38,15.91,965600.0,,
"Oct 5, 1999",21.13,21.36,20.75,21.13,15.72,1226200.0,,
"Oct 4, 1999",20.63,21.0,20.56,21.0,15.63,486400.0,,
"Oct 1, 1999",20.53,20.61,20.18,20.5,15.25,1905000.0,,
"Sep 30, 1999",20.63,20.8,20.38,20.63,15.35,771600.0,,
"Sep 29, 1999",20.78,20.91,20.47,20.47,15.23,399600.0,,
"Sep 28, 1999",20.73,20.94,20.25,20.85,15.52,936000.0,,
"Sep 27, 1999",20.94,21.05,20.72,20.76,15.45,2083600.0,,
"Sep 24, 1999",20.33,20.56,20.03,20.55,15.29,1271600.0,,
"Sep 23, 1999",21.5,21.5,20.32,20.5,15.25,1873200.0,,
"Sep 22, 1999",21.2,21.45,20.99,21.28,15.84,1067200.0,,
"Sep 21, 1999",21.45,21.53,21.13,21.24,15.81,1311800.0,,
"Sep 20, 1999",21.69,21.79,21.45,21.69,16.14,466000.0,,
"Sep 17, 1999",21.49,21.68,21.34,21.59,16.07,1207400.0,,
"Sep 16, 1999",21.22,21.39,20.77,21.17,15.75,1847800.0,,
"Sep 15, 1999",21.96,21.96,21.21,21.27,15.82,772600.0,,
"Sep 14, 1999",21.56,21.77,21.41,21.72,16.16,794800.0,,
"Sep 13, 1999",21.78,21.85,21.48,21.48,15.99,807400.0,,
"Sep 10, 1999",21.84,21.97,21.61,21.78,16.21,337000.0,,
"Sep 9, 1999",21.5,21.64,21.25,21.55,16.03,372400.0,,
"Sep 8, 1999",21.47,21.68,21.19,21.36,15.89,401800.0,,
"Sep 7, 1999",21.59,21.78,21.5,21.51,16.0,821400.0,,
"Sep 3, 1999",21.25,21.55,21.24,21.5,16.0,901200.0,,
"Sep 2, 1999",20.5,20.84,20.38,20.74,15.43,578000.0,,
"Sep 1, 1999",20.86,20.96,20.69,20.82,15.49,1188800.0,,
"Aug 31, 1999",20.55,20.81,20.25,20.71,15.41,902600.0,,
"Aug 30, 1999",20.97,21.02,20.45,20.53,15.28,863000.0,,
"Aug 27, 1999",21.03,21.17,20.81,20.88,15.53,344200.0,,
"Aug 26, 1999",21.34,21.34,20.97,20.99,15.62,453200.0,,
"Aug 25, 1999",20.94,21.34,20.78,21.25,15.81,783600.0,,
"Aug 24, 1999",20.59,21.0,20.5,20.81,15.49,1077200.0,,
"Aug 23, 1999",20.25,20.55,20.2,20.49,15.25,585000.0,,
"Aug 23, 1999",20.25,20.55,20.2,20.49,15.25,585000.0,,
"Aug 20, 1999",20.09,20.09,19.89,20.03,14.91,417200.0,,
"Aug 19, 1999",19.97,20.09,19.84,19.97,14.86,537400.0,,
"Aug 18, 1999",20.43,20.46,20.16,20.17,15.01,368400.0,,
"Aug 17, 1999",20.59,20.63,20.09,20.41,15.18,696400.0,,
"Aug 16, 1999",20.34,20.49,20.14,20.31,15.11,1104000.0,,
"Aug 13, 1999",19.99,20.3,19.95,20.25,15.07,683200.0,,
"Aug 12, 1999",19.96,19.97,19.62,19.63,14.6,834200.0,,
"Aug 11, 1999",19.56,19.91,19.38,19.88,14.79,1272800.0,,
"Aug 10, 1999",19.54,19.63,18.97,19.26,14.33,1399800.0,,
"Aug 9, 1999",19.89,19.95,19.56,19.59,14.57,420000.0,,
"Aug 6, 1999",19.78,20.16,19.63,19.81,14.74,954400.0,,
"Aug 5, 1999",19.57,19.8,19.27,19.8,14.74,1759600.0,,
"Aug 4, 1999",19.88,20.09,19.57,19.65,14.62,975200.0,,
"Aug 3, 1999",20.19,20.2,19.63,19.89,14.8,940400.0,,
"Aug 2, 1999",19.91,20.37,19.89,19.97,14.86,638800.0,,
"Jul 30, 1999",20.41,20.48,20.0,20.01,14.89,601800.0,,
"Jul 29, 1999",20.16,20.47,20.02,20.22,15.05,933200.0,,
"Jul 28, 1999",20.47,20.72,20.28,20.56,15.3,951200.0,,
"Jul 27, 1999",20.19,20.48,20.13,20.38,15.16,833800.0,,
"Jul 26, 1999",20.06,20.22,19.86,19.88,14.8,719800.0,,
"Jul 23, 1999",20.41,20.48,20.15,20.34,15.14,802800.0,,
"Jul 22, 1999",20.94,20.94,20.2,20.29,15.1,1034600.0,,
"Jul 21, 1999",20.75,21.06,20.66,20.94,15.58,795400.0,,
"Jul 20, 1999",21.55,21.56,20.63,20.76,15.45,1616600.0,,
"Jul 19, 1999",21.95,21.98,21.63,21.66,16.11,445400.0,,
"Jul 16, 1999",21.88,22.0,21.69,21.92,16.31,200800.0,,
"Jul 15, 1999",21.72,21.84,21.52,21.73,16.17,772000.0,,
"Jul 14, 1999",21.47,21.58,21.2,21.57,16.05,603800.0,,
"Jul 13, 1999",21.25,21.34,21.07,21.3,15.85,400200.0,,
"Jul 12, 1999",21.44,21.52,21.19,21.4,15.92,468800.0,,
"Jul 9, 1999",21.22,21.37,21.08,21.37,15.9,247400.0,,
"Jul 8, 1999",20.75,21.24,20.72,21.14,15.73,758400.0,,
"Jul 7, 1999",20.44,20.91,20.44,20.86,15.52,1111200.0,,
"Jul 6, 1999",20.84,21.06,20.53,20.62,15.34,656000.0,,
"Jul 2, 1999",20.44,20.73,20.44,20.73,15.43,444000.0,,
"Jul 1, 1999",20.33,20.56,20.05,20.47,15.23,946800.0,,
"Jun 30, 1999",19.93,20.31,19.73,20.24,15.06,630200.0,,
"Jun 29, 1999",19.69,19.97,19.69,19.94,14.84,215600.0,,
"Jun 28, 1999",19.56,19.72,19.45,19.69,14.65,437000.0,,
"Jun 25, 1999",19.38,19.67,19.28,19.37,14.41,546400.0,,
"Jun 24, 1999",19.69,19.7,19.24,19.34,14.39,533600.0,,
"Jun 23, 1999",19.5,19.76,19.31,19.75,14.7,915400.0,,
"Jun 22, 1999",19.97,20.09,19.56,19.6,14.59,1052800.0,,
"Jun 21, 1999",19.62,20.04,19.59,20.02,14.9,1514000.0,,
"Jun 18, 1999",19.36,19.53,19.21,19.53,14.53,409800.0,,
"Jun 17, 1999",18.97,19.42,18.95,19.36,14.41,682200.0,,
"Jun 16, 1999",18.84,19.23,18.81,19.15,14.25,719000.0,,
"Jun 15, 1999",18.19,18.55,18.19,18.39,13.68,830800.0,,
"Jun 14, 1999",18.47,18.47,18.16,18.23,13.56,341200.0,,
"Jun 11, 1999",18.63,18.74,18.25,18.31,13.63,210800.0,,
"Jun 10, 1999",18.66,18.72,18.41,18.56,13.81,502800.0,,
"Jun 9, 1999",18.69,18.89,18.61,18.84,14.02,563800.0,,
"Jun 8, 1999",19.0,19.05,18.51,18.56,13.81,508400.0,,
"Jun 7, 1999",18.8,19.13,18.8,19.0,14.14,1003600.0,,
"Jun 4, 1999",18.13,18.72,18.13,18.66,13.89,500000.0,,
"Jun 3, 1999",18.23,18.41,18.1,18.13,13.49,912200.0,,
"Jun 2, 1999",17.97,18.34,17.73,18.25,13.58,646000.0,,
"Jun 1, 1999",18.49,18.49,18.03,18.05,13.43,637600.0,,
"May 28, 1999",18.23,18.47,18.08,18.47,13.74,265800.0,,
"May 27, 1999",18.37,18.4,18.02,18.23,13.57,761400.0,,
"May 26, 1999",18.22,18.38,17.69,18.37,13.67,1353800.0,,
"May 25, 1999",18.5,18.63,17.96,17.99,13.39,712600.0,,
"May 24, 1999",18.78,18.88,18.32,18.38,13.67,1409600.0,,
"May 21, 1999",18.88,19.02,18.73,18.78,13.98,550000.0,,
"May 20, 1999",19.36,19.37,19.0,19.0,14.14,552000.0,,
"May 19, 1999",19.28,19.3,18.98,19.25,14.32,637400.0,,
"May 18, 1999",19.22,19.34,19.03,19.19,14.28,820200.0,,
"May 17, 1999",18.64,19.09,18.55,19.02,14.15,451200.0,,
"May 14, 1999",18.94,19.06,18.67,18.75,13.95,815600.0,,
"May 13, 1999",19.44,19.64,19.23,19.26,14.33,1231000.0,,
"May 12, 1999",19.23,19.42,18.75,19.31,14.37,589400.0,,
"May 11, 1999",18.77,19.13,18.77,18.94,14.09,931200.0,,
"May 10, 1999",18.69,18.88,18.53,18.66,13.88,486400.0,,
"May 7, 1999",18.47,18.59,18.14,18.5,13.77,739400.0,,
"May 6, 1999",18.5,18.8,18.13,18.19,13.53,686800.0,,
"May 5, 1999",18.38,18.66,17.88,18.66,13.88,886200.0,,
"May 4, 1999",18.48,18.72,18.16,18.28,13.6,2869800.0,,
"May 3, 1999",18.5,18.63,18.3,18.56,13.81,403200.0,,
"Apr 30, 1999",18.88,18.88,17.97,18.41,13.7,1520000.0,,
"Apr 29, 1999",18.75,18.78,18.3,18.55,13.81,968000.0,,
"Apr 28, 1999",19.0,19.2,18.66,18.75,13.95,1788600.0,,
"Apr 27, 1999",19.72,19.73,18.98,19.0,14.14,826000.0,,
"Apr 26, 1999",19.22,19.5,19.11,19.48,14.5,530200.0,,
"Apr 23, 1999",18.86,19.17,18.63,19.0,14.14,489000.0,,
"Apr 22, 1999",18.91,18.99,18.59,18.96,14.11,2064600.0,,
"Apr 21, 1999",17.66,18.19,17.53,18.13,13.49,1015600.0,,
"Apr 20, 1999",17.41,17.69,17.06,17.66,13.14,2058800.0,,
"Apr 19, 1999",18.28,18.3,17.06,17.22,12.81,2416600.0,,
"Apr 16, 1999",18.59,18.63,18.0,18.09,13.46,544200.0,,
"Apr 15, 1999",18.66,18.69,18.05,18.59,13.84,3398400.0,,
"Apr 14, 1999",19.19,19.24,18.38,18.44,13.72,951400.0,,
"Apr 13, 1999",19.28,19.38,18.75,18.91,14.07,1601200.0,,
"Apr 12, 1999",18.81,19.3,18.72,19.2,14.29,2075000.0,,
"Apr 9, 1999",19.49,19.68,19.34,19.5,14.51,557600.0,,
"Apr 8, 1999",19.34,19.59,18.94,19.53,14.53,1213800.0,,
"Apr 7, 1999",19.75,19.78,18.97,19.34,14.39,1863400.0,,
"Apr 6, 1999",19.34,19.56,19.16,19.39,14.43,1080200.0,,
"Apr 5, 1999",18.81,19.25,18.8,19.23,14.31,2007000.0,,
"Apr 1, 1999",18.75,18.77,18.25,18.59,13.83,637000.0,,
"Apr 1, 1999",18.75,18.77,18.25,18.59,13.83,637000.0,,
"Mar 31, 1999",18.75,18.91,18.27,18.3,13.62,1549400.0,,
"Mar 30, 1999",18.47,18.75,18.38,18.53,13.79,1685000.0,,
"Mar 29, 1999",18.13,18.59,18.08,18.56,13.81,1899400.0,,
"Mar 26, 1999",17.91,18.19,17.8,17.89,13.31,967000.0,,
"Mar 25, 1999",17.92,18.05,17.78,17.98,13.38,1190200.0,,
"Mar 24, 1999",17.34,17.65,17.05,17.57,13.07,1233400.0,,
"Mar 23, 1999",17.63,17.63,17.11,17.23,12.82,2997200.0,,
"Mar 22, 1999",17.75,17.92,17.59,17.75,13.21,1547000.0,,
"Mar 19, 1999",18.34,18.44,17.75,17.75,13.21,1273000.0,,
"Mar 18, 1999",17.88,18.2,17.81,18.19,13.53,642800.0,,
"Mar 17, 1999",18.05,18.06,17.78,17.94,13.35,850800.0,,
"Mar 16, 1999",17.77,18.13,17.7,18.05,13.43,1517600.0,,
"Mar 15, 1999",17.59,17.75,17.32,17.75,13.21,864200.0,,
"Mar 12, 1999",17.78,17.78,17.28,17.47,13.0,1672000.0,,
"Mar 11, 1999",17.75,17.98,17.45,17.63,13.12,2432400.0,,
"Mar 10, 1999",17.66,17.77,17.45,17.66,13.14,884000.0,,
"Mar 9, 1999",17.75,18.09,17.59,17.66,13.14,1872000.0,,
"Mar 8, 1999",17.75,17.88,17.52,17.84,13.28,3318800.0,,
"Mar 5, 1999",17.44,17.5,17.13,17.34,12.91,3753800.0,,
"Mar 4, 1999",17.19,17.23,16.56,16.95,12.62,6398200.0,,
"Mar 3, 1999",16.75,16.86,16.44,16.78,12.49,3215600.0,,
"Mar 2, 1999",17.09,17.25,16.5,16.5,12.28,4960400.0,,
"Mar 1, 1999",16.81,17.09,16.72,16.95,12.62,2184200.0,,
"Feb 26, 1999",17.53,17.56,16.88,17.03,12.67,4685200.0,,
"Feb 25, 1999",17.19,17.56,17.06,17.56,13.07,5132400.0,,
"Feb 24, 1999",18.19,18.22,17.52,17.52,13.03,5001000.0,,
"Feb 23, 1999",18.0,18.23,17.78,18.02,13.41,4131000.0,,
"Feb 22, 1999",17.3,17.83,17.17,17.78,13.23,4736000.0,,
"Feb 19, 1999",17.31,17.44,17.08,17.17,12.78,3347200.0,,
"Feb 18, 1999",17.16,17.2,16.67,17.02,12.66,4151200.0,,
"Feb 17, 1999",16.88,17.48,16.78,16.92,12.59,5567000.0,,
"Feb 16, 1999",17.88,17.91,17.25,17.31,12.88,3452800.0,,
"Feb 12, 1999",17.69,17.89,17.3,17.39,12.94,5834800.0,,
"Feb 11, 1999",17.69,18.14,17.52,18.11,13.48,5333400.0,,
"Feb 10, 1999",17.33,17.7,17.13,17.38,12.93,2803600.0,,
"Feb 9, 1999",18.0,18.02,17.16,17.25,12.84,4171000.0,,
"Feb 8, 1999",17.88,18.25,17.56,17.95,13.36,2629200.0,,
"Feb 5, 1999",18.0,18.11,17.38,17.66,13.14,3664800.0,,
"Feb 4, 1999",18.88,18.88,17.94,18.09,13.46,3891800.0,,
"Feb 3, 1999",18.53,19.03,18.41,18.73,13.94,2668200.0,,
"Feb 2, 1999",19.0,19.0,18.31,18.6,13.84,2518400.0,,
"Jan 29, 1999",18.69,18.92,18.47,18.91,14.07,1867200.0,,
"Jan 28, 1999",18.38,18.64,18.3,18.63,13.86,1807200.0,,
"Jan 27, 1999",18.63,18.74,18.0,18.0,13.39,2733800.0,,
"Jan 26, 1999",17.88,18.41,17.88,18.39,13.68,1427800.0,,
"Jan 25, 1999",17.59,17.69,17.3,17.68,13.16,1893200.0,,
"Jan 22, 1999",17.38,17.7,17.2,17.38,12.93,2582000.0,,
"Jan 21, 1999",18.13,18.16,17.56,17.69,13.16,2985800.0,,
"Jan 20, 1999",18.44,18.74,18.13,18.16,13.51,2264400.0,,
"Jan 19, 1999",17.81,18.0,17.51,17.99,13.39,874600.0,,
"Jan 14, 1999",17.17,17.31,16.78,16.89,12.57,732600.0,,
"Jan 13, 1999",16.0,17.58,16.0,17.13,12.74,1096600.0,,
"Jan 12, 1999",17.75,17.78,17.13,17.13,12.75,972000.0,,
"Jan 11, 1999",17.94,17.94,17.42,17.61,13.1,995800.0,,
"Jan 8, 1999",17.75,17.78,17.24,17.44,12.98,1065600.0,,
"Jan 7, 1999",17.25,17.52,17.14,17.37,12.92,1069200.0,,
"Jan 6, 1999",17.34,17.47,17.2,17.42,12.96,1249400.0,,
"Jan 5, 1999",16.53,17.02,16.53,16.92,12.59,590400.0,,
"Jan 4, 1999",16.33,16.78,16.3,16.5,12.28,1301200.0,,
"Dec 31, 1998",16.38,16.45,16.17,16.31,12.14,154400.0,,
"Dec 30, 1998",16.34,16.57,16.29,16.38,12.18,191200.0,,
"Dec 29, 1998",16.47,16.51,16.25,16.44,12.23,247600.0,,
"Dec 28, 1998",16.59,16.59,16.3,16.39,12.2,618600.0,,
"Dec 24, 1998",16.41,16.41,16.28,16.34,12.16,487400.0,,
"Dec 23, 1998",16.38,16.41,16.08,16.41,12.21,676600.0,,
"Dec 22, 1998",16.2,16.25,15.89,16.02,11.92,601000.0,,
