Date,Open,High,Low,Close,Adj Close,Volume,Event,Event Value
"Apr 8, 2026",148.2,149.18,147.53,149.11,149.11,3147997.0,,
"Apr 7, 2026",146.91,146.91,144.88,146.57,146.57,10219100.0,,
"Apr 6, 2026",146.28,147.14,145.76,146.28,146.28,7272600.0,,
"Apr 2, 2026",146.93,148.36,146.27,146.81,146.81,11087900.0,,
"Apr 1, 2026",147.22,148.76,146.95,147.73,147.73,16899200.0,,
"Mar 31, 2026",144.81,146.75,144.6,146.61,146.61,17866000.0,,
"Mar 30, 2026",144.3,144.63,143.43,143.82,143.82,14799700.0,,
"Mar 27, 2026",145.72,145.8,143.07,143.26,143.26,12932200.0,,
"Mar 26, 2026",145.75,146.91,145.63,145.74,145.74,13321000.0,,
"Mar 25, 2026",145.69,146.69,145.35,146.24,146.24,17743300.0,,
"Mar 24, 2026",143.95,145.3,143.38,144.79,144.79,24230900.0,,
"Mar 23, 2026",,,,,,,Dividend,0.595
"Mar 23, 2026",146.56,146.77,144.6,144.77,144.77,21815400.0,,
"Mar 20, 2026",146.48,147.02,144.66,145.33,144.74,16582200.0,,
"Mar 19, 2026",147.14,148.09,146.3,146.61,146.01,16913000.0,,
"Mar 18, 2026",148.72,149.05,147.01,147.14,146.54,15565400.0,,
"Mar 17, 2026",151.22,151.85,149.54,149.64,149.03,11938600.0,,
"Mar 16, 2026",150.75,151.73,150.38,151.01,150.39,10896600.0,,
"Mar 13, 2026",151.04,152.3,149.67,149.79,149.18,15129300.0,,
"Mar 12, 2026",151.95,152.49,150.03,150.16,149.55,15670500.0,,
"Mar 11, 2026",152.84,153.16,151.94,152.85,152.22,12503800.0,,
"Mar 10, 2026",154.41,154.54,153.01,153.15,152.52,17247500.0,,
"Mar 9, 2026",151.78,154.55,151.13,154.26,153.63,18675700.0,,
"Mar 6, 2026",152.78,152.99,150.95,152.7,152.07,18174000.0,,
"Mar 5, 2026",155.13,155.7,152.72,153.91,153.28,20476400.0,,
"Mar 4, 2026",156.74,157.58,155.67,157.05,156.41,12745700.0,,
"Mar 3, 2026",156.66,157.39,155.0,156.74,156.1,21432600.0,,
"Mar 2, 2026",159.19,159.84,157.99,158.53,157.88,18641400.0,,
"Feb 27, 2026",156.74,160.24,156.71,160.2,159.54,14250100.0,,
"Feb 26, 2026",158.07,158.17,156.09,157.42,156.78,15344400.0,,
"Feb 25, 2026",157.87,159.23,157.62,157.83,157.18,11011500.0,,
"Feb 24, 2026",158.01,158.5,157.31,157.87,157.22,12887100.0,,
"Feb 23, 2026",157.13,158.68,157.13,158.54,157.89,17053500.0,,
"Feb 20, 2026",157.0,157.25,155.87,156.82,156.18,13368500.0,,
"Feb 19, 2026",157.2,157.72,156.19,157.26,156.62,11226900.0,,
"Feb 18, 2026",157.2,157.8,156.48,157.67,157.02,11886300.0,,
"Feb 17, 2026",158.03,158.91,157.13,157.37,156.73,14881100.0,,
"Feb 13, 2026",156.52,158.8,156.52,157.67,157.02,16647900.0,,
"Feb 12, 2026",156.21,157.42,155.48,156.0,155.36,19409100.0,,
"Feb 11, 2026",155.18,156.38,154.38,156.25,155.61,11738400.0,,
"Feb 10, 2026",156.66,157.16,155.24,155.33,154.69,11103400.0,,
"Feb 9, 2026",157.57,158.15,156.03,156.32,155.68,11823000.0,,
"Feb 6, 2026",156.04,157.8,155.91,157.71,157.06,13616200.0,,
"Feb 5, 2026",155.46,156.97,154.68,154.84,154.21,21421600.0,,
"Feb 4, 2026",154.81,156.78,154.23,156.03,155.39,22951600.0,,
"Feb 3, 2026",154.78,157.12,153.85,154.1,153.47,21141900.0,,
"Feb 2, 2026",154.58,156.01,154.4,155.69,155.05,11005300.0,,
"Jan 30, 2026",154.12,154.93,153.29,154.74,154.11,11863900.0,,
"Jan 29, 2026",154.25,154.67,153.5,153.82,153.19,12167300.0,,
"Jan 29, 2026",154.25,154.67,153.5,153.82,153.19,12167300.0,,
"Jan 28, 2026",154.3,155.15,153.47,154.31,153.68,11426600.0,,
"Jan 27, 2026",155.8,157.09,155.14,155.45,154.81,12697500.0,,
"Jan 26, 2026",157.37,158.33,156.9,158.1,157.45,6810400.0,,
"Jan 23, 2026",157.8,158.38,156.66,157.48,156.84,10191300.0,,
"Jan 22, 2026",157.65,159.23,157.5,158.29,157.64,10881400.0,,
"Jan 21, 2026",155.2,158.51,155.15,158.26,157.61,16393900.0,,
"Jan 20, 2026",154.0,155.92,153.23,155.4,154.76,12775200.0,,
"Jan 16, 2026",156.64,156.97,155.71,155.74,155.1,11950300.0,,
"Jan 15, 2026",157.31,157.45,155.37,156.96,156.32,15303400.0,,
"Jan 14, 2026",156.61,157.99,156.48,157.86,157.21,13516800.0,,
"Jan 13, 2026",157.65,157.67,155.74,156.74,156.1,11756500.0,,
"Jan 12, 2026",157.33,157.5,156.01,157.38,156.74,12250100.0,,
"Jan 9, 2026",158.33,158.93,157.26,157.31,156.67,12352000.0,,
"Jan 8, 2026",159.15,160.5,157.61,158.12,157.47,17611000.0,,
"Jan 7, 2026",158.54,160.59,158.54,159.66,159.01,14505700.0,,
"Jan 6, 2026",155.14,158.33,155.14,158.09,157.44,17783800.0,,
"Jan 5, 2026",154.59,155.39,152.97,155.04,154.41,17756200.0,,
"Jan 2, 2026",154.87,155.57,153.58,155.51,154.87,10998000.0,,
"Dec 31, 2025",155.6,155.84,154.77,154.8,154.17,4199500.0,,
"Dec 30, 2025",155.66,155.98,155.2,155.68,155.04,4355000.0,,
"Dec 29, 2025",156.07,156.49,155.68,155.81,155.17,6357300.0,,
"Dec 26, 2025",155.69,156.12,155.35,156.05,155.41,4439100.0,,
"Dec 24, 2025",155.17,155.94,155.15,155.8,155.16,3085700.0,,
"Dec 23, 2025",154.69,155.66,154.64,154.99,154.36,7465800.0,,
"Dec 22, 2025",,,,,,,Dividend,0.657
"Dec 22, 2025",154.15,155.37,153.8,155.3,154.66,7063700.0,,
"Dec 19, 2025",153.92,155.77,153.92,154.94,153.65,8571500.0,,
"Dec 18, 2025",153.75,155.18,153.68,153.91,152.63,8876400.0,,
"Dec 17, 2025",154.23,154.78,153.67,153.79,152.51,9093300.0,,
"Dec 16, 2025",156.04,156.12,153.09,154.07,152.79,12491300.0,,
"Dec 15, 2025",154.47,156.31,154.44,156.1,154.8,14681800.0,,
"Dec 12, 2025",153.75,154.56,153.41,154.06,152.78,13175500.0,,
"Dec 11, 2025",152.76,154.3,152.26,153.58,152.3,14703000.0,,
"Dec 10, 2025",150.38,152.18,149.87,152.14,150.87,15534800.0,,
"Dec 9, 2025",152.0,152.68,149.85,149.96,148.71,11543300.0,,
"Dec 8, 2025",153.35,153.42,151.2,151.43,150.17,10996000.0,,
"Dec 5, 2025",154.45,154.63,152.96,153.26,151.99,8868700.0,,
"Dec 4, 2025",155.0,155.03,153.37,153.9,152.62,13674600.0,,
"Dec 3, 2025",154.67,155.78,154.66,155.08,153.79,12724800.0,,
"Dec 2, 2025",155.25,155.47,154.14,154.36,153.08,16150300.0,,
"Dec 1, 2025",157.04,157.86,155.18,155.29,154.0,17321200.0,,
"Nov 28, 2025",158.2,158.25,157.16,157.65,156.34,8559700.0,,
"Nov 26, 2025",158.42,158.95,158.16,158.42,157.1,12398900.0,,
"Nov 25, 2025",155.77,158.89,155.77,158.77,157.45,17298600.0,,
"Nov 24, 2025",155.14,156.16,154.48,155.26,153.97,17928400.0,,
"Nov 21, 2025",151.79,155.71,151.71,154.61,153.32,25526100.0,,
"Nov 20, 2025",152.49,153.34,151.12,151.42,150.16,25278500.0,,
"Nov 19, 2025",152.48,152.93,151.57,152.33,151.06,17352600.0,,
"Nov 18, 2025",151.75,153.13,151.15,152.59,151.32,24494200.0,,
"Nov 17, 2025",151.34,153.32,151.14,151.7,150.44,17516500.0,,
"Nov 14, 2025",152.22,152.92,151.19,151.83,150.57,15468900.0,,
"Nov 13, 2025",152.04,154.52,151.86,152.74,151.47,21807600.0,,
"Nov 12, 2025",150.99,153.16,150.72,152.82,151.55,17847500.0,,
"Nov 11, 2025",147.6,150.82,147.6,150.68,149.43,12659500.0,,
"Nov 10, 2025",145.79,147.43,145.72,147.28,146.06,12305900.0,,
"Nov 7, 2025",145.84,146.15,144.72,146.14,144.92,14522900.0,,
"Nov 6, 2025",145.14,146.11,144.94,145.94,144.73,14395800.0,,
"Nov 5, 2025",144.63,146.26,144.38,145.66,144.45,13154600.0,,
"Nov 4, 2025",143.77,145.49,143.49,145.1,143.89,14182200.0,,
"Nov 3, 2025",144.07,144.56,142.83,144.45,143.25,12279300.0,,
"Oct 31, 2025",143.02,144.49,142.7,144.25,143.05,10581100.0,,
"Oct 30, 2025",143.96,145.45,143.77,144.3,143.1,10756100.0,,
"Oct 29, 2025",145.22,145.45,143.57,143.98,142.78,12425600.0,,
"Oct 28, 2025",146.41,146.54,145.19,145.45,144.24,8652700.0,,
"Oct 27, 2025",146.09,146.45,145.22,146.37,145.15,6466700.0,,
"Oct 24, 2025",146.29,146.76,145.88,146.03,144.82,7007400.0,,
"Oct 23, 2025",145.52,146.51,145.37,146.04,144.83,7924900.0,,
"Oct 22, 2025",146.21,146.73,145.54,145.96,144.75,12705300.0,,
"Oct 21, 2025",145.05,145.63,144.34,145.13,143.92,9031800.0,,
"Oct 20, 2025",143.72,144.99,143.56,144.79,143.59,8435900.0,,
"Oct 17, 2025",141.58,143.42,141.39,143.27,142.08,8160300.0,,
"Oct 16, 2025",142.85,143.64,141.96,142.32,141.14,11194100.0,,
"Oct 15, 2025",142.02,143.25,141.36,142.56,141.37,7260600.0,,
"Oct 14, 2025",141.6,142.86,141.05,142.34,141.16,10044700.0,,
"Oct 13, 2025",141.73,142.94,141.63,141.95,140.77,8257500.0,,
"Oct 10, 2025",144.61,144.74,141.94,142.11,140.93,13350100.0,,
"Oct 9, 2025",144.78,145.25,143.96,144.19,142.99,7657000.0,,
"Oct 8, 2025",144.6,144.97,144.02,144.51,143.31,8925800.0,,
"Oct 7, 2025",144.12,144.66,143.28,144.23,143.03,12478700.0,,
"Oct 6, 2025",144.9,145.06,143.97,144.12,142.92,12879900.0,,
"Oct 3, 2025",143.57,146.14,143.56,144.82,143.62,15829200.0,,
"Oct 2, 2025",142.15,143.57,142.15,143.19,142.0,15176200.0,,
"Oct 1, 2025",139.8,143.73,139.6,143.47,142.28,23657900.0,,
"Sep 30, 2025",135.76,139.5,135.67,139.17,138.01,19313500.0,,
"Sep 29, 2025",135.68,135.97,134.74,135.9,134.77,7735700.0,,
"Sep 26, 2025",135.15,135.62,134.64,135.5,134.37,10071000.0,,
"Sep 25, 2025",136.13,136.18,133.73,134.13,133.01,14099700.0,,
"Sep 24, 2025",136.82,137.06,136.16,136.39,135.26,7471600.0,,
"Sep 23, 2025",136.26,137.35,136.15,136.94,135.8,9903000.0,,
"Sep 22, 2025",,,,,,,Dividend,0.625
"Sep 22, 2025",136.19,137.26,135.89,136.63,135.49,9732700.0,,
"Sep 19, 2025",137.82,137.9,137.18,137.29,135.53,11280900.0,,
"Sep 18, 2025",137.2,137.94,136.89,137.47,135.71,11472900.0,,
"Sep 17, 2025",137.13,138.29,136.84,137.2,135.44,12501500.0,,
"Sep 16, 2025",136.66,137.39,136.54,136.93,135.17,12443800.0,,
"Sep 15, 2025",138.26,138.54,136.66,136.93,135.17,11233800.0,,
"Sep 12, 2025",139.23,139.81,138.1,138.11,136.34,11345400.0,,
"Sep 11, 2025",138.04,140.0,137.89,139.72,137.93,16470800.0,,
"Sep 10, 2025",138.51,138.51,136.81,137.33,135.57,13588300.0,,
"Sep 10, 2025",138.51,138.51,136.81,137.33,135.57,13588300.0,,
"Sep 9, 2025",138.06,138.97,137.72,138.59,136.81,12249600.0,,
"Sep 8, 2025",137.46,137.87,136.37,137.85,136.08,15753300.0,,
"Sep 5, 2025",137.28,138.38,137.05,137.9,136.13,14664000.0,,
"Sep 4, 2025",136.8,137.47,136.08,137.43,135.67,11778600.0,,
"Sep 3, 2025",137.11,137.76,136.24,136.91,135.15,12586000.0,,
"Sep 2, 2025",136.89,137.74,136.46,137.56,135.79,13325300.0,,
"Aug 29, 2025",136.54,137.47,136.37,137.43,135.67,9655700.0,,
"Aug 28, 2025",136.83,136.85,135.76,136.43,134.68,9165700.0,,
"Aug 27, 2025",136.99,137.71,136.73,136.97,135.21,8321700.0,,
"Aug 26, 2025",136.59,137.17,136.34,137.05,135.29,11397500.0,,
"Aug 25, 2025",138.14,138.26,136.1,136.2,134.45,10681000.0,,
"Aug 22, 2025",137.8,139.02,137.8,138.17,136.4,11898600.0,,
"Aug 21, 2025",137.21,138.46,136.94,137.04,135.28,13218900.0,,
"Aug 20, 2025",137.01,138.21,137.01,137.5,135.74,14607000.0,,
"Aug 19, 2025",135.87,137.22,135.78,136.76,135.01,13578200.0,,
"Aug 18, 2025",136.53,137.19,135.82,135.89,134.15,12572000.0,,
"Aug 15, 2025",135.48,136.6,135.18,136.21,134.46,13929600.0,,
"Aug 14, 2025",133.06,134.1,132.41,133.96,132.24,15464000.0,,
"Aug 13, 2025",131.82,133.37,131.65,133.29,131.58,15069900.0,,
"Aug 12, 2025",130.34,131.23,130.13,131.19,129.51,17219500.0,,
"Aug 11, 2025",130.29,131.32,130.14,130.29,128.62,14474000.0,,
"Aug 8, 2025",129.23,130.44,129.23,130.16,128.49,13747100.0,,
"Aug 7, 2025",129.77,130.24,127.96,129.01,127.35,24421900.0,,
"Aug 6, 2025",131.94,132.05,130.35,130.51,128.84,14342800.0,,
"Aug 5, 2025",132.45,132.95,132.04,132.5,130.8,14319200.0,,
"Aug 4, 2025",131.39,133.07,131.36,133.01,131.3,11331000.0,,
"Aug 1, 2025",130.7,131.4,129.86,131.13,129.45,20736200.0,,
"Jul 31, 2025",133.02,133.79,129.98,130.43,128.76,26441600.0,,
"Jul 30, 2025",134.88,135.19,133.64,134.19,132.47,11634600.0,,
"Jul 29, 2025",133.9,135.1,132.94,134.43,132.71,14967600.0,,
"Jul 28, 2025",136.14,136.39,134.93,135.29,133.55,9780300.0,,
"Jul 25, 2025",136.25,136.7,135.74,136.48,134.73,9539900.0,,
"Jul 24, 2025",136.13,136.93,135.54,135.76,134.02,11054800.0,,
"Jul 23, 2025",135.26,136.32,134.8,136.27,134.52,16624000.0,,
"Jul 22, 2025",131.31,133.81,131.31,133.53,131.82,16681900.0,,
"Jul 21, 2025",131.91,132.32,131.03,131.09,129.41,9468700.0,,
"Jul 18, 2025",133.07,133.24,131.66,131.84,130.15,13245500.0,,
"Jul 17, 2025",133.29,133.68,132.28,132.72,131.02,15740900.0,,
"Jul 16, 2025",133.14,134.42,133.0,134.25,132.53,14142100.0,,
"Jul 15, 2025",135.23,135.47,132.47,132.6,130.9,17095600.0,,
"Jul 14, 2025",134.65,135.31,134.4,135.03,133.3,11095400.0,,
"Jul 11, 2025",135.88,135.88,134.35,135.19,133.46,14246600.0,,
"Jul 10, 2025",135.51,137.63,135.0,136.32,134.57,17668300.0,,
"Jul 9, 2025",135.25,135.92,134.42,135.49,133.75,13963900.0,,
"Jul 8, 2025",134.26,136.22,134.01,134.97,133.24,19485900.0,,
"Jul 7, 2025",135.45,135.45,133.65,134.36,132.64,14052300.0,,
"Jul 3, 2025",135.55,135.9,135.17,135.5,133.76,7282700.0,,
"Jul 2, 2025",136.03,136.29,135.24,135.36,133.62,13720400.0,,
"Jul 1, 2025",134.58,137.76,134.46,136.71,134.96,21204300.0,,
"Jun 30, 2025",133.9,134.95,133.8,134.79,133.06,12407700.0,,
"Jun 27, 2025",134.32,135.13,133.7,133.93,132.21,13818500.0,,
"Jun 26, 2025",134.18,135.16,133.75,134.22,132.5,13177700.0,,
"Jun 25, 2025",133.52,134.29,132.77,133.9,132.18,11996400.0,,
"Jun 24, 2025",132.51,134.08,132.0,133.78,132.06,11272900.0,,
"Jun 23, 2025",,,,,,,Dividend,0.63
"Jun 23, 2025",132.06,132.74,130.98,132.16,130.46,14181600.0,,
"Jun 20, 2025",133.7,133.8,132.41,132.6,130.28,13744900.0,,
"Jun 18, 2025",133.48,134.12,132.49,133.24,130.91,12185300.0,,
"Jun 17, 2025",135.1,135.41,133.29,133.47,131.13,13506000.0,,
"Jun 16, 2025",136.42,136.83,135.08,135.71,133.33,14171000.0,,
"Jun 13, 2025",136.06,137.33,135.68,136.13,133.74,13722800.0,,
"Jun 12, 2025",135.76,136.84,135.49,136.81,134.41,9809500.0,,
"Jun 11, 2025",135.71,136.57,135.34,135.75,133.37,13644000.0,,
"Jun 10, 2025",134.27,136.09,134.25,135.68,133.3,11488000.0,,
"Jun 9, 2025",134.35,134.81,133.39,134.15,131.8,9976600.0,,
"Jun 6, 2025",133.81,134.84,133.79,134.38,132.03,9153500.0,,
"Jun 5, 2025",133.62,133.91,132.57,133.11,130.78,13705000.0,,
"Jun 4, 2025",133.43,134.33,133.29,133.29,130.95,9986100.0,,
"Jun 3, 2025",132.37,133.52,131.73,133.03,130.7,14304300.0,,
"Jun 2, 2025",132.3,132.78,131.11,132.72,130.39,11845000.0,,
"May 30, 2025",132.07,133.34,130.88,132.64,130.32,11651300.0,,
"May 29, 2025",131.68,132.76,131.29,132.36,130.04,10670300.0,,
"May 28, 2025",132.11,132.58,131.13,131.48,129.18,11087500.0,,
"May 27, 2025",131.43,132.39,131.16,132.16,129.84,12304000.0,,
"May 23, 2025",129.93,130.6,129.55,130.34,128.06,9127100.0,,
"May 22, 2025",130.63,131.24,129.98,130.55,128.26,12722600.0,,
"May 21, 2025",133.56,134.14,131.52,131.58,129.27,16635900.0,,
"May 20, 2025",134.4,135.09,134.19,134.7,132.34,11644500.0,,
"May 19, 2025",133.02,134.44,132.65,134.37,132.02,11645200.0,,
"May 16, 2025",130.7,133.14,130.31,133.09,130.76,12901800.0,,
"May 15, 2025",128.47,130.54,127.35,130.46,128.17,18792700.0,,
"May 14, 2025",132.28,132.55,128.68,128.77,126.51,19579500.0,,
"May 13, 2025",133.94,133.94,131.83,131.87,129.56,17817000.0,,
"May 12, 2025",132.88,136.13,132.64,135.96,133.58,15211100.0,,
"May 9, 2025",134.31,134.77,132.62,132.68,130.36,7555200.0,,
"May 8, 2025",134.41,135.33,133.69,134.14,131.79,10558100.0,,
"May 7, 2025",134.75,135.75,134.4,135.36,132.99,6417500.0,,
"May 6, 2025",137.13,137.19,133.97,134.33,131.98,11625900.0,,
"May 5, 2025",138.25,138.68,137.58,138.14,135.72,5479700.0,,
"May 2, 2025",138.79,139.01,137.55,138.53,136.1,9777000.0,,
"May 1, 2025",138.81,139.11,136.47,136.64,134.25,10363200.0,,
"Apr 30, 2025",139.55,140.79,138.26,140.47,138.01,6827800.0,,
"Apr 29, 2025",138.42,139.97,137.73,139.28,136.84,7811900.0,,
"Apr 28, 2025",138.24,139.04,137.4,138.6,136.17,5803300.0,,
"Apr 25, 2025",137.59,138.2,135.88,138.05,135.63,6438400.0,,
"Apr 24, 2025",135.95,137.54,135.12,137.39,134.98,5433000.0,,
"Apr 23, 2025",136.54,137.93,135.13,135.73,133.35,9503200.0,,
"Apr 22, 2025",133.64,135.28,133.14,135.06,132.69,8012500.0,,
"Apr 21, 2025",135.19,135.36,131.56,132.57,130.25,6456000.0,,
"Apr 21, 2025",135.19,135.36,131.56,132.57,130.25,6456000.0,,
"Apr 17, 2025",135.34,136.57,135.1,135.49,133.12,9662800.0,,
"Apr 16, 2025",138.12,138.62,135.64,136.29,133.9,8150700.0,,
"Apr 15, 2025",139.0,139.04,137.29,137.69,135.28,6239000.0,,
"Apr 14, 2025",138.21,139.04,136.96,138.54,136.11,7437200.0,,
"Apr 11, 2025",135.15,137.76,133.65,136.87,134.47,10755600.0,,
"Apr 10, 2025",137.7,137.74,131.33,134.89,132.53,21957400.0,,
"Apr 9, 2025",130.13,139.24,129.68,138.76,136.33,39444700.0,,
"Apr 8, 2025",139.43,139.44,131.28,132.98,130.65,20860400.0,,
"Apr 7, 2025",131.71,137.37,129.66,134.47,132.11,29940300.0,,
"Apr 4, 2025",141.14,141.71,135.23,135.28,132.91,21341100.0,,
"Apr 3, 2025",143.76,145.19,143.05,143.13,140.62,10990600.0,,
"Apr 2, 2025",142.77,144.4,142.19,144.3,141.77,6392700.0,,
"Apr 1, 2025",145.48,145.48,142.9,143.34,140.83,9906100.0,,
"Mar 31, 2025",143.79,146.62,143.48,146.01,143.45,8085600.0,,
"Mar 28, 2025",144.85,145.24,144.45,144.52,141.99,6210500.0,,
"Mar 27, 2025",144.52,145.42,144.46,144.97,142.43,6264300.0,,
"Mar 26, 2025",145.38,145.97,144.39,144.74,142.2,8758600.0,,
"Mar 25, 2025",147.5,147.59,144.35,145.27,142.72,6502000.0,,
"Mar 24, 2025",,,,,,,Dividend,0.565
"Mar 24, 2025",146.42,147.39,146.11,147.15,144.57,6500600.0,,
"Mar 21, 2025",146.58,146.86,145.73,146.6,143.48,7635300.0,,
"Mar 20, 2025",146.94,147.64,146.51,147.01,143.88,8033800.0,,
"Mar 19, 2025",146.95,147.31,145.9,146.92,143.79,6156200.0,,
"Mar 18, 2025",146.82,147.06,146.04,146.84,143.71,5528000.0,,
"Mar 17, 2025",144.72,147.11,144.72,146.77,143.64,6017300.0,,
"Mar 14, 2025",143.93,145.15,143.41,144.93,141.84,6761200.0,,
"Mar 13, 2025",144.66,145.07,143.49,143.83,140.77,8041600.0,,
"Mar 12, 2025",145.73,145.99,144.12,144.6,141.52,7141100.0,,
"Mar 11, 2025",147.68,147.89,145.29,146.06,142.95,9411600.0,,
"Mar 10, 2025",148.12,149.91,147.34,147.67,144.52,13577800.0,,
"Mar 7, 2025",148.66,150.28,148.45,149.28,146.1,8532400.0,,
"Mar 6, 2025",149.0,149.48,147.93,149.27,146.09,7122200.0,,
"Mar 5, 2025",147.52,149.91,147.24,149.68,146.49,7597700.0,,
"Mar 4, 2025",149.79,150.07,147.97,148.19,145.03,10804700.0,,
"Mar 3, 2025",149.02,150.32,148.96,149.58,146.39,9459300.0,,
"Feb 28, 2025",147.46,149.16,146.49,148.93,145.76,8453700.0,,
"Feb 27, 2025",147.55,148.91,147.16,147.22,144.08,7377000.0,,
"Feb 26, 2025",148.31,148.95,147.35,147.82,144.67,6566800.0,,
"Feb 25, 2025",147.9,149.09,147.41,148.89,145.72,11981300.0,,
"Feb 24, 2025",146.59,148.22,146.27,147.62,144.47,7559400.0,,
"Feb 21, 2025",145.48,147.14,145.34,146.43,143.31,8647000.0,,
"Feb 20, 2025",146.19,147.3,146.1,147.22,144.08,6264800.0,,
"Feb 19, 2025",144.53,146.44,144.5,146.4,143.28,6295900.0,,
"Feb 18, 2025",143.92,144.89,143.84,144.52,141.44,11366800.0,,
"Feb 14, 2025",146.5,146.7,144.8,144.8,141.71,5299200.0,,
"Feb 13, 2025",146.11,146.71,145.16,146.39,143.27,6293100.0,,
"Feb 12, 2025",145.68,146.61,145.37,145.82,142.71,7572200.0,,
"Feb 11, 2025",145.88,146.32,145.44,146.03,142.92,6634900.0,,
"Feb 10, 2025",146.6,146.65,145.46,146.3,143.18,7374300.0,,
"Feb 7, 2025",147.33,147.92,146.32,146.43,143.31,11199700.0,,
"Feb 6, 2025",148.15,148.46,146.9,147.12,143.99,12422100.0,,
"Feb 5, 2025",147.4,148.72,147.1,148.45,145.29,10042300.0,,
"Feb 4, 2025",145.82,147.2,145.59,147.04,143.91,11762000.0,,
"Feb 3, 2025",145.98,148.16,145.94,147.44,144.3,13001500.0,,
"Jan 31, 2025",147.58,148.59,146.82,146.87,143.74,9211800.0,,
"Jan 30, 2025",146.25,147.75,146.24,147.34,144.2,7705200.0,,
"Jan 29, 2025",146.09,146.58,145.3,145.66,142.56,8159100.0,,
"Jan 28, 2025",147.54,147.74,146.48,146.52,143.4,9686400.0,,
"Jan 27, 2025",145.1,147.58,144.97,147.55,144.41,12311300.0,,
"Jan 24, 2025",143.44,144.61,143.27,144.31,141.23,8127900.0,,
"Jan 23, 2025",142.57,144.1,141.87,144.08,141.01,8032900.0,,
"Jan 22, 2025",141.8,142.63,141.13,142.18,139.15,8189900.0,,
"Jan 21, 2025",140.92,142.51,140.9,142.5,139.46,7257800.0,,
"Jan 17, 2025",140.94,141.4,140.18,140.18,137.19,7668100.0,,
"Jan 16, 2025",140.13,141.34,139.58,141.13,138.12,8512100.0,,
"Jan 15, 2025",140.39,141.24,139.77,140.57,137.57,11388400.0,,
"Jan 14, 2025",141.27,141.27,138.88,140.0,137.02,10277800.0,,
"Jan 13, 2025",139.79,141.82,139.67,141.46,138.45,9422200.0,,
"Jan 10, 2025",139.95,140.95,139.35,139.64,136.66,10343700.0,,
"Jan 8, 2025",139.97,140.64,138.69,140.43,137.44,7827400.0,,
"Jan 7, 2025",139.36,140.93,139.36,139.71,136.73,12639700.0,,
"Jan 6, 2025",138.9,140.04,138.56,139.02,136.06,8653300.0,,
"Jan 3, 2025",137.89,139.35,137.74,138.96,136.0,8288700.0,,
"Jan 2, 2025",138.26,138.77,137.12,137.61,134.68,8973000.0,,
"Dec 31, 2024",137.58,138.12,136.79,137.57,134.64,6626900.0,,
"Dec 30, 2024",138.15,138.15,136.73,137.24,134.32,6890300.0,,
"Dec 27, 2024",138.83,139.81,138.36,138.95,135.99,5948000.0,,
"Dec 26, 2024",138.83,139.72,138.68,139.6,136.63,4720300.0,,
"Dec 24, 2024",138.63,139.32,138.04,139.32,136.35,3139300.0,,
"Dec 23, 2024",,,,,,,Dividend,0.622
"Dec 23, 2024",137.6,138.95,136.99,138.75,135.79,8050500.0,,
"Dec 20, 2024",137.49,139.29,137.05,138.0,134.45,12098400.0,,
"Dec 19, 2024",137.06,137.8,135.95,136.28,132.77,11929300.0,,
"Dec 18, 2024",139.12,140.04,137.23,137.32,133.79,14448100.0,,
"Dec 17, 2024",138.7,140.24,138.6,139.21,135.63,10280100.0,,
"Dec 16, 2024",140.88,141.65,139.2,139.31,135.73,9476600.0,,
"Dec 13, 2024",140.83,141.45,140.13,140.99,137.36,7599400.0,,
"Dec 12, 2024",142.17,142.54,140.91,141.01,137.38,5994200.0,,
"Dec 11, 2024",143.52,143.64,142.1,142.14,138.48,6895000.0,,
"Dec 10, 2024",144.99,145.1,143.62,144.1,140.39,7200500.0,,
"Dec 9, 2024",144.42,145.09,143.92,144.7,140.98,6258600.0,,
"Dec 6, 2024",145.29,145.46,144.1,144.28,140.57,6545200.0,,
"Dec 5, 2024",146.09,146.25,144.83,145.1,141.37,8948700.0,,
"Dec 4, 2024",147.08,147.58,146.36,146.74,142.97,5597400.0,,
"Dec 3, 2024",147.14,147.43,146.74,146.82,143.04,4236200.0,,
"Dec 2, 2024",147.32,147.38,146.39,147.15,143.37,6220800.0,,
"Nov 29, 2024",146.94,147.79,146.71,147.41,143.62,3521200.0,,
"Nov 27, 2024",146.31,147.76,146.31,146.95,143.17,5952800.0,,
"Nov 26, 2024",145.83,146.33,144.69,146.17,142.41,6018400.0,,
"Nov 26, 2024",145.83,146.33,144.69,146.17,142.41,6018400.0,,
"Nov 25, 2024",144.81,145.85,144.79,145.39,141.65,6834300.0,,
"Nov 22, 2024",144.33,145.02,143.94,144.16,140.45,6330300.0,,
"Nov 21, 2024",142.88,144.23,142.14,144.03,140.33,7969600.0,,
"Nov 20, 2024",141.51,143.08,141.28,142.88,139.21,9328800.0,,
"Nov 19, 2024",140.65,141.61,140.26,141.21,137.58,6205800.0,,
"Nov 18, 2024",141.47,142.09,141.31,141.94,138.29,7933100.0,,
"Nov 15, 2024",143.72,143.85,141.57,141.84,138.19,14246100.0,,
"Nov 14, 2024",146.58,146.59,144.36,144.52,140.8,7936700.0,,
"Nov 13, 2024",147.16,147.6,146.68,146.83,143.05,5981200.0,,
"Nov 12, 2024",149.06,149.31,147.19,147.22,143.43,7022300.0,,
"Nov 11, 2024",149.85,150.6,149.08,149.3,145.46,6071900.0,,
"Nov 8, 2024",149.31,150.95,149.14,150.18,146.32,8701100.0,,
"Nov 7, 2024",148.93,149.29,148.21,149.11,145.27,9381600.0,,
"Nov 6, 2024",150.67,150.91,147.35,148.04,144.23,10685600.0,,
"Nov 5, 2024",146.48,147.89,145.94,147.85,144.05,5035300.0,,
"Nov 4, 2024",147.38,148.09,146.48,146.77,143.0,5985900.0,,
"Nov 1, 2024",147.44,148.47,147.43,147.74,143.94,6896900.0,,
"Oct 31, 2024",147.24,147.93,146.84,146.87,143.09,6701100.0,,
"Oct 30, 2024",146.14,148.17,145.62,148.12,144.31,9211800.0,,
"Oct 29, 2024",148.71,149.32,148.33,148.4,144.58,7342600.0,,
"Oct 28, 2024",149.01,149.49,148.62,148.81,144.98,4923500.0,,
"Oct 25, 2024",149.92,150.0,148.42,148.59,144.77,5314500.0,,
"Oct 24, 2024",150.4,151.01,149.37,149.41,145.57,5066300.0,,
"Oct 23, 2024",150.7,150.93,149.6,150.4,146.53,4910200.0,,
"Oct 22, 2024",150.53,151.39,150.4,151.11,147.22,5166900.0,,
"Oct 21, 2024",152.73,153.14,151.18,151.33,147.44,4825900.0,,
"Oct 18, 2024",152.5,153.5,152.06,153.13,149.19,9823900.0,,
"Oct 17, 2024",152.77,153.02,152.29,152.39,148.47,5430000.0,,
"Oct 16, 2024",152.65,153.61,152.24,153.28,149.34,4510200.0,,
"Oct 15, 2024",152.67,154.59,152.51,152.85,148.92,9088600.0,,
"Oct 14, 2024",154.06,155.01,153.53,154.74,150.76,4819800.0,,
"Oct 11, 2024",153.25,154.07,153.03,153.89,149.93,9354000.0,,
"Oct 10, 2024",153.34,153.46,152.4,152.77,148.84,4385500.0,,
"Oct 9, 2024",151.93,153.46,151.57,153.34,149.4,7840000.0,,
"Oct 8, 2024",151.37,152.03,151.24,151.79,147.89,4726600.0,,
"Oct 7, 2024",151.65,152.11,150.69,150.97,147.09,5922800.0,,
"Oct 4, 2024",151.75,152.02,150.88,151.64,147.74,6590100.0,,
"Oct 3, 2024",152.52,152.66,151.24,151.52,147.62,5551000.0,,
"Oct 2, 2024",153.02,153.38,151.87,152.9,148.97,7158400.0,,
"Oct 1, 2024",154.14,154.35,152.63,153.21,149.27,10560200.0,,
"Sep 30, 2024",152.81,154.06,152.58,154.02,150.06,7233800.0,,
"Sep 27, 2024",153.3,154.2,153.01,153.02,149.08,7312500.0,,
"Sep 26, 2024",152.49,153.29,152.23,153.1,149.16,6172900.0,,
"Sep 25, 2024",154.56,154.78,152.53,152.59,148.67,5940100.0,,
"Sep 24, 2024",154.33,154.39,153.36,154.09,150.13,5341600.0,,
"Sep 23, 2024",,,,,,,Dividend,0.577
"Sep 23, 2024",155.19,155.21,154.12,154.4,150.43,6416400.0,,
"Sep 20, 2024",155.41,155.98,154.9,155.28,150.72,8541600.0,,
"Sep 19, 2024",156.76,156.76,155.51,155.92,151.35,6717400.0,,
"Sep 18, 2024",155.49,156.98,154.76,155.36,150.8,7148900.0,,
"Sep 17, 2024",157.05,157.09,155.07,155.62,151.05,6280000.0,,
"Sep 16, 2024",156.98,157.59,156.67,157.24,152.63,4711900.0,,
"Sep 13, 2024",155.91,156.64,155.7,156.16,151.58,4358500.0,,
"Sep 12, 2024",155.24,155.98,153.79,155.84,151.27,4838100.0,,
"Sep 11, 2024",155.18,155.46,152.85,155.28,150.72,6636500.0,,
"Sep 10, 2024",155.24,155.85,154.66,155.74,151.17,7337200.0,,
"Sep 9, 2024",154.34,155.52,153.75,155.03,150.48,6169200.0,,
"Sep 6, 2024",155.02,155.66,153.63,153.95,149.43,7651800.0,,
"Sep 5, 2024",156.46,156.55,153.73,154.48,149.95,7245600.0,,
"Sep 4, 2024",156.69,159.64,155.86,156.63,152.03,8235500.0,,
"Sep 3, 2024",156.88,157.84,156.47,156.9,152.3,7674900.0,,
"Aug 30, 2024",156.23,157.28,155.55,157.2,152.59,7020600.0,,
"Aug 29, 2024",156.41,156.83,155.46,156.12,151.54,4339200.0,,
"Aug 28, 2024",155.51,156.44,155.06,155.79,151.22,5150100.0,,
"Aug 27, 2024",155.52,156.04,155.06,155.61,151.04,3785400.0,,
"Aug 26, 2024",155.6,156.08,155.22,155.37,150.81,4433600.0,,
"Aug 23, 2024",155.19,155.56,154.64,155.45,150.89,4069400.0,,
"Aug 22, 2024",155.2,155.35,153.99,154.78,150.24,4951800.0,,
"Aug 21, 2024",154.74,155.08,154.14,154.68,150.14,5530100.0,,
"Aug 20, 2024",154.21,155.21,154.05,154.42,149.89,4878300.0,,
"Aug 19, 2024",152.88,153.94,152.79,153.8,149.29,4729600.0,,
"Aug 16, 2024",152.66,153.12,152.23,152.87,148.38,4562500.0,,
"Aug 15, 2024",152.46,152.95,151.75,152.71,148.23,5886800.0,,
"Aug 14, 2024",151.03,151.98,150.67,151.76,147.31,4837300.0,,
"Aug 13, 2024",150.0,151.37,149.83,151.22,146.78,4815700.0,,
"Aug 12, 2024",150.34,150.34,148.98,149.41,145.03,5044300.0,,
"Aug 9, 2024",149.5,150.36,149.18,149.98,145.58,8550400.0,,
"Aug 8, 2024",148.29,149.37,147.62,149.24,144.86,11479100.0,,
"Aug 7, 2024",147.41,148.12,145.54,146.01,141.73,11485000.0,,
"Aug 6, 2024",147.42,149.38,146.95,147.51,143.18,13335600.0,,
"Aug 5, 2024",148.5,148.79,146.19,146.83,142.52,17575600.0,,
"Aug 2, 2024",151.39,151.77,148.62,150.86,146.43,15742100.0,,
"Aug 1, 2024",150.4,151.33,149.49,151.16,146.73,10357700.0,,
"Jul 31, 2024",150.12,150.66,149.05,149.63,145.24,8417800.0,,
"Jul 30, 2024",150.05,151.11,149.11,150.18,145.77,7269400.0,,
"Jul 29, 2024",149.98,150.56,149.26,150.05,145.65,8227200.0,,
"Jul 26, 2024",149.1,150.93,149.01,149.96,145.56,6028800.0,,
"Jul 25, 2024",149.42,151.53,148.96,149.12,144.74,11472800.0,,
"Jul 24, 2024",148.71,150.06,148.21,149.87,145.47,6870400.0,,
"Jul 23, 2024",149.33,149.42,148.47,148.63,144.27,3553300.0,,
"Jul 22, 2024",148.62,148.99,147.88,148.72,144.36,5190200.0,,
"Jul 19, 2024",147.86,148.58,147.28,147.87,143.53,5985700.0,,
"Jul 18, 2024",149.58,150.56,146.86,147.12,142.8,11033400.0,,
"Jul 17, 2024",148.83,151.33,148.64,150.54,146.12,10395500.0,,
"Jul 16, 2024",148.64,149.89,148.31,149.86,145.46,7602500.0,,
"Jul 15, 2024",148.84,148.98,147.53,147.75,143.42,5804100.0,,
"Jul 12, 2024",147.85,148.89,147.74,148.27,143.92,6614600.0,,
"Jul 11, 2024",146.33,147.74,146.15,147.35,143.03,7690700.0,,
"Jul 10, 2024",145.11,146.34,144.79,146.32,142.03,5342300.0,,
"Jul 10, 2024",145.11,146.34,144.79,146.32,142.03,5342300.0,,
"Jul 9, 2024",144.56,145.03,143.7,144.95,140.7,8336700.0,,
"Jul 8, 2024",144.57,144.97,143.88,144.25,140.02,4001500.0,,
"Jul 5, 2024",143.61,144.49,142.88,144.41,140.17,4846900.0,,
"Jul 3, 2024",144.66,144.67,142.73,143.3,139.1,7654000.0,,
"Jul 2, 2024",144.41,144.62,143.59,144.4,140.16,7536100.0,,
"Jul 1, 2024",146.04,147.49,144.65,144.93,140.68,6562000.0,,
"Jun 28, 2024",146.41,147.02,145.1,145.75,141.47,7656800.0,,
"Jun 27, 2024",146.22,146.28,145.03,145.87,141.59,4637900.0,,
"Jun 26, 2024",146.37,146.63,145.77,146.11,141.82,4572700.0,,
"Jun 25, 2024",147.26,147.47,146.28,146.63,142.33,5171600.0,,
"Jun 24, 2024",,,,,,,Dividend,0.573
"Jun 24, 2024",146.83,147.61,146.45,147.09,142.77,6446100.0,,
"Jun 21, 2024",146.59,147.12,146.24,146.81,141.95,8535400.0,,
"Jun 20, 2024",145.47,146.59,145.27,146.4,141.55,6653600.0,,
"Jun 18, 2024",145.89,146.4,145.6,145.92,141.09,4872600.0,,
"Jun 17, 2024",145.26,145.96,144.96,145.73,140.9,4542800.0,,
"Jun 14, 2024",145.63,145.92,145.03,145.88,141.05,4109600.0,,
"Jun 13, 2024",145.51,146.17,144.58,145.93,141.1,4720600.0,,
"Jun 12, 2024",146.99,147.04,145.67,146.05,141.21,6522700.0,,
"Jun 11, 2024",146.86,146.86,145.73,146.36,141.51,5194000.0,,
"Jun 10, 2024",146.2,147.01,145.67,146.97,142.1,5396700.0,,
"Jun 7, 2024",146.13,147.16,145.96,146.43,141.58,5222300.0,,
"Jun 6, 2024",145.68,146.58,145.18,146.27,141.42,5425800.0,,
"Jun 5, 2024",145.3,145.95,144.49,145.79,140.96,5373400.0,,
"Jun 4, 2024",144.58,145.53,144.04,145.13,140.32,6964200.0,,
"Jun 3, 2024",143.6,145.14,143.35,144.71,139.92,10303300.0,,
"May 31, 2024",142.08,143.78,141.91,143.7,138.94,7945900.0,,
"May 30, 2024",140.99,142.14,140.68,141.63,136.94,7395500.0,,
"May 29, 2024",141.45,141.73,140.95,141.56,136.87,6838200.0,,
"May 28, 2024",144.1,144.1,142.07,142.67,137.94,8375100.0,,
"May 24, 2024",145.1,145.33,144.33,144.42,139.64,3949500.0,,
"May 23, 2024",146.27,146.28,144.81,144.91,140.11,5155900.0,,
"May 22, 2024",145.86,146.95,145.77,146.51,141.66,6831200.0,,
"May 21, 2024",146.26,146.88,145.88,146.25,141.4,4048900.0,,
"May 20, 2024",146.16,146.36,145.69,146.0,141.16,3890000.0,,
"May 17, 2024",146.0,146.34,145.44,146.31,141.46,7071600.0,,
"May 16, 2024",145.89,146.44,145.62,146.03,141.19,6740800.0,,
"May 15, 2024",144.7,146.36,144.64,146.2,141.36,8433700.0,,
"May 14, 2024",143.65,144.13,143.11,144.06,139.29,6198700.0,,
"May 13, 2024",143.88,144.01,143.19,143.45,138.7,5351500.0,,
"May 10, 2024",143.49,144.09,143.39,143.59,138.83,6324900.0,,
"May 9, 2024",142.25,143.38,142.23,143.3,138.55,6821800.0,,
"May 8, 2024",142.86,142.88,141.9,142.08,137.37,5461100.0,,
"May 7, 2024",141.72,142.7,141.7,142.57,137.85,7720600.0,,
"May 6, 2024",140.95,141.44,140.64,141.4,136.72,5605100.0,,
"May 3, 2024",141.09,141.23,140.1,140.83,136.16,8539300.0,,
"May 2, 2024",141.34,141.44,139.72,140.48,135.83,8425500.0,,
"May 1, 2024",139.71,141.84,139.55,140.58,135.92,10710200.0,,
"Apr 30, 2024",140.9,141.2,140.23,140.33,135.68,9677700.0,,
"Apr 29, 2024",140.13,140.83,139.73,140.43,135.78,6388600.0,,
"Apr 26, 2024",139.4,140.33,139.3,139.96,135.32,6013800.0,,
"Apr 25, 2024",140.77,141.0,139.2,139.92,135.28,9693300.0,,
"Apr 24, 2024",140.99,141.15,140.22,140.86,136.19,7378600.0,,
"Apr 23, 2024",140.82,141.56,140.18,141.3,136.62,8615500.0,,
"Apr 22, 2024",139.38,140.59,138.93,139.48,134.86,8531300.0,,
"Apr 19, 2024",139.15,139.34,138.45,138.95,134.35,9668400.0,,
"Apr 18, 2024",138.53,139.25,138.21,138.43,133.84,8105800.0,,
"Apr 17, 2024",139.49,139.62,138.22,138.44,133.85,8480100.0,,
"Apr 16, 2024",139.83,139.83,138.59,138.68,134.09,10170500.0,,
"Apr 15, 2024",140.12,140.63,138.41,138.63,134.04,10383600.0,,
"Apr 12, 2024",140.28,140.29,138.46,138.91,134.31,13799400.0,,
"Apr 11, 2024",142.02,142.05,140.6,141.01,136.34,8153900.0,,
"Apr 10, 2024",141.84,142.24,141.1,141.59,136.9,13052700.0,,
"Apr 9, 2024",143.07,143.35,142.28,143.27,138.52,10534400.0,,
"Apr 8, 2024",143.11,143.11,142.54,142.76,138.03,9128200.0,,
"Apr 5, 2024",141.73,143.69,141.61,143.22,138.48,9073100.0,,
"Apr 4, 2024",144.93,145.02,141.87,141.95,137.25,12685700.0,,
"Apr 3, 2024",144.44,145.09,143.69,144.03,139.26,8453400.0,,
"Apr 2, 2024",144.49,144.65,143.44,144.19,139.41,10776400.0,,
"Apr 1, 2024",147.64,147.73,145.94,146.47,141.62,7378300.0,,
"Mar 28, 2024",147.92,148.23,147.68,147.73,142.84,8090200.0,,
"Mar 27, 2024",147.01,147.71,146.62,147.71,142.82,8797400.0,,
"Mar 26, 2024",145.53,145.94,145.14,145.77,140.94,6942400.0,,
"Mar 25, 2024",145.71,145.86,145.01,145.24,140.43,5253000.0,,
"Mar 22, 2024",145.85,146.22,145.26,145.44,140.62,5537200.0,,
"Mar 21, 2024",145.75,146.17,145.34,145.64,140.82,8865300.0,,
"Mar 20, 2024",145.43,145.5,144.64,145.45,140.63,8268200.0,,
"Mar 19, 2024",144.94,145.87,144.52,145.78,140.95,5240200.0,,
"Mar 18, 2024",,,,,,,Dividend,0.523
"Mar 18, 2024",145.43,145.57,144.72,144.82,140.02,6407000.0,,
"Mar 15, 2024",145.02,145.66,144.85,145.36,140.04,10570500.0,,
"Mar 14, 2024",146.55,146.66,145.13,145.94,140.6,9605700.0,,
"Mar 13, 2024",147.59,147.7,145.89,146.46,141.1,7874200.0,,
"Mar 12, 2024",146.45,147.39,145.96,147.03,141.65,7143700.0,,
"Mar 11, 2024",146.1,146.61,145.29,146.35,140.99,7723800.0,,
"Mar 8, 2024",146.56,147.25,146.17,146.43,141.07,7802500.0,,
"Mar 7, 2024",146.38,147.05,146.18,146.7,141.33,6438300.0,,
"Mar 6, 2024",145.3,146.56,145.3,146.02,140.67,8085300.0,,
"Mar 5, 2024",146.17,146.41,144.55,145.03,139.72,9743400.0,,
"Mar 4, 2024",145.92,146.68,145.77,146.12,140.77,10657800.0,,
"Mar 1, 2024",145.15,146.44,144.51,146.34,140.98,8741400.0,,
"Feb 29, 2024",146.0,146.24,144.72,144.82,139.52,9435600.0,,
"Feb 28, 2024",146.12,146.28,145.32,146.01,140.66,8038800.0,,
"Feb 27, 2024",146.38,147.19,146.04,146.74,141.37,7374000.0,,
"Feb 26, 2024",147.77,148.11,146.97,147.1,141.72,7248300.0,,
"Feb 23, 2024",147.66,148.27,147.34,147.86,142.45,9194600.0,,
"Feb 22, 2024",145.64,147.43,145.33,147.16,141.77,9130000.0,,
"Feb 21, 2024",144.66,145.49,144.24,145.45,140.13,7213500.0,,
"Feb 20, 2024",145.73,146.19,144.76,145.13,139.82,9120400.0,,
"Feb 20, 2024",145.73,146.19,144.76,145.13,139.82,9120400.0,,
"Feb 16, 2024",145.34,146.6,144.82,145.62,140.29,8424100.0,,
"Feb 15, 2024",144.2,145.43,143.99,145.15,139.84,9294800.0,,
"Feb 14, 2024",143.35,144.15,143.07,144.1,138.82,9701100.0,,
"Feb 13, 2024",143.47,144.47,142.15,142.86,137.63,11170000.0,,
"Feb 12, 2024",143.82,144.24,143.14,144.2,138.92,6645500.0,,
"Feb 9, 2024",144.06,144.29,143.54,144.01,138.74,7447800.0,,
"Feb 8, 2024",144.23,144.23,143.47,144.12,138.84,6672400.0,,
"Feb 7, 2024",144.34,145.03,144.07,144.37,139.09,7884600.0,,
"Feb 6, 2024",143.54,144.09,142.82,143.98,138.71,10159000.0,,
"Feb 5, 2024",142.5,143.31,141.78,142.43,137.22,9631700.0,,
"Feb 2, 2024",142.15,142.65,141.27,141.99,136.79,10629200.0,,
"Feb 1, 2024",140.55,142.2,139.87,142.2,136.99,8503600.0,,
"Jan 31, 2024",141.64,141.75,140.35,140.38,135.24,10223100.0,,
"Jan 30, 2024",140.48,140.82,139.81,140.57,135.42,5940300.0,,
"Jan 29, 2024",139.4,140.26,139.31,140.25,135.12,6229600.0,,
"Jan 26, 2024",139.44,139.56,138.92,139.27,134.17,5759100.0,,
"Jan 25, 2024",138.2,138.51,137.21,138.48,133.41,10050200.0,,
"Jan 24, 2024",140.34,140.68,138.67,138.69,133.61,9104900.0,,
"Jan 23, 2024",139.89,140.06,138.97,139.97,134.85,6407400.0,,
"Jan 22, 2024",139.58,140.44,139.23,140.07,134.94,7831400.0,,
"Jan 19, 2024",139.46,139.82,138.69,139.46,134.35,8842000.0,,
"Jan 18, 2024",138.2,139.51,137.52,139.38,134.28,8929300.0,,
"Jan 17, 2024",139.45,140.09,139.01,139.4,134.3,8337200.0,,
"Jan 16, 2024",140.17,140.36,139.46,139.68,134.57,7426900.0,,
"Jan 12, 2024",140.48,141.16,140.05,140.52,135.38,8026400.0,,
"Jan 11, 2024",140.79,141.03,140.0,140.87,135.71,7182300.0,,
"Jan 10, 2024",140.41,141.14,139.88,140.97,135.81,9773300.0,,
"Jan 9, 2024",140.2,141.56,139.87,140.33,135.19,9201300.0,,
"Jan 8, 2024",139.16,140.38,138.59,140.35,135.21,7999400.0,,
"Jan 5, 2024",138.92,139.7,138.53,139.12,134.03,9437700.0,,
"Jan 4, 2024",138.98,140.0,138.74,139.24,134.14,11649200.0,,
"Jan 3, 2024",139.24,139.53,138.38,138.55,133.48,9585000.0,,
"Jan 2, 2024",136.04,139.05,135.97,138.78,133.7,11785900.0,,
"Dec 29, 2023",136.24,136.62,135.82,136.38,131.39,5590000.0,,
"Dec 28, 2023",136.0,136.7,135.98,136.24,131.25,5800200.0,,
"Dec 27, 2023",135.17,135.98,135.14,135.89,130.92,5444100.0,,
"Dec 26, 2023",134.91,135.68,134.74,135.32,130.37,3688600.0,,
"Dec 22, 2023",134.68,135.44,134.48,135.02,130.08,5355100.0,,
"Dec 21, 2023",133.53,134.45,133.22,134.35,129.43,5606800.0,,
"Dec 20, 2023",134.6,134.68,132.72,132.73,127.87,7299000.0,,
"Dec 19, 2023",133.95,134.75,133.74,134.68,129.75,6358200.0,,
"Dec 18, 2023",,,,,,,Dividend,0.598
"Dec 18, 2023",134.06,134.2,133.43,133.78,128.88,5944300.0,,
"Dec 15, 2023",134.68,134.94,133.66,134.16,128.67,8296600.0,,
"Dec 14, 2023",136.43,136.51,134.8,135.31,129.78,10098700.0,,
"Dec 13, 2023",132.94,136.01,132.76,135.97,130.41,9074300.0,,
"Dec 12, 2023",133.13,133.7,132.5,133.51,128.05,6779000.0,,
"Dec 11, 2023",132.78,133.19,132.13,132.94,127.5,9016800.0,,
"Dec 8, 2023",131.94,132.38,131.28,132.07,126.67,6007600.0,,
"Dec 7, 2023",132.03,132.35,131.25,131.85,126.46,6396700.0,,
"Dec 6, 2023",132.2,132.45,131.75,132.01,126.61,6210400.0,,
"Dec 5, 2023",131.81,132.12,131.09,131.91,126.51,6581000.0,,
"Dec 4, 2023",131.48,132.33,131.44,132.08,126.68,6943900.0,,
"Dec 1, 2023",131.13,131.97,131.03,131.83,126.44,9370900.0,,
"Nov 30, 2023",129.78,131.39,129.33,131.31,125.94,7743100.0,,
"Nov 29, 2023",129.5,130.38,129.44,129.68,124.38,6979000.0,,
"Nov 28, 2023",130.08,130.37,129.55,129.64,124.34,6261300.0,,
"Nov 27, 2023",130.85,131.29,130.07,130.31,124.98,10530200.0,,
"Nov 24, 2023",130.69,131.16,130.68,131.13,125.77,3708800.0,,
"Nov 22, 2023",130.24,130.74,130.07,130.43,125.1,6737700.0,,
"Nov 21, 2023",129.47,130.07,129.31,129.81,124.5,8373000.0,,
"Nov 20, 2023",127.75,129.31,127.66,129.03,123.75,6910000.0,,
"Nov 17, 2023",128.78,128.99,127.86,128.25,123.0,6766100.0,,
"Nov 16, 2023",128.34,128.78,127.85,128.51,123.25,7665900.0,,
"Nov 15, 2023",127.95,128.47,127.64,127.96,122.73,9262700.0,,
"Nov 14, 2023",127.73,128.71,127.41,127.86,122.63,11216900.0,,
"Nov 13, 2023",126.4,127.25,125.67,127.0,121.81,11373800.0,,
"Nov 10, 2023",126.0,126.45,124.6,126.27,121.11,10401300.0,,
"Nov 9, 2023",128.05,128.2,125.4,125.52,120.39,13905500.0,,
"Nov 8, 2023",128.89,128.89,127.39,128.17,122.93,10021100.0,,
"Nov 7, 2023",128.21,128.66,127.87,128.35,123.1,8241900.0,,
"Nov 6, 2023",127.95,128.46,127.43,128.26,123.01,8425100.0,,
"Nov 3, 2023",127.65,128.2,127.2,127.41,122.2,11635600.0,,
"Nov 2, 2023",125.28,126.89,124.95,126.78,121.59,11894000.0,,
"Nov 1, 2023",124.39,125.41,124.17,124.8,119.7,13802600.0,,
"Oct 31, 2023",124.27,124.7,123.55,124.54,119.45,13917400.0,,
"Oct 30, 2023",123.78,124.21,122.89,123.83,118.77,15224500.0,,
"Oct 27, 2023",124.91,125.07,122.59,123.14,118.1,13566100.0,,
"Oct 26, 2023",125.47,126.41,125.16,125.26,120.14,14699100.0,,
"Oct 25, 2023",127.07,127.46,125.57,126.51,121.34,11427000.0,,
"Oct 24, 2023",126.85,128.05,126.85,127.65,122.43,9375900.0,,
"Oct 23, 2023",127.97,128.4,127.14,127.26,122.05,12344200.0,,
"Oct 20, 2023",128.31,128.98,128.04,128.06,122.82,12296800.0,,
"Oct 19, 2023",129.68,129.82,127.77,128.57,123.31,15492500.0,,
"Oct 18, 2023",131.17,131.54,129.62,129.85,124.54,10085700.0,,
"Oct 17, 2023",130.54,131.71,130.44,130.99,125.63,9149900.0,,
"Oct 16, 2023",130.71,131.92,130.6,131.17,125.8,10545000.0,,
"Oct 13, 2023",129.86,130.94,129.46,130.19,124.87,11383800.0,,
"Oct 12, 2023",130.6,130.85,129.28,129.38,124.09,10927700.0,,
"Oct 11, 2023",131.24,131.45,129.92,130.5,125.16,9591800.0,,
"Oct 10, 2023",130.42,131.67,129.97,131.08,125.72,8154900.0,,
"Oct 9, 2023",129.65,130.58,129.13,130.46,125.12,8047600.0,,
"Oct 6, 2023",128.3,130.42,128.23,130.01,124.69,10692400.0,,
"Oct 5, 2023",128.25,128.89,127.52,128.66,123.4,9609700.0,,
"Oct 4, 2023",127.53,128.14,126.93,127.96,122.73,10064300.0,,
"Oct 3, 2023",127.93,128.2,126.88,127.42,122.21,11971100.0,,
"Oct 2, 2023",128.33,128.6,127.06,128.56,123.3,16035100.0,,
"Sep 29, 2023",130.0,130.12,128.54,128.74,123.47,12692700.0,,
"Sep 28, 2023",129.32,130.09,129.32,129.72,124.41,9129000.0,,
"Sep 28, 2023",129.32,130.09,129.32,129.72,124.41,9129000.0,,
"Sep 27, 2023",129.99,130.12,128.15,129.1,123.82,9888600.0,,
"Sep 26, 2023",130.26,130.68,129.65,129.75,124.44,8200700.0,,
"Sep 25, 2023",130.02,130.9,129.66,130.86,125.51,6826300.0,,
"Sep 22, 2023",130.25,130.92,130.0,130.15,124.83,7790300.0,,
"Sep 21, 2023",131.32,131.54,130.36,130.42,125.09,7979500.0,,
"Sep 20, 2023",132.14,132.51,131.55,131.57,126.19,6350700.0,,
"Sep 19, 2023",131.23,131.84,130.68,131.56,126.18,6252400.0,,
"Sep 18, 2023",,,,,,,Dividend,0.54
"Sep 18, 2023",131.86,131.99,130.95,131.45,126.07,6559400.0,,
"Sep 15, 2023",132.92,133.55,132.1,132.19,126.27,9611900.0,,
"Sep 14, 2023",133.57,133.65,132.84,133.24,127.27,6433300.0,,
"Sep 13, 2023",132.48,133.35,132.44,132.82,126.87,6430300.0,,
"Sep 12, 2023",132.57,133.15,131.85,132.8,126.85,6941700.0,,
"Sep 11, 2023",132.0,133.23,131.98,132.97,127.01,7179000.0,,
"Sep 8, 2023",131.78,132.46,131.75,132.06,126.14,8716900.0,,
"Sep 7, 2023",131.87,132.63,131.77,132.06,126.14,11055700.0,,
"Sep 6, 2023",132.03,132.16,130.83,131.47,125.58,12840000.0,,
"Sep 5, 2023",133.64,133.74,132.19,132.19,126.27,11042600.0,,
"Sep 1, 2023",134.24,134.24,133.22,133.57,127.58,10183900.0,,
"Aug 31, 2023",134.84,134.91,133.18,133.21,127.24,7540200.0,,
"Aug 30, 2023",135.25,135.66,134.7,134.82,128.78,7892700.0,,
"Aug 29, 2023",133.9,134.92,133.72,134.92,128.87,10737000.0,,
"Aug 28, 2023",133.88,134.31,133.23,133.72,127.73,6768400.0,,
"Aug 25, 2023",132.87,133.88,132.42,133.41,127.43,8509100.0,,
"Aug 24, 2023",133.34,134.39,132.44,132.44,126.5,10241700.0,,
"Aug 23, 2023",134.0,134.3,133.21,133.6,127.61,7276800.0,,
"Aug 22, 2023",133.47,133.79,133.13,133.2,127.23,6939400.0,,
"Aug 21, 2023",133.48,133.83,133.06,133.67,127.68,6872400.0,,
"Aug 18, 2023",133.22,133.88,133.1,133.53,127.55,9463000.0,,
"Aug 17, 2023",134.07,134.54,133.42,133.48,127.5,11163800.0,,
"Aug 16, 2023",135.36,135.8,134.52,134.55,128.52,9462400.0,,
"Aug 15, 2023",135.74,136.14,135.43,135.58,129.5,9118500.0,,
"Aug 14, 2023",135.69,136.51,135.57,136.08,129.98,8723300.0,,
"Aug 11, 2023",134.79,135.83,134.47,135.67,129.59,7674400.0,,
"Aug 10, 2023",135.25,136.53,134.69,134.83,128.79,9541700.0,,
"Aug 9, 2023",134.84,135.65,134.75,134.92,128.87,9833600.0,,
"Aug 8, 2023",134.78,135.13,134.04,134.96,128.91,12601200.0,,
"Aug 7, 2023",132.8,134.06,132.73,133.93,127.93,8165600.0,,
"Aug 4, 2023",132.91,133.73,132.07,132.4,126.47,12631200.0,,
"Aug 3, 2023",133.1,133.27,132.61,132.87,126.91,11863400.0,,
"Aug 2, 2023",133.48,134.39,133.18,133.54,127.55,13873000.0,,
"Aug 1, 2023",133.84,134.33,133.12,133.45,127.47,10555300.0,,
"Jul 31, 2023",134.95,135.0,133.65,134.15,128.14,9735900.0,,
"Jul 28, 2023",135.2,135.42,134.42,135.19,129.13,6897600.0,,
"Jul 27, 2023",135.99,136.48,134.76,134.79,128.75,8800800.0,,
"Jul 26, 2023",135.23,136.23,134.88,135.79,129.7,8205300.0,,
"Jul 25, 2023",135.03,136.43,134.85,135.88,129.79,7802900.0,,
"Jul 24, 2023",136.24,136.85,135.82,135.94,129.85,12034000.0,,
"Jul 21, 2023",135.01,136.66,134.78,136.24,130.13,11308900.0,,
"Jul 20, 2023",133.57,135.43,133.47,134.88,128.83,12650200.0,,
"Jul 19, 2023",132.72,133.51,132.45,132.68,126.73,12484000.0,,
"Jul 18, 2023",131.15,132.57,130.91,132.07,126.15,8130300.0,,
"Jul 17, 2023",131.35,131.63,130.61,131.1,125.22,7905000.0,,
"Jul 14, 2023",130.73,132.12,130.59,131.7,125.8,13298600.0,,
"Jul 13, 2023",130.03,130.36,129.62,129.75,123.93,7526200.0,,
"Jul 12, 2023",130.38,130.5,129.49,129.7,123.89,11900400.0,,
"Jul 11, 2023",129.84,130.47,129.48,130.05,124.22,7278300.0,,
"Jul 10, 2023",129.01,130.18,129.0,130.02,124.19,7476500.0,,
"Jul 7, 2023",129.8,130.26,128.93,129.0,123.22,8749700.0,,
"Jul 6, 2023",130.69,131.01,130.19,130.52,124.67,8213100.0,,
"Jul 5, 2023",131.36,131.85,131.06,131.57,125.67,7942100.0,,
"Jul 3, 2023",132.35,132.35,131.08,131.64,125.74,5240300.0,,
"Jun 30, 2023",131.91,133.04,131.83,132.73,126.78,8260900.0,,
"Jun 29, 2023",130.23,131.46,130.01,131.38,125.49,7843300.0,,
"Jun 28, 2023",130.92,130.95,130.11,130.53,124.68,10897800.0,,
"Jun 27, 2023",131.25,131.39,130.04,130.95,125.08,8578200.0,,
"Jun 26, 2023",131.67,131.88,129.98,131.25,125.37,7092800.0,,
"Jun 23, 2023",132.26,132.54,131.64,132.0,126.08,8096500.0,,
"Jun 22, 2023",131.74,132.63,131.57,132.44,126.5,8036400.0,,
"Jun 21, 2023",131.2,131.99,130.59,131.54,125.64,9444800.0,,
"Jun 20, 2023",,,,,,,Dividend,0.542
"Jun 20, 2023",130.41,132.1,130.39,131.52,125.63,8585100.0,,
"Jun 16, 2023",132.56,133.25,132.07,132.21,125.77,10535000.0,,
"Jun 15, 2023",130.21,132.4,130.19,132.22,125.78,10598600.0,,
"Jun 14, 2023",130.88,130.99,129.7,130.2,123.85,12401600.0,,
"Jun 13, 2023",130.6,131.75,130.47,131.55,125.14,8362700.0,,
"Jun 12, 2023",130.35,130.92,129.84,130.89,124.51,7321100.0,,
"Jun 9, 2023",130.05,130.87,129.34,130.42,124.06,10446100.0,,
"Jun 8, 2023",129.21,130.2,128.78,130.02,123.68,6583100.0,,
"Jun 7, 2023",129.59,129.77,129.0,129.19,122.89,7519600.0,,
"Jun 6, 2023",131.32,131.36,129.13,129.7,123.38,9413500.0,,
"Jun 5, 2023",130.61,131.38,130.45,130.79,124.42,7880200.0,,
"Jun 2, 2023",129.08,130.55,128.78,130.32,123.97,10293000.0,,
"Jun 1, 2023",127.95,128.92,126.96,128.67,122.4,9751900.0,,
"May 31, 2023",126.39,128.05,126.05,127.83,121.6,15099100.0,,
"May 30, 2023",126.89,127.87,126.42,126.74,120.56,12114500.0,,
"May 26, 2023",127.67,128.87,127.29,127.53,121.31,8794900.0,,
"May 25, 2023",128.49,128.66,126.91,127.79,121.56,13737000.0,,
"May 24, 2023",129.75,129.78,128.81,129.11,122.82,7952900.0,,
"May 23, 2023",130.91,131.1,129.71,130.0,123.66,8723100.0,,
"May 22, 2023",131.5,132.36,131.13,131.44,125.03,12856100.0,,
"May 19, 2023",131.0,132.19,130.94,131.31,124.91,9277000.0,,
"May 18, 2023",130.74,130.91,129.69,130.7,124.33,12196900.0,,
"May 17, 2023",131.08,131.19,129.56,131.02,124.63,15512700.0,,
"May 16, 2023",131.68,131.73,130.83,130.86,124.48,7106000.0,,
"May 15, 2023",132.21,132.3,131.39,131.96,125.53,5725600.0,,
"May 12, 2023",132.57,132.85,131.6,132.19,125.75,6626800.0,,
"May 11, 2023",132.5,132.58,131.54,132.37,125.92,8764800.0,,
"May 10, 2023",132.79,133.11,132.0,132.78,126.31,6556600.0,,
"May 10, 2023",132.79,133.11,132.0,132.78,126.31,6556600.0,,
"May 9, 2023",132.79,133.42,132.37,132.41,125.96,6452700.0,,
"May 8, 2023",133.39,133.43,132.68,133.3,126.8,5305700.0,,
"May 5, 2023",133.27,134.05,132.83,133.59,127.08,7650300.0,,
"May 4, 2023",132.9,132.98,131.84,132.4,125.95,9625300.0,,
"May 3, 2023",134.26,134.9,133.27,133.46,126.96,8961500.0,,
"May 2, 2023",134.0,134.85,132.68,133.64,127.13,14365800.0,,
"May 1, 2023",133.72,134.76,133.46,134.22,127.68,6793900.0,,
"Apr 28, 2023",132.24,133.91,132.03,133.53,127.02,7917300.0,,
"Apr 27, 2023",131.77,132.59,130.62,132.4,125.95,10008900.0,,
"Apr 26, 2023",132.43,132.52,130.92,131.71,125.29,10128800.0,,
"Apr 25, 2023",134.85,135.26,133.42,133.61,127.1,7752000.0,,
"Apr 24, 2023",134.44,135.09,134.1,135.05,128.47,6299800.0,,
"Apr 21, 2023",134.13,134.75,133.71,134.3,127.75,6535900.0,,
"Apr 20, 2023",133.31,133.6,132.77,133.4,126.9,6672000.0,,
"Apr 19, 2023",133.58,134.15,133.17,133.95,127.42,7048100.0,,
"Apr 18, 2023",134.73,134.73,133.36,133.54,127.03,7194200.0,,
"Apr 17, 2023",134.61,134.76,133.76,134.46,127.91,7187000.0,,
"Apr 14, 2023",135.35,135.64,134.07,134.57,128.01,6632100.0,,
"Apr 13, 2023",134.49,135.81,134.2,135.66,129.05,9373500.0,,
"Apr 12, 2023",134.4,134.9,133.68,133.92,127.39,8988600.0,,
"Apr 11, 2023",133.74,134.37,133.66,133.88,127.36,8887500.0,,
"Apr 10, 2023",133.16,133.5,132.46,133.43,126.93,8024300.0,,
"Apr 6, 2023",133.71,134.11,133.07,133.52,127.01,8276300.0,,
"Apr 5, 2023",131.66,133.42,131.51,133.19,126.7,12325800.0,,
"Apr 4, 2023",131.05,131.69,130.69,130.93,124.55,9052600.0,,
"Apr 3, 2023",129.56,131.06,129.2,130.91,124.53,8937300.0,,
"Mar 31, 2023",128.52,129.53,128.45,129.46,123.15,9202500.0,,
"Mar 30, 2023",128.09,128.13,127.28,128.09,121.85,6820400.0,,
"Mar 29, 2023",127.68,127.84,126.85,127.4,121.19,8183100.0,,
"Mar 28, 2023",127.69,128.15,126.74,127.05,120.86,8037400.0,,
"Mar 27, 2023",128.2,128.78,127.67,127.82,121.59,9455400.0,,
"Mar 24, 2023",125.44,127.42,124.97,127.3,121.1,8163700.0,,
"Mar 23, 2023",126.32,127.08,124.84,125.56,119.44,10092300.0,,
"Mar 22, 2023",127.8,128.27,125.78,125.8,119.67,10480000.0,,
"Mar 21, 2023",127.45,127.88,126.68,127.73,121.51,8816300.0,,
"Mar 20, 2023",,,,,,,Dividend,0.489
"Mar 20, 2023",125.58,127.15,125.58,126.96,120.77,10592100.0,,
"Mar 17, 2023",127.39,127.49,125.46,125.86,119.26,15071400.0,,
"Mar 16, 2023",125.37,127.56,125.02,127.5,120.82,16011400.0,,
"Mar 15, 2023",125.07,126.5,124.84,126.32,119.7,17244600.0,,
"Mar 14, 2023",126.16,126.82,125.17,126.43,119.8,14582900.0,,
"Mar 13, 2023",123.75,127.02,123.6,125.31,118.74,21294200.0,,
"Mar 10, 2023",124.86,125.9,123.67,124.15,117.64,20483200.0,,
"Mar 9, 2023",126.84,127.05,124.56,125.07,118.51,13270300.0,,
"Mar 8, 2023",126.77,127.16,125.84,126.35,119.73,10793200.0,,
"Mar 7, 2023",129.37,129.52,126.81,127.03,120.37,9604400.0,,
"Mar 6, 2023",129.26,129.7,128.81,129.11,122.34,8153400.0,,
"Mar 3, 2023",128.33,129.22,127.69,129.17,122.4,10048000.0,,
"Mar 2, 2023",126.39,128.1,126.39,127.74,121.04,10203100.0,,
"Mar 1, 2023",126.56,127.24,126.41,126.96,120.3,11101000.0,,
"Feb 28, 2023",127.83,127.91,127.06,127.17,120.5,10282800.0,,
"Feb 27, 2023",129.21,129.57,127.83,128.12,121.4,6463900.0,,
"Feb 24, 2023",129.09,129.34,128.13,128.51,121.77,9008000.0,,
"Feb 23, 2023",129.81,130.85,129.24,130.19,123.36,9955500.0,,
"Feb 22, 2023",130.42,130.73,129.57,129.84,123.03,7318900.0,,
"Feb 21, 2023",131.03,131.57,130.09,130.28,123.45,9066200.0,,
"Feb 17, 2023",130.2,132.23,130.08,131.99,125.07,10798800.0,,
"Feb 16, 2023",130.93,131.99,130.54,130.82,123.96,8008000.0,,
"Feb 15, 2023",132.28,132.46,131.69,132.14,125.21,6491900.0,,
"Feb 14, 2023",133.77,134.01,132.13,132.8,125.84,6905900.0,,
"Feb 13, 2023",132.51,133.6,132.51,133.59,126.59,6300300.0,,
"Feb 10, 2023",131.43,132.63,131.25,132.49,125.54,6198600.0,,
"Feb 9, 2023",132.74,133.25,131.04,131.25,124.37,8085700.0,,
"Feb 8, 2023",132.32,133.15,132.21,132.41,125.47,5614100.0,,
"Feb 7, 2023",131.49,133.19,131.03,132.8,125.84,7551000.0,,
"Feb 6, 2023",132.5,132.78,131.77,131.95,125.03,7328300.0,,
"Feb 3, 2023",133.17,133.6,132.25,132.69,125.73,10046800.0,,
"Feb 2, 2023",133.01,133.26,132.13,133.08,126.1,11274600.0,,
"Feb 1, 2023",133.36,134.81,132.36,133.99,126.96,11843000.0,,
"Jan 31, 2023",131.96,133.38,131.83,133.36,126.37,6290600.0,,
"Jan 30, 2023",132.61,133.44,131.46,131.66,124.76,7055400.0,,
"Jan 27, 2023",133.57,133.71,132.69,132.86,125.89,5854600.0,,
"Jan 26, 2023",133.83,133.95,132.73,133.77,126.76,6861100.0,,
"Jan 25, 2023",132.59,133.55,132.21,133.52,126.52,5999000.0,,
"Jan 24, 2023",133.7,134.48,132.62,133.48,126.48,5754800.0,,
"Jan 23, 2023",133.99,135.12,133.69,134.37,127.32,7211000.0,,
"Jan 20, 2023",133.54,134.01,132.52,133.91,126.89,5962200.0,,
"Jan 19, 2023",132.53,133.77,132.26,133.24,126.25,9902300.0,,
"Jan 18, 2023",134.82,135.17,132.79,132.92,125.95,10629100.0,,
"Jan 17, 2023",135.38,135.61,134.64,134.82,127.75,6664100.0,,
"Jan 13, 2023",134.11,135.86,134.05,135.45,128.35,6334100.0,,
"Jan 12, 2023",134.99,135.41,133.54,134.85,127.78,7580500.0,,
"Jan 11, 2023",134.61,135.3,133.99,135.28,128.19,7307200.0,,
"Jan 10, 2023",133.35,134.73,133.15,134.52,127.47,7675200.0,,
"Jan 9, 2023",135.81,135.85,133.22,133.4,126.41,7719500.0,,
"Jan 6, 2023",135.33,136.04,133.61,135.67,128.56,7175700.0,,
"Jan 5, 2023",134.92,135.25,133.9,134.43,127.38,6714200.0,,
"Jan 4, 2023",136.22,136.57,134.94,135.82,128.7,8469800.0,,
"Jan 3, 2023",135.96,136.33,134.43,135.46,128.36,7239200.0,,
"Dec 30, 2022",135.88,136.02,134.47,135.85,128.73,6369500.0,,
"Dec 29, 2022",135.71,137.04,135.4,136.34,129.19,6297300.0,,
"Dec 28, 2022",136.2,136.86,134.82,134.87,127.8,5054200.0,,
"Dec 27, 2022",136.36,136.47,135.21,135.75,128.63,7050500.0,,
"Dec 23, 2022",135.89,136.23,135.1,136.1,128.96,3766900.0,,
"Dec 22, 2022",135.45,136.06,134.26,136.02,128.89,5483300.0,,
"Dec 21, 2022",135.26,136.63,134.84,136.21,129.07,5937500.0,,
"Dec 20, 2022",134.52,134.96,133.71,134.44,127.39,4815500.0,,
"Dec 19, 2022",,,,,,,Dividend,0.556
"Dec 19, 2022",134.93,135.18,133.86,134.47,127.42,6801600.0,,
"Dec 19, 2022",134.93,135.18,133.86,134.47,127.42,6801600.0,,
"Dec 16, 2022",136.49,136.58,134.78,135.53,127.9,10843900.0,,
"Dec 15, 2022",138.85,139.2,137.04,137.53,129.78,8746700.0,,
"Dec 14, 2022",139.82,141.28,138.92,140.1,132.21,10882200.0,,
"Dec 13, 2022",141.35,141.77,138.91,139.88,132.0,9886500.0,,
"Dec 12, 2022",138.07,139.45,138.07,139.45,131.6,5669700.0,,
"Dec 9, 2022",139.58,140.0,137.94,137.98,130.21,6203000.0,,
"Dec 8, 2022",138.76,139.93,138.49,139.77,131.9,6765000.0,,
"Dec 7, 2022",137.39,138.92,137.35,138.52,130.72,7427000.0,,
"Dec 6, 2022",138.18,138.62,136.71,137.39,129.65,8171500.0,,
"Dec 5, 2022",138.88,139.2,137.97,138.44,130.64,6921500.0,,
"Dec 2, 2022",138.02,139.97,138.02,139.78,131.91,7779800.0,,
"Dec 1, 2022",139.82,140.16,138.67,139.42,131.57,15140200.0,,
"Nov 30, 2022",135.98,139.11,135.26,139.02,131.19,9377400.0,,
"Nov 29, 2022",135.83,136.05,135.05,135.78,128.13,5439600.0,,
"Nov 28, 2022",136.73,137.54,135.85,136.12,128.45,5026800.0,,
"Nov 25, 2022",136.5,137.26,136.48,137.15,129.43,3256000.0,,
"Nov 23, 2022",135.82,136.54,135.48,136.34,128.66,5340600.0,,
"Nov 22, 2022",134.95,135.9,134.93,135.8,128.15,5931100.0,,
"Nov 21, 2022",134.29,135.21,134.14,134.63,127.05,7995200.0,,
"Nov 18, 2022",134.09,134.8,133.65,134.57,126.99,6720700.0,,
"Nov 17, 2022",131.97,133.5,131.86,132.96,125.47,6498700.0,,
"Nov 16, 2022",133.41,134.31,132.79,133.02,125.53,6122200.0,,
"Nov 15, 2022",134.1,134.66,131.97,133.08,125.59,8184100.0,,
"Nov 14, 2022",133.53,134.84,133.2,133.25,125.75,10552600.0,,
"Nov 11, 2022",134.61,134.63,131.4,133.13,125.63,10487200.0,,
"Nov 10, 2022",134.47,135.05,132.66,134.78,127.19,12416800.0,,
"Nov 9, 2022",132.66,133.55,131.28,131.44,124.04,8963500.0,,
"Nov 8, 2022",132.24,133.89,131.33,132.87,125.39,8930700.0,,
"Nov 7, 2022",131.02,132.56,130.53,132.21,124.76,6054400.0,,
"Nov 4, 2022",131.0,131.28,128.97,130.81,123.44,8082200.0,,
"Nov 3, 2022",129.62,130.74,128.7,130.02,122.7,7916600.0,,
"Nov 2, 2022",132.52,134.03,130.5,130.57,123.22,10228700.0,,
"Nov 1, 2022",132.91,133.57,131.41,132.83,125.35,8033300.0,,
"Oct 31, 2022",132.17,133.27,131.87,132.75,125.27,7852800.0,,
"Oct 28, 2022",130.91,132.96,130.5,132.86,125.38,6267100.0,,
"Oct 27, 2022",131.7,131.72,130.51,130.71,123.35,6496800.0,,
"Oct 26, 2022",130.36,132.62,130.32,131.4,124.0,8277100.0,,
"Oct 25, 2022",128.59,130.11,128.52,129.96,122.64,7174200.0,,
"Oct 24, 2022",127.6,129.37,127.6,128.98,121.72,7411300.0,,
"Oct 21, 2022",123.67,126.88,123.01,126.54,119.41,8433100.0,,
"Oct 20, 2022",124.6,125.51,123.6,123.76,116.79,7196600.0,,
"Oct 19, 2022",126.2,126.21,123.73,124.82,117.79,7676200.0,,
"Oct 18, 2022",127.76,127.8,125.97,126.59,119.46,10016700.0,,
"Oct 17, 2022",124.69,126.14,124.54,125.89,118.8,8420400.0,,
"Oct 14, 2022",125.47,126.4,123.52,123.9,116.92,11442300.0,,
"Oct 13, 2022",120.15,125.33,119.95,124.74,117.71,14063600.0,,
"Oct 12, 2022",122.89,123.62,121.87,121.9,115.03,9292800.0,,
"Oct 11, 2022",121.6,123.8,121.29,122.5,115.6,10792900.0,,
"Oct 10, 2022",122.91,123.08,121.38,121.85,114.99,8377800.0,,
"Oct 7, 2022",124.32,124.54,121.92,122.62,115.71,10068700.0,,
"Oct 6, 2022",126.42,126.81,124.94,125.27,118.22,9399300.0,,
"Oct 5, 2022",125.66,127.55,125.19,126.89,119.74,9913400.0,,
"Oct 4, 2022",124.63,126.52,124.34,126.47,119.35,13717900.0,,
"Oct 3, 2022",121.99,124.07,121.62,123.6,116.64,9326800.0,,
"Sep 30, 2022",122.81,123.66,120.97,121.11,114.29,12389800.0,,
"Sep 29, 2022",123.47,123.77,121.97,122.8,115.88,10791700.0,,
"Sep 28, 2022",122.89,124.46,122.1,123.84,116.87,16360000.0,,
"Sep 27, 2022",122.41,123.2,120.7,121.19,114.36,13239900.0,,
"Sep 26, 2022",122.0,122.59,121.02,121.56,114.71,10450600.0,,
"Sep 23, 2022",122.7,122.95,121.2,122.73,115.82,16611100.0,,
"Sep 22, 2022",122.52,124.2,122.0,123.36,116.41,9505600.0,,
"Sep 21, 2022",125.28,126.11,122.68,122.71,115.8,11642400.0,,
"Sep 20, 2022",125.41,125.6,124.01,124.78,117.75,9010600.0,,
"Sep 19, 2022",,,,,,,Dividend,0.506
"Sep 19, 2022",126.14,126.29,124.46,126.26,119.15,9430100.0,,
"Sep 16, 2022",127.41,127.73,126.47,127.45,119.79,10810100.0,,
"Sep 15, 2022",127.65,129.03,127.52,127.81,120.13,8624200.0,,
"Sep 14, 2022",127.45,128.2,126.26,127.1,119.47,8080100.0,,
"Sep 13, 2022",129.28,129.57,126.69,127.03,119.4,11928500.0,,
"Sep 12, 2022",131.0,132.05,130.65,131.37,123.48,7982400.0,,
"Sep 9, 2022",129.68,130.85,129.44,130.5,122.66,8880400.0,,
"Sep 8, 2022",126.68,129.4,126.42,129.36,121.59,9394800.0,,
"Sep 7, 2022",125.08,127.36,124.68,127.15,119.51,9038300.0,,
"Sep 6, 2022",125.48,126.68,124.76,125.11,117.6,9663400.0,,
"Sep 2, 2022",127.54,127.66,124.45,124.99,117.48,9730300.0,,
"Sep 1, 2022",124.56,126.87,124.39,126.81,119.19,11212400.0,,
"Aug 31, 2022",125.97,126.76,124.74,124.76,117.27,8954500.0,,
"Aug 30, 2022",126.85,126.85,125.25,125.56,118.02,7910500.0,,
"Aug 29, 2022",126.52,127.19,125.74,126.4,118.81,6727700.0,,
"Aug 26, 2022",130.98,130.99,127.19,127.29,119.64,9044500.0,,
"Aug 25, 2022",130.06,130.98,129.15,130.94,123.08,5636600.0,,
"Aug 24, 2022",129.48,130.01,129.04,129.51,121.73,6719500.0,,
"Aug 23, 2022",130.6,130.74,128.99,129.35,121.58,7501900.0,,
"Aug 22, 2022",132.1,132.52,130.74,131.18,123.3,6420400.0,,
"Aug 19, 2022",132.56,133.56,132.37,132.92,124.94,5946500.0,,
"Aug 18, 2022",133.11,133.38,131.85,132.56,124.6,7053600.0,,
"Aug 17, 2022",133.15,133.92,132.95,133.15,125.15,7251800.0,,
"Aug 16, 2022",134.0,134.38,133.41,133.93,125.89,7138400.0,,
"Aug 15, 2022",133.55,134.47,133.07,134.29,126.22,7486100.0,,
"Aug 12, 2022",132.25,133.68,132.03,133.62,125.59,7515500.0,,
"Aug 11, 2022",132.39,133.69,131.65,131.93,124.01,8471400.0,,
"Aug 10, 2022",132.76,132.89,132.02,132.79,124.81,6736300.0,,
"Aug 9, 2022",131.93,132.56,131.05,131.36,123.47,5802500.0,,
"Aug 8, 2022",131.7,132.63,131.09,131.76,123.85,7075100.0,,
"Aug 5, 2022",130.68,131.51,130.37,131.45,123.55,8883400.0,,
"Aug 4, 2022",132.46,132.49,131.29,131.5,123.6,5493000.0,,
"Aug 3, 2022",131.66,132.67,131.3,132.15,124.21,6825700.0,,
"Aug 2, 2022",131.74,132.8,130.88,130.95,123.08,7935100.0,,
"Aug 1, 2022",131.66,132.38,131.12,131.42,123.53,7665400.0,,
"Aug 1, 2022",131.66,132.38,131.12,131.42,123.53,7665400.0,,
"Jul 29, 2022",132.17,132.64,131.47,132.4,124.45,8309500.0,,
"Jul 28, 2022",132.17,133.81,129.92,132.84,124.86,11052600.0,,
"Jul 27, 2022",131.1,132.59,130.49,132.0,124.07,7680700.0,,
"Jul 26, 2022",130.88,131.99,130.53,131.18,123.3,7482400.0,,
"Jul 25, 2022",129.93,130.75,129.81,130.51,122.67,5489000.0,,
"Jul 22, 2022",130.67,130.92,129.04,129.83,122.03,8657100.0,,
"Jul 21, 2022",128.72,130.37,128.39,130.37,122.54,9507700.0,,
"Jul 20, 2022",129.44,129.61,127.82,128.34,120.63,7599500.0,,
"Jul 19, 2022",128.81,129.84,128.25,129.62,121.83,6585700.0,,
"Jul 18, 2022",130.33,130.45,127.02,127.45,119.79,7047700.0,,
"Jul 15, 2022",129.02,130.26,128.45,130.2,122.38,9684800.0,,
"Jul 14, 2022",126.04,127.32,125.23,127.13,119.49,7784800.0,,
"Jul 13, 2022",127.66,128.53,127.17,127.5,119.84,9296500.0,,
"Jul 12, 2022",130.0,130.88,128.17,128.75,121.02,9280400.0,,
"Jul 11, 2022",130.01,131.14,129.87,130.41,122.58,7027300.0,,
"Jul 8, 2022",129.98,132.04,129.85,130.74,122.89,6505800.0,,
"Jul 7, 2022",129.61,130.52,129.54,130.35,122.52,6805500.0,,
"Jul 6, 2022",129.11,130.47,128.88,129.8,122.0,9033300.0,,
"Jul 5, 2022",128.43,128.96,126.17,128.93,121.19,9987000.0,,
"Jul 1, 2022",128.29,129.85,126.86,129.68,121.89,9366600.0,,
"Jun 30, 2022",127.86,128.97,126.89,128.24,120.54,10697600.0,,
"Jun 29, 2022",127.59,129.17,127.39,128.53,120.81,9157700.0,,
"Jun 28, 2022",129.94,130.59,127.18,127.42,119.77,7518700.0,,
"Jun 27, 2022",129.2,130.23,128.79,129.68,121.89,8963600.0,,
"Jun 24, 2022",128.02,129.22,127.16,129.2,121.44,10448100.0,,
"Jun 23, 2022",124.88,127.19,124.88,127.09,119.46,11943300.0,,
"Jun 22, 2022",121.82,125.67,121.76,124.3,116.83,10188900.0,,
"Jun 21, 2022",,,,,,,Dividend,0.504
"Jun 21, 2022",121.06,123.15,120.66,122.6,115.24,7987200.0,,
"Jun 17, 2022",120.0,121.79,119.85,119.89,112.22,13724900.0,,
"Jun 16, 2022",119.52,120.04,118.75,119.96,112.28,9383300.0,,
"Jun 15, 2022",121.19,123.03,119.89,121.75,113.96,10301600.0,,
"Jun 14, 2022",121.55,121.86,119.67,120.53,112.81,9299500.0,,
"Jun 13, 2022",123.01,123.76,121.18,121.69,113.9,14886200.0,,
"Jun 10, 2022",126.03,126.66,125.0,125.49,117.46,11289000.0,,
"Jun 9, 2022",130.05,130.49,127.51,127.54,119.38,7772900.0,,
"Jun 8, 2022",131.16,131.64,130.12,130.49,122.14,5372000.0,,
"Jun 7, 2022",129.84,131.66,129.37,131.53,123.11,7219100.0,,
"Jun 6, 2022",130.75,131.02,129.49,129.84,121.53,7729000.0,,
"Jun 3, 2022",130.45,131.03,129.65,129.82,121.51,5852600.0,,
"Jun 2, 2022",130.5,131.39,128.17,131.36,122.95,9575400.0,,
"Jun 1, 2022",132.71,132.73,129.29,130.33,121.99,9259900.0,,
"May 31, 2022",132.84,133.08,131.16,132.23,123.77,11740800.0,,
"May 27, 2022",132.06,134.05,131.51,134.02,125.44,13696000.0,,
"May 26, 2022",131.6,132.33,131.22,131.83,123.39,9090100.0,,
"May 25, 2022",131.22,132.13,130.04,131.27,122.87,8532400.0,,
"May 24, 2022",130.54,131.53,129.7,131.31,122.9,9031300.0,,
"May 23, 2022",130.65,131.43,130.38,130.92,122.54,9196500.0,,
"May 20, 2022",129.08,130.06,127.33,129.78,121.47,12833700.0,,
"May 19, 2022",126.92,129.0,126.46,128.22,120.01,9672800.0,,
"May 18, 2022",130.44,130.76,127.53,127.94,119.75,10005000.0,,
"May 17, 2022",130.9,131.39,129.93,131.33,122.92,9058700.0,,
"May 16, 2022",128.45,130.43,128.42,129.55,121.26,8839800.0,,
"May 13, 2022",128.09,129.0,127.53,128.6,120.37,9841500.0,,
"May 12, 2022",125.57,127.33,125.28,127.25,119.1,17497100.0,,
"May 11, 2022",126.24,129.09,125.88,126.03,117.96,19987300.0,,
"May 10, 2022",127.74,128.22,125.7,126.87,118.75,21850200.0,,
"May 9, 2022",128.33,128.36,125.93,126.42,118.33,17289800.0,,
"May 6, 2022",128.93,130.14,128.27,129.78,121.47,21742300.0,,
"May 5, 2022",132.12,132.26,128.85,130.19,121.86,16119800.0,,
"May 4, 2022",129.68,133.25,128.59,132.77,124.27,19053500.0,,
"May 3, 2022",129.88,131.14,129.43,129.89,121.57,13585300.0,,
"May 2, 2022",130.18,130.91,127.38,129.48,121.19,23615100.0,,
"Apr 29, 2022",132.43,133.12,130.09,130.29,121.95,17430200.0,,
"Apr 28, 2022",132.84,134.17,131.61,133.73,125.17,15510700.0,,
"Apr 27, 2022",132.18,133.25,131.26,131.91,123.47,16726700.0,,
"Apr 26, 2022",133.76,134.48,132.01,132.2,123.74,20087700.0,,
"Apr 25, 2022",133.28,134.86,131.78,134.57,125.96,16501900.0,,
"Apr 22, 2022",137.48,137.52,133.53,133.67,125.11,17525300.0,,
"Apr 21, 2022",140.67,140.83,138.42,138.73,129.85,11409700.0,,
"Apr 20, 2022",138.8,140.82,138.64,140.28,131.3,13674800.0,,
"Apr 19, 2022",137.47,138.91,137.42,138.42,129.56,11733100.0,,
"Apr 18, 2022",138.5,138.82,136.53,137.11,128.33,10125000.0,,
"Apr 14, 2022",139.44,140.15,138.54,138.64,129.76,10993400.0,,
"Apr 13, 2022",138.62,139.45,137.9,139.31,130.39,15496400.0,,
"Apr 12, 2022",139.64,140.46,138.03,138.63,129.76,14085400.0,,
"Apr 11, 2022",142.42,143.0,139.78,139.99,131.03,16570700.0,,
"Apr 8, 2022",141.99,143.42,141.78,142.83,133.69,19102700.0,,
"Apr 7, 2022",138.8,142.34,138.8,141.98,132.89,18160200.0,,
"Apr 6, 2022",136.86,139.63,136.77,139.3,130.38,23197800.0,,
"Apr 5, 2022",136.57,138.84,136.5,137.21,128.43,15025100.0,,
"Apr 4, 2022",137.76,138.0,136.6,136.92,128.15,16769500.0,,
"Apr 1, 2022",137.37,138.12,136.45,138.07,129.23,20785700.0,,
"Mar 31, 2022",138.05,138.81,136.75,136.99,128.22,15843000.0,,
"Mar 30, 2022",138.09,138.89,137.64,138.34,129.48,10752900.0,,
"Mar 29, 2022",138.4,138.95,137.25,138.07,129.23,12327700.0,,
"Mar 28, 2022",136.5,137.3,136.01,137.26,128.47,8467000.0,,
"Mar 25, 2022",136.1,136.5,135.23,136.27,127.55,7040100.0,,
"Mar 24, 2022",134.54,135.64,134.25,135.64,126.96,7189200.0,,
"Mar 23, 2022",135.84,136.09,134.0,134.04,125.46,10013400.0,,
"Mar 22, 2022",136.6,136.79,135.99,136.49,127.75,8892100.0,,
"Mar 21, 2022",,,,,,,Dividend,0.426
"Mar 21, 2022",136.5,137.67,135.82,136.46,127.72,11473100.0,,
"Mar 18, 2022",136.07,137.16,135.66,136.99,127.82,11364200.0,,
"Mar 17, 2022",133.64,136.21,133.46,136.15,127.04,10973100.0,,
"Mar 16, 2022",133.11,134.05,131.75,134.03,125.06,13840400.0,,
"Mar 15, 2022",130.9,132.58,130.68,132.44,123.58,14374100.0,,
"Mar 14, 2022",129.98,131.72,129.47,129.85,121.16,14373200.0,,
"Mar 11, 2022",130.26,131.02,128.81,128.94,120.31,9869100.0,,
"Mar 11, 2022",130.26,131.02,128.81,128.94,120.31,9869100.0,,
"Mar 10, 2022",128.39,130.19,128.25,129.91,121.22,10708800.0,,
"Mar 9, 2022",129.63,130.63,128.67,129.96,121.26,15576500.0,,
"Mar 8, 2022",129.35,130.31,127.47,127.55,119.01,21794600.0,,
"Mar 7, 2022",131.69,131.94,129.62,130.21,121.5,15704000.0,,
"Mar 4, 2022",130.53,132.64,130.14,132.52,123.65,12160400.0,,
"Mar 3, 2022",131.77,132.63,130.74,131.86,123.04,11172600.0,,
"Mar 2, 2022",129.81,131.9,129.64,131.19,122.41,12395600.0,,
"Mar 1, 2022",129.28,130.34,128.24,129.24,120.59,14064200.0,,
"Feb 28, 2022",128.85,130.11,128.45,129.96,121.26,17987700.0,,
"Feb 25, 2022",127.63,131.27,127.49,130.95,122.19,17012300.0,,
"Feb 24, 2022",124.29,127.32,124.06,127.06,118.56,23220000.0,,
"Feb 23, 2022",127.84,128.28,126.43,126.55,118.08,12022800.0,,
"Feb 22, 2022",127.06,128.23,126.34,127.19,118.68,13682100.0,,
"Feb 18, 2022",128.35,129.04,127.08,127.51,118.98,13505600.0,,
"Feb 17, 2022",130.04,130.11,128.28,128.47,119.87,11906800.0,,
"Feb 16, 2022",129.7,130.94,129.34,130.57,121.83,8779200.0,,
"Feb 15, 2022",130.04,130.88,129.71,130.37,121.64,8969900.0,,
"Feb 14, 2022",129.98,130.23,127.95,128.92,120.29,14386900.0,,
"Feb 11, 2022",131.9,132.9,130.09,130.25,121.53,13072300.0,,
"Feb 10, 2022",132.63,133.79,131.56,132.08,123.24,14393300.0,,
"Feb 9, 2022",133.79,134.46,133.65,134.18,125.2,10811000.0,,
"Feb 8, 2022",131.37,133.38,131.07,133.15,124.24,11071600.0,,
"Feb 7, 2022",132.35,132.81,131.7,132.07,123.23,9229200.0,,
"Feb 4, 2022",131.57,133.23,131.33,132.3,123.45,12004100.0,,
"Feb 3, 2022",133.17,133.28,132.53,132.78,123.89,13805600.0,,
"Feb 2, 2022",131.49,133.67,131.22,133.35,124.43,13595200.0,,
"Feb 1, 2022",131.7,131.82,130.53,131.58,122.77,14674800.0,,
"Jan 31, 2022",130.24,131.47,129.98,131.23,122.45,19044400.0,,
"Jan 28, 2022",127.76,130.53,126.86,130.48,121.75,20906800.0,,
"Jan 27, 2022",128.16,129.84,127.45,127.87,119.31,18483600.0,,
"Jan 26, 2022",128.42,129.58,126.54,127.54,119.0,29557400.0,,
"Jan 25, 2022",127.33,129.31,126.27,128.21,119.63,19326800.0,,
"Jan 24, 2022",128.3,129.26,124.92,129.04,120.4,37938000.0,,
"Jan 21, 2022",131.19,131.6,129.26,129.47,120.8,25804800.0,,
"Jan 20, 2022",131.97,133.32,130.71,130.79,122.04,15127800.0,,
"Jan 19, 2022",132.44,133.48,131.52,131.65,122.84,14639600.0,,
"Jan 18, 2022",132.75,132.96,131.85,132.19,123.34,16471400.0,,
"Jan 14, 2022",133.94,134.21,132.69,134.07,125.1,14341800.0,,
"Jan 13, 2022",136.18,136.35,134.06,134.3,125.31,13804900.0,,
"Jan 12, 2022",136.03,136.63,135.83,136.42,127.29,10831800.0,,
"Jan 11, 2022",135.93,136.83,135.0,136.81,127.65,12168300.0,,
"Jan 10, 2022",133.76,135.81,133.44,135.73,126.65,15589900.0,,
"Jan 7, 2022",134.72,134.97,134.07,134.35,125.36,9619400.0,,
"Jan 6, 2022",135.77,136.6,134.8,135.04,126.0,15182000.0,,
"Jan 5, 2022",137.9,138.73,136.57,136.62,127.48,15370700.0,,
"Jan 4, 2022",139.13,139.29,137.01,137.6,128.39,14304500.0,,
"Jan 3, 2022",140.29,140.55,138.24,139.44,130.11,15122300.0,,
"Dec 31, 2021",141.32,141.86,140.84,140.89,131.46,7882800.0,,
"Dec 30, 2021",141.46,141.98,141.31,141.49,132.02,7931700.0,,
"Dec 29, 2021",140.26,141.49,140.16,141.2,131.75,7103600.0,,
"Dec 28, 2021",140.9,141.15,140.03,140.4,131.0,6065900.0,,
"Dec 27, 2021",139.8,140.77,139.65,140.77,131.35,6968900.0,,
"Dec 23, 2021",139.09,139.75,138.68,139.3,129.98,7743800.0,,
"Dec 22, 2021",137.06,138.81,136.82,138.73,129.45,7246000.0,,
"Dec 21, 2021",136.95,137.19,135.68,137.13,127.95,10773400.0,,
"Dec 20, 2021",,,,,,,Dividend,0.528
"Dec 20, 2021",137.11,137.53,135.38,136.56,127.42,16185700.0,,
"Dec 17, 2021",138.19,139.04,137.38,137.92,128.2,21504200.0,,
"Dec 16, 2021",138.06,139.59,137.81,138.89,129.1,19227500.0,,
"Dec 15, 2021",135.59,138.14,135.47,138.07,128.34,14996300.0,,
"Dec 14, 2021",135.22,136.01,134.63,135.3,125.76,11070800.0,,
"Dec 13, 2021",134.58,136.23,134.58,135.85,126.27,12201800.0,,
"Dec 10, 2021",133.76,134.86,133.7,134.58,125.09,8554300.0,,
"Dec 9, 2021",133.67,134.55,133.57,134.11,124.66,9095800.0,,
"Dec 8, 2021",133.18,133.89,132.51,133.8,124.37,15144700.0,,
"Dec 7, 2021",132.0,133.12,131.82,132.8,123.44,11974700.0,,
"Dec 6, 2021",130.71,131.68,130.51,131.11,121.87,15230900.0,,
"Dec 3, 2021",131.04,131.54,129.29,130.37,121.18,22111900.0,,
"Dec 2, 2021",129.46,130.66,128.84,130.13,120.96,17531100.0,,
"Dec 1, 2021",130.35,132.09,129.48,129.5,120.37,22241400.0,,
"Nov 30, 2021",131.57,132.17,129.54,129.73,120.58,19467000.0,,
"Nov 29, 2021",132.69,133.22,132.19,132.33,123.0,17137100.0,,
"Nov 26, 2021",132.94,133.72,131.51,131.97,122.67,11896900.0,,
"Nov 24, 2021",132.26,132.7,131.8,132.46,123.12,6760800.0,,
"Nov 23, 2021",131.75,132.65,131.35,132.51,123.17,12075200.0,,
"Nov 22, 2021",133.16,133.62,132.2,132.37,123.04,11146200.0,,
"Nov 19, 2021",134.18,134.63,132.85,132.97,123.6,10166100.0,,
"Nov 18, 2021",133.87,134.12,133.32,133.78,124.35,9029300.0,,
"Nov 17, 2021",133.69,134.25,133.11,133.73,124.3,8229000.0,,
"Nov 16, 2021",132.95,134.26,132.72,133.54,124.13,6150900.0,,
"Nov 15, 2021",134.12,134.19,132.85,132.98,123.61,6268900.0,,
"Nov 12, 2021",134.0,134.12,133.07,133.81,124.38,8317600.0,,
"Nov 11, 2021",133.52,133.61,132.83,133.15,123.76,8597300.0,,
"Nov 10, 2021",133.12,134.08,133.1,133.54,124.13,8445400.0,,
"Nov 9, 2021",133.69,133.81,132.9,133.16,123.77,7287000.0,,
"Nov 8, 2021",133.1,133.82,132.58,133.65,124.23,8948800.0,,
"Nov 5, 2021",133.15,133.7,131.9,132.86,123.49,14867300.0,,
"Nov 4, 2021",134.98,135.19,133.43,134.36,124.89,15818500.0,,
"Nov 3, 2021",134.24,135.34,133.74,135.29,125.75,14610000.0,,
"Nov 2, 2021",134.18,135.17,133.01,134.5,125.02,20851500.0,,
"Nov 1, 2021",133.94,134.49,133.15,133.66,124.24,14356700.0,,
"Oct 29, 2021",132.36,133.99,131.85,133.82,124.39,15415100.0,,
"Oct 28, 2021",131.67,133.04,131.67,132.53,123.19,9282500.0,,
"Oct 27, 2021",132.69,132.83,131.39,131.43,122.16,11851400.0,,
"Oct 26, 2021",132.13,132.86,131.41,132.48,123.14,9271600.0,,
"Oct 25, 2021",131.73,131.97,130.71,131.83,122.54,10629700.0,,
"Oct 22, 2021",131.02,131.72,130.82,131.67,122.39,8009700.0,,
"Oct 21, 2021",130.88,131.22,129.93,131.14,121.89,8267500.0,,
"Oct 20, 2021",129.54,130.8,129.42,130.61,121.4,13665700.0,,
"Oct 20, 2021",129.54,130.8,129.42,130.61,121.4,13665700.0,,
"Oct 19, 2021",127.79,129.1,127.79,128.77,119.69,9487000.0,,
"Oct 18, 2021",127.41,127.54,126.55,127.1,118.14,11660700.0,,
"Oct 15, 2021",128.0,128.55,127.73,127.97,118.95,8976100.0,,
"Oct 14, 2021",126.84,127.84,126.84,127.34,118.36,8857900.0,,
"Oct 13, 2021",125.55,126.11,124.77,125.54,116.69,10609000.0,,
"Oct 12, 2021",126.35,126.48,125.03,125.34,116.5,13007200.0,,
"Oct 11, 2021",126.83,127.5,125.91,125.95,117.07,7843400.0,,
"Oct 8, 2021",127.76,128.0,126.68,126.94,117.99,9552300.0,,
"Oct 7, 2021",126.78,128.4,126.54,127.58,118.59,15806400.0,,
"Oct 6, 2021",125.44,126.02,124.5,125.91,117.03,21322100.0,,
"Oct 5, 2021",125.9,127.42,125.73,126.14,117.25,19151800.0,,
"Oct 4, 2021",126.81,127.46,124.76,125.39,116.55,27580700.0,,
"Oct 1, 2021",127.47,127.93,125.28,127.33,118.35,23188900.0,,
"Sep 30, 2021",129.31,130.12,127.19,127.3,118.33,21653100.0,,
"Sep 29, 2021",128.44,129.48,128.18,128.88,119.79,11171400.0,,
"Sep 28, 2021",129.27,129.27,127.43,127.87,118.86,17433400.0,,
"Sep 27, 2021",131.6,131.76,129.82,130.1,120.93,11631400.0,,
"Sep 24, 2021",132.3,132.79,131.7,131.98,122.68,6962600.0,,
"Sep 23, 2021",131.87,133.29,131.77,132.52,123.18,10366500.0,,
"Sep 22, 2021",131.74,132.23,130.94,131.57,122.29,11964100.0,,
"Sep 21, 2021",131.75,132.7,131.33,131.35,122.09,11741800.0,,
"Sep 20, 2021",,,,,,,Dividend,0.467
"Sep 20, 2021",131.03,132.32,130.01,131.15,121.9,17245000.0,,
"Sep 17, 2021",132.76,133.11,132.13,133.0,123.19,13541400.0,,
"Sep 16, 2021",133.38,133.63,131.96,132.87,123.07,10525700.0,,
"Sep 15, 2021",132.18,133.83,131.98,133.21,123.38,10299900.0,,
"Sep 14, 2021",132.99,133.3,132.12,132.35,122.59,10436300.0,,
"Sep 13, 2021",133.89,133.97,131.7,132.37,122.61,11676700.0,,
"Sep 10, 2021",134.9,135.02,133.12,133.19,123.37,10561600.0,,
"Sep 9, 2021",135.8,136.11,134.34,134.42,124.5,8905600.0,,
"Sep 8, 2021",135.78,136.21,135.42,135.99,125.96,6986200.0,,
"Sep 7, 2021",136.34,136.56,135.16,136.05,126.01,8739100.0,,
"Sep 3, 2021",136.56,137.04,135.91,136.85,126.76,5632800.0,,
"Sep 2, 2021",135.75,136.72,135.6,136.7,126.62,6847800.0,,
"Sep 1, 2021",135.32,135.44,133.97,135.25,125.27,10571100.0,,
"Aug 31, 2021",135.42,136.05,134.73,135.21,125.24,9299100.0,,
"Aug 30, 2021",134.51,135.88,134.5,135.39,125.4,6417200.0,,
"Aug 27, 2021",135.08,135.45,134.41,134.63,124.7,8679200.0,,
"Aug 26, 2021",135.39,135.69,134.52,134.78,124.84,5972100.0,,
"Aug 25, 2021",135.55,135.62,134.75,135.31,125.33,6918500.0,,
"Aug 24, 2021",136.16,136.18,135.29,135.68,125.67,6548100.0,,
"Aug 23, 2021",136.88,136.98,136.12,136.16,126.12,8471300.0,,
"Aug 20, 2021",135.47,136.52,135.0,136.11,126.07,7252700.0,,
"Aug 19, 2021",133.84,136.04,133.8,135.34,125.36,11669200.0,,
"Aug 18, 2021",136.63,136.78,134.65,134.73,124.79,12427700.0,,
"Aug 17, 2021",134.85,136.81,134.78,136.81,126.72,13874500.0,,
"Aug 16, 2021",133.69,135.23,133.23,135.21,125.24,8404200.0,,
"Aug 13, 2021",133.19,133.72,133.03,133.69,123.83,7922900.0,,
"Aug 12, 2021",131.95,132.97,131.86,132.86,123.06,8220300.0,,
"Aug 11, 2021",133.35,133.56,131.71,131.82,122.1,14512500.0,,
"Aug 10, 2021",133.52,133.79,132.63,133.14,123.32,5832600.0,,
"Aug 9, 2021",133.13,133.7,133.03,133.45,123.61,9852500.0,,
"Aug 6, 2021",132.99,133.11,132.09,132.94,123.13,6923700.0,,
"Aug 5, 2021",133.5,133.52,132.04,133.05,123.24,8240900.0,,
"Aug 4, 2021",133.65,134.47,133.43,133.6,123.75,8322100.0,,
"Aug 3, 2021",132.39,134.21,132.3,134.17,124.27,7701700.0,,
"Aug 2, 2021",132.67,132.85,131.94,132.33,122.57,8366300.0,,
"Jul 30, 2021",131.81,132.64,131.63,132.15,122.4,6634400.0,,
"Jul 29, 2021",132.14,132.23,131.64,132.03,122.29,5662700.0,,
"Jul 28, 2021",131.05,132.09,130.72,131.71,121.99,7432600.0,,
"Jul 27, 2021",130.45,131.24,130.1,131.24,121.56,9551600.0,,
"Jul 26, 2021",131.11,131.49,130.2,130.63,120.99,6626500.0,,
"Jul 23, 2021",130.53,131.61,130.37,131.48,121.78,8303800.0,,
"Jul 22, 2021",129.14,129.98,128.79,129.98,120.39,9261100.0,,
"Jul 21, 2021",129.34,129.38,127.64,129.03,119.51,8295700.0,,
"Jul 20, 2021",127.68,129.55,127.68,128.82,119.32,15053700.0,,
"Jul 19, 2021",127.78,128.39,126.23,127.27,117.88,19460400.0,,
"Jul 16, 2021",128.6,129.09,128.18,128.62,119.13,6511000.0,,
"Jul 15, 2021",128.03,128.59,127.48,128.27,118.81,8750600.0,,
"Jul 14, 2021",129.13,129.24,128.49,128.72,119.23,7487000.0,,
"Jul 13, 2021",128.8,129.26,128.53,128.84,119.34,9698800.0,,
"Jul 12, 2021",128.71,129.6,128.61,128.96,119.45,9097900.0,,
"Jul 9, 2021",128.73,129.1,128.42,128.71,119.22,5224200.0,,
"Jul 8, 2021",127.78,128.37,127.11,128.27,118.81,8386600.0,,
"Jul 7, 2021",128.18,128.98,127.71,128.98,119.47,18435700.0,,
"Jul 6, 2021",127.91,128.18,127.26,128.17,118.72,11413100.0,,
"Jul 2, 2021",127.23,128.41,127.01,128.29,118.83,12327900.0,,
"Jul 1, 2021",126.04,127.16,125.99,127.07,117.7,12021000.0,,
"Jun 30, 2021",125.9,126.21,125.47,125.95,116.66,8542700.0,,
"Jun 29, 2021",125.9,126.42,125.74,126.03,116.73,6165500.0,,
"Jun 28, 2021",125.83,126.05,125.41,125.89,116.6,4631400.0,,
"Jun 25, 2021",125.08,126.08,125.01,125.7,116.43,8344200.0,,
"Jun 24, 2021",125.22,126.01,124.99,125.13,115.9,7029200.0,,
"Jun 23, 2021",124.84,125.13,124.44,124.49,115.31,6506600.0,,
"Jun 22, 2021",124.82,125.18,124.4,125.01,115.79,7194000.0,,
"Jun 21, 2021",,,,,,,Dividend,0.481
"Jun 21, 2021",123.65,124.97,123.2,124.74,115.54,6655400.0,,
"Jun 18, 2021",124.24,124.41,123.57,123.74,114.17,11152600.0,,
"Jun 17, 2021",124.0,125.5,123.98,125.17,115.49,6527000.0,,
"Jun 16, 2021",124.83,125.46,123.87,124.22,114.61,11653200.0,,
"Jun 15, 2021",124.79,124.98,124.17,124.7,115.05,5409100.0,,
"Jun 14, 2021",124.48,124.68,123.78,124.66,115.02,5156000.0,,
"Jun 11, 2021",125.25,125.31,123.92,124.55,114.91,6958100.0,,
"Jun 10, 2021",123.63,125.58,123.58,125.44,115.74,9350900.0,,
"Jun 9, 2021",122.46,123.54,122.46,123.33,113.79,7965600.0,,
"Jun 8, 2021",122.83,122.9,121.21,122.15,112.7,10799500.0,,
"Jun 7, 2021",122.39,123.61,122.18,122.53,113.05,13978500.0,,
"Jun 4, 2021",122.34,122.7,121.95,122.09,112.64,11228900.0,,
"Jun 3, 2021",120.88,122.02,120.61,121.7,112.28,13244400.0,,
"Jun 3, 2021",120.88,122.02,120.61,121.7,112.28,13244400.0,,
"Jun 2, 2021",121.68,121.99,121.04,121.33,111.94,13245100.0,,
"Jun 1, 2021",123.75,123.79,121.47,121.57,112.16,13368300.0,,
"May 28, 2021",123.59,124.62,123.52,123.6,114.04,10059900.0,,
"May 27, 2021",123.65,123.75,123.05,123.12,113.6,8102900.0,,
"May 26, 2021",124.08,124.12,122.86,123.39,113.84,6848800.0,,
"May 25, 2021",124.66,124.67,123.97,124.11,114.51,6798500.0,,
"May 24, 2021",125.0,125.25,124.43,124.48,114.85,4958800.0,,
"May 21, 2021",124.75,125.66,124.26,124.36,114.74,8423300.0,,
"May 20, 2021",123.01,124.87,123.01,124.34,114.72,7522700.0,,
"May 19, 2021",122.46,123.13,121.59,123.05,113.53,10063000.0,,
"May 18, 2021",123.18,123.97,122.77,123.26,113.72,9202000.0,,
"May 17, 2021",123.31,123.88,123.14,123.22,113.69,5997700.0,,
"May 14, 2021",123.54,123.86,123.14,123.45,113.9,6590400.0,,
"May 13, 2021",121.95,123.39,121.76,122.83,113.33,11228000.0,,
"May 12, 2021",122.23,122.84,121.61,121.73,112.31,10946500.0,,
"May 11, 2021",123.58,124.1,122.61,122.89,113.38,11357800.0,,
"May 10, 2021",124.52,125.19,124.18,124.23,114.62,8846700.0,,
"May 7, 2021",123.51,124.72,123.46,124.07,114.47,7576700.0,,
"May 6, 2021",122.36,123.23,121.73,123.22,113.69,16115000.0,,
"May 5, 2021",123.01,123.44,122.81,123.06,113.54,16713700.0,,
"May 4, 2021",122.53,122.93,122.0,122.84,113.34,16186300.0,,
"May 3, 2021",121.99,122.84,121.82,122.71,113.22,13179100.0,,
"Apr 30, 2021",121.21,121.92,121.11,121.33,111.94,7153400.0,,
"Apr 29, 2021",122.31,122.34,121.03,121.69,112.28,8148900.0,,
"Apr 28, 2021",122.35,122.49,121.96,122.18,112.73,6788100.0,,
"Apr 27, 2021",122.95,122.97,122.35,122.55,113.07,7034700.0,,
"Apr 26, 2021",123.61,123.62,123.03,123.26,113.72,6907100.0,,
"Apr 23, 2021",122.81,123.96,122.55,123.68,114.11,4974500.0,,
"Apr 22, 2021",123.32,123.6,122.4,122.87,113.36,10030800.0,,
"Apr 21, 2021",122.36,123.49,122.3,123.42,113.87,9635900.0,,
"Apr 20, 2021",120.95,122.29,120.95,121.98,112.54,8063900.0,,
"Apr 19, 2021",121.25,121.54,120.89,121.51,112.11,7094300.0,,
"Apr 16, 2021",121.2,121.62,120.78,121.48,112.08,7447400.0,,
"Apr 15, 2021",119.02,120.93,119.02,120.58,111.25,8438300.0,,
"Apr 14, 2021",118.42,119.03,118.34,118.55,109.38,6226600.0,,
"Apr 13, 2021",117.7,118.89,117.59,118.56,109.39,6519600.0,,
"Apr 12, 2021",117.78,118.31,117.65,118.07,108.94,8279500.0,,
"Apr 9, 2021",116.74,118.02,116.67,117.95,108.83,5919100.0,,
"Apr 8, 2021",116.83,117.18,116.51,116.67,107.64,4292400.0,,
"Apr 7, 2021",116.68,117.08,116.19,116.49,107.48,5753200.0,,
"Apr 6, 2021",117.35,117.69,116.58,116.75,107.72,5206700.0,,
"Apr 5, 2021",116.98,117.56,116.79,117.2,108.13,7190900.0,,
"Apr 1, 2021",116.93,117.04,116.02,116.39,107.39,6676400.0,,
"Mar 31, 2021",116.76,117.45,116.56,116.74,107.71,8504100.0,,
"Mar 30, 2021",117.25,117.25,116.24,116.51,107.5,6865700.0,,
"Mar 29, 2021",116.55,117.97,116.51,117.57,108.47,8958900.0,,
"Mar 26, 2021",115.14,117.17,114.83,117.02,107.97,8286500.0,,
"Mar 25, 2021",114.54,115.07,113.35,114.85,105.96,11505300.0,,
"Mar 24, 2021",114.56,115.25,114.34,114.37,105.52,12647000.0,,
"Mar 23, 2021",115.53,115.72,114.21,114.5,105.64,9170500.0,,
"Mar 22, 2021",,,,,,,Dividend,0.398
"Mar 22, 2021",114.6,115.75,114.03,115.67,106.72,6156800.0,,
"Mar 19, 2021",114.78,115.75,114.2,115.07,105.8,12595800.0,,
"Mar 18, 2021",114.37,115.6,114.32,114.66,105.42,8553300.0,,
"Mar 17, 2021",114.82,115.47,114.21,114.9,105.64,7524900.0,,
"Mar 16, 2021",115.51,115.72,114.9,115.32,106.03,8618600.0,,
"Mar 15, 2021",114.39,115.42,114.26,115.39,106.09,7119100.0,,
"Mar 12, 2021",114.11,114.76,113.93,114.6,105.37,7452400.0,,
"Mar 11, 2021",114.05,114.98,113.89,114.35,105.14,6549400.0,,
"Mar 10, 2021",114.15,114.8,113.62,113.66,104.5,11641100.0,,
"Mar 9, 2021",113.57,115.2,113.35,113.4,104.27,11022300.0,,
"Mar 8, 2021",113.11,114.53,112.6,112.74,103.66,12691800.0,,
"Mar 5, 2021",111.45,113.38,110.55,113.02,103.92,15645200.0,,
"Mar 4, 2021",112.06,112.8,109.93,110.8,101.87,23441700.0,,
"Mar 3, 2021",113.33,113.45,112.05,112.31,103.26,14946600.0,,
"Mar 2, 2021",114.32,114.59,113.64,113.75,104.59,8456100.0,,
"Mar 1, 2021",113.53,114.61,113.5,114.08,104.89,7361800.0,,
"Feb 26, 2021",113.99,113.99,112.32,112.61,103.54,14687000.0,,
"Feb 25, 2021",114.58,115.04,113.01,113.59,104.44,14494800.0,,
"Feb 24, 2021",114.08,115.36,113.72,114.74,105.5,9842000.0,,
"Feb 23, 2021",114.06,114.76,113.42,113.95,104.77,8731500.0,,
"Feb 22, 2021",113.86,114.49,113.12,114.14,104.95,7213300.0,,
"Feb 19, 2021",115.9,115.99,114.31,114.41,105.19,9390800.0,,
"Feb 18, 2021",115.97,116.28,115.33,115.81,106.48,7756600.0,,
"Feb 17, 2021",115.74,116.6,115.61,116.54,107.15,5022200.0,,
"Feb 16, 2021",117.43,117.54,115.74,116.12,106.77,9531900.0,,
"Feb 12, 2021",116.18,117.41,116.03,117.28,107.83,6345300.0,,
"Feb 11, 2021",116.6,116.7,115.86,116.41,107.03,4684000.0,,
"Feb 10, 2021",116.82,116.85,115.78,116.19,106.83,5406400.0,,
"Feb 9, 2021",115.8,116.09,115.69,115.98,106.64,4730300.0,,
"Feb 8, 2021",116.08,116.24,115.47,115.81,106.48,6956700.0,,
"Feb 5, 2021",116.25,116.43,115.39,115.67,106.35,5557000.0,,
"Feb 4, 2021",114.98,115.93,114.73,115.46,106.16,8451500.0,,
"Feb 3, 2021",115.8,115.86,114.62,114.98,105.72,11280300.0,,
"Feb 2, 2021",116.38,116.95,115.77,115.8,106.47,11515700.0,,
"Feb 1, 2021",115.97,116.35,115.29,115.47,106.17,10105300.0,,
"Jan 29, 2021",115.84,116.66,114.1,115.03,105.76,10462400.0,,
"Jan 28, 2021",115.31,117.47,115.09,116.01,106.66,12626100.0,,
"Jan 27, 2021",116.62,116.62,114.05,114.34,105.13,13096900.0,,
"Jan 26, 2021",118.7,118.99,117.86,117.92,108.42,5504000.0,,
"Jan 25, 2021",117.66,118.43,117.42,118.36,108.83,6962000.0,,
"Jan 22, 2021",117.59,118.25,117.44,117.59,108.12,4796400.0,,
"Jan 21, 2021",118.35,118.47,117.54,117.94,108.44,5796200.0,,
"Jan 20, 2021",118.05,118.69,117.34,118.5,108.95,6872000.0,,
"Jan 19, 2021",117.9,118.23,117.23,117.85,108.36,6194500.0,,
"Jan 15, 2021",116.29,117.24,115.83,116.97,107.55,10335200.0,,
"Jan 14, 2021",117.17,117.61,116.47,116.61,107.22,5792300.0,,
"Jan 13, 2021",116.6,117.38,116.17,116.98,107.56,5259600.0,,
"Jan 12, 2021",117.71,117.84,116.13,116.66,107.26,9225500.0,,
"Jan 12, 2021",117.71,117.84,116.13,116.66,107.26,9225500.0,,
"Jan 11, 2021",117.42,118.13,117.27,117.94,108.44,6428200.0,,
"Jan 8, 2021",117.04,117.91,116.28,117.39,107.93,9350600.0,,
"Jan 7, 2021",115.48,117.0,115.3,116.83,107.42,12407100.0,,
"Jan 6, 2021",112.18,115.63,112.18,115.33,106.04,17833700.0,,
"Jan 5, 2021",112.75,114.16,112.27,113.77,104.61,11081900.0,,
"Jan 4, 2021",113.88,113.9,111.11,112.95,103.85,12911800.0,,
"Dec 31, 2020",112.27,113.62,111.9,113.44,104.3,5581200.0,,
"Dec 30, 2020",112.51,112.89,112.14,112.26,103.22,3563700.0,,
"Dec 29, 2020",112.27,112.79,111.9,112.28,103.24,5053300.0,,
"Dec 28, 2020",112.05,112.3,111.45,111.75,102.75,4390100.0,,
"Dec 24, 2020",111.2,111.68,111.05,111.47,102.49,1674700.0,,
"Dec 23, 2020",111.46,111.97,111.07,111.15,102.2,3920700.0,,
"Dec 22, 2020",111.21,111.47,110.44,111.07,102.12,13104100.0,,
"Dec 21, 2020",,,,,,,Dividend,0.464
"Dec 21, 2020",110.87,111.51,109.37,111.41,102.44,6129600.0,,
"Dec 18, 2020",113.02,113.27,111.79,113.0,103.47,7876700.0,,
"Dec 17, 2020",111.89,112.98,111.88,112.91,103.39,4263700.0,,
"Dec 16, 2020",111.94,112.34,111.23,111.71,102.29,5355400.0,,
"Dec 15, 2020",111.61,112.28,111.02,112.04,102.59,5007500.0,,
"Dec 14, 2020",112.53,113.09,110.77,110.84,101.49,8469300.0,,
"Dec 11, 2020",111.66,111.93,110.91,111.68,102.26,5222400.0,,
"Dec 10, 2020",112.29,112.74,111.89,112.12,102.66,5411000.0,,
"Dec 9, 2020",113.15,113.16,111.81,112.31,102.84,7386400.0,,
"Dec 8, 2020",111.58,112.79,111.54,112.7,103.2,7953200.0,,
"Dec 7, 2020",112.42,112.52,111.44,111.85,102.42,5803200.0,,
"Dec 4, 2020",111.39,112.56,111.25,112.54,103.05,7859600.0,,
"Dec 3, 2020",111.45,111.79,110.87,111.35,101.96,9795700.0,,
"Dec 2, 2020",110.74,111.68,110.67,111.49,102.09,8552400.0,,
"Dec 1, 2020",110.8,111.87,110.47,110.66,101.33,12682400.0,,
"Nov 30, 2020",109.48,109.84,108.9,109.74,100.49,12723400.0,,
"Nov 27, 2020",108.88,109.52,108.53,109.44,100.21,4443900.0,,
"Nov 25, 2020",108.97,109.05,107.99,108.44,99.3,11671800.0,,
"Nov 24, 2020",109.05,109.58,108.47,108.84,99.66,9615900.0,,
"Nov 23, 2020",109.34,109.4,107.84,108.52,99.37,7747700.0,,
"Nov 20, 2020",108.8,109.31,108.42,108.8,99.62,7674500.0,,
"Nov 19, 2020",109.13,109.22,108.24,109.05,99.85,10410900.0,,
"Nov 18, 2020",111.44,111.48,109.1,109.13,99.93,9849900.0,,
"Nov 17, 2020",111.36,111.61,110.67,111.2,101.82,8898100.0,,
"Nov 16, 2020",113.01,113.19,111.37,111.93,102.49,7586000.0,,
"Nov 13, 2020",111.27,112.55,111.07,112.12,102.66,6576100.0,,
"Nov 12, 2020",110.92,111.36,109.98,110.72,101.38,7856300.0,,
"Nov 11, 2020",112.16,112.16,110.59,111.13,101.76,9935400.0,,
"Nov 10, 2020",111.46,111.67,110.07,111.27,101.89,12526500.0,,
"Nov 9, 2020",113.92,114.41,110.81,110.95,101.59,20443000.0,,
"Nov 6, 2020",110.0,110.67,109.21,109.92,100.65,12311200.0,,
"Nov 5, 2020",111.17,111.25,109.68,109.88,100.61,12864800.0,,
"Nov 4, 2020",107.99,111.42,107.78,109.66,100.41,25531500.0,,
"Nov 3, 2020",104.76,106.14,104.68,105.0,96.15,9812900.0,,
"Nov 2, 2020",103.16,103.73,102.41,103.49,94.76,10287300.0,,
"Oct 30, 2020",101.56,102.16,100.31,101.66,93.09,10741700.0,,
"Oct 29, 2020",102.46,102.91,101.06,101.69,93.11,15974200.0,,
"Oct 28, 2020",104.14,104.77,102.4,102.53,93.88,11431700.0,,
"Oct 27, 2020",106.23,106.76,105.83,105.89,96.96,6893100.0,,
"Oct 26, 2020",106.95,107.08,105.6,106.62,97.63,8135500.0,,
"Oct 23, 2020",107.96,108.6,107.21,107.82,98.73,5697900.0,,
"Oct 22, 2020",105.97,107.61,105.96,107.42,98.36,6127100.0,,
"Oct 21, 2020",106.34,106.64,105.57,105.82,96.9,5474300.0,,
"Oct 20, 2020",106.59,107.23,106.17,106.35,97.38,7421100.0,,
"Oct 19, 2020",108.2,108.53,105.85,106.21,97.25,8308500.0,,
"Oct 16, 2020",107.21,108.72,107.17,107.92,98.82,7462100.0,,
"Oct 15, 2020",106.31,107.06,106.13,106.86,97.85,6197700.0,,
"Oct 14, 2020",108.23,108.68,107.3,107.64,98.56,5999900.0,,
"Oct 13, 2020",108.45,109.02,107.99,108.27,99.14,6773600.0,,
"Oct 12, 2020",108.85,109.53,108.49,109.1,99.9,5065000.0,,
"Oct 9, 2020",107.99,108.68,107.71,108.36,99.22,5636300.0,,
"Oct 8, 2020",107.49,107.74,107.16,107.39,98.33,5942700.0,,
"Oct 7, 2020",105.63,107.2,105.61,106.87,97.86,7873100.0,,
"Oct 6, 2020",106.6,106.66,104.79,104.89,96.04,7747200.0,,
"Oct 5, 2020",104.91,106.41,104.88,106.3,97.34,6661200.0,,
"Oct 2, 2020",104.12,105.21,103.71,104.16,95.38,8628700.0,,
"Oct 1, 2020",105.97,106.4,104.67,105.12,96.26,9113200.0,,
"Sep 30, 2020",104.14,106.33,104.12,105.48,96.58,7565500.0,,
"Sep 29, 2020",104.13,104.66,103.41,103.82,95.06,5402700.0,,
"Sep 28, 2020",104.01,104.76,103.75,103.95,95.18,6511100.0,,
"Sep 25, 2020",101.04,103.3,100.93,103.02,94.33,6769000.0,,
"Sep 24, 2020",101.54,101.9,100.77,101.39,92.84,8434600.0,,
"Sep 23, 2020",103.39,103.43,101.8,101.9,93.31,7681900.0,,
"Sep 22, 2020",103.01,103.28,102.03,102.96,94.28,7833300.0,,
"Sep 21, 2020",,,,,,,Dividend,0.418
"Sep 21, 2020",103.72,103.72,101.74,103.18,94.48,8783000.0,,
"Sep 18, 2020",105.83,106.22,104.56,105.54,96.26,8649300.0,,
"Sep 17, 2020",105.07,106.06,104.73,105.7,96.4,7597300.0,,
"Sep 16, 2020",106.8,107.01,105.93,106.05,96.72,7193300.0,,
"Sep 15, 2020",106.64,107.08,105.96,106.23,96.89,5580500.0,,
"Sep 14, 2020",105.44,106.66,105.23,106.09,96.76,5846900.0,,
"Sep 11, 2020",104.67,105.09,103.79,104.59,95.39,8764300.0,,
"Sep 10, 2020",106.1,106.1,103.9,104.18,95.02,9186200.0,,
"Sep 9, 2020",104.74,106.67,104.72,105.8,96.49,8200800.0,,
"Sep 8, 2020",105.53,105.57,103.67,103.96,94.82,9660200.0,,
"Sep 4, 2020",106.83,107.02,104.41,105.7,96.4,14715500.0,,
"Sep 3, 2020",109.58,109.74,105.7,106.46,97.1,13337300.0,,
"Sep 2, 2020",107.39,109.73,106.94,109.44,99.81,8495800.0,,
"Sep 1, 2020",108.12,108.29,106.64,107.29,97.85,10999300.0,,
"Aug 31, 2020",107.77,108.78,107.68,108.26,98.74,6721100.0,,
"Aug 28, 2020",108.06,108.06,107.2,108.0,98.5,5159600.0,,
"Aug 27, 2020",107.1,108.26,106.34,107.76,98.28,7775200.0,,
"Aug 26, 2020",106.83,107.04,105.77,106.92,97.52,6995300.0,,
"Aug 25, 2020",106.87,107.09,106.46,107.05,97.63,5096500.0,,
"Aug 24, 2020",107.33,107.37,105.68,106.33,96.98,6363200.0,,
"Aug 24, 2020",107.33,107.37,105.68,106.33,96.98,6363200.0,,
"Aug 21, 2020",106.54,106.96,105.99,106.82,97.42,6466700.0,,
"Aug 20, 2020",106.58,106.95,106.43,106.71,97.32,4938300.0,,
"Aug 19, 2020",107.5,107.8,106.82,107.05,97.63,6308100.0,,
"Aug 18, 2020",107.65,107.83,106.84,107.4,97.95,4220500.0,,
"Aug 17, 2020",106.99,107.84,106.94,107.43,97.98,4610200.0,,
"Aug 14, 2020",106.81,107.28,106.39,106.8,97.41,3826200.0,,
"Aug 13, 2020",107.02,107.12,106.29,107.01,97.6,5323300.0,,
"Aug 12, 2020",105.95,107.49,105.91,107.15,97.73,8205500.0,,
"Aug 11, 2020",106.64,106.74,105.13,105.38,96.11,8115900.0,,
"Aug 10, 2020",106.43,106.52,105.77,106.05,96.72,4640200.0,,
"Aug 7, 2020",105.96,106.43,105.66,106.41,97.05,4274000.0,,
"Aug 6, 2020",106.51,106.96,105.3,106.07,96.74,5369700.0,,
"Aug 5, 2020",106.73,106.83,106.37,106.64,97.26,4406600.0,,
"Aug 4, 2020",106.38,106.63,105.49,106.15,96.81,6092900.0,,
"Aug 3, 2020",106.19,106.97,106.0,106.62,97.24,8811800.0,,
"Jul 31, 2020",105.81,106.1,104.15,105.53,96.25,6920400.0,,
"Jul 30, 2020",105.85,106.32,105.0,106.14,96.8,5349200.0,,
"Jul 29, 2020",106.01,107.31,105.94,106.88,97.48,5449800.0,,
"Jul 28, 2020",105.94,106.47,105.57,105.77,96.47,6239400.0,,
"Jul 27, 2020",105.06,106.16,104.73,105.89,96.58,5934200.0,,
"Jul 24, 2020",106.1,106.16,104.43,105.1,95.86,6241000.0,,
"Jul 23, 2020",107.09,107.53,105.92,106.27,96.92,6970100.0,,
"Jul 22, 2020",106.28,106.93,105.73,106.75,97.36,5648400.0,,
"Jul 21, 2020",106.23,106.63,105.58,105.8,96.49,7458600.0,,
"Jul 20, 2020",106.13,106.49,105.52,105.87,96.56,6776300.0,,
"Jul 17, 2020",105.01,106.25,104.86,105.89,96.58,7548600.0,,
"Jul 16, 2020",104.53,104.54,103.72,104.46,95.27,6412200.0,,
"Jul 15, 2020",104.05,104.93,103.83,104.63,95.43,9606900.0,,
"Jul 14, 2020",101.04,103.46,100.85,103.29,94.2,10889900.0,,
"Jul 13, 2020",101.29,103.15,101.02,101.28,92.37,10167200.0,,
"Jul 10, 2020",101.03,101.13,99.97,100.71,91.85,10502700.0,,
"Jul 9, 2020",101.64,102.02,99.68,100.95,92.07,10521700.0,,
"Jul 8, 2020",102.09,102.4,101.07,101.75,92.8,5624900.0,,
"Jul 7, 2020",101.88,102.97,101.6,101.74,92.79,5913200.0,,
"Jul 6, 2020",102.77,103.22,102.14,102.63,93.6,6374400.0,,
"Jul 2, 2020",101.73,102.18,101.38,101.6,92.66,6502400.0,,
"Jul 1, 2020",100.54,101.26,99.91,100.84,91.97,10932800.0,,
"Jun 30, 2020",98.42,100.6,98.13,100.07,91.27,9183000.0,,
"Jun 29, 2020",98.28,98.57,97.52,98.39,89.74,7490200.0,,
"Jun 26, 2020",98.53,98.78,97.04,97.51,88.93,16631400.0,,
"Jun 25, 2020",97.66,98.83,96.84,98.71,90.03,10506300.0,,
"Jun 24, 2020",99.62,99.82,97.04,97.75,89.15,15739700.0,,
"Jun 23, 2020",100.63,101.23,100.18,100.37,91.54,5369900.0,,
"Jun 22, 2020",,,,,,,Dividend,0.425
"Jun 22, 2020",99.91,100.08,98.91,99.94,91.15,6889200.0,,
"Jun 19, 2020",100.93,101.34,99.71,100.75,91.5,12177000.0,,
"Jun 18, 2020",99.56,100.02,99.16,99.79,90.63,7115200.0,,
"Jun 17, 2020",100.73,100.91,99.78,100.13,90.94,9086200.0,,
"Jun 16, 2020",100.12,100.87,98.58,100.23,91.03,13272800.0,,
"Jun 15, 2020",96.14,98.38,95.42,97.82,88.84,14521800.0,,
"Jun 12, 2020",99.0,99.32,95.92,97.6,88.64,19397200.0,,
"Jun 11, 2020",101.79,101.98,96.63,96.97,88.07,39561900.0,,
"Jun 10, 2020",103.18,103.52,102.23,102.68,93.25,10519700.0,,
"Jun 9, 2020",103.71,104.22,102.72,102.84,93.4,10371100.0,,
"Jun 8, 2020",102.8,103.96,102.55,103.92,94.38,8191300.0,,
"Jun 5, 2020",102.21,104.04,101.68,103.21,93.73,14579500.0,,
"Jun 4, 2020",101.76,102.47,100.92,101.57,92.25,10848300.0,,
"Jun 3, 2020",102.88,102.98,101.95,102.38,92.98,10020900.0,,
"Jun 2, 2020",102.03,102.63,101.42,102.58,93.16,13162300.0,,
"Jun 1, 2020",102.36,102.48,101.35,101.99,92.63,8436200.0,,
"May 29, 2020",102.22,103.23,100.69,103.01,93.55,19055300.0,,
"May 28, 2020",101.29,102.8,101.26,101.78,92.44,11707700.0,,
"May 27, 2020",99.58,100.47,98.07,100.47,91.25,15551900.0,,
"May 26, 2020",101.19,101.28,99.28,99.44,90.31,10828800.0,,
"May 22, 2020",99.42,99.7,98.9,99.62,90.47,10233200.0,,
"May 21, 2020",99.87,99.93,98.83,99.41,90.28,12259500.0,,
"May 20, 2020",100.79,101.17,99.92,100.15,90.96,10058000.0,,
"May 19, 2020",100.93,101.45,100.02,100.03,90.85,10561400.0,,
"May 18, 2020",102.3,102.77,101.19,101.25,91.95,10557300.0,,
"May 15, 2020",99.3,100.51,99.07,100.42,91.2,15170200.0,,
"May 14, 2020",97.59,99.63,97.57,99.58,90.44,12021400.0,,
"May 13, 2020",99.45,100.22,97.71,98.5,89.46,12667200.0,,
"May 12, 2020",101.71,101.8,99.57,99.58,90.44,18471000.0,,
"May 11, 2020",99.0,101.38,99.0,101.12,91.84,15115100.0,,
"May 8, 2020",99.96,100.0,99.11,99.41,90.28,10374500.0,,
"May 7, 2020",99.92,99.93,98.78,98.9,89.82,9453900.0,,
"May 6, 2020",100.42,100.49,98.86,98.91,89.83,9493200.0,,
"May 5, 2020",98.64,100.62,98.39,99.9,90.73,11498300.0,,
"May 4, 2020",97.53,98.0,96.89,97.78,88.8,8991300.0,,
"May 1, 2020",98.59,98.77,96.95,97.83,88.85,10102000.0,,
"Apr 30, 2020",99.76,100.38,99.21,99.73,90.57,12768900.0,,
"Apr 29, 2020",101.06,101.06,99.54,100.19,90.99,9939900.0,,
"Apr 28, 2020",102.26,102.26,99.41,99.53,90.39,11517500.0,,
"Apr 27, 2020",100.99,102.01,100.83,101.58,92.25,8022100.0,,
"Apr 24, 2020",99.56,100.49,98.94,100.29,91.08,7853300.0,,
"Apr 23, 2020",98.94,100.49,98.74,98.96,89.88,16013300.0,,
"Apr 22, 2020",98.35,99.03,97.74,98.42,89.38,11994100.0,,
"Apr 21, 2020",98.27,98.83,96.62,96.94,88.04,9291400.0,,
"Apr 20, 2020",99.82,101.41,99.71,99.98,90.8,10558100.0,,
"Apr 17, 2020",101.13,101.13,99.39,100.78,91.53,11504400.0,,
"Apr 16, 2020",97.34,98.98,97.03,98.73,89.67,11331600.0,,
"Apr 15, 2020",95.83,97.19,95.29,96.62,87.75,11019000.0,,
"Apr 14, 2020",95.84,97.47,95.52,97.12,88.2,12830800.0,,
"Apr 13, 2020",94.49,94.82,92.66,94.0,85.37,9606600.0,,
"Apr 9, 2020",95.17,95.35,93.97,94.83,86.12,12982500.0,,
"Apr 8, 2020",91.36,94.86,90.22,94.31,85.65,32624300.0,,
"Apr 7, 2020",93.65,93.82,90.49,90.58,82.26,16699200.0,,
"Apr 6, 2020",89.54,91.85,89.14,91.33,82.95,13472900.0,,
"Apr 3, 2020",87.29,88.12,85.8,86.78,78.81,12934200.0,,
"Apr 3, 2020",87.29,88.12,85.8,86.78,78.81,12934200.0,,
"Apr 2, 2020",84.78,87.77,83.93,87.57,79.53,13588000.0,,
"Apr 1, 2020",85.62,86.39,84.39,85.21,77.39,15255200.0,,
"Mar 31, 2020",89.05,89.53,87.64,88.58,80.45,13584900.0,,
"Mar 30, 2020",86.52,89.14,86.51,88.97,80.8,13766700.0,,
"Mar 27, 2020",84.34,87.23,84.28,84.99,77.19,13043200.0,,
"Mar 26, 2020",82.17,87.31,82.01,86.85,78.88,18822500.0,,
"Mar 25, 2020",79.84,84.09,78.87,81.44,73.96,16851800.0,,
"Mar 24, 2020",78.15,80.53,77.57,80.37,72.99,16775800.0,,
"Mar 23, 2020",,,,,,,Dividend,0.382
"Mar 23, 2020",78.2,78.31,73.54,74.62,67.77,33633000.0,,
"Mar 20, 2020",82.96,83.81,78.64,79.09,71.48,22004900.0,,
"Mar 19, 2020",83.03,84.26,81.33,82.25,74.34,27121100.0,,
"Mar 18, 2020",82.4,85.3,79.92,83.97,75.89,28931000.0,,
"Mar 17, 2020",83.41,87.55,82.35,86.85,78.5,27899700.0,,
"Mar 16, 2020",82.52,87.05,80.67,81.72,73.86,21474800.0,,
"Mar 13, 2020",88.72,90.9,84.16,90.66,81.94,29162800.0,,
"Mar 12, 2020",86.01,89.73,82.9,84.78,76.62,20652200.0,,
"Mar 11, 2020",93.01,93.67,90.45,91.62,82.81,23217900.0,,
"Mar 10, 2020",94.76,95.42,90.94,95.26,86.1,26473200.0,,
"Mar 9, 2020",91.39,94.28,90.01,92.1,83.24,21968500.0,,
"Mar 6, 2020",94.99,97.5,94.6,97.15,87.81,17917700.0,,
"Mar 5, 2020",97.85,99.19,96.56,97.67,88.28,17873000.0,,
"Mar 4, 2020",97.38,100.15,97.18,99.99,90.37,26418700.0,,
"Mar 3, 2020",97.19,98.89,93.27,94.54,85.45,33385500.0,,
"Mar 2, 2020",92.64,97.1,92.32,96.95,87.62,22359400.0,,
"Feb 28, 2020",91.35,92.66,89.98,92.61,83.7,27750600.0,,
"Feb 27, 2020",96.07,97.34,93.8,93.82,84.8,22047900.0,,
"Feb 26, 2020",97.67,98.82,96.91,97.12,87.78,13721600.0,,
"Feb 25, 2020",100.53,100.75,96.79,97.13,87.79,20301600.0,,
"Feb 24, 2020",100.93,101.61,99.69,100.17,90.53,16284500.0,,
"Feb 21, 2020",102.97,103.53,102.61,103.43,93.48,6510800.0,,
"Feb 20, 2020",103.8,103.9,102.43,103.37,93.43,8080900.0,,
"Feb 19, 2020",103.83,104.19,103.73,104.04,94.03,6427900.0,,
"Feb 18, 2020",103.93,104.06,103.22,103.56,93.6,8409300.0,,
"Feb 14, 2020",103.96,104.0,103.42,103.93,93.93,5114200.0,,
"Feb 13, 2020",103.96,104.28,103.64,103.85,93.86,4778500.0,,
"Feb 12, 2020",104.6,104.84,103.92,104.34,94.3,4705700.0,,
"Feb 11, 2020",103.95,104.3,103.74,104.21,94.19,10277100.0,,
"Feb 10, 2020",102.66,103.59,102.58,103.59,93.63,4010100.0,,
"Feb 7, 2020",103.86,103.95,102.88,103.04,93.13,6057200.0,,
"Feb 6, 2020",104.24,104.24,103.4,103.85,93.86,6166500.0,,
"Feb 5, 2020",102.28,104.12,102.27,103.76,93.78,14131000.0,,
"Feb 4, 2020",101.29,102.21,101.27,101.8,92.01,9575100.0,,
"Feb 3, 2020",99.83,100.76,99.83,100.04,90.42,11850600.0,,
"Jan 31, 2020",100.76,100.84,98.81,99.14,89.6,14476700.0,,
"Jan 30, 2020",101.15,101.22,100.29,101.16,91.43,10989400.0,,
"Jan 29, 2020",102.28,102.64,101.88,101.9,92.1,6435700.0,,
"Jan 28, 2020",101.98,102.58,101.7,102.18,92.35,8079900.0,,
"Jan 27, 2020",101.22,102.07,101.08,101.68,91.9,11762300.0,,
"Jan 24, 2020",104.32,104.37,102.2,102.46,92.6,15962700.0,,
"Jan 23, 2020",104.55,104.7,103.48,104.2,94.18,8522600.0,,
"Jan 22, 2020",104.83,105.08,104.59,104.73,94.66,9431500.0,,
"Jan 21, 2020",104.25,104.84,104.21,104.6,94.54,6644800.0,,
"Jan 17, 2020",104.23,104.65,104.23,104.49,94.44,6533400.0,,
"Jan 16, 2020",104.38,104.56,103.97,104.49,94.44,5479900.0,,
"Jan 15, 2020",103.18,104.22,103.1,103.95,93.95,7521800.0,,
"Jan 14, 2020",102.13,103.08,101.95,103.06,93.15,7294900.0,,
"Jan 13, 2020",102.97,102.99,102.09,102.44,92.59,7621700.0,,
"Jan 10, 2020",103.16,103.33,102.62,102.8,92.91,9300300.0,,
"Jan 9, 2020",102.64,103.05,102.42,102.77,92.88,6660600.0,,
"Jan 8, 2020",101.72,102.79,101.68,102.33,92.49,7494700.0,,
"Jan 7, 2020",101.59,101.76,101.1,101.67,91.89,6335300.0,,
"Jan 6, 2020",100.78,101.9,100.75,101.87,92.07,6441800.0,,
"Jan 3, 2020",100.95,101.82,100.45,101.24,91.5,8247500.0,,
"Jan 2, 2020",102.17,102.29,101.4,102.13,92.31,6277400.0,,
"Dec 31, 2019",101.44,101.95,101.27,101.86,92.06,4746700.0,,
"Dec 30, 2019",,,,,,,Dividend,0.666
"Dec 30, 2019",102.27,102.49,101.51,101.66,91.88,5665100.0,,
"Dec 27, 2019",103.13,103.14,102.71,102.94,92.44,3605000.0,,
"Dec 26, 2019",103.11,103.23,102.58,102.91,92.41,2910100.0,,
"Dec 24, 2019",103.11,103.24,102.73,102.98,92.47,2071800.0,,
"Dec 23, 2019",102.94,103.22,102.68,103.11,92.59,4770900.0,,
"Dec 20, 2019",,,,,,,Dividend,0.422
"Dec 20, 2019",102.28,102.93,102.28,102.7,92.22,8586500.0,,
"Dec 19, 2019",102.21,102.51,102.05,102.4,91.57,6637200.0,,
"Dec 18, 2019",101.9,102.2,101.79,102.0,91.21,5202900.0,,
"Dec 17, 2019",102.1,102.25,101.72,101.86,91.09,4643600.0,,
"Dec 16, 2019",101.47,102.34,101.47,101.97,91.19,7730300.0,,
"Dec 13, 2019",100.85,101.47,100.47,100.88,90.21,6433200.0,,
"Dec 12, 2019",100.07,101.28,100.02,100.95,90.28,9769100.0,,
"Dec 11, 2019",100.01,100.27,99.82,100.02,89.44,6064300.0,,
"Dec 10, 2019",99.69,100.02,99.3,99.93,89.36,6027900.0,,
"Dec 9, 2019",100.45,100.47,99.71,99.71,89.17,5148900.0,,
"Dec 6, 2019",100.27,100.75,100.2,100.41,89.79,5658500.0,,
"Dec 5, 2019",99.81,99.9,98.91,99.75,89.2,7390400.0,,
"Dec 4, 2019",99.23,99.88,99.13,99.75,89.2,6237600.0,,
"Dec 3, 2019",98.3,98.91,98.03,98.83,88.38,7709700.0,,
"Dec 2, 2019",99.69,99.72,98.73,99.05,88.58,6682200.0,,
"Nov 29, 2019",99.58,99.81,99.29,99.49,88.97,2392000.0,,
"Nov 27, 2019",99.47,99.99,99.38,99.84,89.28,6333200.0,,
"Nov 26, 2019",99.4,99.56,99.0,99.33,88.83,11073300.0,,
"Nov 25, 2019",98.66,99.43,98.51,99.41,88.9,11726500.0,,
"Nov 22, 2019",98.08,98.4,97.87,98.26,87.87,6141800.0,,
"Nov 21, 2019",97.72,97.98,97.05,97.91,87.56,9122400.0,,
"Nov 20, 2019",97.63,97.97,97.08,97.66,87.33,12305600.0,,
"Nov 19, 2019",97.47,97.93,97.22,97.79,87.45,10025800.0,,
"Nov 18, 2019",97.37,97.93,97.01,97.13,86.86,11251400.0,,
"Nov 15, 2019",95.76,97.63,95.67,97.46,87.15,11337700.0,,
"Nov 14, 2019",95.4,95.57,94.85,95.43,85.34,6498800.0,,
"Nov 14, 2019",95.4,95.57,94.85,95.43,85.34,6498800.0,,
"Nov 13, 2019",95.05,95.65,94.9,95.42,85.33,6507700.0,,
"Nov 12, 2019",94.89,95.65,94.76,95.31,85.23,13801500.0,,
"Nov 11, 2019",94.77,94.97,94.48,94.74,84.72,6092500.0,,
"Nov 8, 2019",94.38,95.15,94.27,95.13,85.07,7756900.0,,
"Nov 7, 2019",94.59,94.74,94.16,94.44,84.45,7827900.0,,
"Nov 6, 2019",94.0,94.41,93.71,94.23,84.27,13130200.0,,
"Nov 5, 2019",94.72,94.73,93.7,93.91,83.98,13273800.0,,
"Nov 4, 2019",95.31,95.36,94.54,94.58,84.58,9878200.0,,
"Nov 1, 2019",95.26,95.67,94.85,94.87,84.84,14670800.0,,
"Oct 31, 2019",94.68,94.81,94.14,94.75,84.73,9675200.0,,
"Oct 30, 2019",94.36,94.9,93.99,94.86,84.83,10179700.0,,
"Oct 29, 2019",93.23,94.48,93.0,94.33,84.36,13768400.0,,
"Oct 28, 2019",92.3,93.2,92.22,93.01,83.18,6937900.0,,
"Oct 25, 2019",91.72,92.31,91.48,92.06,82.33,5536900.0,,
"Oct 24, 2019",92.59,92.69,91.63,91.96,82.24,6892300.0,,
"Oct 23, 2019",92.02,92.7,91.83,92.43,82.66,5525000.0,,
"Oct 22, 2019",92.36,92.95,91.82,91.86,82.15,8702400.0,,
"Oct 21, 2019",92.14,92.28,91.48,91.66,81.97,4948400.0,,
"Oct 18, 2019",91.84,92.24,91.35,91.76,82.06,6784700.0,,
"Oct 17, 2019",91.72,92.36,91.68,92.1,82.36,7536100.0,,
"Oct 16, 2019",91.47,91.89,91.27,91.42,81.75,7851500.0,,
"Oct 15, 2019",90.89,91.86,90.83,91.54,81.86,12607900.0,,
"Oct 14, 2019",89.88,90.34,89.76,89.9,80.39,4915600.0,,
"Oct 11, 2019",90.05,91.0,89.9,89.94,80.43,10773200.0,,
"Oct 10, 2019",88.5,89.51,88.42,89.2,79.77,8232300.0,,
"Oct 9, 2019",88.66,89.02,88.36,88.76,79.37,7350200.0,,
"Oct 8, 2019",89.08,89.12,88.1,88.12,78.8,10649300.0,,
"Oct 7, 2019",89.76,90.42,89.63,89.83,80.33,8247200.0,,
"Oct 4, 2019",89.0,90.18,88.95,90.13,80.6,9146600.0,,
"Oct 3, 2019",87.83,88.77,87.2,88.74,79.36,11958800.0,,
"Oct 2, 2019",88.97,89.15,87.56,87.95,78.65,13385000.0,,
"Oct 1, 2019",90.37,90.57,89.07,89.25,79.81,13413900.0,,
"Sep 30, 2019",89.45,90.68,89.39,90.13,80.6,8031600.0,,
"Sep 27, 2019",90.03,90.16,89.0,89.33,79.88,10017300.0,,
"Sep 26, 2019",90.53,90.56,89.04,89.73,80.24,10004500.0,,
"Sep 25, 2019",90.68,90.76,90.1,90.23,80.69,7956800.0,,
"Sep 24, 2019",91.85,91.91,90.35,90.67,81.08,10542600.0,,
"Sep 23, 2019",91.73,92.06,91.48,91.51,81.83,4232900.0,,
"Sep 20, 2019",,,,,,,Dividend,0.38
"Sep 20, 2019",91.7,92.43,91.69,92.0,82.27,8935700.0,,
"Sep 19, 2019",91.55,92.28,91.38,91.87,81.82,5058600.0,,
"Sep 18, 2019",91.45,91.56,90.79,91.44,81.43,5369800.0,,
"Sep 17, 2019",91.26,91.7,91.13,91.45,81.44,3932900.0,,
"Sep 16, 2019",91.01,91.54,90.9,91.31,81.32,6668100.0,,
"Sep 13, 2019",91.67,92.25,91.32,91.51,81.5,6351000.0,,
"Sep 12, 2019",92.0,92.38,91.51,91.56,81.54,9344700.0,,
"Sep 11, 2019",90.84,91.62,90.62,91.59,81.57,8124300.0,,
"Sep 10, 2019",89.97,90.7,89.02,90.69,80.77,8770700.0,,
"Sep 9, 2019",91.35,91.38,90.1,90.43,80.53,10675900.0,,
"Sep 6, 2019",91.21,91.53,91.08,91.27,81.28,13166400.0,,
"Sep 5, 2019",90.9,91.22,90.42,91.02,81.06,7897400.0,,
"Sep 4, 2019",90.66,90.71,89.71,90.13,80.27,9318700.0,,
"Sep 3, 2019",90.07,90.5,89.75,90.07,80.21,6437800.0,,
"Aug 30, 2019",90.91,91.09,90.21,90.6,80.68,4784100.0,,
"Aug 29, 2019",90.49,90.75,89.91,90.49,80.59,4360300.0,,
"Aug 28, 2019",88.85,90.0,88.72,89.81,79.98,5691500.0,,
"Aug 27, 2019",90.24,90.55,89.1,89.16,79.4,8252000.0,,
"Aug 26, 2019",89.47,89.76,89.1,89.69,79.87,8913900.0,,
"Aug 23, 2019",90.7,91.04,88.32,88.76,79.05,9822700.0,,
"Aug 22, 2019",91.48,91.69,90.5,90.86,80.92,6486900.0,,
"Aug 21, 2019",91.27,91.53,91.04,91.31,81.32,5687100.0,,
"Aug 20, 2019",91.45,91.64,90.57,90.64,80.72,4708800.0,,
"Aug 19, 2019",91.26,91.65,91.11,91.42,81.42,6427200.0,,
"Aug 16, 2019",90.06,90.79,90.0,90.55,80.64,10239300.0,,
"Aug 15, 2019",89.52,89.79,88.87,89.45,79.66,12315200.0,,
"Aug 14, 2019",90.75,90.97,89.09,89.14,79.38,16426100.0,,
"Aug 13, 2019",90.48,92.17,90.4,91.69,81.66,12232500.0,,
"Aug 12, 2019",91.06,91.4,90.16,90.51,80.6,7097100.0,,
"Aug 9, 2019",91.13,91.98,90.61,91.4,81.4,7253100.0,,
"Aug 8, 2019",90.37,91.38,90.25,91.29,81.3,12034800.0,,
"Aug 7, 2019",89.33,90.34,88.2,90.09,80.23,12452500.0,,
"Aug 6, 2019",89.36,90.08,88.87,90.06,80.2,10135900.0,,
"Aug 5, 2019",90.02,90.38,88.19,88.91,79.18,17626200.0,,
"Aug 2, 2019",91.13,91.41,90.46,91.05,81.09,15956600.0,,
"Aug 1, 2019",91.15,92.24,90.71,91.26,81.27,16422500.0,,
"Jul 31, 2019",91.95,92.33,90.58,91.14,81.17,8557400.0,,
"Jul 30, 2019",91.74,92.09,91.36,92.05,81.98,7959200.0,,
"Jul 29, 2019",92.12,92.52,91.97,92.45,82.33,5887500.0,,
"Jul 26, 2019",92.06,92.24,91.72,92.07,81.99,3812400.0,,
"Jul 25, 2019",91.94,92.29,91.54,91.74,81.7,6618700.0,,
"Jul 24, 2019",92.0,92.2,91.17,92.19,82.1,5430400.0,,
"Jul 23, 2019",91.7,92.28,91.32,92.14,82.06,6688600.0,,
"Jul 22, 2019",91.86,91.92,91.49,91.57,81.55,5192500.0,,
"Jul 19, 2019",92.93,92.97,91.68,91.76,81.72,8105900.0,,
"Jul 18, 2019",92.19,92.87,91.74,92.72,82.57,6559500.0,,
"Jul 17, 2019",92.37,92.68,92.19,92.2,82.11,9566700.0,,
"Jul 16, 2019",92.57,92.7,92.12,92.18,82.09,9092300.0,,
"Jul 15, 2019",92.49,92.86,92.18,92.64,82.5,5811100.0,,
"Jul 12, 2019",93.17,93.19,91.8,92.44,82.32,11508200.0,,
"Jul 11, 2019",94.11,94.15,92.85,93.48,83.25,13691700.0,,
"Jul 10, 2019",93.35,93.71,93.07,93.46,83.23,5347300.0,,
"Jul 9, 2019",92.71,93.24,92.7,93.14,82.95,5537300.0,,
"Jul 8, 2019",93.39,93.42,92.62,93.05,82.87,15202000.0,,
"Jul 5, 2019",94.0,94.23,93.54,93.75,83.49,5934300.0,,
"Jul 3, 2019",93.81,94.42,93.8,94.4,84.07,4066000.0,,
"Jul 2, 2019",93.18,93.6,92.65,93.6,83.36,7952500.0,,
"Jul 1, 2019",93.37,93.41,92.72,93.1,82.91,7797200.0,,
"Jun 28, 2019",92.37,92.72,91.84,92.64,82.5,9390600.0,,
"Jun 27, 2019",92.01,92.51,91.83,92.33,82.23,7416200.0,,
"Jun 27, 2019",92.01,92.51,91.83,92.33,82.23,7416200.0,,
"Jun 26, 2019",92.99,93.0,91.5,91.69,81.66,10498400.0,,
"Jun 25, 2019",93.31,93.74,92.77,92.86,82.7,14930600.0,,
"Jun 24, 2019",93.61,93.67,93.07,93.24,83.04,6493600.0,,
"Jun 21, 2019",,,,,,,Dividend,0.398
"Jun 21, 2019",93.19,93.91,92.66,93.73,83.47,9026100.0,,
"Jun 20, 2019",94.04,94.33,93.14,93.68,83.07,9241200.0,,
"Jun 19, 2019",92.46,93.48,92.4,93.27,82.71,6988100.0,,
"Jun 18, 2019",92.12,92.76,91.94,92.44,81.97,7979600.0,,
"Jun 17, 2019",91.34,91.72,91.21,91.66,81.28,4861500.0,,
"Jun 14, 2019",91.5,91.77,91.18,91.25,80.92,5056300.0,,
"Jun 13, 2019",91.73,91.73,91.1,91.46,81.1,9031800.0,,
"Jun 12, 2019",91.15,91.6,91.06,91.57,81.2,5799200.0,,
"Jun 11, 2019",91.73,91.96,90.9,91.13,80.81,8317900.0,,
"Jun 10, 2019",91.29,91.58,90.95,91.28,80.95,8552800.0,,
"Jun 7, 2019",90.36,91.23,90.33,91.01,80.71,9302700.0,,
"Jun 6, 2019",89.75,90.43,89.54,90.07,79.87,18840900.0,,
"Jun 5, 2019",89.59,89.82,88.97,89.61,79.46,24291700.0,,
"Jun 4, 2019",88.22,89.09,88.11,88.94,78.87,15837200.0,,
"Jun 3, 2019",87.36,88.24,87.31,87.49,77.58,19371000.0,,
"May 31, 2019",87.34,87.69,86.77,87.28,77.4,10712900.0,,
"May 30, 2019",87.6,88.05,87.51,87.91,77.96,12457600.0,,
"May 29, 2019",87.85,87.86,86.82,87.43,77.53,16302700.0,,
"May 28, 2019",89.64,90.18,88.27,88.28,78.28,20796000.0,,
"May 24, 2019",89.74,90.1,89.34,89.56,79.42,9986400.0,,
"May 23, 2019",89.29,89.43,88.68,89.43,79.3,13545300.0,,
"May 22, 2019",88.97,89.94,88.89,89.74,79.58,9021800.0,,
"May 21, 2019",88.9,89.61,88.84,89.23,79.13,11690600.0,,
"May 20, 2019",88.06,88.68,87.75,88.4,78.39,10757400.0,,
"May 17, 2019",87.9,89.14,87.9,88.44,78.43,13354100.0,,
"May 16, 2019",88.13,89.39,88.07,88.63,78.6,15124000.0,,
"May 15, 2019",87.22,88.24,86.83,87.94,77.98,10587700.0,,
"May 14, 2019",87.64,88.29,87.47,87.68,77.75,13147000.0,,
"May 13, 2019",87.4,88.86,86.9,87.24,77.36,17436000.0,,
"May 10, 2019",88.59,89.14,87.01,88.91,78.84,17771800.0,,
"May 9, 2019",88.28,89.17,87.86,88.88,78.82,15692300.0,,
"May 8, 2019",88.84,89.48,88.34,89.07,78.99,13783300.0,,
"May 7, 2019",89.92,90.36,88.36,88.88,78.82,18011600.0,,
"May 6, 2019",88.85,90.85,88.7,90.62,80.36,25168300.0,,
"May 3, 2019",89.73,90.19,89.58,90.16,79.95,13624000.0,,
"May 2, 2019",89.01,89.57,88.5,89.48,79.35,18927500.0,,
"May 1, 2019",89.38,89.73,88.6,89.1,79.01,25596400.0,,
"Apr 30, 2019",89.11,89.43,88.48,89.26,79.15,11750900.0,,
"Apr 29, 2019",89.04,89.2,88.47,88.85,78.79,13264400.0,,
"Apr 26, 2019",88.25,89.04,88.06,89.01,78.93,11321700.0,,
"Apr 25, 2019",87.04,88.39,86.68,88.13,78.15,16166400.0,,
"Apr 24, 2019",87.36,87.54,86.84,87.23,77.35,14612800.0,,
"Apr 23, 2019",85.94,87.79,85.79,87.33,77.44,30503400.0,,
"Apr 22, 2019",85.78,86.47,85.51,85.97,76.24,18717700.0,,
"Apr 18, 2019",86.04,86.45,84.65,85.92,76.19,35300900.0,,
"Apr 17, 2019",88.62,88.64,85.33,85.78,76.07,34381800.0,,
"Apr 16, 2019",90.92,91.03,88.17,88.32,78.32,14857100.0,,
"Apr 15, 2019",89.92,90.24,89.75,90.17,79.96,7921900.0,,
"Apr 12, 2019",90.99,91.02,89.66,89.81,79.64,11659000.0,,
"Apr 11, 2019",91.97,92.02,90.24,90.64,80.38,8534200.0,,
"Apr 10, 2019",91.85,92.02,91.61,91.77,81.38,5433400.0,,
"Apr 9, 2019",91.66,91.94,91.41,91.74,81.35,7207600.0,,
"Apr 8, 2019",91.93,92.07,91.33,91.98,81.57,5961200.0,,
"Apr 5, 2019",91.59,92.16,91.53,92.0,81.58,6262000.0,,
"Apr 4, 2019",91.64,91.75,90.84,91.37,81.03,9212400.0,,
"Apr 3, 2019",92.09,92.14,91.29,91.56,81.19,7398700.0,,
"Apr 2, 2019",91.91,92.05,91.51,91.68,81.3,7002200.0,,
"Apr 1, 2019",92.31,92.45,91.68,91.89,81.49,9082000.0,,
"Mar 29, 2019",91.2,91.83,91.0,91.75,81.36,10120900.0,,
"Mar 28, 2019",90.7,90.91,90.19,90.66,80.4,6726800.0,,
"Mar 27, 2019",91.08,91.29,89.8,90.43,80.19,10817400.0,,
"Mar 26, 2019",91.1,91.77,90.55,91.19,80.87,8107200.0,,
"Mar 25, 2019",90.78,90.86,89.92,90.57,80.32,9893300.0,,
"Mar 22, 2019",91.9,92.24,90.6,90.62,80.36,12162600.0,,
"Mar 21, 2019",91.17,92.44,91.04,92.3,81.85,7398200.0,,
"Mar 20, 2019",92.47,92.58,91.58,91.94,81.53,11123700.0,,
"Mar 19, 2019",92.17,92.84,91.84,92.58,82.1,11308700.0,,
"Mar 18, 2019",92.08,92.17,91.52,91.85,81.45,7183500.0,,
"Mar 15, 2019",,,,,,,Dividend,0.341
"Mar 15, 2019",91.73,92.14,91.41,91.99,81.57,10219400.0,,
"Mar 14, 2019",92.03,92.15,91.58,91.91,81.2,9283800.0,,
"Mar 13, 2019",91.35,92.31,91.29,92.06,81.33,10098300.0,,
"Mar 12, 2019",90.65,91.29,90.52,91.08,80.47,8981600.0,,
"Mar 11, 2019",89.64,90.5,89.38,90.42,79.89,9694300.0,,
"Mar 8, 2019",89.11,89.45,88.63,89.4,78.98,11531200.0,,
"Mar 7, 2019",90.17,90.36,89.28,89.59,79.15,14430700.0,,
"Mar 6, 2019",91.65,91.77,90.05,90.3,79.78,11662400.0,,
"Mar 5, 2019",91.73,91.97,91.17,91.64,80.96,13591700.0,,
"Mar 4, 2019",93.28,93.45,91.06,91.69,81.01,15208400.0,,
"Mar 1, 2019",92.22,93.08,92.14,92.95,82.12,10795200.0,,
"Feb 28, 2019",91.75,92.25,91.55,91.65,80.97,9464100.0,,
"Feb 27, 2019",92.04,92.36,91.61,91.92,81.21,9827600.0,,
"Feb 26, 2019",92.47,92.72,92.24,92.35,81.59,7288000.0,,
"Feb 25, 2019",93.02,93.24,92.61,92.68,81.88,7652600.0,,
"Feb 22, 2019",91.89,92.63,91.78,92.55,81.77,6488100.0,,
"Feb 21, 2019",92.19,92.25,91.3,91.71,81.02,8368500.0,,
"Feb 20, 2019",92.4,92.64,92.06,92.52,81.74,6959900.0,,
"Feb 19, 2019",92.6,92.99,92.59,92.63,81.84,6284100.0,,
"Feb 15, 2019",92.16,92.9,91.47,92.85,82.03,8234200.0,,
"Feb 14, 2019",91.03,91.88,90.9,91.47,80.81,6938600.0,,
"Feb 13, 2019",91.24,91.53,90.85,91.26,80.63,6435600.0,,
"Feb 12, 2019",90.22,91.11,90.06,91.06,80.45,9093200.0,,
"Feb 11, 2019",90.14,90.2,89.58,89.83,79.36,5017400.0,,
"Feb 8, 2019",89.42,89.95,89.29,89.94,79.46,7284200.0,,
"Feb 7, 2019",90.18,90.33,89.29,89.77,79.31,9511700.0,,
"Feb 7, 2019",90.18,90.33,89.29,89.77,79.31,9511700.0,,
"Feb 6, 2019",90.2,90.81,90.09,90.77,80.19,6135900.0,,
"Feb 5, 2019",90.64,91.15,90.34,90.36,79.83,8921400.0,,
"Feb 4, 2019",90.76,90.76,89.72,90.49,79.95,9308600.0,,
"Feb 1, 2019",90.78,90.96,90.13,90.75,80.18,9386500.0,,
"Jan 31, 2019",89.45,90.88,89.36,90.67,80.11,13409900.0,,
"Jan 30, 2019",88.67,89.8,88.45,89.55,79.12,11706500.0,,
"Jan 29, 2019",87.91,88.41,87.66,88.34,78.05,11099200.0,,
"Jan 28, 2019",88.31,88.4,87.49,87.91,77.67,7113800.0,,
"Jan 25, 2019",89.25,89.25,88.66,88.92,78.56,7241900.0,,
"Jan 24, 2019",89.47,89.55,88.39,88.81,78.46,11307000.0,,
"Jan 23, 2019",89.63,90.05,88.59,89.56,79.13,7722800.0,,
"Jan 22, 2019",89.45,89.62,88.84,89.46,79.04,12244500.0,,
"Jan 18, 2019",89.68,90.13,89.01,90.08,79.58,13367500.0,,
"Jan 17, 2019",88.0,89.39,87.93,89.02,78.65,8731600.0,,
"Jan 16, 2019",88.52,88.9,88.18,88.24,77.96,8288900.0,,
"Jan 15, 2019",86.96,88.42,86.94,88.4,78.1,10540600.0,,
"Jan 14, 2019",87.28,87.32,86.83,86.84,76.72,5449000.0,,
"Jan 11, 2019",87.11,87.84,86.95,87.81,77.58,7187900.0,,
"Jan 10, 2019",86.96,87.58,86.52,87.52,77.32,10396800.0,,
"Jan 9, 2019",87.34,87.86,87.09,87.35,77.17,11259700.0,,
"Jan 8, 2019",86.98,87.25,86.0,86.96,76.83,13371000.0,,
"Jan 7, 2019",85.99,87.1,85.73,86.29,76.24,12387200.0,,
"Jan 4, 2019",84.45,86.43,84.41,85.96,75.94,16262600.0,,
"Jan 3, 2019",85.32,85.5,83.25,83.47,73.74,17668000.0,,
"Jan 2, 2019",85.18,85.83,84.27,85.2,75.27,14179900.0,,
"Dec 31, 2018",85.73,86.59,85.67,86.51,76.43,10163100.0,,
"Dec 28, 2018",85.7,86.44,84.9,85.25,75.32,15770600.0,,
"Dec 27, 2018",83.23,85.2,82.1,85.15,75.23,14045700.0,,
"Dec 26, 2018",81.0,84.3,80.61,84.22,74.41,20575100.0,,
"Dec 24, 2018",82.13,82.44,80.65,80.7,71.3,14235500.0,,
"Dec 21, 2018",,,,,,,Dividend,0.38
"Dec 21, 2018",83.85,85.27,82.51,82.68,73.05,28909200.0,,
"Dec 20, 2018",84.91,85.26,83.5,84.1,73.97,25321600.0,,
"Dec 19, 2018",86.6,87.64,84.53,85.3,75.02,23075600.0,,
"Dec 18, 2018",87.94,88.1,85.6,86.43,76.01,24712500.0,,
"Dec 17, 2018",88.04,88.78,86.59,87.19,76.68,22089500.0,,
"Dec 14, 2018",91.16,91.24,88.69,88.96,78.24,19422700.0,,
"Dec 13, 2018",92.22,92.73,91.44,92.06,80.97,11567100.0,,
"Dec 12, 2018",92.2,93.17,91.91,91.97,80.89,12581000.0,,
"Dec 11, 2018",91.67,92.28,90.54,91.19,80.2,13632300.0,,
"Dec 10, 2018",90.61,91.25,88.65,90.91,79.96,15372000.0,,
"Dec 7, 2018",92.67,92.8,90.11,90.56,79.65,14930800.0,,
"Dec 6, 2018",92.12,92.93,90.14,92.93,81.73,18492900.0,,
"Dec 4, 2018",95.39,95.92,93.11,93.28,82.04,15011300.0,,
"Dec 3, 2018",95.81,95.81,94.86,95.41,83.91,12158200.0,,
"Nov 30, 2018",93.9,95.87,93.8,95.87,84.32,15875900.0,,
"Nov 29, 2018",93.43,94.51,93.3,93.96,82.64,8796000.0,,
"Nov 28, 2018",91.72,93.68,91.7,93.65,82.36,11870400.0,,
"Nov 27, 2018",90.21,91.45,89.88,91.45,80.43,9262000.0,,
"Nov 26, 2018",90.36,90.75,89.98,90.51,79.6,7141200.0,,
"Nov 23, 2018",89.03,90.18,88.98,89.64,78.84,3939500.0,,
"Nov 21, 2018",90.31,90.32,89.49,89.51,78.72,9345100.0,,
"Nov 20, 2018",90.3,90.97,89.81,90.02,79.17,11604300.0,,
"Nov 19, 2018",92.13,92.19,90.47,90.87,79.92,8821000.0,,
"Nov 16, 2018",90.96,92.48,90.91,92.04,80.95,11323200.0,,
"Nov 15, 2018",89.68,91.23,88.83,91.12,80.14,15563900.0,,
"Nov 14, 2018",91.61,91.62,89.89,90.32,79.44,11664000.0,,
"Nov 13, 2018",92.0,92.37,90.78,91.05,80.08,14227000.0,,
"Nov 12, 2018",92.81,92.95,91.48,91.69,80.64,8423200.0,,
"Nov 9, 2018",93.11,93.26,92.5,92.95,81.75,8486500.0,,
"Nov 8, 2018",93.0,93.56,92.87,93.22,81.99,7345600.0,,
"Nov 7, 2018",91.35,93.25,91.29,93.17,81.94,13310600.0,,
"Nov 6, 2018",89.93,90.61,89.8,90.51,79.6,7980500.0,,
"Nov 5, 2018",89.38,90.45,89.38,90.05,79.2,7783500.0,,
"Nov 2, 2018",90.69,90.84,88.67,89.26,78.5,12953000.0,,
"Nov 1, 2018",89.0,89.97,88.97,89.82,79.0,9668500.0,,
"Oct 31, 2018",89.29,89.65,88.63,88.7,78.01,13460700.0,,
"Oct 30, 2018",87.65,88.72,87.2,88.58,77.91,15432000.0,,
"Oct 29, 2018",88.43,89.08,86.41,87.64,77.08,14024300.0,,
"Oct 26, 2018",87.6,88.22,86.35,87.42,76.89,25507900.0,,
"Oct 25, 2018",87.28,89.03,86.27,88.42,77.77,15725100.0,,
"Oct 24, 2018",90.23,90.75,87.18,87.29,76.77,17431900.0,,
"Oct 23, 2018",89.6,90.71,88.88,90.27,79.39,15424500.0,,
"Oct 22, 2018",91.5,91.67,90.34,90.76,79.82,8288300.0,,
"Oct 19, 2018",92.51,92.83,91.39,91.51,80.48,11318600.0,,
"Oct 18, 2018",93.36,93.37,91.61,92.35,81.22,14455600.0,,
"Oct 17, 2018",92.86,93.64,92.39,93.41,82.15,14232300.0,,
"Oct 16, 2018",91.14,93.08,91.13,92.92,81.72,13505900.0,,
"Oct 15, 2018",90.92,91.32,90.37,90.44,79.54,13909700.0,,
"Oct 12, 2018",90.77,91.41,90.02,91.07,80.1,20797300.0,,
"Oct 11, 2018",91.93,92.14,89.04,89.69,78.88,46581800.0,,
"Oct 10, 2018",94.4,94.51,92.12,92.18,81.07,22549300.0,,
"Oct 9, 2018",94.0,94.74,93.71,94.41,83.03,7463900.0,,
"Oct 8, 2018",94.17,94.52,93.46,94.25,82.89,11924000.0,,
"Oct 5, 2018",94.48,94.97,93.7,94.29,82.93,12291000.0,,
"Oct 4, 2018",95.26,95.3,93.91,94.4,83.02,10976400.0,,
"Oct 3, 2018",95.83,96.0,95.18,95.33,83.84,6367500.0,,
"Oct 2, 2018",95.62,95.7,95.33,95.51,84.0,5572700.0,,
"Oct 1, 2018",95.51,96.06,95.34,95.62,84.1,7307100.0,,
"Sep 28, 2018",94.67,95.21,94.63,95.15,83.68,5995800.0,,
"Sep 27, 2018",94.51,95.12,94.4,94.86,83.43,7168800.0,,
"Sep 26, 2018",94.35,95.12,94.18,94.38,83.01,10880500.0,,
"Sep 25, 2018",94.59,94.73,94.07,94.17,82.82,5215900.0,,
"Sep 24, 2018",94.21,94.65,94.08,94.46,83.08,5392600.0,,
"Sep 21, 2018",,,,,,,Dividend,0.367
"Sep 21, 2018",94.39,94.48,94.07,94.27,82.91,8579100.0,,
"Sep 20, 2018",93.87,94.57,93.81,94.51,82.8,5083000.0,,
"Sep 19, 2018",93.67,93.87,93.5,93.6,82.0,4186600.0,,
"Sep 18, 2018",93.19,93.97,93.05,93.73,82.12,5422900.0,,
"Sep 18, 2018",93.19,93.97,93.05,93.73,82.12,5422900.0,,
"Sep 17, 2018",93.53,93.54,93.08,93.19,81.64,5543000.0,,
"Sep 14, 2018",93.92,93.92,93.36,93.53,81.94,5929000.0,,
"Sep 13, 2018",93.09,93.84,93.0,93.84,82.21,10603800.0,,
"Sep 12, 2018",92.29,92.86,92.11,92.69,81.2,11056600.0,,
"Sep 11, 2018",92.15,92.41,91.84,92.23,80.8,5683900.0,,
"Sep 10, 2018",92.78,92.95,92.22,92.31,80.87,4234000.0,,
"Sep 7, 2018",92.19,92.64,92.05,92.55,81.08,5591100.0,,
"Sep 6, 2018",92.4,92.6,91.85,92.41,80.96,5940300.0,,
"Sep 5, 2018",91.97,92.41,91.8,92.41,80.96,10218900.0,,
"Sep 4, 2018",92.7,92.76,91.82,92.04,80.63,6875500.0,,
"Aug 31, 2018",92.58,92.86,92.4,92.78,81.28,5808100.0,,
"Aug 30, 2018",92.8,93.11,92.6,92.8,81.3,5266100.0,,
"Aug 29, 2018",92.29,92.97,92.19,92.87,81.36,5338500.0,,
"Aug 28, 2018",92.36,92.39,92.07,92.27,80.84,4954100.0,,
"Aug 27, 2018",92.22,92.29,91.83,92.22,80.79,4671300.0,,
"Aug 24, 2018",91.66,91.89,91.49,91.89,80.5,4028900.0,,
"Aug 23, 2018",91.43,91.67,91.23,91.45,80.12,6058300.0,,
"Aug 22, 2018",91.18,91.68,91.07,91.48,80.14,3954300.0,,
"Aug 21, 2018",91.62,91.66,91.2,91.39,80.07,6395900.0,,
"Aug 20, 2018",91.3,91.56,91.25,91.39,80.07,8144900.0,,
"Aug 17, 2018",90.74,91.37,90.53,91.09,79.8,5455300.0,,
"Aug 16, 2018",90.19,90.93,90.08,90.81,79.56,6916700.0,,
"Aug 15, 2018",89.8,90.04,89.36,89.93,78.79,6840600.0,,
"Aug 14, 2018",89.79,90.24,89.7,90.08,78.92,5497700.0,,
"Aug 13, 2018",89.73,90.09,89.43,89.66,78.55,6563900.0,,
"Aug 10, 2018",89.69,90.16,89.32,89.63,78.52,5389500.0,,
"Aug 9, 2018",90.13,90.38,89.93,90.02,78.86,5680300.0,,
"Aug 8, 2018",89.99,90.25,89.79,90.12,78.95,5020400.0,,
"Aug 7, 2018",89.98,90.28,89.86,89.98,78.83,5170300.0,,
"Aug 6, 2018",89.76,90.17,89.44,89.97,78.82,4751100.0,,
"Aug 3, 2018",89.35,89.88,89.23,89.81,78.68,5884800.0,,
"Aug 2, 2018",88.57,89.47,88.53,89.28,78.22,5666200.0,,
"Aug 1, 2018",88.88,89.28,88.88,88.95,77.93,5733000.0,,
"Jul 31, 2018",88.33,89.05,88.2,88.93,77.91,6719100.0,,
"Jul 30, 2018",87.89,88.18,87.75,88.01,77.1,5531200.0,,
"Jul 27, 2018",88.64,88.64,87.64,87.96,77.06,5742900.0,,
"Jul 26, 2018",88.7,88.91,88.41,88.6,77.62,5763000.0,,
"Jul 25, 2018",87.68,88.87,87.59,88.85,77.84,9285900.0,,
"Jul 24, 2018",87.4,87.88,87.34,87.73,76.86,6467100.0,,
"Jul 23, 2018",86.71,87.05,86.61,86.94,76.17,3824600.0,,
"Jul 20, 2018",86.69,86.89,86.51,86.76,76.01,4822600.0,,
"Jul 19, 2018",87.21,87.39,86.55,86.93,76.16,5204000.0,,
"Jul 18, 2018",87.37,87.44,87.11,87.42,76.59,7575700.0,,
"Jul 17, 2018",86.84,87.48,86.8,87.35,76.53,5849300.0,,
"Jul 16, 2018",87.47,87.47,86.75,86.87,76.11,5388500.0,,
"Jul 13, 2018",87.05,87.59,87.0,87.4,76.57,6048700.0,,
"Jul 12, 2018",86.71,87.3,86.66,87.24,76.43,4461600.0,,
"Jul 11, 2018",86.5,86.59,86.22,86.28,75.59,6434500.0,,
"Jul 10, 2018",86.81,87.01,86.58,86.97,76.19,6122900.0,,
"Jul 9, 2018",86.35,86.81,86.32,86.64,75.9,7874400.0,,
"Jul 6, 2018",85.2,86.16,85.1,86.01,75.35,9822500.0,,
"Jul 5, 2018",84.31,84.88,84.11,84.79,74.28,7458600.0,,
"Jul 3, 2018",84.02,84.31,83.7,83.92,73.52,3023100.0,,
"Jul 2, 2018",83.0,83.77,82.72,83.72,73.35,9364700.0,,
"Jun 29, 2018",83.55,84.2,83.4,83.46,73.12,6479300.0,,
"Jun 28, 2018",82.87,83.5,82.29,83.29,72.97,9026900.0,,
"Jun 27, 2018",83.89,84.32,83.12,83.18,72.87,7420500.0,,
"Jun 26, 2018",84.22,84.28,83.78,83.89,73.49,5560100.0,,
"Jun 25, 2018",84.61,84.94,83.51,84.15,73.72,9925100.0,,
"Jun 22, 2018",84.86,85.26,84.64,84.93,74.41,9829800.0,,
"Jun 21, 2018",84.96,84.97,84.35,84.55,74.07,7423400.0,,
"Jun 20, 2018",84.97,85.24,84.79,85.04,74.5,5900800.0,,
"Jun 19, 2018",84.06,84.89,83.93,84.86,74.34,6431700.0,,
"Jun 18, 2018",84.94,84.94,84.29,84.64,74.15,7342600.0,,
"Jun 15, 2018",,,,,,,Dividend,0.316
"Jun 15, 2018",85.19,85.5,84.8,85.46,74.87,9349300.0,,
"Jun 14, 2018",85.34,85.66,85.1,85.61,74.72,9379800.0,,
"Jun 13, 2018",85.3,85.72,85.06,85.17,74.34,10379200.0,,
"Jun 12, 2018",85.29,85.29,84.77,85.15,74.32,6829200.0,,
"Jun 11, 2018",85.05,85.61,84.85,85.2,74.37,7074400.0,,
"Jun 8, 2018",84.52,85.1,84.38,85.04,74.23,6247100.0,,
"Jun 7, 2018",84.69,84.77,84.14,84.55,73.8,7405600.0,,
"Jun 6, 2018",83.79,84.53,83.45,84.44,73.7,7218900.0,,
"Jun 5, 2018",83.7,83.88,83.1,83.5,72.88,5444400.0,,
"Jun 4, 2018",83.46,83.79,83.19,83.67,73.03,7230800.0,,
"Jun 1, 2018",82.74,83.39,82.65,83.36,72.76,8037800.0,,
"May 31, 2018",83.16,83.23,82.38,82.41,71.93,11543500.0,,
"May 30, 2018",82.65,83.51,82.56,83.32,72.73,13167700.0,,
"May 29, 2018",82.4,82.55,81.57,82.09,71.65,18236800.0,,
"May 25, 2018",83.09,83.46,82.8,82.94,72.39,6853300.0,,
"May 24, 2018",83.34,83.48,82.69,83.06,72.5,7166500.0,,
"May 23, 2018",82.77,83.42,82.67,83.39,72.79,8360500.0,,
"May 22, 2018",83.45,83.55,82.99,83.12,72.55,5770200.0,,
"May 21, 2018",83.59,83.75,83.16,83.28,72.69,6406500.0,,
"May 18, 2018",83.05,83.37,82.77,83.2,72.62,5838900.0,,
"May 17, 2018",82.88,83.13,82.52,82.99,72.44,6610400.0,,
"May 16, 2018",82.46,83.25,82.45,82.96,72.41,7013600.0,,
"May 15, 2018",83.03,83.13,82.23,82.5,72.01,8806800.0,,
"May 14, 2018",83.18,83.93,83.01,83.58,72.95,11837600.0,,
"May 11, 2018",81.88,83.19,81.73,83.03,72.47,10434000.0,,
"May 10, 2018",81.07,82.17,81.03,81.81,71.41,7845500.0,,
"May 9, 2018",80.42,81.08,79.98,80.73,70.47,11340200.0,,
"May 8, 2018",80.68,80.75,79.79,80.27,70.06,9522300.0,,
"May 7, 2018",81.26,81.58,80.67,80.88,70.6,5886700.0,,
"May 4, 2018",80.12,81.27,79.81,81.0,70.7,7889500.0,,
"May 3, 2018",80.72,80.73,79.31,80.36,70.14,13524100.0,,
"May 2, 2018",81.79,81.85,80.91,81.09,70.78,11594300.0,,
"May 1, 2018",82.16,82.45,81.53,82.22,71.77,8498000.0,,
"Apr 30, 2018",83.9,83.95,82.25,82.26,71.8,7241000.0,,
"Apr 30, 2018",83.9,83.95,82.25,82.26,71.8,7241000.0,,
"Apr 27, 2018",83.14,83.67,82.96,83.54,72.92,6663300.0,,
"Apr 26, 2018",82.4,83.52,82.4,83.2,72.62,9463300.0,,
"Apr 25, 2018",81.69,82.2,81.12,82.16,71.71,8068800.0,,
"Apr 24, 2018",82.67,82.73,81.17,81.79,71.39,8904800.0,,
"Apr 23, 2018",82.31,82.67,82.1,82.41,71.93,9257300.0,,
"Apr 20, 2018",82.6,82.72,81.82,82.09,71.65,5250500.0,,
"Apr 19, 2018",83.08,83.16,82.23,82.53,72.04,5833600.0,,
"Apr 18, 2018",83.37,83.52,82.83,83.23,72.65,4704500.0,,
"Apr 17, 2018",83.15,83.34,82.72,83.16,72.59,6500900.0,,
"Apr 16, 2018",82.47,82.82,82.28,82.52,72.03,7217200.0,,
"Apr 13, 2018",82.3,82.37,81.43,81.87,71.46,7837000.0,,
"Apr 12, 2018",81.8,82.3,81.74,81.91,71.5,5096900.0,,
"Apr 11, 2018",81.42,81.91,81.25,81.36,71.01,6205800.0,,
"Apr 10, 2018",81.47,82.35,81.19,82.03,71.6,8097800.0,,
"Apr 9, 2018",80.31,81.79,80.08,80.67,70.41,6952600.0,,
"Apr 6, 2018",81.17,81.57,79.16,79.88,69.72,12171800.0,,
"Apr 5, 2018",82.2,82.27,81.54,81.85,71.44,8031300.0,,
"Apr 4, 2018",79.79,82.14,79.79,81.91,71.5,9085800.0,,
"Apr 3, 2018",79.98,80.91,79.49,80.76,70.49,8590700.0,,
"Apr 2, 2018",81.06,81.48,78.74,79.55,69.44,11364900.0,,
"Mar 29, 2018",81.22,81.99,80.67,81.4,71.05,6914900.0,,
"Mar 28, 2018",80.59,81.57,80.48,80.79,70.52,10146800.0,,
"Mar 27, 2018",81.61,81.85,79.9,80.36,70.14,10948400.0,,
"Mar 26, 2018",80.57,81.43,79.65,81.32,70.98,9183500.0,,
"Mar 23, 2018",81.44,81.61,79.61,79.67,69.54,11049000.0,,
"Mar 22, 2018",82.96,83.02,81.22,81.36,71.01,14648500.0,,
"Mar 21, 2018",84.27,84.73,83.7,83.77,73.12,5498700.0,,
"Mar 20, 2018",84.2,84.43,83.65,84.13,73.43,5534400.0,,
"Mar 19, 2018",85.23,85.34,83.33,84.01,73.33,7190200.0,,
"Mar 16, 2018",,,,,,,Dividend,0.3
"Mar 16, 2018",85.38,85.85,85.38,85.39,74.53,7067700.0,,
"Mar 15, 2018",86.13,86.38,85.58,85.69,74.53,5883100.0,,
"Mar 14, 2018",86.55,86.75,85.55,85.83,74.65,9416400.0,,
"Mar 13, 2018",86.47,86.85,86.06,86.25,75.02,6400700.0,,
"Mar 12, 2018",86.54,86.67,86.04,86.14,74.92,5760200.0,,
"Mar 9, 2018",85.8,86.54,85.48,86.51,75.25,8253100.0,,
"Mar 8, 2018",84.94,85.35,84.8,85.28,74.18,6403000.0,,
"Mar 7, 2018",83.56,84.8,83.53,84.71,73.68,6868200.0,,
"Mar 6, 2018",84.59,84.73,83.86,84.28,73.31,9573300.0,,
"Mar 5, 2018",83.26,84.65,83.08,84.4,73.41,11028800.0,,
"Mar 2, 2018",82.35,83.82,82.34,83.64,72.75,11206000.0,,
"Mar 1, 2018",83.99,84.42,82.17,82.8,72.02,12720300.0,,
"Feb 28, 2018",85.79,85.9,84.12,84.14,73.18,6279000.0,,
"Feb 27, 2018",86.41,86.7,85.51,85.51,74.38,7460700.0,,
"Feb 26, 2018",85.48,86.51,85.48,86.41,75.16,6266100.0,,
"Feb 23, 2018",84.49,85.36,84.12,85.33,74.22,5498500.0,,
"Feb 22, 2018",84.39,84.99,83.79,83.99,73.05,6316100.0,,
"Feb 21, 2018",84.46,85.59,84.11,84.12,73.17,9417400.0,,
"Feb 20, 2018",85.0,85.28,84.23,84.47,73.47,8872100.0,,
"Feb 16, 2018",84.38,86.01,84.38,85.41,74.29,9323000.0,,
"Feb 15, 2018",84.44,84.83,83.59,84.8,73.76,9519100.0,,
"Feb 14, 2018",82.4,84.02,82.32,83.87,72.95,10110800.0,,
"Feb 13, 2018",82.39,83.12,81.88,82.93,72.13,8415200.0,,
"Feb 12, 2018",82.63,83.51,81.89,82.87,72.08,13389200.0,,
"Feb 9, 2018",81.69,82.8,79.56,82.1,71.41,35535700.0,,
"Feb 8, 2018",83.84,84.11,80.88,80.95,70.41,20252500.0,,
"Feb 7, 2018",83.72,85.04,83.43,83.86,72.94,17338000.0,,
"Feb 6, 2018",81.44,84.32,81.4,83.96,73.03,33313400.0,,
"Feb 5, 2018",86.46,86.99,82.37,83.04,72.23,34979800.0,,
"Feb 2, 2018",87.41,88.18,86.87,86.89,75.58,10539200.0,,
"Feb 1, 2018",87.76,88.53,87.54,88.13,76.65,12848700.0,,
"Jan 31, 2018",89.83,90.09,87.79,88.1,76.63,15858400.0,,
"Jan 30, 2018",89.49,90.11,89.22,89.37,77.73,14270600.0,,
"Jan 29, 2018",91.3,91.79,91.28,91.29,79.4,12643800.0,,
"Jan 26, 2018",90.02,91.56,90.0,91.54,79.62,9784400.0,,
"Jan 25, 2018",89.28,89.7,88.94,89.61,77.94,6339300.0,,
"Jan 24, 2018",89.03,89.18,88.54,88.85,77.28,8291100.0,,
"Jan 23, 2018",89.01,89.18,88.51,88.59,77.05,7637600.0,,
"Jan 22, 2018",88.41,89.07,88.25,89.02,77.43,11152500.0,,
"Jan 19, 2018",88.45,88.47,88.0,88.44,76.92,4802400.0,,
"Jan 18, 2018",88.1,88.2,87.6,88.11,76.64,7954800.0,,
"Jan 17, 2018",87.65,88.28,87.43,88.09,76.62,7214600.0,,
"Jan 16, 2018",87.36,87.95,87.11,87.25,75.89,8920000.0,,
"Jan 12, 2018",86.32,86.92,86.25,86.82,75.52,5391700.0,,
"Jan 11, 2018",85.94,86.18,85.7,86.16,74.94,4247800.0,,
"Jan 10, 2018",85.65,85.81,85.15,85.79,74.62,10835800.0,,
"Jan 9, 2018",85.2,86.12,85.12,85.94,74.75,6962900.0,,
"Jan 8, 2018",85.15,85.26,84.51,84.94,73.88,5167300.0,,
"Jan 5, 2018",84.8,85.33,84.64,85.25,74.15,7579300.0,,
"Jan 4, 2018",84.68,84.84,84.32,84.53,73.52,7762500.0,,
"Jan 3, 2018",83.6,84.47,83.36,84.41,73.42,7606500.0,,
"Jan 2, 2018",82.99,83.65,82.87,83.61,72.72,6708900.0,,
"Dec 29, 2017",83.33,83.46,82.59,82.68,71.91,4877200.0,,
"Dec 28, 2017",83.22,83.34,82.93,83.19,72.36,5380600.0,,
"Dec 27, 2017",82.99,83.29,82.98,83.07,72.25,4053300.0,,
"Dec 26, 2017",82.84,83.04,82.75,82.93,72.13,2504100.0,,
"Dec 22, 2017",83.06,83.16,82.71,82.91,72.11,7023600.0,,
"Dec 21, 2017",83.63,83.68,83.12,83.18,72.35,4304200.0,,
"Dec 20, 2017",83.82,83.95,83.36,83.37,72.51,4686700.0,,
"Dec 19, 2017",83.87,84.16,83.6,83.64,72.75,4777100.0,,
"Dec 18, 2017",83.98,84.2,83.69,83.74,72.84,5655400.0,,
"Dec 15, 2017",,,,,,,Dividend,0.331
"Dec 15, 2017",83.11,83.74,83.11,83.71,72.81,8012200.0,,
"Dec 14, 2017",84.05,84.16,83.05,83.13,72.02,6772100.0,,
"Dec 13, 2017",83.68,84.22,83.65,83.98,72.75,8459800.0,,
"Dec 12, 2017",83.39,83.82,83.39,83.69,72.5,6068600.0,,
"Dec 11, 2017",83.08,83.41,82.95,83.36,72.22,6588600.0,,
"Dec 8, 2017",82.33,83.02,82.27,83.01,71.91,8444100.0,,
"Dec 7, 2017",82.02,82.25,81.77,82.09,71.12,3979200.0,,
"Dec 7, 2017",82.02,82.25,81.77,82.09,71.12,3979200.0,,
"Dec 6, 2017",82.19,82.46,81.71,82.07,71.1,8533000.0,,
"Dec 5, 2017",82.33,82.74,82.07,82.14,71.16,13240800.0,,
"Dec 4, 2017",83.78,83.8,82.28,82.28,71.28,9770300.0,,
"Dec 1, 2017",83.43,83.65,82.17,83.3,72.17,15315400.0,,
"Nov 30, 2017",83.11,83.72,82.86,83.47,72.31,10639600.0,,
"Nov 29, 2017",82.51,83.15,82.51,82.85,71.78,8144600.0,,
"Nov 28, 2017",82.04,82.51,81.82,82.44,71.42,8290400.0,,
"Nov 27, 2017",81.77,81.98,81.7,81.84,70.9,4241400.0,,
"Nov 24, 2017",81.69,81.8,81.51,81.77,70.84,1650600.0,,
"Nov 22, 2017",81.61,81.92,81.45,81.58,70.68,4853100.0,,
"Nov 21, 2017",81.34,81.8,81.31,81.61,70.7,7974500.0,,
"Nov 20, 2017",81.23,81.3,80.77,80.9,70.09,4898500.0,,
"Nov 17, 2017",81.19,81.5,81.11,81.24,70.38,6129800.0,,
"Nov 16, 2017",80.84,81.66,80.84,81.56,70.66,4780500.0,,
"Nov 15, 2017",80.65,80.97,80.44,80.72,69.93,4952300.0,,
"Nov 14, 2017",81.01,81.1,80.58,80.95,70.13,7430100.0,,
"Nov 13, 2017",80.93,81.44,80.7,81.28,70.42,4704000.0,,
"Nov 10, 2017",81.53,81.53,80.69,81.2,70.35,4826300.0,,
"Nov 9, 2017",81.52,81.81,81.23,81.73,70.81,7086400.0,,
"Nov 8, 2017",81.44,81.81,81.34,81.72,70.8,6186200.0,,
"Nov 7, 2017",81.5,81.65,81.24,81.53,70.63,4439800.0,,
"Nov 6, 2017",81.48,81.57,81.3,81.36,70.48,4853200.0,,
"Nov 3, 2017",80.85,81.66,80.85,81.61,70.7,6862700.0,,
"Nov 2, 2017",81.46,81.48,80.76,80.94,70.12,10200300.0,,
"Nov 1, 2017",81.25,81.65,81.09,81.31,70.44,7427800.0,,
"Oct 31, 2017",81.21,81.46,80.97,81.11,70.27,6548600.0,,
"Oct 30, 2017",81.87,81.92,81.08,81.26,70.4,5884000.0,,
"Oct 27, 2017",81.87,82.23,81.83,82.14,71.16,6122000.0,,
"Oct 26, 2017",82.4,82.64,81.66,82.16,71.18,13466900.0,,
"Oct 25, 2017",83.03,83.23,82.67,82.99,71.9,6819100.0,,
"Oct 24, 2017",83.68,83.69,82.63,83.11,72.0,7145500.0,,
"Oct 23, 2017",83.99,84.31,83.63,83.67,72.49,7159600.0,,
"Oct 20, 2017",83.82,83.95,83.59,83.88,72.67,6343800.0,,
"Oct 19, 2017",83.18,83.81,83.06,83.79,72.59,6410400.0,,
"Oct 18, 2017",83.37,83.73,83.18,83.28,72.15,6938700.0,,
"Oct 17, 2017",82.23,83.38,82.23,83.16,72.04,8437800.0,,
"Oct 16, 2017",82.36,82.68,81.91,82.06,71.09,10219700.0,,
"Oct 13, 2017",82.36,82.53,82.22,82.42,71.4,5909600.0,,
"Oct 12, 2017",82.69,82.82,82.53,82.63,71.58,4731600.0,,
"Oct 11, 2017",82.51,82.81,82.49,82.72,71.66,4031600.0,,
"Oct 10, 2017",82.4,82.56,82.11,82.56,71.52,4037700.0,,
"Oct 9, 2017",82.88,82.9,82.24,82.37,71.36,4558800.0,,
"Oct 6, 2017",82.85,83.21,82.76,82.89,71.81,4035900.0,,
"Oct 5, 2017",82.94,83.01,82.62,83.0,71.91,7709600.0,,
"Oct 4, 2017",82.66,82.97,82.58,82.94,71.85,3291100.0,,
"Oct 3, 2017",82.68,82.8,82.22,82.54,71.51,5141700.0,,
"Oct 2, 2017",81.97,82.57,81.88,82.56,71.52,8764900.0,,
"Sep 29, 2017",81.26,81.77,81.06,81.73,70.81,6902700.0,,
"Sep 28, 2017",81.11,81.52,80.99,81.25,70.39,4229000.0,,
"Sep 27, 2017",81.42,81.42,80.83,81.18,70.33,5384700.0,,
"Sep 26, 2017",81.57,81.8,81.18,81.21,70.35,4579400.0,,
"Sep 25, 2017",81.47,81.84,81.22,81.34,70.47,12439300.0,,
"Sep 22, 2017",81.47,81.69,81.16,81.58,70.68,6473300.0,,
"Sep 21, 2017",81.95,82.04,81.54,81.58,70.68,4527900.0,,
"Sep 20, 2017",81.95,82.09,81.41,82.0,71.04,5101800.0,,
"Sep 19, 2017",82.61,82.71,81.83,81.92,70.97,7329200.0,,
"Sep 18, 2017",82.68,82.9,82.44,82.57,71.53,7783100.0,,
"Sep 15, 2017",,,,,,,Dividend,0.305
"Sep 15, 2017",83.06,83.06,82.5,82.59,71.55,7091300.0,,
"Sep 14, 2017",82.82,83.29,82.72,83.16,71.78,6373800.0,,
"Sep 13, 2017",83.26,83.41,82.89,83.05,71.68,5873800.0,,
"Sep 12, 2017",83.2,83.37,83.04,83.36,71.95,6984800.0,,
"Sep 11, 2017",82.91,83.2,82.73,83.18,71.8,6286200.0,,
"Sep 8, 2017",82.05,82.68,81.91,82.54,71.24,4302600.0,,
"Sep 7, 2017",81.26,82.35,81.24,82.17,70.93,7251000.0,,
"Sep 6, 2017",81.16,81.35,80.8,81.27,70.15,8791000.0,,
"Sep 5, 2017",80.89,81.37,80.51,80.88,69.81,8076900.0,,
"Sep 1, 2017",81.41,81.58,80.92,81.23,70.11,6471600.0,,
"Aug 31, 2017",80.13,81.37,80.13,81.29,70.17,6987200.0,,
"Aug 30, 2017",79.43,80.13,79.41,79.93,68.99,3667900.0,,
"Aug 29, 2017",79.04,79.6,78.97,79.52,68.64,4243500.0,,
"Aug 28, 2017",79.17,79.5,79.15,79.37,68.51,7432800.0,,
"Aug 25, 2017",79.1,79.4,78.89,78.95,68.15,5476500.0,,
"Aug 24, 2017",78.78,79.04,78.63,78.93,68.13,5502800.0,,
"Aug 23, 2017",79.03,79.05,78.67,78.7,67.93,5662500.0,,
"Aug 22, 2017",78.37,79.39,78.32,79.3,68.45,5455500.0,,
"Aug 21, 2017",77.93,78.45,77.82,78.35,67.63,10269000.0,,
"Aug 18, 2017",78.07,78.53,77.95,78.0,67.33,8434600.0,,
"Aug 17, 2017",79.1,79.44,78.33,78.36,67.64,7133400.0,,
"Aug 16, 2017",79.26,79.5,79.17,79.35,68.49,3756900.0,,
"Aug 15, 2017",79.23,79.39,79.11,79.13,68.3,4653800.0,,
"Aug 14, 2017",78.94,79.26,78.94,79.13,68.3,3955800.0,,
"Aug 11, 2017",78.42,78.99,78.42,78.6,67.84,8318600.0,,
"Aug 10, 2017",79.13,79.2,78.37,78.38,67.65,7054700.0,,
"Aug 9, 2017",79.09,79.45,78.95,79.37,68.51,4886500.0,,
"Aug 8, 2017",79.55,79.69,79.12,79.28,68.43,4423300.0,,
"Aug 7, 2017",79.4,79.66,79.33,79.65,68.75,4583300.0,,
"Aug 4, 2017",80.03,80.03,79.38,79.48,68.6,3930100.0,,
"Aug 3, 2017",79.57,79.82,79.31,79.66,68.76,8003600.0,,
"Aug 2, 2017",79.7,79.7,79.25,79.53,68.65,7718500.0,,
"Aug 1, 2017",80.18,80.18,79.61,79.71,68.8,8678800.0,,
"Jul 31, 2017",80.06,80.22,79.88,79.89,68.96,5516800.0,,
"Jul 28, 2017",79.59,80.06,79.25,79.96,69.02,6426100.0,,
"Jul 27, 2017",80.19,80.19,79.23,79.56,68.67,12536800.0,,
"Jul 26, 2017",80.2,80.28,79.89,80.11,69.15,4964100.0,,
"Jul 25, 2017",81.15,81.21,80.26,80.38,69.38,8486000.0,,
"Jul 24, 2017",80.92,81.04,80.61,80.96,69.88,4476800.0,,
"Jul 21, 2017",80.91,81.11,80.85,80.99,69.91,4043600.0,,
"Jul 20, 2017",80.74,81.21,80.61,81.08,69.98,8276800.0,,
"Jul 20, 2017",80.74,81.21,80.61,81.08,69.98,8276800.0,,
"Jul 19, 2017",80.24,80.55,80.24,80.55,69.53,8177900.0,,
"Jul 18, 2017",79.74,79.98,79.36,79.9,68.97,8042700.0,,
"Jul 17, 2017",80.23,80.29,79.82,79.84,68.91,5743700.0,,
"Jul 14, 2017",79.76,80.3,79.6,80.13,69.16,5750000.0,,
"Jul 13, 2017",79.59,79.84,79.05,79.59,68.7,9437700.0,,
"Jul 12, 2017",79.37,79.78,79.35,79.52,68.64,8808200.0,,
"Jul 11, 2017",79.02,79.19,78.58,78.98,68.17,4117500.0,,
"Jul 10, 2017",79.25,79.28,78.87,79.07,68.25,3580000.0,,
"Jul 7, 2017",79.1,79.31,78.9,79.22,68.38,4371400.0,,
"Jul 6, 2017",79.51,79.66,78.71,78.82,68.03,6367700.0,,
"Jul 5, 2017",79.49,79.95,79.21,79.85,68.92,8955500.0,,
"Jul 3, 2017",79.51,79.75,79.37,79.38,68.52,5904200.0,,
"Jun 30, 2017",79.66,79.66,79.24,79.24,68.4,7817400.0,,
"Jun 29, 2017",79.99,80.06,78.86,79.35,68.49,8445800.0,,
"Jun 28, 2017",79.92,80.28,79.88,80.08,69.12,8674200.0,,
"Jun 27, 2017",80.39,80.49,79.64,79.66,68.76,8428000.0,,
"Jun 26, 2017",80.7,80.7,80.27,80.39,69.39,7434400.0,,
"Jun 23, 2017",80.49,80.64,80.17,80.47,69.46,8779600.0,,
"Jun 22, 2017",79.89,81.08,79.86,80.59,69.56,12341100.0,,
"Jun 21, 2017",78.92,79.79,78.87,79.76,68.84,9481200.0,,
"Jun 20, 2017",78.49,79.19,78.46,78.76,67.98,7697200.0,,
"Jun 19, 2017",77.8,78.57,77.76,78.5,67.76,8294400.0,,
"Jun 16, 2017",,,,,,,Dividend,0.308
"Jun 16, 2017",77.66,77.85,77.28,77.69,67.06,14165200.0,,
"Jun 15, 2017",77.65,77.93,77.44,77.87,66.95,8186000.0,,
"Jun 14, 2017",77.71,78.17,77.68,77.95,67.02,6782300.0,,
"Jun 13, 2017",77.49,77.68,77.31,77.58,66.7,5592500.0,,
"Jun 12, 2017",77.46,77.74,77.05,77.42,66.56,7700600.0,,
"Jun 9, 2017",77.1,77.76,77.0,77.52,66.65,13419000.0,,
"Jun 8, 2017",77.17,77.36,76.8,77.0,66.2,6304400.0,,
"Jun 7, 2017",77.11,77.3,76.97,77.22,66.39,4415700.0,,
"Jun 6, 2017",77.05,77.29,76.88,77.01,66.21,4316500.0,,
"Jun 5, 2017",77.42,77.5,77.02,77.2,66.37,5558900.0,,
"Jun 2, 2017",77.14,77.52,77.07,77.42,66.56,4833000.0,,
"Jun 1, 2017",76.21,76.98,76.13,76.92,66.13,9149900.0,,
"May 31, 2017",75.93,76.25,75.86,76.08,65.41,5884400.0,,
"May 30, 2017",75.65,75.97,75.65,75.78,65.15,4651200.0,,
"May 26, 2017",75.97,76.19,75.81,75.89,65.25,4507400.0,,
"May 25, 2017",75.84,76.18,75.66,76.03,65.37,4479400.0,,
"May 24, 2017",75.52,75.73,75.34,75.67,65.06,5186400.0,,
"May 23, 2017",75.33,75.64,75.27,75.48,64.89,4216100.0,,
"May 22, 2017",74.96,75.32,74.8,75.23,64.68,4999100.0,,
"May 19, 2017",74.95,75.27,74.85,75.03,64.51,9209800.0,,
"May 18, 2017",74.45,75.25,74.45,74.82,64.33,10690500.0,,
"May 17, 2017",74.87,75.08,74.49,74.49,64.04,11434000.0,,
"May 16, 2017",75.69,75.76,75.27,75.48,64.89,5471700.0,,
"May 15, 2017",75.32,75.81,75.25,75.77,65.14,7320800.0,,
"May 12, 2017",75.38,75.49,75.23,75.28,64.72,2638000.0,,
"May 11, 2017",75.25,75.44,75.03,75.41,64.83,6791600.0,,
"May 10, 2017",75.47,75.48,75.06,75.37,64.8,4314900.0,,
"May 9, 2017",75.54,75.73,75.45,75.59,64.99,3830200.0,,
"May 8, 2017",75.91,75.97,75.39,75.5,64.91,6558500.0,,
"May 5, 2017",76.18,76.2,75.66,75.97,65.31,5720100.0,,
"May 4, 2017",75.77,76.01,75.66,76.01,65.35,4275400.0,,
"May 3, 2017",75.65,75.71,75.34,75.51,64.92,8094100.0,,
"May 2, 2017",75.74,75.9,75.3,75.88,65.24,5243800.0,,
"May 1, 2017",75.63,75.82,75.5,75.67,65.06,7182000.0,,
"Apr 28, 2017",75.36,75.54,75.24,75.5,64.91,5781100.0,,
"Apr 27, 2017",75.16,75.65,75.01,75.3,64.74,6962800.0,,
"Apr 26, 2017",75.0,75.44,74.94,75.14,64.6,6240400.0,,
"Apr 25, 2017",74.71,74.94,74.5,74.73,64.25,9035700.0,,
"Apr 24, 2017",74.39,74.59,74.31,74.41,63.97,5450000.0,,
"Apr 21, 2017",73.99,74.06,73.51,73.68,63.35,6763000.0,,
"Apr 20, 2017",73.81,74.27,73.47,74.12,63.72,7307300.0,,
"Apr 19, 2017",73.68,73.87,73.53,73.66,63.33,5023100.0,,
"Apr 18, 2017",73.84,73.84,73.16,73.44,63.14,7519500.0,,
"Apr 17, 2017",73.89,74.27,73.83,74.25,63.84,6149900.0,,
"Apr 13, 2017",74.08,74.33,73.98,73.98,63.6,6671100.0,,
"Apr 12, 2017",74.09,74.29,73.87,74.17,63.77,3782200.0,,
"Apr 11, 2017",74.15,74.34,73.76,74.17,63.77,5472600.0,,
"Apr 10, 2017",74.39,74.64,74.2,74.27,63.85,4530000.0,,
"Apr 7, 2017",74.33,74.6,74.13,74.41,63.97,5638200.0,,
"Apr 6, 2017",74.17,74.42,73.95,74.28,63.86,5253300.0,,
"Apr 5, 2017",74.48,74.92,74.1,74.15,63.75,6470100.0,,
"Apr 4, 2017",74.4,74.48,74.17,74.38,63.95,5228600.0,,
"Apr 3, 2017",74.44,74.79,74.13,74.42,63.98,12354800.0,,
"Mar 31, 2017",74.39,74.56,74.28,74.36,63.93,5895400.0,,
"Mar 30, 2017",74.47,74.72,74.27,74.57,64.11,7137400.0,,
"Mar 29, 2017",74.57,74.74,74.39,74.56,64.1,4357800.0,,
"Mar 28, 2017",74.34,74.64,74.11,74.54,64.08,7392300.0,,
"Mar 27, 2017",73.76,74.62,73.62,74.49,64.04,6946300.0,,
"Mar 24, 2017",74.29,74.62,73.98,74.29,63.87,9229500.0,,
"Mar 23, 2017",74.39,74.77,74.11,74.25,63.84,13250500.0,,
"Mar 22, 2017",74.57,74.67,74.11,74.48,64.03,9954300.0,,
"Mar 21, 2017",75.13,75.39,72.33,74.46,64.02,16650400.0,,
"Mar 20, 2017",75.18,75.29,74.9,75.05,64.52,4728300.0,,
"Mar 17, 2017",,,,,,,Dividend,0.274
"Mar 17, 2017",75.39,75.53,75.12,75.16,64.62,10401000.0,,
"Mar 16, 2017",76.4,76.4,75.56,75.85,64.98,12129400.0,,
"Mar 15, 2017",75.75,76.75,75.75,76.59,65.61,11044900.0,,
"Mar 14, 2017",75.71,75.96,75.56,75.64,64.8,7296300.0,,
"Mar 13, 2017",76.05,76.05,75.62,75.92,65.04,6898500.0,,
"Mar 10, 2017",76.01,76.09,75.7,75.98,65.09,10455800.0,,
"Mar 9, 2017",75.27,75.79,75.22,75.69,64.84,8451400.0,,
"Mar 8, 2017",74.97,75.54,74.92,75.28,64.49,8130000.0,,
"Mar 7, 2017",74.89,75.36,74.74,74.98,64.23,12330600.0,,
"Mar 6, 2017",75.69,75.75,75.24,75.51,64.68,5886900.0,,
"Mar 3, 2017",75.39,75.86,75.36,75.8,64.93,6635300.0,,
"Mar 2, 2017",75.62,75.89,75.49,75.5,64.68,7889300.0,,
"Mar 2, 2017",75.62,75.89,75.49,75.5,64.68,7889300.0,,
"Mar 1, 2017",75.44,75.93,75.22,75.74,64.88,15196600.0,,
"Feb 28, 2017",74.93,75.23,74.77,74.99,64.24,10258600.0,,
"Feb 27, 2017",74.83,75.18,74.67,75.14,64.37,8178200.0,,
"Feb 24, 2017",74.3,74.82,74.27,74.78,64.06,9103000.0,,
"Feb 23, 2017",73.96,74.55,73.87,74.42,63.75,8685600.0,,
"Feb 22, 2017",73.9,74.14,73.82,73.88,63.29,6634300.0,,
"Feb 21, 2017",73.65,74.23,73.65,73.99,63.38,10651800.0,,
"Feb 17, 2017",73.28,73.7,73.28,73.66,63.1,12118400.0,,
"Feb 16, 2017",73.68,73.75,73.06,73.56,63.01,11332600.0,,
"Feb 15, 2017",72.71,73.8,72.64,73.66,63.1,10091700.0,,
"Feb 14, 2017",72.22,72.87,72.17,72.87,62.42,10403000.0,,
"Feb 13, 2017",71.93,72.34,71.93,72.3,61.93,6465200.0,,
"Feb 10, 2017",71.83,72.02,71.66,71.86,61.56,4440300.0,,
"Feb 9, 2017",71.45,71.93,71.39,71.72,61.44,7869200.0,,
"Feb 8, 2017",71.19,71.54,70.99,71.46,61.21,6812900.0,,
"Feb 7, 2017",71.55,71.83,71.33,71.57,61.31,11278000.0,,
"Feb 6, 2017",71.29,71.5,71.15,71.5,61.25,11561600.0,,
"Feb 3, 2017",71.34,71.49,71.0,71.42,61.18,15104800.0,,
"Feb 2, 2017",70.78,71.15,70.56,71.11,60.92,14539400.0,,
"Feb 1, 2017",70.52,71.13,70.38,71.13,60.93,19490500.0,,
"Jan 31, 2017",69.04,70.52,68.99,70.52,60.41,14342500.0,,
"Jan 30, 2017",69.58,69.72,69.12,69.41,59.46,7281900.0,,
"Jan 27, 2017",69.34,69.8,69.32,69.75,59.75,7264900.0,,
"Jan 26, 2017",69.57,69.69,69.17,69.18,59.26,6612500.0,,
"Jan 25, 2017",69.13,69.75,69.09,69.72,59.72,6553800.0,,
"Jan 24, 2017",69.48,69.53,68.75,69.07,59.17,8703500.0,,
"Jan 23, 2017",69.75,69.94,69.29,69.55,59.58,10003700.0,,
"Jan 20, 2017",70.02,70.37,69.78,69.84,59.83,7006900.0,,
"Jan 19, 2017",70.45,70.61,69.91,70.02,59.98,6470700.0,,
"Jan 18, 2017",70.7,70.86,70.33,70.47,60.37,6174200.0,,
"Jan 17, 2017",70.48,70.68,69.98,70.56,60.44,6038200.0,,
"Jan 13, 2017",70.91,71.16,70.75,70.92,60.75,5279000.0,,
"Jan 12, 2017",70.43,70.89,70.26,70.85,60.69,9358900.0,,
"Jan 11, 2017",71.59,71.84,70.05,70.78,60.63,23742000.0,,
"Jan 10, 2017",71.37,71.91,71.21,71.5,61.25,10320500.0,,
"Jan 9, 2017",70.95,71.37,70.82,71.25,61.04,5751900.0,,
"Jan 6, 2017",70.77,71.15,70.52,70.95,60.78,5769300.0,,
"Jan 5, 2017",70.33,70.77,70.27,70.75,60.61,5979300.0,,
"Jan 4, 2017",69.95,70.58,69.95,70.39,60.3,9174500.0,,
"Jan 3, 2017",69.31,69.86,69.22,69.84,59.83,11792900.0,,
"Dec 30, 2016",69.2,69.27,68.72,68.94,59.06,6649000.0,,
"Dec 29, 2016",69.11,69.41,69.08,69.19,59.27,5539200.0,,
"Dec 28, 2016",69.67,69.75,69.06,69.07,59.17,4558800.0,,
"Dec 27, 2016",69.55,70.0,69.53,69.6,59.62,5141200.0,,
"Dec 23, 2016",68.96,69.5,68.96,69.46,59.5,4188700.0,,
"Dec 22, 2016",68.76,68.96,68.48,68.94,59.06,4458400.0,,
"Dec 21, 2016",69.28,69.31,68.73,68.85,58.98,5432300.0,,
"Dec 20, 2016",69.32,69.48,69.08,69.24,59.31,4885000.0,,
"Dec 19, 2016",69.63,69.94,69.2,69.29,59.36,9318300.0,,
"Dec 16, 2016",,,,,,,Dividend,0.305
"Dec 16, 2016",69.68,69.87,69.38,69.58,59.6,8257100.0,,
"Dec 15, 2016",69.66,69.9,69.41,69.83,59.56,8210100.0,,
"Dec 14, 2016",69.73,70.1,69.14,69.38,59.17,11682200.0,,
"Dec 13, 2016",69.43,69.84,69.23,69.74,59.48,11041400.0,,
"Dec 12, 2016",68.85,69.28,68.72,69.18,59.0,15018100.0,,
"Dec 9, 2016",68.26,68.98,68.26,68.85,58.72,12100200.0,,
"Dec 8, 2016",67.68,68.09,67.29,68.02,58.01,7586600.0,,
"Dec 7, 2016",67.94,67.94,66.97,67.89,57.9,12758900.0,,
"Dec 6, 2016",68.49,68.5,68.09,68.48,58.41,5490800.0,,
"Dec 5, 2016",68.69,68.79,68.07,68.29,58.24,5832100.0,,
"Dec 2, 2016",68.37,68.68,68.14,68.41,58.35,7964500.0,,
"Dec 1, 2016",68.83,69.0,68.05,68.25,58.21,11360700.0,,
"Nov 30, 2016",69.46,69.48,68.72,68.75,58.64,8640700.0,,
"Nov 29, 2016",69.12,69.61,69.11,69.41,59.2,7093900.0,,
"Nov 28, 2016",69.35,69.36,68.85,68.96,58.82,6507200.0,,
"Nov 25, 2016",69.41,69.54,69.21,69.48,59.26,4009300.0,,
"Nov 23, 2016",67.79,69.22,67.79,69.21,59.03,13676000.0,,
"Nov 22, 2016",69.92,69.92,68.47,68.94,58.8,14522100.0,,
"Nov 21, 2016",69.85,70.02,69.77,69.95,59.66,6791800.0,,
"Nov 18, 2016",70.51,70.7,69.66,69.7,59.45,12185000.0,,
"Nov 17, 2016",70.19,70.47,70.02,70.45,60.09,12856200.0,,
"Nov 16, 2016",70.29,70.63,70.08,70.17,59.85,7585000.0,,
"Nov 15, 2016",70.54,70.54,69.82,70.47,60.1,10371600.0,,
"Nov 14, 2016",70.8,70.88,70.13,70.27,59.93,17406200.0,,
"Nov 11, 2016",71.36,71.36,70.18,70.49,60.12,15866100.0,,
"Nov 10, 2016",71.94,72.08,71.06,71.56,61.03,28378900.0,,
"Nov 9, 2016",68.37,71.57,68.37,70.78,60.37,49750100.0,,
"Nov 8, 2016",67.74,68.83,67.65,68.37,58.31,15943900.0,,
"Nov 7, 2016",67.2,68.36,67.16,68.18,58.15,17367800.0,,
"Nov 4, 2016",66.2,67.03,66.13,66.48,56.7,21382600.0,,
"Nov 3, 2016",66.87,67.15,65.96,66.02,56.31,22074200.0,,
"Nov 2, 2016",66.87,67.39,66.65,66.65,56.85,17942900.0,,
"Nov 1, 2016",67.4,67.59,66.48,67.0,57.14,14908700.0,,
"Oct 31, 2016",67.76,67.77,67.33,67.36,57.45,12689000.0,,
"Oct 28, 2016",68.45,68.64,67.48,67.78,57.81,18469300.0,,
"Oct 27, 2016",69.49,69.76,69.1,69.28,59.09,6974700.0,,
"Oct 26, 2016",69.27,69.38,68.68,68.96,58.82,8073700.0,,
"Oct 25, 2016",69.5,69.71,69.29,69.38,59.17,7922100.0,,
"Oct 24, 2016",70.02,70.09,69.58,69.58,59.34,7384700.0,,
"Oct 21, 2016",69.93,69.93,69.53,69.71,59.45,5511600.0,,
"Oct 20, 2016",70.05,70.51,69.92,70.29,59.95,6876000.0,,
"Oct 19, 2016",70.31,70.37,69.94,69.96,59.67,5296700.0,,
"Oct 18, 2016",70.03,70.37,69.86,70.22,59.89,5495800.0,,
"Oct 17, 2016",69.51,69.65,69.24,69.39,59.18,8463000.0,,
"Oct 14, 2016",70.25,70.44,69.6,69.62,59.38,8382400.0,,
"Oct 13, 2016",69.65,70.35,69.42,70.09,59.78,13623100.0,,
"Oct 12, 2016",70.43,70.71,69.99,70.06,59.75,11746400.0,,
"Oct 11, 2016",71.85,71.85,70.08,70.39,60.03,12499700.0,,
"Oct 10, 2016",72.0,72.42,72.0,72.2,61.58,11039500.0,,
"Oct 10, 2016",72.0,72.42,72.0,72.2,61.58,11039500.0,,
"Oct 7, 2016",71.85,72.21,71.45,71.87,61.3,9920400.0,,
"Oct 6, 2016",71.95,72.02,71.49,71.92,61.34,9308900.0,,
"Oct 5, 2016",72.1,72.35,71.99,72.19,61.57,12842100.0,,
"Oct 4, 2016",71.97,72.27,71.55,71.91,61.33,10594600.0,,
"Oct 3, 2016",71.79,72.05,71.49,72.05,61.45,9187900.0,,
"Sep 30, 2016",71.53,72.31,71.49,72.11,61.5,7453500.0,,
"Sep 29, 2016",72.57,72.66,71.17,71.38,60.88,8857900.0,,
"Sep 28, 2016",72.84,72.85,72.28,72.66,61.97,6522600.0,,
"Sep 27, 2016",72.17,72.78,72.01,72.77,62.06,7839000.0,,
"Sep 26, 2016",72.84,72.9,72.09,72.26,61.63,5534100.0,,
"Sep 23, 2016",73.23,73.41,73.1,73.11,62.35,5420400.0,,
"Sep 22, 2016",73.09,73.47,73.05,73.34,62.55,6501900.0,,
"Sep 21, 2016",72.31,72.93,71.87,72.79,62.08,8485900.0,,
"Sep 20, 2016",72.16,72.34,72.04,72.07,61.47,5286600.0,,
"Sep 19, 2016",72.29,72.44,71.76,71.85,61.28,9919700.0,,
"Sep 16, 2016",,,,,,,Dividend,0.279
"Sep 16, 2016",71.99,72.21,71.83,72.11,61.5,8691000.0,,
"Sep 15, 2016",71.47,72.54,71.3,72.34,61.46,9613600.0,,
"Sep 14, 2016",71.57,72.07,71.31,71.6,60.83,13108500.0,,
"Sep 13, 2016",72.12,72.12,71.22,71.6,60.83,12194200.0,,
"Sep 12, 2016",71.11,72.76,71.09,72.57,61.66,13023400.0,,
"Sep 9, 2016",72.56,72.56,71.49,71.51,60.75,14135500.0,,
"Sep 8, 2016",72.68,73.03,72.61,72.97,62.0,4822200.0,,
"Sep 7, 2016",72.85,73.17,72.7,72.91,61.94,7561600.0,,
"Sep 6, 2016",72.77,73.07,72.66,72.91,61.94,8735800.0,,
"Sep 2, 2016",72.72,72.87,72.45,72.65,61.72,8052300.0,,
"Sep 1, 2016",72.76,72.85,72.24,72.57,61.66,9501400.0,,
"Aug 31, 2016",72.88,72.97,72.48,72.76,61.82,4756800.0,,
"Aug 30, 2016",73.32,73.32,72.8,72.98,62.0,5497900.0,,
"Aug 29, 2016",73.1,73.41,72.92,73.23,62.22,7372100.0,,
"Aug 26, 2016",72.87,73.45,72.63,73.07,62.08,9974300.0,,
"Aug 25, 2016",73.21,73.51,72.47,72.79,61.84,8766500.0,,
"Aug 24, 2016",74.55,74.71,73.23,73.41,62.37,8670400.0,,
"Aug 23, 2016",74.77,75.0,74.54,74.58,63.36,8557900.0,,
"Aug 22, 2016",74.39,74.79,74.31,74.51,63.3,4090200.0,,
"Aug 19, 2016",74.27,74.41,74.04,74.36,63.18,4323500.0,,
"Aug 18, 2016",74.38,74.58,74.19,74.42,63.23,4180100.0,,
"Aug 17, 2016",74.08,74.45,73.93,74.39,63.2,7296300.0,,
"Aug 16, 2016",74.8,74.81,74.24,74.24,63.07,6042300.0,,
"Aug 15, 2016",74.78,75.08,74.78,74.91,63.64,4122500.0,,
"Aug 12, 2016",74.83,74.86,74.51,74.78,63.53,6211900.0,,
"Aug 11, 2016",74.74,75.05,74.6,74.97,63.69,6599800.0,,
"Aug 10, 2016",74.76,74.76,74.34,74.54,63.33,7031600.0,,
"Aug 9, 2016",75.01,75.05,74.58,74.79,63.54,11261100.0,,
"Aug 8, 2016",75.19,75.19,74.35,74.61,63.39,6655500.0,,
"Aug 5, 2016",75.4,75.4,74.83,75.25,63.93,8244400.0,,
"Aug 4, 2016",75.23,75.35,74.97,75.07,63.78,8415500.0,,
"Aug 3, 2016",75.34,75.39,75.03,75.18,63.87,9761200.0,,
"Aug 2, 2016",75.74,75.74,74.93,75.39,64.05,12149300.0,,
"Aug 1, 2016",75.27,76.0,75.27,75.68,64.3,9255100.0,,
"Jul 29, 2016",74.91,75.34,74.73,75.2,63.89,4889200.0,,
"Jul 28, 2016",75.0,75.24,74.68,75.05,63.76,5470100.0,,
"Jul 27, 2016",74.63,75.24,74.49,75.12,63.82,7983100.0,,
"Jul 26, 2016",74.62,74.89,74.48,74.78,63.53,6904200.0,,
"Jul 25, 2016",75.01,75.07,74.45,74.91,63.64,5868400.0,,
"Jul 22, 2016",74.83,75.08,74.61,74.99,63.71,5446500.0,,
"Jul 21, 2016",74.62,74.99,74.55,74.84,63.58,9230800.0,,
"Jul 20, 2016",74.29,74.75,74.19,74.62,63.4,6855000.0,,
"Jul 19, 2016",74.2,74.38,73.73,73.95,62.83,6634700.0,,
"Jul 18, 2016",74.1,74.25,73.84,74.11,62.96,3954300.0,,
"Jul 15, 2016",74.42,74.63,73.99,74.08,62.94,7131300.0,,
"Jul 14, 2016",74.31,74.66,73.87,74.14,62.99,4813200.0,,
"Jul 13, 2016",74.08,74.18,73.75,73.82,62.72,6401900.0,,
"Jul 12, 2016",73.65,73.96,73.59,73.85,62.74,10237200.0,,
"Jul 11, 2016",73.91,74.1,73.42,73.49,62.44,7375100.0,,
"Jul 8, 2016",73.15,73.71,72.76,73.69,62.61,11013200.0,,
"Jul 7, 2016",73.34,73.35,72.46,72.79,61.84,8022400.0,,
"Jul 6, 2016",71.98,73.05,71.9,72.9,61.94,18791500.0,,
"Jul 5, 2016",71.73,72.38,71.73,72.09,61.25,8359800.0,,
"Jul 1, 2016",71.87,72.33,71.64,72.16,61.31,6793100.0,,
"Jun 30, 2016",71.18,71.75,70.83,71.71,60.92,9535200.0,,
"Jun 29, 2016",70.2,71.24,70.2,71.04,60.36,8968400.0,,
"Jun 28, 2016",68.86,69.77,68.85,69.71,59.23,13652400.0,,
"Jun 27, 2016",68.84,69.08,68.09,68.38,58.1,18241500.0,,
"Jun 24, 2016",69.35,70.4,69.05,69.31,58.89,22576500.0,,
"Jun 23, 2016",71.08,71.39,70.75,71.38,60.64,7626900.0,,
"Jun 22, 2016",70.26,71.25,70.2,70.46,59.86,11207600.0,,
"Jun 21, 2016",70.74,70.81,70.1,70.26,59.69,7014900.0,,
"Jun 20, 2016",70.66,71.0,70.41,70.5,59.9,7983700.0,,
"Jun 17, 2016",,,,,,,Dividend,0.285
"Jun 17, 2016",70.9,70.93,69.8,70.06,59.52,10799100.0,,
"Jun 16, 2016",70.62,71.2,70.27,71.08,60.15,9341200.0,,
"Jun 15, 2016",71.51,71.66,70.77,70.83,59.94,7861100.0,,
"Jun 14, 2016",71.04,71.35,70.74,71.32,60.35,8000500.0,,
"Jun 13, 2016",71.52,72.06,71.19,71.21,60.26,8538400.0,,
"Jun 10, 2016",71.94,71.98,71.45,71.78,60.74,10270900.0,,
"Jun 9, 2016",72.32,72.83,72.15,72.36,61.23,9608500.0,,
"Jun 8, 2016",72.17,72.61,72.01,72.48,61.33,4621300.0,,
"Jun 7, 2016",72.38,72.45,72.05,72.23,61.12,6439100.0,,
"Jun 6, 2016",72.3,72.81,72.12,72.68,61.5,9117600.0,,
"Jun 3, 2016",72.31,72.55,71.71,72.29,61.17,13896000.0,,
"Jun 2, 2016",71.55,72.53,71.46,72.53,61.37,12473100.0,,
"Jun 1, 2016",71.13,71.77,71.07,71.61,60.6,9301700.0,,
"May 31, 2016",71.4,71.52,71.04,71.35,60.38,7669800.0,,
"May 27, 2016",70.81,71.34,70.81,71.18,60.23,9641300.0,,
"May 26, 2016",70.88,71.0,70.63,70.86,59.96,5257700.0,,
"May 25, 2016",70.6,70.99,70.59,70.85,59.95,8949200.0,,
"May 24, 2016",69.76,70.52,69.67,70.41,59.58,11936400.0,,
"May 23, 2016",69.59,69.72,69.35,69.41,58.73,5061400.0,,
"May 23, 2016",69.59,69.72,69.35,69.41,58.73,5061400.0,,
"May 20, 2016",69.31,69.93,69.28,69.69,58.97,7925700.0,,
"May 19, 2016",69.24,69.56,68.61,69.05,58.43,8765700.0,,
"May 18, 2016",69.24,69.99,69.17,69.64,58.93,11515200.0,,
"May 17, 2016",69.95,70.13,69.1,69.35,58.68,14920000.0,,
"May 16, 2016",69.15,70.23,69.12,70.08,59.3,8338100.0,,
"May 13, 2016",69.22,69.67,69.08,69.14,58.51,11947300.0,,
"May 12, 2016",69.86,70.07,68.9,69.3,58.64,11322900.0,,
"May 11, 2016",70.45,70.63,69.7,69.71,58.99,8452500.0,,
"May 10, 2016",70.25,70.57,70.06,70.56,59.71,11073000.0,,
"May 9, 2016",69.18,70.19,69.15,69.97,59.21,13606600.0,,
"May 6, 2016",69.34,69.54,68.61,69.18,58.54,14164300.0,,
"May 5, 2016",69.31,69.69,69.16,69.59,58.89,10145200.0,,
"May 4, 2016",69.53,69.65,69.11,69.3,58.64,11802000.0,,
"May 3, 2016",69.94,70.4,69.7,69.97,59.21,9436800.0,,
"May 2, 2016",69.92,70.22,69.63,70.19,59.39,9074800.0,,
"Apr 29, 2016",70.26,70.4,69.37,69.79,59.06,13577900.0,,
"Apr 28, 2016",70.83,71.59,70.51,70.9,60.0,19512000.0,,
"Apr 27, 2016",71.37,71.54,70.94,71.24,60.28,9121200.0,,
"Apr 26, 2016",71.73,71.73,71.11,71.32,60.35,7433500.0,,
"Apr 25, 2016",71.6,71.82,71.36,71.59,60.58,8937500.0,,
"Apr 22, 2016",71.76,72.11,71.44,71.87,60.82,12052800.0,,
"Apr 21, 2016",71.34,71.88,71.25,71.72,60.69,12463100.0,,
"Apr 20, 2016",70.94,71.64,70.88,71.3,60.33,10763400.0,,
"Apr 19, 2016",70.79,71.3,70.53,70.92,60.01,6655000.0,,
"Apr 18, 2016",69.82,70.75,69.71,70.67,59.8,11505400.0,,
"Apr 15, 2016",70.24,70.24,69.55,70.02,59.25,7945300.0,,
"Apr 14, 2016",70.01,70.3,69.81,70.07,59.29,6655200.0,,
"Apr 13, 2016",69.7,70.07,69.33,70.03,59.26,9706200.0,,
"Apr 12, 2016",68.81,69.53,68.8,69.38,58.71,13510500.0,,
"Apr 11, 2016",69.32,69.52,68.67,68.82,58.24,8695500.0,,
"Apr 8, 2016",69.97,70.0,68.94,69.35,58.68,12883800.0,,
"Apr 7, 2016",69.81,70.28,69.18,69.54,58.84,19216700.0,,
"Apr 6, 2016",68.49,70.34,68.49,70.31,59.5,24546600.0,,
"Apr 5, 2016",68.56,68.88,68.31,68.47,57.94,16555000.0,,
"Apr 4, 2016",68.71,69.62,68.7,69.37,58.7,17381200.0,,
"Apr 1, 2016",67.5,68.8,67.37,68.55,58.01,9120200.0,,
"Mar 31, 2016",67.89,68.29,67.75,67.78,57.36,8602700.0,,
"Mar 30, 2016",68.32,68.5,67.87,67.99,57.53,7607700.0,,
"Mar 29, 2016",67.08,68.04,66.85,67.98,57.52,10455600.0,,
"Mar 28, 2016",67.57,67.64,67.1,67.2,56.86,7156300.0,,
"Mar 24, 2016",67.12,67.64,66.87,67.39,57.03,8492800.0,,
"Mar 23, 2016",67.85,67.97,67.36,67.42,57.05,9105100.0,,
"Mar 22, 2016",67.01,68.11,67.01,67.9,57.46,13200200.0,,
"Mar 21, 2016",66.9,67.37,66.79,67.23,56.89,12183600.0,,
"Mar 18, 2016",,,,,,,Dividend,0.237
"Mar 18, 2016",66.18,67.08,66.06,66.84,56.56,19524800.0,,
"Mar 17, 2016",67.02,67.03,65.66,66.3,55.9,20920400.0,,
"Mar 16, 2016",67.11,67.47,66.55,67.08,56.56,16881300.0,,
"Mar 15, 2016",67.85,67.99,67.04,67.24,56.69,15226500.0,,
"Mar 14, 2016",68.34,68.57,68.13,68.3,57.59,6140900.0,,
"Mar 11, 2016",67.71,68.6,67.66,68.59,57.83,10618300.0,,
"Mar 10, 2016",67.57,68.03,66.76,67.28,56.73,11287700.0,,
"Mar 9, 2016",67.3,67.53,66.78,67.24,56.69,13032500.0,,
"Mar 8, 2016",67.55,67.77,67.03,67.12,56.59,8204200.0,,
"Mar 7, 2016",66.97,68.18,66.96,67.95,57.29,11082400.0,,
"Mar 4, 2016",67.57,67.84,67.1,67.41,56.84,9855700.0,,
"Mar 3, 2016",67.59,67.65,66.95,67.57,56.97,10815000.0,,
"Mar 2, 2016",67.49,67.78,67.35,67.76,57.13,10923700.0,,
"Mar 1, 2016",66.6,67.67,66.16,67.65,57.04,14549100.0,,
"Feb 29, 2016",67.1,67.27,66.2,66.23,55.84,11091700.0,,
"Feb 26, 2016",67.73,68.0,67.24,67.3,56.75,10365700.0,,
"Feb 25, 2016",66.89,67.46,66.56,67.42,56.85,9496400.0,,
"Feb 24, 2016",65.99,66.68,65.29,66.59,56.15,11118600.0,,
"Feb 23, 2016",66.69,67.04,66.3,66.37,55.96,8211900.0,,
"Feb 22, 2016",66.47,66.88,66.36,66.87,56.38,7515700.0,,
"Feb 19, 2016",65.68,66.12,65.52,65.93,55.59,8875100.0,,
"Feb 18, 2016",66.49,66.76,65.84,66.0,55.65,9722100.0,,
"Feb 17, 2016",66.09,66.49,65.59,66.41,55.99,12140000.0,,
"Feb 16, 2016",65.06,65.61,64.84,65.58,55.3,17303000.0,,
"Feb 12, 2016",63.87,64.4,63.33,64.37,54.27,10316000.0,,
"Feb 11, 2016",63.4,64.03,63.04,63.52,53.56,22801100.0,,
"Feb 10, 2016",64.41,65.56,64.36,64.56,54.44,14728500.0,,
"Feb 9, 2016",62.75,64.63,62.68,63.99,53.95,20741700.0,,
"Feb 8, 2016",63.68,63.95,62.76,63.52,53.56,24652800.0,,
"Feb 5, 2016",65.32,65.5,64.07,64.4,54.3,16744000.0,,
"Feb 4, 2016",65.84,66.42,65.09,65.68,55.38,18958100.0,,
"Feb 3, 2016",65.8,66.11,64.57,66.04,55.68,19453100.0,,
"Feb 2, 2016",66.1,66.28,65.41,65.61,55.32,12968700.0,,
"Feb 1, 2016",66.02,66.91,65.67,66.57,56.13,16705700.0,,
"Jan 29, 2016",65.26,66.5,65.07,66.47,56.05,17578200.0,,
"Jan 28, 2016",67.28,67.32,65.05,65.4,55.14,26127300.0,,
"Jan 27, 2016",67.61,68.32,66.49,66.96,56.46,15924700.0,,
"Jan 26, 2016",67.26,67.86,66.74,67.73,57.11,12449700.0,,
"Jan 25, 2016",67.65,68.1,67.13,67.22,56.68,10131900.0,,
"Jan 22, 2016",67.73,68.03,67.41,67.85,57.21,11343800.0,,
"Jan 21, 2016",67.16,67.5,66.16,66.79,56.32,17102800.0,,
"Jan 20, 2016",65.68,67.64,64.86,66.99,56.48,24665600.0,,
"Jan 19, 2016",67.6,67.85,66.13,66.86,56.37,13495200.0,,
"Jan 15, 2016",66.1,67.18,65.92,66.87,56.38,17882300.0,,
"Jan 14, 2016",66.22,68.26,65.81,67.82,57.18,23342300.0,,
"Jan 13, 2016",68.2,68.52,65.98,66.05,55.69,16202500.0,,
"Jan 12, 2016",67.75,68.46,66.96,68.07,57.39,13727000.0,,
"Jan 11, 2016",68.32,68.35,66.26,67.21,56.67,28563800.0,,
"Jan 8, 2016",69.47,69.65,67.9,68.02,57.35,17022800.0,,
"Jan 7, 2016",69.13,70.01,68.87,69.06,58.23,17850400.0,,
"Jan 6, 2016",70.06,70.98,70.0,70.49,59.44,14651700.0,,
"Jan 5, 2016",70.93,71.38,70.76,71.07,59.92,14540000.0,,
"Jan 4, 2016",70.77,71.0,70.01,70.73,59.64,19666300.0,,
"Dec 31, 2015",72.42,72.75,72.03,72.03,60.73,6591700.0,,
"Dec 31, 2015",72.42,72.75,72.03,72.03,60.73,6591700.0,,
"Dec 30, 2015",72.91,73.1,72.61,72.68,61.28,8496500.0,,
"Dec 29, 2015",72.59,73.16,72.44,72.99,61.54,7243100.0,,
"Dec 28, 2015",72.24,72.3,71.91,72.11,60.8,6534700.0,,
"Dec 24, 2015",72.14,72.68,72.11,72.45,61.09,2568300.0,,
"Dec 23, 2015",72.06,72.54,71.99,72.38,61.03,8091000.0,,
"Dec 22, 2015",71.38,71.71,70.97,71.61,60.38,7495800.0,,
"Dec 21, 2015",70.91,71.13,70.55,71.13,59.97,6707200.0,,
"Dec 18, 2015",,,,,,,Dividend,0.303
"Dec 18, 2015",71.34,71.43,70.48,70.49,59.44,15159800.0,,
"Dec 17, 2015",72.81,72.81,71.77,71.83,60.31,11469100.0,,
"Dec 16, 2015",72.28,72.72,71.27,72.61,60.96,15273700.0,,
"Dec 15, 2015",71.53,72.02,71.3,71.68,60.18,14006300.0,,
"Dec 14, 2015",70.57,70.85,69.67,70.76,59.41,21091500.0,,
"Dec 11, 2015",70.59,70.88,70.21,70.3,59.02,15178300.0,,
"Dec 10, 2015",70.82,71.84,70.75,71.35,59.91,9778500.0,,
"Dec 9, 2015",71.21,71.9,70.54,70.82,59.46,17593600.0,,
"Dec 8, 2015",70.84,71.74,70.84,71.54,60.07,7483600.0,,
"Dec 7, 2015",71.63,72.0,71.01,71.38,59.93,8511000.0,,
"Dec 4, 2015",70.44,71.89,70.27,71.78,60.27,14929800.0,,
"Dec 3, 2015",71.76,71.85,69.82,70.13,58.88,13191400.0,,
"Dec 2, 2015",72.39,72.61,71.59,71.7,60.2,9875100.0,,
"Dec 1, 2015",71.48,72.37,71.32,72.31,60.71,10659200.0,,
"Nov 30, 2015",72.2,72.21,71.11,71.11,59.7,8846100.0,,
"Nov 27, 2015",72.14,72.22,71.9,72.09,60.53,2658000.0,,
"Nov 25, 2015",71.75,72.05,71.6,71.95,60.41,4594400.0,,
"Nov 24, 2015",70.9,71.63,70.86,71.56,60.08,7174700.0,,
"Nov 23, 2015",71.38,71.78,71.13,71.34,59.9,10362700.0,,
"Nov 20, 2015",71.28,71.87,71.28,71.52,60.05,9224500.0,,
"Nov 19, 2015",71.66,71.75,70.85,70.91,59.54,11128000.0,,
"Nov 18, 2015",70.78,72.2,70.78,72.12,60.55,12816300.0,,
"Nov 17, 2015",70.58,71.21,70.22,70.74,59.39,7882300.0,,
"Nov 16, 2015",69.42,70.44,69.41,70.44,59.14,12959800.0,,
"Nov 13, 2015",69.6,70.28,69.48,69.57,58.41,18196800.0,,
"Nov 12, 2015",70.78,70.89,69.74,69.74,58.55,10870800.0,,
"Nov 11, 2015",71.95,71.95,70.96,70.97,59.59,10580900.0,,
"Nov 10, 2015",71.22,71.84,71.08,71.68,60.18,9737400.0,,
"Nov 9, 2015",71.62,71.62,70.79,71.2,59.78,15625000.0,,
"Nov 6, 2015",71.61,71.82,70.92,71.75,60.24,12661100.0,,
"Nov 5, 2015",72.33,72.35,71.37,72.05,60.49,9172000.0,,
"Nov 4, 2015",72.86,72.88,71.84,72.28,60.69,11533000.0,,
"Nov 3, 2015",72.67,72.83,72.09,72.6,60.96,10428700.0,,
"Nov 2, 2015",71.75,72.91,71.34,72.86,61.17,18646600.0,,
"Oct 30, 2015",72.01,72.21,71.34,71.34,59.9,12427200.0,,
"Oct 29, 2015",71.88,73.0,71.49,71.79,60.28,22780700.0,,
"Oct 28, 2015",70.77,71.51,70.14,71.47,60.01,18158000.0,,
"Oct 27, 2015",69.79,70.88,69.78,70.88,59.51,25160900.0,,
"Oct 26, 2015",69.16,70.07,68.93,69.6,58.44,17831900.0,,
"Oct 23, 2015",68.58,69.69,68.3,69.33,58.21,26524200.0,,
"Oct 22, 2015",68.39,68.5,67.03,67.88,56.99,35524500.0,,
"Oct 21, 2015",69.3,69.57,67.16,68.29,57.34,36068300.0,,
"Oct 20, 2015",69.79,70.01,68.61,68.91,57.86,14802000.0,,
"Oct 19, 2015",69.53,70.2,69.15,70.01,58.78,15694700.0,,
"Oct 16, 2015",69.33,69.86,69.16,69.76,58.57,17657000.0,,
"Oct 15, 2015",67.26,69.14,67.19,69.14,58.05,22133300.0,,
"Oct 14, 2015",68.12,68.68,67.44,67.63,56.78,21786200.0,,
"Oct 13, 2015",68.31,69.19,67.69,67.76,56.89,17273300.0,,
"Oct 12, 2015",68.14,68.84,68.05,68.62,57.61,11074500.0,,
"Oct 9, 2015",68.24,68.73,67.94,68.44,57.46,13890000.0,,
"Oct 8, 2015",67.54,68.35,66.87,68.13,57.2,23182700.0,,
"Oct 7, 2015",67.35,68.26,66.53,67.93,57.03,27466100.0,,
"Oct 6, 2015",68.25,68.45,65.91,66.86,56.14,30431600.0,,
"Oct 5, 2015",68.88,69.02,67.8,68.47,57.49,18389800.0,,
"Oct 2, 2015",66.03,68.3,65.72,68.29,57.34,23741800.0,,
"Oct 1, 2015",66.39,66.95,65.75,66.9,56.17,19853100.0,,
"Sep 30, 2015",65.84,66.42,65.38,66.23,55.61,26565600.0,,
"Sep 29, 2015",64.46,65.98,64.08,64.88,54.47,31776000.0,,
"Sep 28, 2015",66.46,66.6,63.73,64.29,53.98,66470200.0,,
"Sep 25, 2015",69.31,69.52,66.35,66.88,56.15,30973700.0,,
"Sep 24, 2015",68.9,69.17,67.99,68.76,57.73,20064500.0,,
"Sep 23, 2015",69.6,70.12,69.11,69.47,58.33,9578700.0,,
"Sep 22, 2015",69.01,69.66,68.76,69.54,58.39,29234000.0,,
"Sep 21, 2015",71.4,71.57,69.5,69.97,58.75,23860100.0,,
"Sep 18, 2015",,,,,,,Dividend,0.261
"Sep 18, 2015",71.02,71.67,70.81,70.91,59.54,23716000.0,,
"Sep 17, 2015",71.55,73.26,71.55,72.27,60.46,19149000.0,,
"Sep 16, 2015",71.45,71.75,70.91,71.62,59.92,12003400.0,,
"Sep 15, 2015",70.76,71.59,70.5,71.42,59.75,8414600.0,,
"Sep 14, 2015",70.65,70.78,70.09,70.41,58.9,6232200.0,,
"Sep 11, 2015",69.89,70.66,69.69,70.63,59.09,7633000.0,,
"Sep 10, 2015",69.54,70.71,69.32,70.18,58.71,17313700.0,,
"Sep 9, 2015",71.42,71.47,69.33,69.51,58.15,12424000.0,,
"Sep 8, 2015",69.94,70.7,69.52,70.6,59.06,11697400.0,,
"Sep 4, 2015",68.49,69.27,68.18,68.68,57.46,16587900.0,,
"Sep 3, 2015",70.45,70.84,69.39,69.55,58.18,14080100.0,,
"Sep 2, 2015",69.78,70.05,68.91,70.05,58.6,12491700.0,,
"Sep 1, 2015",68.64,69.76,68.32,68.64,57.42,21723600.0,,
"Aug 31, 2015",71.48,72.1,70.31,70.49,58.97,15143100.0,,
"Aug 28, 2015",71.85,72.24,71.23,71.8,60.07,10045600.0,,
"Aug 27, 2015",71.75,72.31,70.69,72.21,60.41,18689700.0,,
"Aug 26, 2015",69.84,70.9,68.17,70.83,59.26,26115600.0,,
"Aug 25, 2015",70.8,71.34,67.86,67.96,56.85,17883700.0,,
"Aug 24, 2015",67.39,71.07,56.63,68.65,57.43,33675700.0,,
"Aug 21, 2015",73.22,73.85,71.69,71.7,59.98,24008300.0,,
"Aug 20, 2015",75.16,75.45,73.96,73.96,61.87,12992900.0,,
"Aug 19, 2015",75.62,76.24,75.18,75.72,63.35,10070300.0,,
"Aug 18, 2015",76.06,76.44,75.91,76.03,63.61,5465900.0,,
"Aug 17, 2015",75.13,76.16,74.83,76.14,63.7,5796000.0,,
"Aug 14, 2015",74.96,75.42,74.8,75.38,63.06,5504000.0,,
"Aug 13, 2015",75.4,75.68,74.99,75.17,62.89,6329300.0,,
"Aug 13, 2015",75.4,75.68,74.99,75.17,62.89,6329300.0,,
"Aug 12, 2015",74.72,75.42,73.9,75.34,63.03,9665900.0,,
"Aug 11, 2015",75.41,75.69,74.91,75.29,62.99,7914900.0,,
"Aug 10, 2015",75.57,76.26,75.57,75.93,63.52,7951100.0,,
"Aug 7, 2015",75.43,75.57,74.53,75.32,63.01,10863600.0,,
"Aug 6, 2015",77.2,77.27,75.38,75.45,63.12,13360200.0,,
"Aug 5, 2015",76.96,77.26,76.83,77.13,64.53,5391200.0,,
"Aug 4, 2015",76.91,76.95,76.25,76.49,63.99,10778700.0,,
"Aug 3, 2015",76.67,76.9,76.01,76.53,64.02,8447800.0,,
"Jul 31, 2015",76.44,76.93,76.39,76.59,64.07,7910300.0,,
"Jul 30, 2015",76.19,76.33,75.56,76.15,63.71,5381100.0,,
"Jul 29, 2015",76.46,76.61,75.94,76.26,63.8,9367000.0,,
"Jul 28, 2015",75.2,76.15,74.82,76.13,63.69,11445100.0,,
"Jul 27, 2015",74.67,74.93,74.39,74.78,62.56,11037000.0,,
"Jul 24, 2015",76.0,76.05,74.71,74.85,62.62,13229700.0,,
"Jul 23, 2015",77.19,77.35,76.63,76.77,64.22,5677400.0,,
"Jul 22, 2015",76.67,77.12,76.55,77.05,64.46,5765400.0,,
"Jul 21, 2015",77.19,77.39,76.53,76.88,64.32,8140200.0,,
"Jul 20, 2015",77.07,77.4,76.99,77.22,64.6,3874800.0,,
"Jul 17, 2015",77.05,77.07,76.66,76.97,64.39,3877900.0,,
"Jul 16, 2015",77.06,77.25,76.84,77.14,64.53,5109200.0,,
"Jul 15, 2015",76.92,77.26,76.56,76.78,64.23,6994900.0,,
"Jul 14, 2015",75.96,76.78,75.79,76.68,64.15,5831800.0,,
"Jul 13, 2015",75.82,76.08,75.61,75.92,63.51,7815100.0,,
"Jul 10, 2015",75.21,75.37,74.78,75.28,62.98,8059500.0,,
"Jul 9, 2015",74.68,74.87,74.24,74.28,62.14,6654600.0,,
"Jul 8, 2015",74.57,74.8,73.86,73.88,61.81,13074900.0,,
"Jul 7, 2015",74.91,75.17,73.89,75.17,62.89,10653300.0,,
"Jul 6, 2015",74.14,75.28,74.14,74.81,62.58,9352600.0,,
"Jul 2, 2015",75.36,75.41,74.69,74.84,62.61,5678800.0,,
"Jul 1, 2015",75.16,75.26,74.75,75.19,62.9,7756500.0,,
"Jun 30, 2015",74.93,74.95,74.15,74.39,62.23,8722200.0,,
"Jun 29, 2015",75.33,75.72,74.09,74.13,62.02,13675900.0,,
"Jun 26, 2015",76.21,76.5,75.72,75.99,63.57,6147500.0,,
"Jun 25, 2015",75.91,76.46,75.71,76.1,63.66,9232500.0,,
"Jun 24, 2015",76.35,76.42,75.68,75.68,63.31,7294400.0,,
"Jun 23, 2015",76.41,76.65,76.18,76.45,63.96,4631600.0,,
"Jun 22, 2015",76.27,76.66,76.21,76.3,63.83,6635000.0,,
"Jun 19, 2015",,,,,,,Dividend,0.261
"Jun 19, 2015",75.84,76.01,75.66,75.71,63.34,10327400.0,,
"Jun 18, 2015",75.11,76.28,75.08,76.03,63.39,9511200.0,,
"Jun 17, 2015",74.99,75.16,74.5,74.97,62.5,5132100.0,,
"Jun 16, 2015",74.49,74.94,74.33,74.9,62.44,6041400.0,,
"Jun 15, 2015",73.97,74.68,73.59,74.53,62.14,7150200.0,,
"Jun 12, 2015",75.0,75.11,74.34,74.44,62.06,6330600.0,,
"Jun 11, 2015",75.44,75.49,74.97,75.37,62.84,4912000.0,,
"Jun 10, 2015",74.12,74.95,73.98,74.86,62.41,7728800.0,,
"Jun 9, 2015",74.21,74.21,73.66,73.95,61.65,8297500.0,,
"Jun 8, 2015",74.36,74.52,73.97,73.97,61.67,6736600.0,,
"Jun 5, 2015",74.27,74.39,73.74,74.34,61.98,7772200.0,,
"Jun 4, 2015",74.61,74.91,74.11,74.37,62.0,6479500.0,,
"Jun 3, 2015",75.0,75.07,74.68,74.89,62.44,5357600.0,,
"Jun 2, 2015",75.0,75.09,74.46,74.75,62.32,5722400.0,,
"Jun 1, 2015",75.37,75.53,74.74,75.24,62.73,7466700.0,,
"May 29, 2015",75.01,75.62,74.71,74.94,62.48,9839200.0,,
"May 28, 2015",75.07,75.34,74.77,75.13,62.64,5766400.0,,
"May 27, 2015",74.48,75.16,74.28,75.08,62.59,13043700.0,,
"May 26, 2015",74.75,74.83,74.07,74.22,61.88,9533800.0,,
"May 22, 2015",75.03,75.34,74.92,74.98,62.51,4612300.0,,
"May 21, 2015",75.13,75.24,74.88,75.16,62.66,4537900.0,,
"May 20, 2015",75.18,75.47,74.85,75.15,62.65,10577000.0,,
"May 19, 2015",74.8,75.24,74.61,75.05,62.57,5869200.0,,
"May 18, 2015",74.21,74.79,74.17,74.7,62.28,6792200.0,,
"May 15, 2015",74.24,74.35,74.03,74.26,61.91,3872300.0,,
"May 14, 2015",73.49,74.14,73.19,74.11,61.79,6894400.0,,
"May 13, 2015",73.26,73.64,72.97,73.1,60.94,6005800.0,,
"May 12, 2015",72.96,73.32,72.68,73.02,60.88,7019800.0,,
"May 11, 2015",73.71,73.84,73.42,73.49,61.27,7980700.0,,
"May 8, 2015",73.02,73.65,72.96,73.45,61.24,11222400.0,,
"May 7, 2015",71.84,72.53,71.73,72.28,60.26,9019700.0,,
"May 6, 2015",72.41,72.45,71.42,71.94,59.98,10152200.0,,
"May 5, 2015",72.99,73.0,72.15,72.22,60.21,11373800.0,,
"May 4, 2015",72.96,73.43,72.79,73.14,60.98,8561700.0,,
"May 1, 2015",72.2,72.72,72.19,72.68,60.59,11508300.0,,
"Apr 30, 2015",72.42,72.78,71.33,71.71,59.79,14554400.0,,
"Apr 29, 2015",72.89,73.41,72.25,72.73,60.64,13661300.0,,
"Apr 28, 2015",73.25,73.53,72.2,73.4,61.19,15798400.0,,
"Apr 27, 2015",74.57,74.64,72.94,73.04,60.89,17847700.0,,
"Apr 24, 2015",74.48,74.73,74.07,74.39,62.02,10397200.0,,
"Apr 23, 2015",74.24,74.82,73.89,74.63,62.22,10532500.0,,
"Apr 22, 2015",74.4,74.51,73.97,74.35,61.99,6078200.0,,
"Apr 21, 2015",74.11,74.45,74.08,74.23,61.89,6577200.0,,
"Apr 20, 2015",73.66,73.94,73.55,73.74,61.48,6659500.0,,
"Apr 17, 2015",73.46,73.65,72.82,73.29,61.1,12115400.0,,
"Apr 16, 2015",74.05,74.23,73.82,73.93,61.64,4439500.0,,
"Apr 15, 2015",74.19,74.33,73.83,73.97,61.67,6254600.0,,
"Apr 14, 2015",73.74,73.86,73.18,73.78,61.51,5878700.0,,
"Apr 13, 2015",74.11,74.44,73.63,73.66,61.41,6814800.0,,
"Apr 10, 2015",73.5,74.16,73.21,74.06,61.74,5084300.0,,
"Apr 9, 2015",72.9,73.55,72.8,73.43,61.22,8181400.0,,
"Apr 8, 2015",72.43,73.2,72.34,72.88,60.76,12577100.0,,
"Apr 7, 2015",72.28,72.81,72.21,72.27,60.25,5599300.0,,
"Apr 6, 2015",71.59,72.49,71.5,72.1,60.11,5746200.0,,
"Apr 2, 2015",71.84,72.32,71.64,71.99,60.02,7560100.0,,
"Apr 1, 2015",72.53,72.81,71.31,71.77,59.84,21829300.0,,
"Mar 31, 2015",73.49,74.17,72.5,72.5,60.44,8442900.0,,
"Mar 30, 2015",73.63,73.89,73.54,73.78,61.51,8008200.0,,
"Mar 27, 2015",72.72,73.32,72.6,73.04,60.89,8841600.0,,
"Mar 26, 2015",72.28,73.12,71.92,72.52,60.46,18253800.0,,
"Mar 25, 2015",74.25,74.62,72.67,72.69,60.6,15039100.0,,
"Mar 25, 2015",74.25,74.62,72.67,72.69,60.6,15039100.0,,
"Mar 24, 2015",74.78,74.98,74.03,74.04,61.73,8467700.0,,
"Mar 23, 2015",74.67,75.09,74.4,74.69,62.27,4667800.0,,
"Mar 20, 2015",,,,,,,Dividend,0.208
"Mar 20, 2015",75.4,76.01,74.48,74.9,62.44,9544300.0,,
"Mar 19, 2015",74.14,74.67,74.01,74.57,62.0,9403900.0,,
"Mar 18, 2015",73.03,74.45,72.75,74.14,61.64,12886900.0,,
"Mar 17, 2015",73.14,73.34,72.74,73.19,60.85,10142500.0,,
"Mar 16, 2015",72.43,73.41,72.17,73.4,61.02,13635100.0,,
"Mar 13, 2015",71.85,72.28,71.33,71.81,59.7,6480400.0,,
"Mar 12, 2015",71.34,71.95,71.27,71.95,59.82,7574200.0,,
"Mar 11, 2015",71.43,71.51,70.96,71.01,59.04,7525100.0,,
"Mar 10, 2015",71.22,71.54,71.0,71.05,59.07,12323900.0,,
"Mar 9, 2015",71.63,71.92,71.22,71.85,59.73,10306300.0,,
"Mar 6, 2015",72.5,72.66,71.32,71.41,59.37,12314900.0,,
"Mar 5, 2015",72.67,73.17,72.58,72.84,60.56,6252100.0,,
"Mar 4, 2015",72.02,72.68,71.6,72.58,60.34,9153500.0,,
"Mar 3, 2015",72.85,72.86,71.87,72.23,60.05,10144000.0,,
"Mar 2, 2015",72.47,72.91,72.34,72.89,60.6,6769900.0,,
"Feb 27, 2015",72.56,72.65,72.2,72.24,60.06,6745300.0,,
"Feb 26, 2015",72.39,72.62,72.05,72.59,60.35,4424900.0,,
"Feb 25, 2015",72.36,72.61,72.1,72.39,60.18,9629700.0,,
"Feb 24, 2015",72.61,72.65,72.15,72.42,60.21,8052200.0,,
"Feb 23, 2015",72.29,72.74,72.16,72.51,60.28,8577500.0,,
"Feb 20, 2015",71.33,72.21,71.2,72.18,60.01,8213700.0,,
"Feb 19, 2015",71.23,71.55,71.11,71.43,59.39,5383600.0,,
"Feb 18, 2015",71.22,71.35,70.87,71.31,59.29,7780900.0,,
"Feb 17, 2015",70.79,71.26,70.72,71.23,59.22,8381700.0,,
"Feb 13, 2015",70.49,70.78,70.17,70.72,58.8,8592300.0,,
"Feb 12, 2015",70.52,70.64,69.85,70.44,58.56,10124100.0,,
"Feb 11, 2015",70.18,70.57,69.79,70.19,58.35,8088100.0,,
"Feb 10, 2015",69.52,70.19,69.36,70.12,58.3,8629000.0,,
"Feb 9, 2015",69.46,69.66,68.8,68.96,57.33,8139000.0,,
"Feb 6, 2015",70.42,70.71,69.59,69.78,58.01,11886100.0,,
"Feb 5, 2015",69.69,70.48,69.69,70.42,58.55,10801400.0,,
"Feb 4, 2015",69.29,69.63,68.87,69.25,57.57,15184800.0,,
"Feb 3, 2015",70.0,70.16,69.07,70.13,58.3,17432800.0,,
"Feb 2, 2015",69.4,69.69,68.44,69.66,57.91,18042300.0,,
"Jan 30, 2015",70.07,70.53,69.17,69.27,57.59,13886500.0,,
"Jan 29, 2015",69.78,70.43,69.22,70.37,58.5,12120000.0,,
"Jan 28, 2015",70.93,71.19,69.67,69.78,58.01,11005400.0,,
"Jan 27, 2015",70.67,71.3,70.5,70.8,58.86,10040100.0,,
"Jan 26, 2015",71.01,71.35,70.58,71.31,59.29,7871700.0,,
"Jan 23, 2015",71.25,71.32,70.91,70.94,58.98,6815600.0,,
"Jan 22, 2015",70.82,71.36,69.84,71.35,59.32,11497400.0,,
"Jan 21, 2015",70.3,70.78,69.95,70.51,58.62,8391000.0,,
"Jan 20, 2015",70.48,70.66,69.55,70.37,58.5,10387200.0,,
"Jan 16, 2015",68.96,70.5,68.94,70.37,58.5,13759300.0,,
"Jan 15, 2015",70.08,70.21,69.03,69.07,57.42,16382800.0,,
"Jan 14, 2015",69.26,70.0,69.07,69.82,58.05,12548000.0,,
"Jan 13, 2015",70.9,71.29,69.34,69.93,58.14,14219800.0,,
"Jan 12, 2015",70.75,71.0,70.05,70.24,58.4,11972100.0,,
"Jan 9, 2015",70.9,70.98,69.97,70.21,58.37,9724300.0,,
"Jan 8, 2015",70.34,70.92,70.22,70.84,58.9,22138400.0,,
"Jan 7, 2015",68.51,69.67,68.36,69.65,57.91,14146400.0,,
"Jan 6, 2015",68.51,69.09,67.63,68.05,56.58,13344500.0,,
"Jan 5, 2015",68.32,68.88,68.15,68.28,56.77,10784800.0,,
"Jan 2, 2015",68.71,69.35,68.35,68.63,57.06,7516800.0,,
"Dec 31, 2014",69.27,69.66,68.37,68.38,56.85,7863600.0,,
"Dec 30, 2014",69.26,69.42,68.99,69.07,57.42,4965100.0,,
"Dec 29, 2014",69.06,69.47,68.98,69.37,57.67,5225900.0,,
"Dec 26, 2014",68.91,69.32,68.87,69.13,57.47,4242800.0,,
"Dec 24, 2014",68.19,69.03,68.13,68.64,57.07,4519100.0,,
"Dec 23, 2014",69.9,69.95,67.78,68.14,56.65,22190400.0,,
"Dec 22, 2014",70.0,70.12,69.39,69.74,57.98,9896600.0,,
"Dec 19, 2014",,,,,,,Dividend,0.26
"Dec 19, 2014",70.5,70.93,70.02,70.41,58.54,17822000.0,,
"Dec 18, 2014",69.43,70.51,69.28,70.5,58.4,16048100.0,,
"Dec 17, 2014",67.44,68.79,67.31,68.62,56.84,17776200.0,,
"Dec 16, 2014",67.86,69.02,67.32,67.36,55.8,14735600.0,,
"Dec 15, 2014",69.19,69.21,67.91,68.15,56.45,17776200.0,,
"Dec 12, 2014",69.46,69.86,68.72,68.78,56.97,10438600.0,,
"Dec 11, 2014",69.91,70.67,69.69,69.85,57.86,7383300.0,,
"Dec 10, 2014",70.69,70.73,69.6,69.65,57.69,9011200.0,,
"Dec 9, 2014",70.22,70.81,69.81,70.74,58.6,9776300.0,,
"Dec 8, 2014",70.7,71.43,70.7,71.04,58.84,5942800.0,,
"Dec 5, 2014",70.28,70.85,70.21,70.79,58.64,8325100.0,,
"Dec 4, 2014",70.2,70.61,69.96,70.23,58.17,4235400.0,,
"Dec 3, 2014",70.37,70.43,70.05,70.32,58.25,6577000.0,,
"Dec 2, 2014",69.69,70.31,69.69,70.21,58.16,7444800.0,,
"Dec 1, 2014",69.36,69.94,69.27,69.44,57.52,8537400.0,,
"Nov 28, 2014",69.25,69.99,69.25,69.61,57.66,4395500.0,,
"Nov 26, 2014",68.99,69.21,68.72,69.18,57.3,5325900.0,,
"Nov 25, 2014",68.81,68.97,68.49,68.76,56.96,5510200.0,,
"Nov 24, 2014",68.59,68.68,68.45,68.67,56.88,5020100.0,,
"Nov 21, 2014",68.68,68.82,68.13,68.32,56.59,8098700.0,,
"Nov 20, 2014",67.99,68.27,67.78,68.0,56.33,9041600.0,,
"Nov 19, 2014",68.59,68.63,68.11,68.29,56.57,6253600.0,,
"Nov 18, 2014",67.63,68.72,67.57,68.67,56.88,8240100.0,,
"Nov 17, 2014",67.11,67.76,67.11,67.58,55.98,8587200.0,,
"Nov 14, 2014",67.79,67.79,66.98,67.25,55.7,6331800.0,,
"Nov 13, 2014",67.96,68.2,67.49,67.81,56.17,5216600.0,,
"Nov 12, 2014",67.7,67.97,67.59,67.86,56.21,3879900.0,,
"Nov 11, 2014",67.86,68.21,67.69,67.96,56.29,9777500.0,,
"Nov 10, 2014",67.18,67.74,66.92,67.71,56.09,5455300.0,,
"Nov 7, 2014",67.7,67.76,66.82,67.03,55.52,13895600.0,,
"Nov 6, 2014",67.38,67.85,67.38,67.7,56.08,7962400.0,,
"Nov 5, 2014",67.97,67.99,67.13,67.29,55.74,6592100.0,,
"Nov 4, 2014",67.33,67.54,66.95,67.36,55.8,5716000.0,,
"Nov 3, 2014",67.37,67.46,66.87,67.35,55.79,8680700.0,,
"Nov 3, 2014",67.37,67.46,66.87,67.35,55.79,8680700.0,,
"Oct 31, 2014",67.86,67.99,67.05,67.27,55.72,11388000.0,,
"Oct 30, 2014",65.69,67.04,65.63,67.0,55.5,11630600.0,,
"Oct 29, 2014",65.74,65.97,65.35,65.79,54.5,10162400.0,,
"Oct 28, 2014",65.8,65.8,65.18,65.76,54.47,8770600.0,,
"Oct 27, 2014",65.22,65.35,64.99,65.28,54.07,9110800.0,,
"Oct 24, 2014",64.49,65.24,64.35,65.21,54.01,9703500.0,,
"Oct 23, 2014",63.73,64.66,63.73,64.31,53.27,11165000.0,,
"Oct 22, 2014",63.57,63.73,63.05,63.23,52.37,13813800.0,,
"Oct 21, 2014",62.43,63.59,62.37,63.55,52.64,14961400.0,,
"Oct 20, 2014",60.97,61.96,60.97,61.91,51.28,9848900.0,,
"Oct 17, 2014",60.79,61.56,60.65,61.17,50.67,15704700.0,,
"Oct 16, 2014",59.7,60.92,59.45,60.21,49.87,30185000.0,,
"Oct 15, 2014",60.33,60.79,59.21,60.52,50.13,32120100.0,,
"Oct 14, 2014",61.85,62.06,60.6,61.02,50.54,19321000.0,,
"Oct 13, 2014",63.0,63.03,61.41,61.48,50.92,17937500.0,,
"Oct 10, 2014",63.29,64.06,62.97,62.97,52.16,15606800.0,,
"Oct 9, 2014",64.6,64.67,63.32,63.36,52.48,15686000.0,,
"Oct 8, 2014",63.22,64.75,63.06,64.7,53.59,11412300.0,,
"Oct 7, 2014",63.98,64.01,63.09,63.09,52.26,11281800.0,,
"Oct 6, 2014",64.69,64.91,63.85,64.11,53.1,8287500.0,,
"Oct 3, 2014",63.64,64.49,63.6,64.41,53.35,11383100.0,,
"Oct 2, 2014",63.24,63.39,62.57,63.11,52.28,7225200.0,,
"Oct 1, 2014",64.1,64.1,63.03,63.24,52.38,11141700.0,,
"Sep 30, 2014",64.39,64.51,63.86,63.91,52.94,7580800.0,,
"Sep 29, 2014",63.86,64.48,63.81,64.26,53.23,10284100.0,,
"Sep 26, 2014",64.5,64.5,63.85,64.4,53.34,6513000.0,,
"Sep 25, 2014",65.19,65.21,64.2,64.2,53.18,11661500.0,,
"Sep 24, 2014",64.31,65.27,64.29,65.27,54.06,8120900.0,,
"Sep 23, 2014",63.93,64.43,63.83,64.15,53.14,7833900.0,,
"Sep 22, 2014",64.74,64.8,64.28,64.53,53.45,4005700.0,,
"Sep 19, 2014",,,,,,,Dividend,0.231
"Sep 19, 2014",65.16,65.31,64.79,64.88,53.74,6833500.0,,
"Sep 18, 2014",64.77,65.07,64.65,65.04,53.68,5460700.0,,
"Sep 17, 2014",64.47,64.81,64.09,64.56,53.29,6704300.0,,
"Sep 16, 2014",63.55,64.56,63.47,64.51,53.24,6907900.0,,
"Sep 15, 2014",63.81,63.88,63.42,63.64,52.53,6082500.0,,
"Sep 12, 2014",64.25,64.28,63.63,63.81,52.67,7340200.0,,
"Sep 11, 2014",64.21,64.37,63.96,64.28,53.06,6360300.0,,
"Sep 10, 2014",64.1,64.54,63.97,64.46,53.2,7039600.0,,
"Sep 9, 2014",64.27,64.29,63.85,64.01,52.83,6667300.0,,
"Sep 8, 2014",64.05,64.3,63.93,64.18,52.97,7204800.0,,
"Sep 5, 2014",63.82,64.18,63.15,64.17,52.96,6349400.0,,
"Sep 4, 2014",64.26,64.42,63.67,63.8,52.66,6231400.0,,
"Sep 3, 2014",64.23,64.41,63.97,64.12,52.92,5421900.0,,
"Sep 2, 2014",63.99,64.05,63.66,63.83,52.68,5076800.0,,
"Aug 29, 2014",63.73,63.92,63.57,63.86,52.71,4139100.0,,
"Aug 28, 2014",63.47,63.77,63.4,63.63,52.52,3466000.0,,
"Aug 27, 2014",63.85,63.88,63.56,63.65,52.54,4151700.0,,
"Aug 26, 2014",63.56,63.74,63.43,63.7,52.58,3601300.0,,
"Aug 25, 2014",63.37,63.6,63.21,63.47,52.39,4863000.0,,
"Aug 22, 2014",63.03,63.17,62.84,62.99,51.99,3248900.0,,
"Aug 21, 2014",62.93,63.12,62.87,62.93,51.94,3125900.0,,
"Aug 20, 2014",62.73,62.95,62.56,62.84,51.87,4513800.0,,
"Aug 19, 2014",62.53,62.89,62.31,62.85,51.87,3874500.0,,
"Aug 18, 2014",62.27,62.53,62.19,62.44,51.54,7448800.0,,
"Aug 15, 2014",62.2,62.27,61.39,61.96,51.14,7777600.0,,
"Aug 14, 2014",61.29,61.9,61.1,61.9,51.09,4797400.0,,
"Aug 13, 2014",60.69,61.24,60.67,61.18,50.5,4751900.0,,
"Aug 12, 2014",60.44,60.6,60.28,60.45,49.89,2878500.0,,
"Aug 11, 2014",60.77,60.95,60.47,60.5,49.94,4700600.0,,
"Aug 8, 2014",59.9,60.57,59.7,60.53,49.96,5472600.0,,
"Aug 7, 2014",60.73,60.8,59.71,59.82,49.37,10947000.0,,
"Aug 6, 2014",60.37,60.85,60.15,60.6,50.02,9568000.0,,
"Aug 5, 2014",60.96,61.16,60.43,60.63,50.04,10309500.0,,
"Aug 4, 2014",61.09,61.34,60.67,61.22,50.53,9208900.0,,
"Aug 1, 2014",60.77,61.27,60.5,60.96,50.31,16923800.0,,
"Jul 31, 2014",61.63,61.76,60.91,60.91,50.27,8415200.0,,
"Jul 30, 2014",62.25,62.48,61.87,62.19,51.33,7752700.0,,
"Jul 29, 2014",62.08,62.17,61.82,61.94,51.12,5321800.0,,
"Jul 28, 2014",61.85,62.05,61.56,61.89,51.08,7004900.0,,
"Jul 25, 2014",61.93,61.95,61.52,61.83,51.03,4129300.0,,
"Jul 24, 2014",62.33,62.4,62.0,62.06,51.22,6107400.0,,
"Jul 23, 2014",62.15,62.28,61.9,62.19,51.33,7264400.0,,
"Jul 22, 2014",61.47,61.86,61.44,61.69,50.92,5640400.0,,
"Jul 21, 2014",61.23,61.26,60.95,61.16,50.48,3731900.0,,
"Jul 18, 2014",60.64,61.52,60.5,61.41,50.69,8938700.0,,
"Jul 17, 2014",60.85,61.36,60.35,60.42,49.87,7321900.0,,
"Jul 16, 2014",61.49,61.53,60.82,61.09,50.42,5279000.0,,
"Jul 15, 2014",61.86,61.9,61.15,61.29,50.59,5498900.0,,
"Jul 14, 2014",61.98,61.98,61.67,61.82,51.02,4078700.0,,
"Jul 11, 2014",61.58,61.68,61.24,61.62,50.86,3779600.0,,
"Jul 10, 2014",61.04,61.62,60.81,61.49,50.75,4726600.0,,
"Jul 9, 2014",61.44,61.59,61.11,61.53,50.79,5879900.0,,
"Jul 8, 2014",61.75,61.78,61.06,61.27,50.57,7145400.0,,
"Jul 7, 2014",62.07,62.33,61.8,61.85,51.05,3900300.0,,
"Jul 3, 2014",62.2,62.34,61.93,62.32,51.44,2468600.0,,
"Jul 2, 2014",61.58,62.07,61.49,62.07,51.23,4036600.0,,
"Jul 1, 2014",61.07,61.72,61.0,61.6,50.84,8145300.0,,
"Jun 30, 2014",61.11,61.25,60.76,60.83,50.21,6434500.0,,
"Jun 27, 2014",61.05,61.22,60.86,61.07,50.41,4840900.0,,
"Jun 26, 2014",61.3,61.34,60.72,61.23,50.54,11236400.0,,
"Jun 25, 2014",60.46,61.19,60.42,61.15,50.47,20099100.0,,
"Jun 24, 2014",60.65,60.97,60.42,60.49,49.93,4868300.0,,
"Jun 23, 2014",60.72,60.77,60.4,60.45,49.89,3406700.0,,
"Jun 20, 2014",,,,,,,Dividend,0.226
"Jun 20, 2014",60.36,60.69,60.3,60.68,50.08,4426700.0,,
"Jun 19, 2014",60.17,60.4,60.13,60.4,49.67,4313800.0,,
"Jun 18, 2014",59.66,60.21,59.58,60.2,49.5,5374200.0,,
"Jun 17, 2014",59.77,59.87,59.54,59.72,49.11,3728200.0,,
"Jun 17, 2014",59.77,59.87,59.54,59.72,49.11,3728200.0,,
"Jun 16, 2014",59.9,60.2,59.55,59.75,49.13,9021700.0,,
"Jun 13, 2014",59.73,59.78,59.47,59.63,49.03,2950700.0,,
"Jun 12, 2014",59.85,59.97,59.54,59.68,49.07,4305300.0,,
"Jun 11, 2014",59.8,60.07,59.77,59.98,49.32,5901200.0,,
"Jun 10, 2014",59.86,60.05,59.46,60.05,49.38,6921400.0,,
"Jun 9, 2014",60.11,60.16,59.73,59.85,49.21,5533400.0,,
"Jun 6, 2014",60.27,60.4,60.04,60.16,49.47,3950900.0,,
"Jun 5, 2014",60.22,60.41,59.79,60.22,49.52,3929800.0,,
"Jun 4, 2014",59.93,60.15,59.78,60.15,49.46,3599800.0,,
"Jun 3, 2014",59.73,60.02,59.61,59.98,49.32,3054500.0,,
"Jun 2, 2014",59.74,59.94,59.42,59.87,49.23,4880300.0,,
"May 30, 2014",59.51,59.82,59.5,59.79,49.16,7778100.0,,
"May 29, 2014",59.31,59.63,59.31,59.63,49.03,2682200.0,,
"May 28, 2014",59.3,59.45,59.16,59.16,48.65,4401700.0,,
"May 27, 2014",59.33,59.38,59.01,59.33,48.79,3246500.0,,
"May 23, 2014",59.0,59.12,58.81,59.01,48.52,2796300.0,,
"May 22, 2014",58.65,59.17,58.46,58.98,48.5,3526100.0,,
"May 21, 2014",58.34,58.68,58.22,58.63,48.21,3921500.0,,
"May 20, 2014",58.51,58.55,57.97,58.14,47.81,4611800.0,,
"May 19, 2014",58.15,58.55,58.0,58.51,48.11,4386100.0,,
"May 16, 2014",58.02,58.2,57.71,58.15,47.82,8913400.0,,
"May 15, 2014",58.33,58.39,57.68,57.95,47.65,6469400.0,,
"May 14, 2014",58.47,58.72,58.3,58.54,48.14,3746700.0,,
"May 13, 2014",58.56,58.71,58.42,58.5,48.1,3230400.0,,
"May 12, 2014",58.05,58.45,57.95,58.41,48.03,5244500.0,,
"May 9, 2014",57.53,57.88,57.11,57.82,47.54,7298600.0,,
"May 8, 2014",57.81,58.12,57.31,57.47,47.26,7710000.0,,
"May 7, 2014",57.7,57.79,57.03,57.78,47.51,9058100.0,,
"May 6, 2014",58.07,58.07,57.59,57.62,47.38,6117700.0,,
"May 5, 2014",57.55,58.15,57.21,58.13,47.8,7218700.0,,
"May 2, 2014",58.23,58.34,57.63,57.75,47.49,6126300.0,,
"May 1, 2014",58.16,58.57,57.79,58.25,47.9,6857500.0,,
"Apr 30, 2014",57.97,58.21,57.77,58.12,47.79,11115200.0,,
"Apr 29, 2014",57.83,58.12,57.68,58.07,47.75,8955800.0,,
"Apr 28, 2014",57.87,58.13,56.98,57.73,47.47,9735200.0,,
"Apr 25, 2014",57.78,57.8,57.24,57.39,47.19,6368600.0,,
"Apr 24, 2014",58.21,58.21,57.28,57.82,47.54,8012600.0,,
"Apr 23, 2014",58.3,58.33,57.71,57.91,47.62,8668900.0,,
"Apr 22, 2014",57.98,58.51,57.9,58.2,47.86,8980300.0,,
"Apr 21, 2014",57.0,57.59,56.89,57.57,47.34,5545000.0,,
"Apr 17, 2014",56.92,57.18,56.59,56.89,46.78,8656900.0,,
"Apr 16, 2014",57.11,57.21,56.54,56.9,46.79,29585700.0,,
"Apr 15, 2014",56.24,56.74,55.42,56.62,46.56,17424500.0,,
"Apr 14, 2014",56.09,56.34,55.39,56.02,46.06,11085300.0,,
"Apr 11, 2014",55.99,56.69,55.56,55.71,45.81,14710100.0,,
"Apr 10, 2014",58.16,58.25,56.11,56.24,46.25,17622500.0,,
"Apr 9, 2014",57.09,58.19,57.05,58.18,47.84,14438600.0,,
"Apr 8, 2014",57.48,57.51,56.61,56.96,46.84,15165000.0,,
"Apr 7, 2014",57.71,58.36,57.16,57.43,47.22,15263300.0,,
"Apr 4, 2014",59.31,59.49,57.98,58.01,47.7,20115400.0,,
"Apr 3, 2014",59.23,59.27,58.6,58.99,48.51,9609100.0,,
"Apr 2, 2014",59.0,59.16,58.81,59.12,48.61,8999300.0,,
"Apr 1, 2014",58.66,59.13,58.46,58.86,48.4,10114900.0,,
"Mar 31, 2014",58.19,58.54,58.0,58.49,48.1,9508100.0,,
"Mar 28, 2014",58.11,58.65,57.52,57.71,47.45,13128800.0,,
"Mar 27, 2014",58.09,58.24,57.43,57.93,47.64,12961000.0,,
"Mar 26, 2014",58.31,58.76,58.01,58.06,47.74,13638300.0,,
"Mar 25, 2014",57.72,58.43,57.44,58.04,47.73,14646400.0,,
"Mar 24, 2014",58.38,58.45,57.11,57.53,47.31,20490000.0,,
"Mar 21, 2014",,,,,,,Dividend,0.205
"Mar 21, 2014",59.51,59.72,58.07,58.18,47.84,19504500.0,,
"Mar 20, 2014",59.46,59.53,59.14,59.46,48.72,4895400.0,,
"Mar 19, 2014",59.71,60.04,59.08,59.46,48.72,8404800.0,,
"Mar 18, 2014",59.13,59.76,59.07,59.64,48.87,6147200.0,,
"Mar 17, 2014",58.8,59.26,58.7,59.01,48.36,6430200.0,,
"Mar 14, 2014",58.67,58.9,58.41,58.44,47.89,8006100.0,,
"Mar 13, 2014",59.76,59.79,58.64,58.76,48.15,12551400.0,,
"Mar 12, 2014",59.29,59.64,59.11,59.57,48.81,8822700.0,,
"Mar 11, 2014",59.7,60.0,59.45,59.58,48.82,6031700.0,,
"Mar 10, 2014",59.45,59.73,59.15,59.7,48.92,7775900.0,,
"Mar 7, 2014",59.92,60.0,59.07,59.45,48.72,12630300.0,,
"Mar 6, 2014",60.29,60.5,59.47,59.6,48.84,14206800.0,,
"Mar 5, 2014",60.21,60.24,59.88,59.97,49.14,10740200.0,,
"Mar 4, 2014",59.54,60.2,59.54,60.12,49.27,9658900.0,,
"Mar 3, 2014",58.66,59.24,58.61,59.0,48.35,8919900.0,,
"Feb 28, 2014",59.49,60.01,58.93,59.44,48.71,10341200.0,,
"Feb 27, 2014",59.1,59.44,58.94,59.44,48.71,5980100.0,,
"Feb 26, 2014",59.27,59.47,58.96,59.1,48.43,7449000.0,,
"Feb 25, 2014",59.16,59.43,58.93,59.1,48.43,6858600.0,,
"Feb 24, 2014",59.01,59.59,58.92,59.25,48.55,6464300.0,,
"Feb 21, 2014",58.98,59.22,58.74,58.81,48.19,5196300.0,,
"Feb 20, 2014",58.47,59.01,58.27,58.92,48.28,9852300.0,,
"Feb 19, 2014",58.73,58.94,58.31,58.39,47.85,10732700.0,,
"Feb 18, 2014",58.47,58.87,58.35,58.75,48.14,10874200.0,,
"Feb 14, 2014",57.95,58.3,57.83,58.21,47.7,8379800.0,,
"Feb 13, 2014",57.28,58.03,57.18,58.0,47.53,8256400.0,,
"Feb 12, 2014",57.77,57.91,57.42,57.59,47.19,6535800.0,,
"Feb 11, 2014",56.86,57.64,56.73,57.59,47.19,10380300.0,,
"Feb 10, 2014",56.46,56.84,56.24,56.82,46.56,7902800.0,,
"Feb 7, 2014",55.48,56.37,55.33,56.35,46.18,11497100.0,,
"Feb 6, 2014",55.22,55.47,55.14,55.4,45.4,7842200.0,,
"Feb 5, 2014",55.37,55.47,54.65,55.09,45.14,16384200.0,,
"Feb 4, 2014",55.17,55.47,55.0,55.4,45.4,10080000.0,,
"Feb 3, 2014",56.1,56.26,54.76,54.86,44.96,15808800.0,,
"Jan 31, 2014",55.87,56.29,55.69,55.96,45.86,10821300.0,,
"Jan 30, 2014",55.99,56.58,55.96,56.45,46.26,10714100.0,,
"Jan 29, 2014",55.57,56.0,55.25,55.44,45.43,12281200.0,,
"Jan 28, 2014",55.56,56.18,55.53,55.95,45.85,8806300.0,,
"Jan 27, 2014",55.64,55.76,55.03,55.21,45.24,13825900.0,,
"Jan 27, 2014",55.64,55.76,55.03,55.21,45.24,13825900.0,,
"Jan 24, 2014",56.66,56.77,55.66,55.66,45.61,13101900.0,,
"Jan 23, 2014",57.17,57.35,56.63,57.0,46.71,7052900.0,,
"Jan 22, 2014",57.39,57.5,57.21,57.4,47.04,5391300.0,,
"Jan 21, 2014",57.31,57.45,56.91,57.35,47.0,5697400.0,,
"Jan 17, 2014",57.08,57.24,56.86,57.02,46.73,6907500.0,,
"Jan 16, 2014",56.92,57.18,56.85,57.08,46.77,5489900.0,,
"Jan 15, 2014",57.11,57.11,56.79,56.94,46.66,10054100.0,,
"Jan 14, 2014",56.37,57.08,56.31,56.99,46.7,6943500.0,,
"Jan 13, 2014",56.86,57.07,56.16,56.28,46.12,12815600.0,,
"Jan 10, 2014",56.66,56.75,56.21,56.74,46.5,7734300.0,,
"Jan 9, 2014",56.18,56.56,56.05,56.52,46.32,6204700.0,,
"Jan 8, 2014",55.7,56.18,55.55,56.1,45.97,7793300.0,,
"Jan 7, 2014",55.28,55.79,55.28,55.61,45.57,5714000.0,,
"Jan 6, 2014",55.43,55.61,54.95,55.03,45.09,9123500.0,,
"Jan 3, 2014",55.22,55.5,55.15,55.26,45.28,3642500.0,,
"Jan 2, 2014",55.31,55.42,55.0,55.13,45.18,8771800.0,,
"Dec 31, 2013",55.52,55.56,55.23,55.44,45.43,6008000.0,,
"Dec 30, 2013",55.38,55.47,55.1,55.47,45.45,2374200.0,,
"Dec 27, 2013",55.59,55.59,55.28,55.38,45.38,2668100.0,,
"Dec 26, 2013",55.04,55.43,55.04,55.43,45.42,2592600.0,,
"Dec 24, 2013",55.13,55.15,54.94,55.02,45.09,3291900.0,,
"Dec 23, 2013",55.2,55.21,54.97,55.12,45.17,3849400.0,,
"Dec 20, 2013",,,,,,,Dividend,0.225
"Dec 20, 2013",54.79,55.07,54.69,54.91,45.0,6813200.0,,
"Dec 19, 2013",54.85,54.9,54.55,54.86,44.77,6691000.0,,
"Dec 18, 2013",53.8,55.0,53.5,54.98,44.87,10210000.0,,
"Dec 17, 2013",53.93,54.02,53.4,53.65,43.78,5132600.0,,
"Dec 16, 2013",54.01,54.38,53.81,53.91,44.0,6211600.0,,
"Dec 13, 2013",53.93,54.04,53.58,53.81,43.91,4319500.0,,
"Dec 12, 2013",54.14,54.19,53.75,53.77,43.88,5645400.0,,
"Dec 11, 2013",55.12,55.12,54.09,54.16,44.2,9989200.0,,
"Dec 10, 2013",55.31,55.31,54.87,55.11,44.97,3545500.0,,
"Dec 9, 2013",55.43,55.49,55.26,55.33,45.15,3896200.0,,
"Dec 6, 2013",54.97,55.24,54.82,55.22,45.06,4846500.0,,
"Dec 5, 2013",54.54,54.81,54.38,54.51,44.49,3612800.0,,
"Dec 4, 2013",54.57,54.98,54.17,54.61,44.57,3474900.0,,
"Dec 3, 2013",55.18,55.18,54.68,54.8,44.72,4402300.0,,
"Dec 2, 2013",55.24,55.41,55.1,55.28,45.11,4724400.0,,
"Nov 29, 2013",55.4,55.47,55.14,55.26,45.1,2837700.0,,
"Nov 27, 2013",55.39,55.57,55.18,55.29,45.12,4449500.0,,
"Nov 26, 2013",55.48,55.62,55.27,55.31,45.14,5035300.0,,
"Nov 25, 2013",55.54,55.71,55.38,55.47,45.27,5270100.0,,
"Nov 22, 2013",54.79,55.25,54.73,55.25,45.09,5924700.0,,
"Nov 21, 2013",54.48,54.69,54.38,54.52,44.49,4590300.0,,
"Nov 20, 2013",54.19,54.55,54.08,54.3,44.31,4744000.0,,
"Nov 19, 2013",53.92,54.22,53.78,54.14,44.18,4515100.0,,
"Nov 18, 2013",54.37,54.52,53.96,54.08,44.13,3796600.0,,
"Nov 15, 2013",54.03,54.32,53.92,54.32,44.33,4004400.0,,
"Nov 14, 2013",53.7,54.07,53.68,54.01,44.08,6201800.0,,
"Nov 13, 2013",53.04,53.56,52.91,53.56,43.71,5214800.0,,
"Nov 12, 2013",53.2,53.3,53.02,53.26,43.47,3064100.0,,
"Nov 11, 2013",53.1,53.38,53.1,53.29,43.49,5095700.0,,
"Nov 8, 2013",52.39,53.2,52.39,53.16,43.38,6663800.0,,
"Nov 7, 2013",53.07,53.22,52.36,52.39,42.76,6050900.0,,
"Nov 6, 2013",53.18,53.3,52.8,52.86,43.14,4731100.0,,
"Nov 5, 2013",53.0,53.1,52.74,52.98,43.24,4248100.0,,
"Nov 4, 2013",53.17,53.32,52.99,53.16,43.38,3156100.0,,
"Nov 1, 2013",52.89,53.18,52.74,53.12,43.35,10779200.0,,
"Oct 31, 2013",52.97,53.18,52.7,52.77,43.07,5904000.0,,
"Oct 30, 2013",53.46,53.5,52.82,52.98,43.24,8240300.0,,
"Oct 29, 2013",53.08,53.28,52.92,53.27,43.47,7262900.0,,
"Oct 28, 2013",52.75,53.03,52.66,52.92,43.19,8983400.0,,
"Oct 25, 2013",52.74,52.76,52.47,52.74,43.04,3855900.0,,
"Oct 24, 2013",52.87,52.97,52.63,52.67,42.98,3725600.0,,
"Oct 23, 2013",52.64,52.8,52.42,52.67,42.98,5140800.0,,
"Oct 22, 2013",52.43,52.89,52.37,52.77,43.07,5053300.0,,
"Oct 21, 2013",52.6,52.61,52.14,52.28,42.67,4103300.0,,
"Oct 18, 2013",52.82,52.85,52.28,52.55,42.89,7646000.0,,
"Oct 17, 2013",52.04,52.81,52.04,52.76,43.06,6823400.0,,
"Oct 16, 2013",51.52,52.34,51.52,52.32,42.7,7239000.0,,
"Oct 15, 2013",51.54,51.7,51.24,51.27,41.84,8043100.0,,
"Oct 14, 2013",50.98,51.6,50.85,51.6,42.11,8858200.0,,
"Oct 11, 2013",50.95,51.3,50.94,51.23,41.81,4694600.0,,
"Oct 10, 2013",50.26,51.02,50.26,50.99,41.61,7330100.0,,
"Oct 9, 2013",50.02,50.13,49.58,49.83,40.67,11388100.0,,
"Oct 8, 2013",50.76,50.95,49.89,49.92,40.74,7360000.0,,
"Oct 7, 2013",50.87,50.98,50.65,50.65,41.34,3971800.0,,
"Oct 4, 2013",50.74,51.26,50.63,51.22,41.8,4503400.0,,
"Oct 3, 2013",51.05,51.07,50.45,50.66,41.34,7228300.0,,
"Oct 2, 2013",50.89,51.13,50.78,51.11,41.71,6404800.0,,
"Oct 1, 2013",50.63,51.26,50.56,51.23,41.81,11685100.0,,
"Sep 30, 2013",50.34,50.74,50.27,50.59,41.29,8585300.0,,
"Sep 27, 2013",50.42,50.79,50.37,50.7,41.38,3937100.0,,
"Sep 26, 2013",50.5,50.88,50.5,50.7,41.38,4319300.0,,
"Sep 25, 2013",51.0,51.02,50.52,50.52,41.23,5207500.0,,
"Sep 24, 2013",51.22,51.24,50.9,50.92,41.56,5956800.0,,
"Sep 23, 2013",51.48,51.48,51.0,51.18,41.77,4773800.0,,
"Sep 20, 2013",,,,,,,Dividend,0.213
"Sep 20, 2013",51.79,51.88,51.52,51.54,42.06,8986300.0,,
"Sep 19, 2013",52.19,52.19,51.75,51.85,42.14,6104100.0,,
"Sep 18, 2013",51.7,52.12,51.37,52.02,42.28,6868600.0,,
"Sep 17, 2013",51.71,51.71,51.49,51.7,42.02,3654000.0,,
"Sep 16, 2013",51.66,51.84,51.52,51.67,41.99,6845800.0,,
"Sep 13, 2013",51.19,51.28,51.03,51.21,41.62,3668600.0,,
"Sep 12, 2013",51.1,51.3,51.05,51.09,41.52,3098400.0,,
"Sep 11, 2013",50.95,51.21,50.81,51.17,41.59,6753900.0,,
"Sep 10, 2013",50.74,50.88,50.56,50.83,41.31,6500100.0,,
"Sep 9, 2013",50.29,50.52,50.14,50.51,41.05,4286700.0,,
"Sep 6, 2013",50.32,50.5,49.6,50.2,40.8,5636300.0,,
"Sep 6, 2013",50.32,50.5,49.6,50.2,40.8,5636300.0,,
"Sep 5, 2013",50.21,50.24,50.0,50.18,40.78,4288000.0,,
"Sep 4, 2013",49.5,50.16,49.5,50.11,40.73,4049700.0,,
"Sep 3, 2013",49.72,49.87,49.31,49.54,40.26,6062900.0,,
"Aug 30, 2013",49.48,49.48,49.07,49.22,40.0,4127300.0,,
"Aug 29, 2013",49.17,49.73,49.01,49.41,40.16,4042600.0,,
"Aug 28, 2013",49.06,49.44,48.82,49.26,40.04,6008600.0,,
"Aug 27, 2013",49.45,49.51,48.95,49.05,39.86,6653400.0,,
"Aug 26, 2013",49.88,50.17,49.79,49.86,40.52,3936700.0,,
"Aug 23, 2013",49.67,49.85,49.48,49.79,40.47,2366700.0,,
"Aug 22, 2013",49.52,49.74,49.41,49.66,40.36,2768500.0,,
"Aug 21, 2013",49.55,49.8,49.23,49.34,40.1,6178400.0,,
"Aug 20, 2013",49.53,49.84,49.48,49.64,40.34,5029400.0,,
"Aug 19, 2013",49.38,49.75,49.27,49.5,40.23,8096300.0,,
"Aug 16, 2013",49.52,49.62,49.34,49.41,40.16,10277800.0,,
"Aug 15, 2013",50.03,50.18,49.63,49.64,40.34,6461300.0,,
"Aug 14, 2013",50.74,51.02,50.46,50.49,41.04,5878500.0,,
"Aug 13, 2013",50.9,51.01,50.44,50.89,41.36,4430100.0,,
"Aug 12, 2013",50.87,50.87,50.55,50.7,41.21,3841800.0,,
"Aug 9, 2013",50.96,51.23,50.73,50.91,41.38,3902400.0,,
"Aug 8, 2013",51.27,51.33,50.91,51.09,41.52,3629500.0,,
"Aug 7, 2013",50.95,51.18,50.75,51.09,41.52,3955200.0,,
"Aug 6, 2013",51.21,51.37,50.87,51.05,41.49,4280200.0,,
"Aug 5, 2013",51.32,51.46,51.19,51.29,41.69,3479800.0,,
"Aug 2, 2013",51.14,51.36,51.13,51.36,41.74,3817700.0,,
"Aug 1, 2013",51.34,51.5,51.2,51.34,41.73,8762400.0,,
"Jul 31, 2013",51.1,51.44,50.98,51.02,41.47,6477200.0,,
"Jul 30, 2013",51.38,51.48,50.8,51.0,41.45,5698800.0,,
"Jul 29, 2013",51.08,51.21,50.84,50.99,41.44,6497400.0,,
"Jul 26, 2013",50.72,51.15,50.46,51.14,41.56,4832700.0,,
"Jul 25, 2013",50.54,50.82,50.2,50.81,41.3,3869100.0,,
"Jul 24, 2013",50.79,50.86,50.41,50.56,41.09,3790100.0,,
"Jul 23, 2013",50.9,50.92,50.54,50.64,41.16,5310900.0,,
"Jul 22, 2013",50.55,50.92,50.48,50.82,41.3,6172800.0,,
"Jul 19, 2013",49.82,50.6,49.72,50.57,41.1,6559600.0,,
"Jul 18, 2013",49.88,50.09,49.85,49.91,40.56,6544700.0,,
"Jul 17, 2013",49.77,50.02,49.7,49.77,40.45,4668600.0,,
"Jul 16, 2013",49.98,50.05,49.52,49.64,40.34,7064100.0,,
"Jul 15, 2013",50.0,50.0,49.71,49.93,40.58,4266200.0,,
"Jul 12, 2013",49.59,49.89,49.46,49.88,40.54,5578200.0,,
"Jul 11, 2013",49.45,49.64,49.35,49.58,40.3,7471900.0,,
"Jul 10, 2013",48.57,49.11,48.57,48.95,39.78,5040000.0,,
"Jul 9, 2013",48.68,48.75,48.42,48.63,39.52,5581000.0,,
"Jul 8, 2013",48.47,48.63,48.36,48.49,39.41,6630200.0,,
"Jul 5, 2013",47.89,48.23,47.75,48.22,39.19,4384400.0,,
"Jul 3, 2013",47.46,47.73,47.23,47.57,38.66,3926100.0,,
"Jul 2, 2013",47.71,47.92,47.5,47.64,38.72,5127400.0,,
"Jul 1, 2013",47.75,48.26,47.18,47.74,38.8,25892000.0,,
"Jun 28, 2013",47.94,48.16,47.56,47.61,38.69,8770700.0,,
"Jun 27, 2013",48.12,48.26,47.91,47.98,39.0,5338200.0,,
"Jun 26, 2013",47.44,47.99,47.4,47.81,38.86,7600000.0,,
"Jun 25, 2013",47.29,47.32,46.81,47.13,38.3,5688300.0,,
"Jun 24, 2013",46.88,47.29,46.45,46.89,38.11,19003300.0,,
"Jun 21, 2013",,,,,,,Dividend,0.212
"Jun 21, 2013",47.24,47.59,46.89,47.29,38.43,15980600.0,,
"Jun 20, 2013",48.01,48.01,46.9,47.04,38.06,28952100.0,,
"Jun 19, 2013",49.06,49.13,48.27,48.28,39.06,22305700.0,,
"Jun 18, 2013",48.63,49.1,48.63,49.06,39.69,7399700.0,,
"Jun 17, 2013",48.75,49.03,48.41,48.65,39.36,8437400.0,,
"Jun 14, 2013",48.49,48.84,48.44,48.54,39.27,7314000.0,,
"Jun 13, 2013",47.76,48.68,47.52,48.62,39.34,6904900.0,,
"Jun 12, 2013",48.59,48.81,47.88,47.88,38.74,8582800.0,,
"Jun 11, 2013",48.19,48.67,47.99,48.37,39.14,9941700.0,,
"Jun 10, 2013",48.72,48.77,48.41,48.57,39.3,5663700.0,,
"Jun 7, 2013",48.3,48.76,48.29,48.5,39.24,7663500.0,,
"Jun 6, 2013",47.36,48.06,47.16,48.06,38.88,16861800.0,,
"Jun 5, 2013",48.0,48.31,47.28,47.37,38.33,12852100.0,,
"Jun 4, 2013",48.37,48.58,47.8,48.07,38.89,13141400.0,,
"Jun 3, 2013",48.38,48.44,47.94,48.37,39.14,12698200.0,,
"May 31, 2013",48.97,49.2,48.1,48.11,38.92,13329700.0,,
"May 30, 2013",48.9,49.36,48.85,49.19,39.8,9719600.0,,
"May 29, 2013",49.35,49.35,48.58,48.84,39.52,15882100.0,,
"May 28, 2013",49.52,50.06,49.42,49.62,40.15,9923800.0,,
"May 24, 2013",49.08,49.2,48.74,49.12,39.74,5906800.0,,
"May 23, 2013",48.88,49.43,48.73,49.27,39.86,6668500.0,,
"May 22, 2013",49.56,50.4,49.06,49.29,39.88,20132000.0,,
"May 21, 2013",48.89,49.36,48.79,49.29,39.88,8319100.0,,
"May 20, 2013",49.13,49.17,48.72,48.76,39.45,8967600.0,,
"May 17, 2013",48.88,49.14,48.7,49.1,39.73,9246700.0,,
"May 16, 2013",49.23,49.31,48.78,48.82,39.5,7954100.0,,
"May 15, 2013",49.05,49.61,49.02,49.33,39.91,11796400.0,,
"May 14, 2013",48.6,49.11,48.6,49.07,39.7,6580500.0,,
"May 13, 2013",48.13,48.59,48.07,48.58,39.3,9155900.0,,
"May 10, 2013",47.77,48.23,47.71,48.18,38.98,6045100.0,,
"May 9, 2013",47.59,47.91,47.55,47.71,38.6,7140300.0,,
"May 8, 2013",47.47,47.79,47.47,47.65,38.55,20766200.0,,
"May 7, 2013",47.38,47.56,47.32,47.51,38.44,9847400.0,,
"May 6, 2013",47.68,47.71,47.35,47.36,38.32,10919000.0,,
"May 3, 2013",47.78,47.91,47.59,47.67,38.57,6232600.0,,
"May 2, 2013",47.19,47.45,47.08,47.35,38.31,9803300.0,,
"May 1, 2013",46.93,47.28,46.8,46.83,37.89,9250700.0,,
"Apr 30, 2013",47.56,47.56,47.09,47.33,38.29,8217900.0,,
"Apr 29, 2013",47.58,47.86,47.58,47.69,38.58,3950000.0,,
"Apr 26, 2013",47.39,47.65,47.27,47.54,38.46,6174900.0,,
"Apr 25, 2013",47.62,47.68,47.3,47.55,38.47,10833800.0,,
"Apr 24, 2013",48.12,48.13,47.32,47.36,38.32,12635900.0,,
"Apr 23, 2013",48.04,48.38,47.68,48.19,38.99,10824200.0,,
"Apr 22, 2013",47.8,47.96,47.54,47.89,38.75,4716400.0,,
"Apr 19, 2013",47.0,47.64,47.0,47.6,38.51,12796700.0,,
"Apr 18, 2013",47.47,47.51,46.77,46.94,37.98,10353400.0,,
"Apr 18, 2013",47.47,47.51,46.77,46.94,37.98,10353400.0,,
"Apr 17, 2013",47.45,47.66,47.14,47.52,38.45,16487600.0,,
"Apr 16, 2013",47.43,47.75,47.22,47.74,38.63,8771800.0,,
"Apr 15, 2013",47.91,48.0,47.02,47.06,38.08,10745300.0,,
"Apr 12, 2013",47.72,47.99,47.66,47.93,38.78,5624200.0,,
"Apr 11, 2013",47.51,48.01,47.5,47.84,38.71,7660400.0,,
"Apr 10, 2013",46.82,47.43,46.78,47.38,38.33,9062100.0,,
"Apr 9, 2013",46.59,46.82,46.48,46.6,37.7,5937500.0,,
"Apr 8, 2013",46.42,46.45,46.02,46.45,37.58,7700600.0,,
"Apr 5, 2013",46.27,46.42,46.14,46.41,37.55,9969300.0,,
"Apr 4, 2013",46.53,46.93,46.48,46.67,37.76,9794600.0,,
"Apr 3, 2013",46.82,46.87,46.37,46.46,37.59,8472800.0,,
"Apr 2, 2013",46.4,46.79,46.39,46.74,37.82,8849300.0,,
"Apr 1, 2013",45.98,46.11,45.83,46.07,37.27,6364600.0,,
"Mar 28, 2013",45.68,46.04,45.56,45.95,37.18,7415700.0,,
"Mar 27, 2013",45.21,45.58,45.07,45.55,36.85,5264700.0,,
"Mar 26, 2013",44.88,45.35,44.88,45.32,36.67,4855800.0,,
"Mar 25, 2013",45.04,45.1,44.6,44.8,36.25,6813400.0,,
"Mar 22, 2013",44.74,44.93,44.69,44.93,36.35,6881400.0,,
"Mar 21, 2013",44.76,44.84,44.5,44.59,36.08,4420000.0,,
"Mar 20, 2013",44.63,44.94,44.63,44.84,36.28,4387000.0,,
"Mar 19, 2013",44.51,44.61,44.22,44.47,35.98,7023300.0,,
"Mar 18, 2013",44.41,44.68,44.26,44.44,35.96,4042100.0,,
"Mar 15, 2013",,,,,,,Dividend,0.194
"Mar 15, 2013",44.71,44.84,44.56,44.73,36.19,5778400.0,,
"Mar 14, 2013",45.06,45.1,44.88,45.02,36.27,3777700.0,,
"Mar 13, 2013",44.96,45.02,44.78,44.98,36.24,4098300.0,,
"Mar 12, 2013",44.83,45.0,44.82,44.97,36.23,4612400.0,,
"Mar 11, 2013",44.57,44.77,44.43,44.77,36.07,6748700.0,,
"Mar 8, 2013",44.61,44.67,44.34,44.54,35.88,4029300.0,,
"Mar 7, 2013",44.59,44.66,44.41,44.46,35.82,4437200.0,,
"Mar 6, 2013",44.53,44.6,44.4,44.49,35.84,5068400.0,,
"Mar 5, 2013",44.18,44.48,44.14,44.4,35.77,6582600.0,,
"Mar 4, 2013",43.7,44.03,43.61,44.02,35.46,4903500.0,,
"Mar 1, 2013",43.36,43.79,43.22,43.78,35.27,7491500.0,,
"Feb 28, 2013",43.5,43.79,43.43,43.45,35.0,4358800.0,,
"Feb 27, 2013",43.07,43.63,42.88,43.49,35.04,6849900.0,,
"Feb 26, 2013",43.09,43.13,42.71,43.02,34.66,6548800.0,,
"Feb 25, 2013",43.61,43.73,42.88,42.91,34.57,6078700.0,,
"Feb 22, 2013",43.34,43.43,43.17,43.39,34.95,6168100.0,,
"Feb 21, 2013",43.32,43.33,43.04,43.2,34.8,7447200.0,,
"Feb 20, 2013",43.65,43.74,43.38,43.4,34.96,6739600.0,,
"Feb 19, 2013",43.3,43.69,43.3,43.68,35.19,7245100.0,,
"Feb 15, 2013",43.33,43.45,43.24,43.41,34.97,8230000.0,,
"Feb 14, 2013",43.17,43.39,43.09,43.31,34.89,5172500.0,,
"Feb 13, 2013",43.31,43.33,43.09,43.22,34.82,4843300.0,,
"Feb 12, 2013",43.26,43.38,43.22,43.25,34.84,5133300.0,,
"Feb 11, 2013",43.39,43.39,43.21,43.3,34.88,2447900.0,,
"Feb 8, 2013",43.18,43.39,43.09,43.39,34.95,4192600.0,,
"Feb 7, 2013",43.27,43.28,42.84,43.07,34.7,6529300.0,,
"Feb 6, 2013",43.29,43.32,43.1,43.23,34.83,3968900.0,,
"Feb 5, 2013",42.98,43.32,42.98,43.24,34.83,8056200.0,,
"Feb 4, 2013",43.05,43.08,42.74,42.77,34.46,7593400.0,,
"Feb 1, 2013",43.09,43.33,42.95,43.25,34.84,5623600.0,,
"Jan 31, 2013",42.95,43.06,42.89,42.91,34.57,6007300.0,,
"Jan 30, 2013",43.2,43.29,42.98,43.03,34.66,5346400.0,,
"Jan 29, 2013",42.75,43.23,42.73,43.16,34.77,7230200.0,,
"Jan 28, 2013",42.92,42.96,42.68,42.7,34.4,5686600.0,,
"Jan 25, 2013",42.56,42.87,42.51,42.85,34.52,4046200.0,,
"Jan 24, 2013",42.44,42.66,42.35,42.52,34.25,8999800.0,,
"Jan 23, 2013",42.35,42.43,42.14,42.25,34.04,5544800.0,,
"Jan 22, 2013",42.11,42.31,41.97,42.3,34.08,7608900.0,,
"Jan 18, 2013",42.06,42.19,41.91,42.18,33.98,6024400.0,,
"Jan 17, 2013",41.9,42.16,41.79,42.04,33.87,4360900.0,,
"Jan 16, 2013",41.72,41.8,41.61,41.67,33.57,3812000.0,,
"Jan 15, 2013",41.65,41.8,41.62,41.76,33.64,5747600.0,,
"Jan 14, 2013",41.75,41.88,41.64,41.81,33.68,4643600.0,,
"Jan 11, 2013",41.82,41.88,41.65,41.77,33.65,3854100.0,,
"Jan 10, 2013",41.65,41.83,41.45,41.78,33.66,5518800.0,,
"Jan 9, 2013",41.16,41.49,41.14,41.49,33.42,5665200.0,,
"Jan 8, 2013",41.02,41.2,41.01,41.04,33.06,5787300.0,,
"Jan 7, 2013",40.82,41.08,40.78,41.03,33.05,4133100.0,,
"Jan 4, 2013",40.85,40.98,40.8,40.9,32.95,4645900.0,,
"Jan 3, 2013",40.7,40.73,40.51,40.72,32.8,5279600.0,,
"Jan 2, 2013",40.68,40.7,40.38,40.67,32.76,9533500.0,,
"Dec 31, 2012",39.39,39.95,39.24,39.88,32.13,11873100.0,,
"Dec 28, 2012",39.72,39.84,39.43,39.46,31.79,5801000.0,,
"Dec 27, 2012",39.95,40.05,39.49,39.85,32.1,5483700.0,,
"Dec 26, 2012",40.1,40.12,39.76,39.91,32.15,4404200.0,,
"Dec 24, 2012",40.05,40.18,39.97,40.05,32.26,3332700.0,,
"Dec 21, 2012",,,,,,,Dividend,0.219
"Dec 21, 2012",40.19,40.37,40.06,40.21,32.39,5572500.0,,
"Dec 20, 2012",40.64,40.78,40.56,40.77,32.67,4718700.0,,
"Dec 19, 2012",41.17,41.17,40.68,40.71,32.62,6996900.0,,
"Dec 18, 2012",40.98,41.21,40.74,41.15,32.97,8472500.0,,
"Dec 17, 2012",40.64,40.84,40.54,40.83,32.72,5549100.0,,
"Dec 14, 2012",40.55,40.68,40.46,40.51,32.46,5246300.0,,
"Dec 13, 2012",40.98,41.05,40.59,40.67,32.59,5929200.0,,
"Dec 12, 2012",41.15,41.3,40.95,41.02,32.87,6757600.0,,
"Dec 11, 2012",40.84,41.18,40.71,41.08,32.92,3891200.0,,
"Dec 10, 2012",40.38,40.72,40.32,40.65,32.57,5240900.0,,
"Dec 7, 2012",40.5,40.51,40.16,40.48,32.44,4619000.0,,
"Dec 6, 2012",40.35,40.44,40.26,40.35,32.33,2943900.0,,
"Dec 5, 2012",40.32,40.54,40.08,40.37,32.35,6294400.0,,
"Dec 4, 2012",40.15,40.37,40.14,40.24,32.24,4080400.0,,
"Dec 3, 2012",40.34,40.5,40.09,40.15,32.17,9937000.0,,
"Nov 30, 2012",40.23,40.32,40.07,40.24,32.24,4229000.0,,
"Nov 29, 2012",40.16,40.27,40.01,40.19,32.2,8403400.0,,
"Nov 28, 2012",39.48,39.94,39.29,39.91,31.98,7531100.0,,
"Nov 27, 2012",39.67,39.89,39.58,39.6,31.73,5396700.0,,
"Nov 27, 2012",39.67,39.89,39.58,39.6,31.73,5396700.0,,
"Nov 26, 2012",39.83,39.86,39.64,39.84,31.92,4703900.0,,
"Nov 23, 2012",39.76,40.03,39.65,40.02,32.07,2853400.0,,
"Nov 21, 2012",39.46,39.67,39.46,39.53,31.67,5205700.0,,
"Nov 20, 2012",39.33,39.57,39.24,39.56,31.7,4895700.0,,
"Nov 19, 2012",39.3,39.36,39.17,39.34,31.52,7423800.0,,
"Nov 16, 2012",38.66,39.04,38.58,38.93,31.19,9847100.0,,
"Nov 15, 2012",38.72,38.8,38.48,38.64,30.96,8624600.0,,
"Nov 14, 2012",39.25,39.38,38.65,38.75,31.05,6858800.0,,
"Nov 13, 2012",39.21,39.65,39.19,39.22,31.43,5221700.0,,
"Nov 12, 2012",39.46,39.54,39.29,39.37,31.55,3573800.0,,
"Nov 9, 2012",38.98,39.43,38.9,39.17,31.39,7340700.0,,
"Nov 8, 2012",39.51,39.55,39.05,39.06,31.3,8889000.0,,
"Nov 7, 2012",39.96,39.97,39.16,39.53,31.67,11973000.0,,
"Nov 6, 2012",40.13,40.45,39.95,40.2,32.21,7549200.0,,
"Nov 5, 2012",40.09,40.25,39.9,40.16,32.18,4693900.0,,
"Nov 2, 2012",40.42,40.55,40.09,40.14,32.16,7033000.0,,
"Nov 1, 2012",39.99,40.48,39.99,40.36,32.34,4900600.0,,
"Oct 31, 2012",40.52,40.58,39.85,40.03,32.07,8629900.0,,
"Oct 26, 2012",40.43,40.52,40.14,40.32,32.31,3641200.0,,
"Oct 25, 2012",40.41,40.58,40.29,40.48,32.44,4746300.0,,
"Oct 24, 2012",40.33,40.38,40.11,40.16,32.18,5884400.0,,
"Oct 23, 2012",40.32,40.32,39.85,40.09,32.12,5915600.0,,
"Oct 22, 2012",40.6,40.68,40.39,40.63,32.56,4485800.0,,
"Oct 19, 2012",41.24,41.33,40.53,40.6,32.53,6218500.0,,
"Oct 18, 2012",41.08,41.36,41.01,41.34,33.12,4289300.0,,
"Oct 17, 2012",41.4,41.4,41.17,41.33,33.12,5398000.0,,
"Oct 16, 2012",41.02,41.33,41.01,41.33,33.12,5658200.0,,
"Oct 15, 2012",40.41,40.92,40.4,40.89,32.76,12298100.0,,
"Oct 12, 2012",40.54,40.63,40.29,40.31,32.3,3508400.0,,
"Oct 11, 2012",40.52,40.64,40.36,40.37,32.35,3791900.0,,
"Oct 10, 2012",40.66,40.66,40.21,40.34,32.32,6180400.0,,
"Oct 9, 2012",40.92,40.99,40.61,40.64,32.56,6128200.0,,
"Oct 8, 2012",41.15,41.19,40.94,41.14,32.96,3126100.0,,
"Oct 5, 2012",41.27,41.34,41.07,41.17,32.99,4033500.0,,
"Oct 4, 2012",40.94,41.27,40.91,41.13,32.96,6372200.0,,
"Oct 3, 2012",40.59,40.91,40.55,40.88,32.76,5786000.0,,
"Oct 2, 2012",40.5,40.65,40.34,40.54,32.48,6266600.0,,
"Oct 1, 2012",40.24,40.61,40.22,40.36,32.34,5344500.0,,
"Sep 28, 2012",40.22,40.23,39.95,40.12,32.15,4719600.0,,
"Sep 27, 2012",40.12,40.4,40.09,40.29,32.28,3146100.0,,
"Sep 26, 2012",40.36,40.45,40.04,40.06,32.1,6669000.0,,
"Sep 25, 2012",40.42,40.68,40.26,40.27,32.27,4965300.0,,
"Sep 24, 2012",40.14,40.38,40.09,40.3,32.29,6990000.0,,
"Sep 21, 2012",,,,,,,Dividend,0.199
"Sep 21, 2012",40.14,40.32,40.08,40.19,32.2,8167400.0,,
"Sep 20, 2012",40.04,40.24,39.93,40.24,32.08,4835600.0,,
"Sep 19, 2012",40.03,40.21,39.99,40.07,31.95,4891100.0,,
"Sep 18, 2012",39.84,40.08,39.81,40.03,31.92,3210600.0,,
"Sep 17, 2012",39.57,39.9,39.57,39.9,31.81,2602500.0,,
"Sep 14, 2012",39.83,39.89,39.55,39.67,31.63,11318700.0,,
"Sep 13, 2012",39.44,39.91,39.29,39.83,31.76,6849400.0,,
"Sep 12, 2012",39.42,39.54,39.36,39.43,31.44,2864200.0,,
"Sep 11, 2012",39.4,39.52,39.37,39.41,31.42,2392000.0,,
"Sep 10, 2012",39.54,39.57,39.39,39.39,31.41,2781300.0,,
"Sep 7, 2012",39.63,39.65,39.42,39.53,31.52,3980900.0,,
"Sep 6, 2012",39.1,39.56,39.1,39.55,31.53,5035600.0,,
"Sep 5, 2012",38.99,39.08,38.82,38.93,31.04,2779800.0,,
"Sep 4, 2012",38.8,39.02,38.62,38.92,31.03,6334400.0,,
"Aug 31, 2012",38.86,39.05,38.67,38.84,30.97,4666300.0,,
"Aug 30, 2012",38.66,38.81,38.55,38.72,30.87,3808000.0,,
"Aug 29, 2012",38.7,38.99,38.69,38.85,30.98,2849200.0,,
"Aug 28, 2012",38.65,38.85,38.6,38.72,30.87,3558900.0,,
"Aug 27, 2012",38.77,38.94,38.65,38.78,30.92,3611000.0,,
"Aug 24, 2012",38.45,38.84,38.41,38.74,30.89,5991200.0,,
"Aug 23, 2012",38.43,38.51,38.33,38.41,30.62,2565300.0,,
"Aug 22, 2012",38.39,38.54,38.35,38.46,30.66,2509800.0,,
"Aug 21, 2012",38.57,38.75,38.42,38.43,30.64,5663500.0,,
"Aug 20, 2012",38.48,38.61,38.43,38.56,30.74,4566500.0,,
"Aug 17, 2012",38.72,38.72,38.36,38.48,30.68,6007800.0,,
"Aug 16, 2012",38.78,38.78,38.54,38.68,30.84,4592800.0,,
"Aug 15, 2012",38.7,38.88,38.63,38.78,30.92,2294600.0,,
"Aug 14, 2012",38.76,38.77,38.61,38.69,30.85,2448700.0,,
"Aug 13, 2012",38.56,38.63,38.41,38.59,30.77,2251000.0,,
"Aug 10, 2012",38.51,38.72,38.44,38.69,30.85,3949100.0,,
"Aug 9, 2012",38.52,38.66,38.45,38.53,30.72,3110300.0,,
"Aug 8, 2012",38.49,38.61,38.38,38.55,30.74,3203500.0,,
"Aug 7, 2012",38.43,38.53,38.37,38.41,30.62,4235700.0,,
"Aug 6, 2012",38.62,38.63,38.46,38.5,30.7,3532300.0,,
"Aug 3, 2012",38.46,38.72,38.4,38.49,30.69,4462600.0,,
"Aug 2, 2012",38.12,38.3,37.78,38.04,30.33,5332100.0,,
"Aug 1, 2012",38.61,38.7,38.34,38.41,30.62,6243900.0,,
"Jul 31, 2012",38.6,38.76,38.38,38.39,30.61,5167100.0,,
"Jul 30, 2012",38.74,38.82,38.57,38.63,30.8,5215400.0,,
"Jul 27, 2012",38.15,38.9,38.13,38.83,30.96,6373100.0,,
"Jul 26, 2012",37.95,38.1,37.77,37.92,30.23,8521200.0,,
"Jul 25, 2012",37.44,37.62,37.21,37.56,29.95,5069100.0,,
"Jul 24, 2012",37.77,37.81,37.18,37.38,29.8,4431100.0,,
"Jul 23, 2012",37.87,37.9,37.59,37.8,30.14,4674000.0,,
"Jul 20, 2012",38.61,38.7,38.19,38.25,30.5,4197500.0,,
"Jul 19, 2012",38.83,38.84,38.52,38.75,30.9,4801800.0,,
"Jul 18, 2012",38.55,38.84,38.44,38.75,30.9,5748700.0,,
"Jul 17, 2012",38.29,38.77,38.12,38.69,30.85,6453900.0,,
"Jul 16, 2012",38.09,38.24,38.0,38.2,30.46,3850600.0,,
"Jul 13, 2012",37.72,38.19,37.7,38.13,30.4,5157800.0,,
"Jul 12, 2012",37.58,37.83,37.39,37.71,30.07,3999600.0,,
"Jul 11, 2012",37.62,37.69,37.42,37.62,29.99,6572000.0,,
"Jul 10, 2012",38.05,38.05,37.53,37.65,30.02,5669500.0,,
"Jul 9, 2012",37.46,37.89,37.46,37.83,30.16,6279600.0,,
"Jul 6, 2012",37.73,37.78,37.47,37.63,30.0,5904300.0,,
"Jul 6, 2012",37.73,37.78,37.47,37.63,30.0,5904300.0,,
"Jul 5, 2012",38.03,38.06,37.84,37.88,30.2,3692500.0,,
"Jul 3, 2012",38.12,38.22,37.97,38.12,30.39,3697200.0,,
"Jul 2, 2012",38.14,38.15,37.85,38.13,30.4,6582600.0,,
"Jun 29, 2012",37.62,38.03,37.62,38.01,30.31,9551200.0,,
"Jun 28, 2012",37.35,37.41,36.92,37.3,29.74,12607300.0,,
"Jun 27, 2012",37.18,37.6,37.12,37.47,29.87,8066400.0,,
"Jun 26, 2012",37.03,37.19,36.94,37.07,29.56,6401600.0,,
"Jun 25, 2012",36.88,37.12,36.88,36.96,29.47,8618200.0,,
"Jun 22, 2012",37.21,37.49,37.13,37.42,29.83,4764100.0,,
"Jun 21, 2012",37.47,37.64,36.98,37.03,29.52,5341100.0,,
"Jun 20, 2012",37.59,37.73,37.3,37.55,29.94,5874100.0,,
"Jun 19, 2012",37.38,37.75,37.38,37.65,30.02,6074500.0,,
"Jun 18, 2012",37.05,37.31,37.02,37.31,29.75,7202300.0,,
"Jun 15, 2012",,,,,,,Dividend,0.199
"Jun 15, 2012",37.0,37.15,36.97,37.06,29.55,7422700.0,,
"Jun 14, 2012",36.65,37.22,36.58,37.12,29.44,14048400.0,,
"Jun 13, 2012",36.6,36.9,36.47,36.57,29.0,15159000.0,,
"Jun 12, 2012",36.34,36.61,36.14,36.61,29.03,8854000.0,,
"Jun 11, 2012",36.7,36.77,36.25,36.27,28.76,7851500.0,,
"Jun 8, 2012",36.26,36.63,36.26,36.59,29.02,5226300.0,,
"Jun 7, 2012",36.59,36.6,36.29,36.37,28.84,7312700.0,,
"Jun 6, 2012",35.93,36.35,35.87,36.35,28.83,8536400.0,,
"Jun 5, 2012",35.48,35.88,35.45,35.79,28.38,7621900.0,,
"Jun 4, 2012",35.52,35.67,35.38,35.59,28.22,5566800.0,,
"Jun 1, 2012",35.8,35.9,35.47,35.51,28.16,10556700.0,,
"May 31, 2012",36.33,36.41,35.95,36.15,28.67,4766300.0,,
"May 30, 2012",36.41,36.43,36.22,36.33,28.81,3818200.0,,
"May 29, 2012",36.62,36.74,36.42,36.54,28.98,9650100.0,,
"May 25, 2012",36.42,36.62,36.31,36.42,28.88,3065800.0,,
"May 24, 2012",36.26,36.51,36.16,36.51,28.95,6592400.0,,
"May 23, 2012",36.23,36.34,35.81,36.16,28.68,6769800.0,,
"May 22, 2012",36.45,36.66,36.22,36.32,28.8,5614400.0,,
"May 21, 2012",36.11,36.45,36.09,36.42,28.88,7835900.0,,
"May 18, 2012",36.49,36.5,35.96,36.07,28.6,6830700.0,,
"May 17, 2012",36.8,36.81,36.35,36.39,28.86,5766800.0,,
"May 16, 2012",36.76,36.9,36.68,36.73,29.13,6770700.0,,
"May 15, 2012",36.8,36.94,36.58,36.67,29.08,5206200.0,,
"May 14, 2012",36.8,37.04,36.63,36.89,29.25,8433800.0,,
"May 11, 2012",36.98,37.3,36.97,37.01,29.35,3514200.0,,
"May 10, 2012",36.97,37.2,36.97,37.05,29.38,3400000.0,,
"May 9, 2012",36.83,37.02,36.58,36.79,29.18,8694500.0,,
"May 8, 2012",36.82,37.12,36.66,37.04,29.37,3984500.0,,
"May 7, 2012",36.73,37.15,36.73,37.03,29.37,5690200.0,,
"May 4, 2012",37.29,37.32,36.93,36.95,29.3,4886400.0,,
"May 3, 2012",37.62,37.62,37.38,37.44,29.69,3297100.0,,
"May 2, 2012",37.5,37.61,37.47,37.58,29.8,2863300.0,,
"May 1, 2012",37.44,37.74,37.26,37.65,29.86,5532400.0,,
"Apr 30, 2012",37.51,37.63,37.41,37.51,29.75,4775100.0,,
"Apr 27, 2012",37.58,37.7,37.42,37.53,29.76,3979400.0,,
"Apr 26, 2012",37.35,37.56,37.22,37.51,29.75,5472700.0,,
"Apr 25, 2012",37.32,37.58,37.29,37.52,29.75,6216400.0,,
"Apr 24, 2012",37.03,37.21,36.95,37.13,29.45,2971200.0,,
"Apr 23, 2012",36.9,37.05,36.89,37.0,29.34,4906800.0,,
"Apr 20, 2012",37.21,37.48,37.15,37.29,29.57,5714600.0,,
"Apr 19, 2012",37.21,37.39,36.95,37.09,29.41,9542800.0,,
"Apr 18, 2012",37.06,37.14,36.99,37.03,29.37,4080300.0,,
"Apr 17, 2012",36.78,37.16,36.7,37.13,29.45,4194700.0,,
"Apr 16, 2012",36.76,36.76,36.48,36.59,29.02,7243300.0,,
"Apr 13, 2012",36.89,36.89,36.58,36.58,29.01,4560700.0,,
"Apr 12, 2012",36.79,36.99,36.77,36.95,29.3,4721900.0,,
"Apr 11, 2012",36.93,36.96,36.72,36.75,29.14,3793600.0,,
"Apr 10, 2012",37.02,37.11,36.6,36.62,29.04,6500200.0,,
"Apr 9, 2012",37.19,37.22,37.02,37.04,29.37,3188600.0,,
"Apr 5, 2012",37.4,37.55,37.32,37.51,29.75,3536300.0,,
"Apr 4, 2012",37.57,37.63,37.43,37.52,29.75,7096900.0,,
"Apr 3, 2012",37.78,38.0,37.55,37.72,29.91,8863100.0,,
"Apr 2, 2012",37.61,37.84,37.48,37.74,29.93,10149200.0,,
"Mar 30, 2012",37.47,37.66,37.41,37.61,29.83,7242900.0,,
"Mar 29, 2012",37.09,37.37,37.04,37.33,29.6,8620700.0,,
"Mar 28, 2012",37.36,37.49,37.07,37.25,29.54,8930400.0,,
"Mar 27, 2012",37.28,37.48,37.28,37.33,29.6,5334600.0,,
"Mar 26, 2012",36.86,37.26,36.81,37.26,29.55,9504600.0,,
"Mar 23, 2012",36.59,36.66,36.46,36.62,29.04,2760400.0,,
"Mar 22, 2012",36.48,36.59,36.4,36.51,28.95,4888200.0,,
"Mar 21, 2012",36.69,36.72,36.57,36.63,29.05,3717900.0,,
"Mar 20, 2012",36.62,36.77,36.61,36.65,29.06,2980600.0,,
"Mar 19, 2012",36.79,36.9,36.72,36.84,29.22,4130800.0,,
"Mar 16, 2012",,,,,,,Dividend,0.186
"Mar 16, 2012",36.95,36.99,36.8,36.85,29.22,4000200.0,,
"Mar 15, 2012",36.99,37.1,36.89,37.04,29.23,3819900.0,,
"Mar 14, 2012",36.9,37.06,36.9,36.98,29.18,6217000.0,,
"Mar 13, 2012",36.66,37.01,36.58,36.99,29.19,7159400.0,,
"Mar 12, 2012",36.4,36.54,36.39,36.47,28.78,2426600.0,,
"Mar 9, 2012",36.37,36.6,36.35,36.47,28.78,4698200.0,,
"Mar 8, 2012",36.11,36.41,36.11,36.32,28.66,4186400.0,,
"Mar 7, 2012",35.84,35.96,35.72,35.92,28.34,4343200.0,,
"Mar 6, 2012",36.03,36.12,35.68,35.76,28.22,4316000.0,,
"Mar 5, 2012",36.27,36.42,36.18,36.23,28.59,3395800.0,,
"Mar 2, 2012",36.44,36.44,36.22,36.31,28.65,3602700.0,,
"Mar 1, 2012",36.21,36.42,36.18,36.37,28.7,6010100.0,,
"Feb 29, 2012",36.38,36.48,36.18,36.18,28.55,6353900.0,,
"Feb 28, 2012",36.22,36.46,36.18,36.4,28.72,4370300.0,,
"Feb 27, 2012",36.01,36.34,35.92,36.26,28.61,9274100.0,,
"Feb 24, 2012",36.11,36.24,36.04,36.19,28.56,7647200.0,,
"Feb 23, 2012",36.0,36.07,35.93,36.01,28.41,3551600.0,,
"Feb 22, 2012",35.95,36.09,35.85,35.98,28.39,4212300.0,,
"Feb 21, 2012",36.3,36.34,35.92,35.98,28.39,7076000.0,,
"Feb 17, 2012",36.34,36.36,36.17,36.24,28.59,4531300.0,,
"Feb 16, 2012",36.1,36.4,36.04,36.36,28.69,5059900.0,,
"Feb 16, 2012",36.1,36.4,36.04,36.36,28.69,5059900.0,,
"Feb 15, 2012",36.26,36.32,36.05,36.16,28.53,5725300.0,,
"Feb 14, 2012",36.09,36.25,36.0,36.23,28.59,4253200.0,,
"Feb 13, 2012",35.98,36.17,35.97,36.08,28.47,5493800.0,,
"Feb 10, 2012",35.75,35.85,35.62,35.81,28.26,3648100.0,,
"Feb 9, 2012",36.13,36.15,35.86,35.96,28.37,6164500.0,,
"Feb 8, 2012",36.16,36.19,35.95,36.15,28.52,4758300.0,,
"Feb 7, 2012",35.98,36.19,35.86,36.15,28.52,3442200.0,,
"Feb 6, 2012",36.06,36.15,35.91,36.02,28.42,4095400.0,,
"Feb 3, 2012",36.22,36.27,36.09,36.22,28.58,8292500.0,,
"Feb 2, 2012",36.19,36.19,35.8,36.01,28.41,5953400.0,,
"Feb 1, 2012",35.91,36.32,35.91,36.15,28.52,13009200.0,,
"Jan 31, 2012",35.9,36.13,35.71,35.8,28.25,7538700.0,,
"Jan 30, 2012",35.6,35.79,35.45,35.77,28.22,5297700.0,,
"Jan 27, 2012",35.66,35.94,35.66,35.82,28.26,3500700.0,,
"Jan 26, 2012",36.1,36.1,35.68,35.8,28.25,5074500.0,,
"Jan 25, 2012",35.56,36.02,35.48,35.96,28.37,6827200.0,,
"Jan 24, 2012",35.59,35.82,35.59,35.7,28.17,4382200.0,,
"Jan 23, 2012",35.86,35.92,35.59,35.69,28.16,5658200.0,,
"Jan 20, 2012",35.9,35.96,35.72,35.85,28.29,7768900.0,,
"Jan 19, 2012",35.76,35.89,35.66,35.85,28.29,4447600.0,,
"Jan 18, 2012",35.64,35.86,35.57,35.85,28.29,6940400.0,,
"Jan 17, 2012",35.71,35.87,35.61,35.65,28.13,5792900.0,,
"Jan 13, 2012",35.36,35.46,35.15,35.43,27.96,4826800.0,,
"Jan 12, 2012",35.56,35.62,35.33,35.59,28.08,3404900.0,,
"Jan 11, 2012",35.41,35.54,35.29,35.48,28.0,3501000.0,,
"Jan 10, 2012",35.43,35.53,35.4,35.45,27.97,7122300.0,,
"Jan 9, 2012",35.2,35.22,34.91,35.19,27.77,10695300.0,,
"Jan 6, 2012",35.12,35.21,34.96,35.13,27.72,6762500.0,,
"Jan 5, 2012",34.78,35.11,34.71,35.07,27.67,5939700.0,,
"Jan 4, 2012",35.11,35.13,34.85,34.97,27.59,6174000.0,,
"Jan 3, 2012",35.1,35.26,35.03,35.14,27.73,18864300.0,,
"Dec 30, 2011",34.65,34.87,34.63,34.69,27.37,2711600.0,,
"Dec 29, 2011",34.47,34.81,34.47,34.75,27.42,4775400.0,,
"Dec 28, 2011",34.88,34.88,34.43,34.5,27.22,5908200.0,,
"Dec 27, 2011",34.73,34.96,34.73,34.88,27.52,2224100.0,,
"Dec 23, 2011",34.66,34.84,34.58,34.8,27.46,2240300.0,,
"Dec 22, 2011",34.47,34.59,34.31,34.58,27.29,3699900.0,,
"Dec 21, 2011",34.2,34.38,34.06,34.33,27.09,5196900.0,,
"Dec 20, 2011",33.79,34.16,33.74,34.11,26.91,5208900.0,,
"Dec 19, 2011",33.56,33.8,33.31,33.41,26.36,4601700.0,,
"Dec 16, 2011",,,,,,,Dividend,0.188
"Dec 16, 2011",33.75,33.75,33.4,33.41,26.36,5777300.0,,
"Dec 15, 2011",33.55,33.8,33.53,33.71,26.45,6535300.0,,
"Dec 14, 2011",33.32,33.5,33.25,33.34,26.16,5186800.0,,
"Dec 13, 2011",33.62,33.81,33.26,33.36,26.18,5022800.0,,
"Dec 12, 2011",33.59,33.67,33.27,33.42,26.22,5421500.0,,
"Dec 9, 2011",33.49,33.89,33.43,33.82,26.54,5605900.0,,
"Dec 8, 2011",33.8,33.87,33.26,33.33,26.15,7784600.0,,
"Dec 7, 2011",33.66,34.12,33.53,33.96,26.65,6479800.0,,
"Dec 6, 2011",33.63,33.92,33.57,33.71,26.45,5064200.0,,
"Dec 5, 2011",33.86,33.99,33.4,33.57,26.34,43739100.0,,
"Dec 2, 2011",34.12,34.16,33.43,33.51,26.29,15173400.0,,
"Dec 1, 2011",33.8,34.12,33.8,33.93,26.62,5970200.0,,
"Nov 30, 2011",33.4,33.92,33.37,33.88,26.58,13397100.0,,
"Nov 29, 2011",32.63,32.9,32.59,32.7,25.66,4789900.0,,
"Nov 28, 2011",32.25,32.62,32.25,32.56,25.55,7381200.0,,
"Nov 25, 2011",31.74,31.96,31.68,31.71,24.88,2497600.0,,
"Nov 23, 2011",32.08,32.08,31.79,31.83,24.98,6472400.0,,
"Nov 22, 2011",32.21,32.45,32.12,32.3,25.34,5160500.0,,
"Nov 21, 2011",32.39,32.47,32.1,32.22,25.28,7436600.0,,
"Nov 18, 2011",33.01,33.05,32.81,32.85,25.78,6194700.0,,
"Nov 17, 2011",33.22,33.25,32.64,32.92,25.83,10134200.0,,
"Nov 16, 2011",33.55,33.81,33.25,33.27,26.11,10464700.0,,
"Nov 15, 2011",33.82,34.02,33.62,33.92,26.62,5627500.0,,
"Nov 14, 2011",33.85,33.99,33.69,33.84,26.55,4100200.0,,
"Nov 11, 2011",33.77,34.17,33.77,34.07,26.73,7084000.0,,
"Nov 10, 2011",33.33,33.64,33.15,33.48,26.27,6093300.0,,
"Nov 9, 2011",33.41,33.51,32.88,33.01,25.9,13047000.0,,
"Nov 8, 2011",33.74,34.02,33.48,33.99,26.67,4987600.0,,
"Nov 7, 2011",33.21,33.63,33.07,33.58,26.35,5520200.0,,
"Nov 4, 2011",33.26,33.36,32.95,33.19,26.04,5672500.0,,
"Nov 3, 2011",33.42,33.56,33.16,33.5,26.29,7748400.0,,
"Nov 2, 2011",33.27,33.31,32.93,33.14,26.0,6063500.0,,
"Nov 1, 2011",32.93,33.31,32.82,32.92,25.83,13507200.0,,
"Oct 31, 2011",33.96,34.06,33.55,33.56,26.33,12897900.0,,
"Oct 28, 2011",33.98,34.31,33.98,34.21,26.84,10215300.0,,
"Oct 27, 2011",34.0,34.27,33.71,34.18,26.82,16385700.0,,
"Oct 26, 2011",33.23,33.49,32.95,33.37,26.18,8655700.0,,
"Oct 25, 2011",33.48,33.52,32.84,32.93,25.84,8333400.0,,
"Oct 24, 2011",33.21,33.62,33.11,33.61,26.37,36228400.0,,
"Oct 21, 2011",32.8,33.16,32.8,33.11,25.98,6784700.0,,
"Oct 20, 2011",32.42,32.64,32.09,32.46,25.47,6920500.0,,
"Oct 19, 2011",32.75,32.88,32.35,32.49,25.49,6233500.0,,
"Oct 18, 2011",32.2,32.8,31.99,32.55,25.54,9932600.0,,
"Oct 17, 2011",32.76,32.8,32.26,32.31,25.35,6750800.0,,
"Oct 14, 2011",32.95,32.95,32.69,32.88,25.8,6229400.0,,
"Oct 13, 2011",32.52,32.68,32.31,32.57,25.56,5970000.0,,
"Oct 12, 2011",32.7,32.92,32.58,32.6,25.58,8411100.0,,
"Oct 11, 2011",32.51,32.64,32.42,32.58,25.56,5107500.0,,
"Oct 10, 2011",32.23,32.68,32.23,32.63,25.6,6615000.0,,
"Oct 7, 2011",31.98,32.14,31.8,31.9,25.03,10780900.0,,
"Oct 6, 2011",31.53,31.93,31.39,31.93,25.05,9795500.0,,
"Oct 5, 2011",31.08,31.57,30.98,31.55,24.76,16962400.0,,
"Oct 4, 2011",30.45,31.08,30.11,31.05,24.36,20949700.0,,
"Oct 3, 2011",31.49,31.93,30.7,30.72,24.1,48032100.0,,
"Sep 30, 2011",31.8,32.34,31.72,31.73,24.9,10356100.0,,
"Sep 29, 2011",32.34,32.57,31.67,32.14,25.22,12782900.0,,
"Sep 28, 2011",32.61,32.65,31.88,31.93,25.05,15072000.0,,
"Sep 27, 2011",32.51,32.88,32.34,32.49,25.49,14319000.0,,
"Sep 27, 2011",32.51,32.88,32.34,32.49,25.49,14319000.0,,
"Sep 26, 2011",31.74,32.04,31.37,32.0,25.11,13336900.0,,
"Sep 23, 2011",31.28,31.68,31.17,31.48,24.7,17981500.0,,
"Sep 22, 2011",31.32,31.64,31.09,31.47,24.69,26670000.0,,
"Sep 21, 2011",33.03,33.08,32.1,32.12,25.2,14044800.0,,
"Sep 20, 2011",32.83,33.35,32.65,33.01,25.9,10829700.0,,
"Sep 19, 2011",32.53,32.83,32.44,32.71,25.67,11646000.0,,
"Sep 16, 2011",,,,,,,Dividend,0.177
"Sep 16, 2011",32.95,33.11,32.7,33.02,25.91,11861400.0,,
"Sep 15, 2011",32.96,33.04,32.5,33.02,25.77,12105200.0,,
"Sep 14, 2011",32.52,33.08,32.06,32.72,25.54,14000300.0,,
"Sep 13, 2011",32.16,32.48,31.99,32.41,25.29,11253500.0,,
"Sep 12, 2011",31.58,32.11,31.49,32.08,25.04,13393200.0,,
"Sep 9, 2011",32.59,32.63,31.82,31.97,24.95,16098500.0,,
"Sep 8, 2011",33.09,33.43,32.89,32.95,25.72,9130800.0,,
"Sep 7, 2011",32.92,33.32,32.78,33.31,26.0,10855700.0,,
"Sep 6, 2011",31.7,32.57,31.64,32.53,25.39,44453200.0,,
"Sep 2, 2011",32.66,32.95,32.38,32.45,25.33,11320900.0,,
"Sep 1, 2011",33.39,33.75,33.11,33.18,25.89,9625000.0,,
"Aug 31, 2011",33.34,33.63,33.13,33.4,26.07,10386100.0,,
"Aug 30, 2011",33.01,33.37,32.71,33.17,25.89,11804700.0,,
"Aug 29, 2011",32.6,33.09,32.56,33.06,25.8,11473900.0,,
"Aug 26, 2011",31.66,32.35,31.05,32.24,25.16,12478900.0,,
"Aug 25, 2011",32.31,32.43,31.73,31.84,24.85,15550800.0,,
"Aug 24, 2011",31.9,32.4,31.85,32.39,25.28,11758600.0,,
"Aug 23, 2011",31.13,32.05,31.06,32.02,24.99,12479500.0,,
"Aug 22, 2011",31.52,31.59,30.97,31.01,24.2,11770100.0,,
"Aug 19, 2011",30.82,31.49,30.77,31.03,24.22,18010300.0,,
"Aug 18, 2011",31.53,31.6,30.84,31.11,24.28,14270400.0,,
"Aug 17, 2011",32.23,32.54,31.89,32.17,25.11,12656600.0,,
"Aug 16, 2011",31.99,32.36,31.79,32.14,25.08,16553800.0,,
"Aug 15, 2011",31.93,32.24,31.71,32.17,25.11,22841300.0,,
"Aug 12, 2011",31.56,31.93,31.32,31.64,24.69,14175900.0,,
"Aug 11, 2011",30.07,31.73,30.02,31.33,24.45,23576700.0,,
"Aug 10, 2011",30.9,31.12,29.91,29.96,23.38,31686400.0,,
"Aug 9, 2011",30.56,31.37,29.64,31.28,24.41,33607200.0,,
"Aug 8, 2011",31.18,31.54,30.17,30.18,23.55,35749300.0,,
"Aug 5, 2011",31.81,32.28,31.04,31.81,24.83,34270900.0,,
"Aug 4, 2011",32.42,32.56,31.57,31.57,24.64,26524200.0,,
"Aug 3, 2011",32.82,32.88,32.2,32.88,25.66,23351200.0,,
"Aug 2, 2011",33.31,33.44,32.79,32.82,25.61,23052100.0,,
"Aug 1, 2011",34.45,34.45,33.19,33.54,26.18,27608500.0,,
"Jul 29, 2011",34.01,34.36,33.79,34.12,26.63,18230600.0,,
"Jul 28, 2011",34.31,34.68,34.25,34.3,26.77,13788400.0,,
"Jul 27, 2011",34.78,34.8,34.29,34.33,26.79,13037300.0,,
"Jul 26, 2011",35.19,35.21,34.9,34.94,27.27,8696700.0,,
"Jul 25, 2011",35.28,35.46,35.18,35.22,27.49,6821100.0,,
"Jul 22, 2011",35.63,35.66,35.44,35.59,27.78,7642700.0,,
"Jul 21, 2011",35.47,35.79,35.36,35.65,27.82,14621500.0,,
"Jul 20, 2011",35.29,35.31,34.99,35.12,27.41,6808400.0,,
"Jul 19, 2011",35.0,35.31,34.92,35.24,27.5,9930600.0,,
"Jul 18, 2011",35.07,35.1,34.67,34.93,27.26,8569400.0,,
"Jul 15, 2011",35.42,35.43,35.01,35.19,27.46,9994600.0,,
"Jul 14, 2011",35.5,35.62,35.28,35.37,27.6,9443600.0,,
"Jul 13, 2011",35.47,35.77,35.33,35.43,27.65,8597100.0,,
"Jul 12, 2011",35.27,35.64,35.17,35.29,27.54,5988800.0,,
"Jul 11, 2011",35.47,35.54,35.2,35.29,27.54,11117200.0,,
"Jul 8, 2011",35.7,35.82,35.57,35.78,27.92,6741200.0,,
"Jul 7, 2011",36.12,36.12,35.8,35.94,28.05,7400100.0,,
"Jul 6, 2011",35.8,36.01,35.8,35.96,28.06,6899800.0,,
"Jul 5, 2011",35.99,35.99,35.74,35.86,27.99,6410500.0,,
"Jul 1, 2011",35.53,35.98,35.51,35.96,28.06,10374800.0,,
"Jun 30, 2011",35.57,35.63,35.45,35.53,27.73,11835800.0,,
"Jun 29, 2011",35.54,35.54,35.32,35.42,27.64,6541700.0,,
"Jun 28, 2011",34.93,35.44,34.89,35.35,27.59,9300200.0,,
"Jun 27, 2011",34.75,34.95,34.54,34.86,27.21,6268200.0,,
"Jun 24, 2011",35.08,35.08,34.62,34.68,27.07,11042000.0,,
"Jun 23, 2011",35.0,35.13,34.63,35.09,27.39,19458700.0,,
"Jun 22, 2011",35.29,35.37,35.11,35.13,27.42,7622800.0,,
"Jun 21, 2011",35.26,35.42,35.16,35.34,27.58,12641600.0,,
"Jun 20, 2011",34.7,35.16,34.65,35.12,27.41,8445200.0,,
"Jun 17, 2011",,,,,,,Dividend,0.17
"Jun 17, 2011",34.98,35.07,34.66,34.77,27.14,16765100.0,,
"Jun 16, 2011",34.81,34.96,34.63,34.86,27.07,10648300.0,,
"Jun 15, 2011",35.13,35.24,34.72,34.8,27.03,15194100.0,,
"Jun 14, 2011",35.25,35.42,35.15,35.28,27.4,8585800.0,,
"Jun 13, 2011",34.79,35.13,34.79,34.98,27.17,10150700.0,,
"Jun 10, 2011",35.32,35.32,34.78,34.81,27.03,17102600.0,,
"Jun 9, 2011",35.17,35.63,35.11,35.46,27.54,6971000.0,,
"Jun 8, 2011",35.01,35.15,34.94,35.09,27.25,6631100.0,,
"Jun 7, 2011",35.23,35.35,35.03,35.05,27.22,8211900.0,,
"Jun 6, 2011",35.09,35.18,34.93,34.98,27.17,6513500.0,,
"Jun 3, 2011",35.13,35.39,35.13,35.19,27.33,12026700.0,,
"Jun 2, 2011",35.62,35.62,35.39,35.53,27.59,7603400.0,,
"Jun 1, 2011",35.99,36.08,35.58,35.61,27.66,12042500.0,,
"May 31, 2011",35.95,36.12,35.81,36.11,28.04,10185900.0,,
"May 27, 2011",35.67,35.72,35.52,35.69,27.72,7043300.0,,
"May 26, 2011",35.54,35.71,35.33,35.67,27.7,6576400.0,,
"May 25, 2011",35.41,35.71,35.41,35.62,27.66,7239400.0,,
"May 24, 2011",35.66,35.72,35.53,35.57,27.62,10177500.0,,
"May 23, 2011",35.66,35.74,35.51,35.67,27.7,27910000.0,,
"May 20, 2011",36.36,36.36,35.93,36.04,27.99,11701300.0,,
"May 19, 2011",36.57,36.57,36.17,36.34,28.22,17052500.0,,
"May 18, 2011",36.14,36.45,36.08,36.42,28.28,5666800.0,,
"May 17, 2011",35.97,36.16,35.89,36.14,28.07,7397600.0,,
"May 16, 2011",36.0,36.28,35.93,36.14,28.07,7557200.0,,
"May 13, 2011",36.25,36.34,35.89,36.08,28.02,10091200.0,,
"May 12, 2011",35.73,36.2,35.63,36.19,28.11,7867600.0,,
"May 11, 2011",35.96,36.05,35.67,35.86,27.85,13491000.0,,
"May 10, 2011",35.85,35.93,35.64,35.92,27.9,7764600.0,,
"May 10, 2011",35.85,35.93,35.64,35.92,27.9,7764600.0,,
"May 9, 2011",35.32,35.74,35.32,35.7,27.73,9030400.0,,
"May 6, 2011",35.51,35.67,35.36,35.5,27.57,7405100.0,,
"May 5, 2011",35.42,35.55,35.15,35.25,27.38,11700000.0,,
"May 4, 2011",35.46,35.54,35.29,35.48,27.55,9434600.0,,
"May 3, 2011",35.52,35.6,35.33,35.51,27.58,11291300.0,,
"May 2, 2011",35.48,35.67,35.43,35.6,27.65,14846400.0,,
"Apr 29, 2011",35.33,35.35,35.19,35.24,27.37,11660100.0,,
"Apr 28, 2011",35.08,35.28,35.05,35.26,27.38,5219400.0,,
"Apr 27, 2011",34.65,35.14,34.63,35.08,27.24,8745300.0,,
"Apr 26, 2011",34.34,34.74,34.34,34.69,26.94,5800000.0,,
"Apr 25, 2011",34.14,34.32,34.11,34.29,26.63,6363700.0,,
"Apr 21, 2011",34.36,34.45,34.13,34.25,26.6,4828600.0,,
"Apr 20, 2011",34.18,34.28,34.07,34.15,26.52,7116900.0,,
"Apr 19, 2011",33.6,33.84,33.54,33.82,26.27,5456100.0,,
"Apr 18, 2011",33.7,33.7,33.35,33.54,26.05,7603400.0,,
"Apr 15, 2011",33.79,34.01,33.75,33.92,26.34,9761800.0,,
"Apr 14, 2011",33.42,33.68,33.29,33.62,26.11,8316200.0,,
"Apr 13, 2011",33.46,33.57,33.37,33.44,25.97,4442000.0,,
"Apr 12, 2011",33.37,33.6,33.37,33.47,25.99,6200400.0,,
"Apr 11, 2011",33.42,33.59,33.42,33.51,26.02,8928500.0,,
"Apr 8, 2011",33.4,33.5,33.23,33.32,25.88,6907600.0,,
"Apr 7, 2011",33.32,33.47,33.23,33.34,25.89,7031500.0,,
"Apr 6, 2011",33.43,33.51,33.36,33.4,25.94,3954000.0,,
"Apr 5, 2011",33.35,33.43,33.29,33.33,25.89,4311300.0,,
"Apr 4, 2011",33.39,33.54,33.39,33.48,26.0,4286700.0,,
"Apr 1, 2011",33.23,33.35,33.17,33.28,25.85,3929600.0,,
"Mar 31, 2011",33.07,33.23,33.02,33.11,25.71,3280600.0,,
"Mar 30, 2011",33.01,33.26,33.01,33.09,25.7,5202600.0,,
"Mar 29, 2011",32.63,32.86,32.59,32.85,25.51,4031500.0,,
"Mar 28, 2011",32.68,32.74,32.65,32.66,25.36,3925300.0,,
"Mar 25, 2011",32.58,32.81,32.57,32.67,25.37,5281100.0,,
"Mar 24, 2011",32.32,32.63,32.2,32.58,25.3,10593600.0,,
"Mar 23, 2011",32.16,32.27,31.95,32.2,25.01,7349200.0,,
"Mar 22, 2011",32.35,32.41,32.2,32.22,25.02,6413300.0,,
"Mar 21, 2011",32.21,32.5,32.17,32.24,25.04,8783300.0,,
"Mar 18, 2011",,,,,,,Dividend,0.145
"Mar 18, 2011",32.16,32.22,31.89,31.97,24.83,16696000.0,,
"Mar 17, 2011",31.92,32.06,31.81,31.97,24.72,10301600.0,,
"Mar 16, 2011",32.11,32.12,31.44,31.6,24.43,20826500.0,,
"Mar 15, 2011",31.99,32.32,31.84,32.16,24.86,12855500.0,,
"Mar 14, 2011",32.55,32.75,32.4,32.54,25.16,7608100.0,,
"Mar 11, 2011",32.59,32.79,32.47,32.7,25.28,8004000.0,,
"Mar 10, 2011",32.85,32.92,32.56,32.59,25.2,12703000.0,,
"Mar 9, 2011",33.05,33.2,32.94,33.11,25.6,8000200.0,,
"Mar 8, 2011",32.9,33.16,32.78,33.06,25.56,5795000.0,,
"Mar 7, 2011",33.21,33.21,32.68,32.88,25.42,8359500.0,,
"Mar 4, 2011",33.16,33.23,32.9,33.13,25.61,8793600.0,,
"Mar 3, 2011",32.71,33.2,32.71,33.18,25.65,11733900.0,,
"Mar 2, 2011",32.36,32.57,32.31,32.51,25.13,11750700.0,,
"Mar 1, 2011",32.77,32.81,32.4,32.41,25.06,10264400.0,,
"Feb 28, 2011",32.43,32.71,32.31,32.67,25.26,15415100.0,,
"Feb 25, 2011",32.21,32.37,32.14,32.31,24.98,6129200.0,,
"Feb 24, 2011",31.94,32.18,31.87,32.11,24.82,9063800.0,,
"Feb 23, 2011",32.22,32.32,31.99,32.0,24.74,9817600.0,,
"Feb 22, 2011",32.48,32.63,32.23,32.31,24.98,12072400.0,,
"Feb 18, 2011",32.71,32.85,32.65,32.81,25.37,4583200.0,,
"Feb 17, 2011",32.51,32.76,32.45,32.73,25.3,8772000.0,,
"Feb 16, 2011",32.5,32.71,32.47,32.59,25.2,4256200.0,,
"Feb 15, 2011",32.37,32.45,32.29,32.42,25.06,5502400.0,,
"Feb 14, 2011",32.44,32.49,32.31,32.49,25.12,9054900.0,,
"Feb 11, 2011",32.17,32.46,32.14,32.38,25.03,4341900.0,,
"Feb 10, 2011",32.19,32.36,32.18,32.31,24.98,4383300.0,,
"Feb 9, 2011",32.28,32.37,32.2,32.3,24.97,4933400.0,,
"Feb 8, 2011",32.25,32.39,32.25,32.37,25.03,5160100.0,,
"Feb 7, 2011",32.32,32.38,32.25,32.28,24.96,9145200.0,,
"Feb 4, 2011",32.25,32.34,32.06,32.33,24.99,4380100.0,,
"Feb 3, 2011",32.03,32.25,31.79,32.18,24.88,6316300.0,,
"Feb 2, 2011",32.15,32.18,32.04,32.14,24.85,4627700.0,,
"Feb 1, 2011",31.81,32.29,31.81,32.25,24.93,13051200.0,,
"Jan 31, 2011",31.77,31.77,31.56,31.68,24.49,9021600.0,,
"Jan 28, 2011",32.21,32.25,31.58,31.61,24.44,11096100.0,,
"Jan 27, 2011",32.15,32.25,32.05,32.19,24.89,6871900.0,,
"Jan 26, 2011",32.18,32.22,32.08,32.11,24.82,7671800.0,,
"Jan 25, 2011",32.04,32.24,32.03,32.15,24.86,8002500.0,,
"Jan 24, 2011",32.18,32.27,32.12,32.15,24.86,3711500.0,,
"Jan 21, 2011",32.26,32.33,32.15,32.19,24.89,8079700.0,,
"Jan 20, 2011",32.07,32.22,31.95,32.16,24.86,8811800.0,,
"Jan 19, 2011",32.33,32.33,31.96,32.08,24.8,9936400.0,,
"Jan 18, 2011",32.19,32.31,32.17,32.3,24.97,8160100.0,,
"Jan 14, 2011",32.08,32.18,32.06,32.18,24.88,3907500.0,,
"Jan 13, 2011",32.22,32.22,32.05,32.14,24.85,7414600.0,,
"Jan 12, 2011",32.28,32.36,32.18,32.31,24.98,2886100.0,,
"Jan 11, 2011",32.06,32.19,32.01,32.14,24.85,3356200.0,,
"Jan 10, 2011",31.92,32.05,31.88,31.98,24.72,4481000.0,,
"Jan 7, 2011",32.12,32.12,31.89,32.07,24.79,6199000.0,,
"Jan 6, 2011",32.01,32.11,31.97,32.09,24.81,4966800.0,,
"Jan 5, 2011",31.77,32.02,31.77,31.96,24.71,7962800.0,,
"Jan 4, 2011",31.85,31.92,31.72,31.89,24.65,4161000.0,,
"Jan 3, 2011",31.67,31.99,31.66,31.79,24.58,6877800.0,,
"Dec 31, 2010",31.54,31.57,31.43,31.5,24.35,3908500.0,,
"Dec 30, 2010",31.58,31.6,31.49,31.51,24.36,3877200.0,,
"Dec 29, 2010",31.65,31.69,31.59,31.62,24.45,1990500.0,,
"Dec 28, 2010",31.58,31.66,31.52,31.61,24.44,1652600.0,,
"Dec 27, 2010",31.6,31.62,31.49,31.59,24.42,835200.0,,
"Dec 23, 2010",31.61,31.7,31.61,31.65,24.47,2874100.0,,
"Dec 22, 2010",31.57,31.67,31.54,31.67,24.48,2646000.0,,
"Dec 21, 2010",31.69,31.71,31.58,31.58,24.41,2946300.0,,
"Dec 20, 2010",31.74,31.76,31.53,31.66,24.48,3241800.0,,
"Dec 17, 2010",,,,,,,Dividend,164
"Dec 17, 2010",,,,,,,Dividend,0.164
"Dec 17, 2010",31.62,31.67,31.44,31.67,24.48,6012600.0,,
"Dec 16, 2010",31.57,31.79,31.44,31.78,24.44,5071800.0,,
"Dec 15, 2010",31.54,31.77,31.53,31.56,24.27,5816700.0,,
"Dec 14, 2010",31.45,31.74,31.44,31.66,24.35,5587600.0,,
"Dec 13, 2010",31.36,31.49,31.3,31.34,24.1,9561500.0,,
"Dec 10, 2010",31.04,31.32,31.04,31.29,24.07,5730100.0,,
"Dec 9, 2010",31.04,31.04,30.89,30.99,23.83,3670300.0,,
"Dec 8, 2010",30.95,30.99,30.79,30.94,23.8,5222000.0,,
"Dec 7, 2010",31.11,31.13,30.87,30.91,23.77,6938200.0,,
"Dec 6, 2010",30.98,31.02,30.86,30.89,23.76,5092200.0,,
"Dec 3, 2010",30.96,31.11,30.94,31.09,23.91,7769400.0,,
"Dec 2, 2010",30.9,31.09,30.84,31.09,23.91,5519300.0,,
"Dec 1, 2010",30.61,30.9,30.61,30.85,23.73,8571300.0,,
"Nov 30, 2010",30.22,30.46,30.18,30.27,23.28,8214800.0,,
"Nov 29, 2010",30.4,30.61,30.14,30.55,23.5,7439200.0,,
"Nov 26, 2010",30.69,30.73,30.54,30.58,23.52,2863600.0,,
"Nov 24, 2010",30.68,30.87,30.68,30.85,23.73,5591000.0,,
"Nov 23, 2010",30.69,30.75,30.55,30.56,23.5,9030600.0,,
"Nov 22, 2010",30.96,31.04,30.71,31.01,23.85,7405200.0,,
"Nov 19, 2010",30.94,31.02,30.82,31.0,23.84,5078100.0,,
"Nov 18, 2010",30.72,31.04,30.63,30.97,23.82,5721600.0,,
"Nov 17, 2010",30.54,30.66,30.48,30.54,23.49,5810200.0,,
"Nov 16, 2010",30.74,30.84,30.4,30.49,23.45,12265400.0,,
"Nov 15, 2010",31.04,31.11,30.89,30.94,23.8,4181900.0,,
"Nov 12, 2010",31.13,31.18,30.89,30.93,23.79,6763900.0,,
"Nov 11, 2010",31.08,31.34,31.0,31.32,24.09,5827800.0,,
"Nov 10, 2010",31.28,31.28,30.93,31.23,24.02,6532400.0,,
"Nov 9, 2010",31.46,31.46,31.17,31.24,24.03,7484100.0,,
"Nov 8, 2010",31.41,31.55,31.3,31.37,24.13,7745100.0,,
"Nov 5, 2010",31.71,31.71,31.33,31.45,24.19,10241400.0,,
"Nov 4, 2010",31.72,31.73,31.55,31.64,24.33,7898400.0,,
"Nov 3, 2010",31.57,31.57,31.17,31.49,24.22,8271300.0,,
"Nov 2, 2010",31.42,31.5,31.39,31.47,24.2,5303500.0,,
"Nov 1, 2010",31.34,31.5,31.01,31.17,23.97,6943700.0,,
"Oct 29, 2010",31.22,31.27,31.05,31.17,23.97,6751200.0,,
"Oct 28, 2010",31.3,31.41,31.13,31.3,24.07,5007000.0,,
"Oct 27, 2010",31.19,31.25,30.93,31.12,23.93,5489900.0,,
"Oct 26, 2010",31.33,31.33,31.16,31.31,24.08,4005800.0,,
"Oct 25, 2010",31.4,31.64,31.37,31.4,24.15,6532600.0,,
"Oct 22, 2010",31.32,31.32,31.15,31.23,24.02,4671900.0,,
"Oct 21, 2010",31.27,31.37,30.99,31.22,24.01,5983600.0,,
"Oct 20, 2010",30.92,31.28,30.84,31.14,23.95,5489400.0,,
"Oct 19, 2010",31.19,31.19,30.7,30.85,23.73,8833000.0,,
"Oct 18, 2010",31.19,31.45,31.14,31.44,24.18,7161000.0,,
"Oct 15, 2010",31.09,31.24,30.95,31.15,23.96,5880600.0,,
"Oct 14, 2010",31.04,31.18,30.88,31.02,23.86,5111500.0,,
"Oct 13, 2010",30.99,31.18,30.91,31.08,23.9,3323600.0,,
"Oct 12, 2010",30.73,30.94,30.6,30.86,23.74,3194600.0,,
"Oct 11, 2010",30.75,30.84,30.68,30.79,23.68,2452400.0,,
"Oct 8, 2010",30.71,30.85,30.64,30.77,23.67,3678600.0,,
"Oct 7, 2010",30.75,30.84,30.6,30.69,23.6,6052000.0,,
"Oct 6, 2010",30.68,30.79,30.53,30.63,23.56,5800000.0,,
"Oct 5, 2010",30.6,30.8,30.44,30.75,23.65,6786200.0,,
"Oct 4, 2010",30.47,30.54,30.11,30.19,23.22,6193600.0,,
"Oct 1, 2010",30.71,30.75,30.33,30.49,23.45,8791700.0,,
"Sep 30, 2010",30.68,30.88,30.38,30.49,23.45,8680300.0,,
"Sep 29, 2010",30.57,30.69,30.46,30.57,23.51,7966300.0,,
"Sep 28, 2010",30.5,30.74,30.3,30.68,23.6,5634600.0,,
"Sep 27, 2010",30.66,30.66,30.41,30.43,23.4,4840600.0,,
"Sep 24, 2010",30.49,30.68,30.45,30.66,23.58,5571100.0,,
"Sep 23, 2010",30.22,30.46,30.19,30.25,23.27,8156800.0,,
"Sep 22, 2010",30.33,30.54,30.29,30.41,23.39,5875600.0,,
"Sep 21, 2010",30.34,30.52,30.23,30.36,23.35,7579700.0,,
"Sep 20, 2010",30.07,30.4,29.97,30.34,23.34,5467800.0,,
"Sep 17, 2010",,,,,,,Dividend,0.154
"Sep 17, 2010",30.05,30.14,29.88,29.94,23.03,6038900.0,,
"Sep 16, 2010",30.05,30.15,29.95,30.1,23.03,4913900.0,,
"Sep 15, 2010",29.87,30.23,29.83,30.22,23.12,4894200.0,,
"Sep 14, 2010",29.74,30.06,29.71,29.94,22.91,8386700.0,,
"Sep 13, 2010",29.93,29.98,29.69,29.84,22.83,5947100.0,,
"Sep 10, 2010",29.47,29.8,29.47,29.77,22.78,5453100.0,,
"Sep 9, 2010",29.37,29.56,29.34,29.47,22.55,6305700.0,,
"Sep 8, 2010",28.96,29.25,28.95,29.16,22.31,6850700.0,,
"Sep 7, 2010",29.14,29.14,28.94,29.0,22.19,3954000.0,,
"Sep 3, 2010",29.0,29.19,28.99,29.17,22.32,6604700.0,,
"Sep 2, 2010",28.8,28.95,28.72,28.9,22.11,6003300.0,,
"Sep 1, 2010",28.37,28.8,28.37,28.75,22.0,10345200.0,,
"Aug 31, 2010",28.17,28.32,28.04,28.1,21.5,8756200.0,,
"Aug 30, 2010",28.57,28.6,28.21,28.21,21.59,5835000.0,,
"Aug 27, 2010",28.36,28.58,28.0,28.57,21.86,7200700.0,,
"Aug 26, 2010",28.61,28.61,28.17,28.28,21.64,6566000.0,,
"Aug 25, 2010",28.06,28.58,28.02,28.46,21.78,10713000.0,,
"Aug 24, 2010",28.49,28.5,28.09,28.18,21.56,12112600.0,,
"Aug 23, 2010",28.85,29.07,28.77,28.8,22.04,6570800.0,,
"Aug 20, 2010",28.73,28.76,28.49,28.67,21.94,5606200.0,,
"Aug 19, 2010",29.15,29.2,28.68,28.77,22.01,8736200.0,,
"Aug 18, 2010",29.3,29.53,29.12,29.31,22.43,4410100.0,,
"Aug 17, 2010",29.12,29.46,29.04,29.35,22.46,7183200.0,,
"Aug 16, 2010",28.93,29.03,28.73,28.95,22.15,4641300.0,,
"Aug 13, 2010",29.02,29.21,28.97,29.1,22.27,4340300.0,,
"Aug 12, 2010",28.86,29.29,28.79,29.21,22.35,9553700.0,,
"Aug 11, 2010",29.45,29.49,29.05,29.09,22.26,13216600.0,,
"Aug 10, 2010",29.58,29.98,29.46,29.86,22.85,8692600.0,,
"Aug 9, 2010",29.9,29.9,29.64,29.79,22.79,4061700.0,,
"Aug 6, 2010",29.36,29.74,29.28,29.71,22.73,8894200.0,,
"Aug 5, 2010",29.54,29.65,29.42,29.65,22.69,4285100.0,,
"Aug 4, 2010",29.37,29.68,29.32,29.64,22.68,9458100.0,,
"Aug 3, 2010",29.15,29.46,29.15,29.35,22.46,10266000.0,,
"Aug 2, 2010",28.88,29.13,28.87,29.11,22.27,11733200.0,,
"Aug 2, 2010",28.88,29.13,28.87,29.11,22.27,11733200.0,,
"Jul 30, 2010",28.2,28.69,28.09,28.57,21.86,7539400.0,,
"Jul 29, 2010",28.64,28.83,28.32,28.46,21.78,10540100.0,,
"Jul 28, 2010",28.82,28.91,28.43,28.48,21.79,9662900.0,,
"Jul 27, 2010",28.9,28.97,28.74,28.87,22.09,6225700.0,,
"Jul 26, 2010",28.55,28.89,28.46,28.84,22.07,10261500.0,,
"Jul 23, 2010",28.43,28.5,28.17,28.43,21.75,8858800.0,,
"Jul 22, 2010",28.54,28.73,28.33,28.44,21.76,10500800.0,,
"Jul 21, 2010",28.72,28.81,28.2,28.26,21.62,14343400.0,,
"Jul 20, 2010",28.48,28.74,28.32,28.73,21.98,8178400.0,,
"Jul 19, 2010",28.8,28.92,28.68,28.81,22.04,5391900.0,,
"Jul 16, 2010",29.15,29.33,28.64,28.68,21.95,9790100.0,,
"Jul 15, 2010",29.19,29.36,29.01,29.29,22.41,4594500.0,,
"Jul 14, 2010",29.11,29.26,28.96,29.2,22.34,5958300.0,,
"Jul 13, 2010",29.15,29.38,29.15,29.2,22.34,5439300.0,,
"Jul 12, 2010",28.97,29.08,28.87,28.98,22.18,5026200.0,,
"Jul 9, 2010",29.02,29.04,28.88,29.03,22.21,4261600.0,,
"Jul 8, 2010",28.82,29.03,28.76,28.96,22.16,7165200.0,,
"Jul 7, 2010",28.2,28.75,28.06,28.72,21.98,8794500.0,,
"Jul 6, 2010",28.22,28.39,27.94,28.17,21.56,11667300.0,,
"Jul 2, 2010",28.01,28.22,27.87,28.03,21.45,10103400.0,,
"Jul 1, 2010",28.15,28.15,27.49,27.96,21.39,23346200.0,,
"Jun 30, 2010",28.29,28.56,28.14,28.2,21.58,9503400.0,,
"Jun 29, 2010",28.66,28.72,28.27,28.43,21.75,15076600.0,,
"Jun 28, 2010",29.03,29.2,28.78,28.96,22.16,6556200.0,,
"Jun 25, 2010",28.88,29.16,28.78,29.01,22.2,8439200.0,,
"Jun 24, 2010",28.96,29.13,28.84,28.88,22.1,10192000.0,,
"Jun 23, 2010",29.23,29.28,28.94,29.09,22.26,6431100.0,,
"Jun 22, 2010",29.53,29.74,29.17,29.21,22.35,7226400.0,,
"Jun 21, 2010",29.86,29.93,29.35,29.5,22.57,7458600.0,,
"Jun 18, 2010",,,,,,,Dividend,0.151
"Jun 18, 2010",29.76,29.76,29.49,29.55,22.61,6962900.0,,
"Jun 17, 2010",29.87,29.87,29.56,29.86,22.73,5710800.0,,
"Jun 16, 2010",29.62,29.86,29.55,29.82,22.7,5576900.0,,
"Jun 15, 2010",29.35,29.73,29.34,29.71,22.62,4921200.0,,
"Jun 14, 2010",29.25,29.48,29.2,29.21,22.24,6416400.0,,
"Jun 11, 2010",28.84,29.21,28.83,29.16,22.2,7042100.0,,
"Jun 10, 2010",28.65,28.99,28.65,28.92,22.02,6967900.0,,
"Jun 9, 2010",28.55,28.71,28.28,28.38,21.61,8428600.0,,
"Jun 8, 2010",28.45,28.55,28.16,28.51,21.71,10571000.0,,
"Jun 7, 2010",28.52,28.8,28.44,28.44,21.65,9478700.0,,
"Jun 4, 2010",28.89,28.97,28.38,28.48,21.68,11034700.0,,
"Jun 3, 2010",29.17,29.43,29.13,29.34,22.34,8442500.0,,
"Jun 2, 2010",28.8,29.2,28.56,29.17,22.21,10510200.0,,
"Jun 1, 2010",28.76,29.01,28.5,28.55,21.74,11633700.0,,
"May 28, 2010",29.0,29.16,28.77,28.87,21.98,13301500.0,,
"May 27, 2010",28.67,29.01,28.67,29.01,22.09,9438500.0,,
"May 26, 2010",28.78,28.9,28.4,28.43,21.64,12620400.0,,
"May 25, 2010",28.14,28.61,27.97,28.61,21.78,16411700.0,,
"May 24, 2010",28.68,29.04,28.52,28.73,21.87,10310900.0,,
"May 21, 2010",28.42,28.88,28.25,28.8,21.93,16465100.0,,
"May 20, 2010",29.25,29.4,28.72,28.73,21.87,15946600.0,,
"May 19, 2010",29.54,29.91,29.48,29.66,22.58,12608800.0,,
"May 18, 2010",30.17,30.22,29.7,29.73,22.63,11648200.0,,
"May 17, 2010",30.04,30.09,29.52,29.97,22.82,11950000.0,,
"May 14, 2010",30.21,30.35,29.73,29.97,22.82,13544100.0,,
"May 13, 2010",30.6,30.7,30.38,30.38,23.13,6872600.0,,
"May 12, 2010",30.72,30.73,30.42,30.71,23.38,6115800.0,,
"May 11, 2010",30.31,30.76,30.24,30.46,23.19,8829300.0,,
"May 10, 2010",30.24,30.83,30.24,30.52,23.24,13168100.0,,
"May 7, 2010",30.14,30.14,29.34,29.72,22.63,18182100.0,,
"May 6, 2010",30.85,30.94,28.53,30.12,22.93,21647700.0,,
"May 5, 2010",30.49,31.01,30.4,30.95,23.56,9627700.0,,
"May 4, 2010",30.89,31.14,30.72,30.85,23.49,14483400.0,,
"May 3, 2010",30.88,31.16,30.86,31.03,23.62,5629700.0,,
"Apr 30, 2010",31.37,31.43,30.88,30.88,23.51,12506600.0,,
"Apr 29, 2010",31.02,31.47,31.02,31.28,23.81,10236400.0,,
"Apr 28, 2010",30.88,30.99,30.6,30.86,23.49,10333300.0,,
"Apr 27, 2010",30.95,31.18,30.61,30.66,23.34,10692000.0,,
"Apr 26, 2010",31.4,31.48,30.99,31.02,23.62,7321500.0,,
"Apr 23, 2010",31.04,31.38,30.84,31.35,23.87,10974900.0,,
"Apr 22, 2010",31.24,31.25,30.84,31.04,23.63,4291800.0,,
"Apr 21, 2010",31.98,31.98,31.28,31.4,23.91,13931400.0,,
"Apr 20, 2010",32.0,32.05,31.85,31.96,24.33,5741100.0,,
"Apr 19, 2010",31.63,31.92,31.52,31.89,24.28,11270000.0,,
"Apr 16, 2010",31.78,31.87,31.48,31.63,24.08,8928300.0,,
"Apr 15, 2010",31.93,31.95,31.73,31.82,24.23,5119600.0,,
"Apr 14, 2010",32.04,32.04,31.79,31.91,24.29,6331200.0,,
"Apr 13, 2010",31.93,32.09,31.84,32.02,24.38,7279200.0,,
"Apr 12, 2010",32.04,32.18,31.98,31.99,24.35,4513500.0,,
"Apr 9, 2010",31.99,32.12,31.94,32.08,24.42,4155000.0,,
"Apr 8, 2010",31.96,32.02,31.83,31.94,24.32,4561700.0,,
"Apr 7, 2010",32.2,32.2,31.91,32.06,24.41,4733200.0,,
"Apr 6, 2010",32.13,32.26,32.12,32.2,24.51,3978900.0,,
"Apr 5, 2010",32.34,32.42,32.17,32.22,24.53,4655600.0,,
"Apr 1, 2010",32.3,32.37,32.13,32.31,24.6,5602900.0,,
"Mar 31, 2010",32.19,32.28,31.99,32.13,24.46,4834400.0,,
"Mar 30, 2010",32.24,32.28,32.11,32.24,24.54,3440100.0,,
"Mar 29, 2010",31.99,32.24,31.98,32.24,24.54,4818700.0,,
"Mar 26, 2010",32.22,32.22,31.84,31.9,24.29,6811000.0,,
"Mar 25, 2010",32.51,32.51,32.11,32.14,24.47,5120600.0,,
"Mar 24, 2010",32.56,32.6,32.27,32.27,24.57,6315000.0,,
"Mar 23, 2010",32.42,32.62,32.35,32.62,24.83,5713500.0,,
"Mar 22, 2010",32.3,32.69,32.3,32.46,24.71,7909200.0,,
"Mar 19, 2010",,,,,,,Dividend,0.108
"Mar 19, 2010",32.25,32.45,32.13,32.25,24.55,8386700.0,,
"Mar 18, 2010",32.15,32.46,32.07,32.37,24.56,7125700.0,,
"Mar 17, 2010",32.12,32.23,32.0,32.15,24.39,11159700.0,,
"Mar 16, 2010",32.05,32.16,31.93,32.14,24.39,5494000.0,,
"Mar 15, 2010",31.84,32.05,31.78,32.05,24.32,5500100.0,,
"Mar 15, 2010",31.84,32.05,31.78,32.05,24.32,5500100.0,,
"Mar 12, 2010",32.13,32.13,31.76,31.84,24.16,4899700.0,,
"Mar 11, 2010",31.82,32.08,31.65,32.08,24.34,6033900.0,,
"Mar 10, 2010",31.83,31.94,31.78,31.83,24.15,4063400.0,,
"Mar 9, 2010",31.73,31.89,31.69,31.81,24.14,4838900.0,,
"Mar 8, 2010",32.03,32.03,31.82,31.83,24.15,4370700.0,,
"Mar 5, 2010",31.65,32.02,31.61,32.02,24.3,5832200.0,,
"Mar 4, 2010",31.72,31.74,31.46,31.58,23.96,10135600.0,,
"Mar 3, 2010",31.96,31.96,31.63,31.68,24.04,5066800.0,,
"Mar 2, 2010",31.75,31.94,31.71,31.81,24.14,5321100.0,,
"Mar 1, 2010",31.4,31.81,31.4,31.7,24.05,6249900.0,,
"Feb 26, 2010",31.44,31.57,31.32,31.4,23.83,8794500.0,,
"Feb 25, 2010",31.15,31.39,31.0,31.39,23.82,5437900.0,,
"Feb 24, 2010",31.23,31.43,31.12,31.37,23.8,4352100.0,,
"Feb 23, 2010",31.35,31.47,31.08,31.14,23.63,4313800.0,,
"Feb 22, 2010",31.64,31.64,31.24,31.44,23.86,6989700.0,,
"Feb 19, 2010",31.43,31.6,31.35,31.53,23.92,4369300.0,,
"Feb 18, 2010",31.39,31.55,31.31,31.53,23.92,5326600.0,,
"Feb 17, 2010",31.25,31.54,31.2,31.38,23.81,10161600.0,,
"Feb 16, 2010",31.18,31.18,30.82,31.14,23.63,5786100.0,,
"Feb 12, 2010",30.71,30.93,30.5,30.87,23.42,6966800.0,,
"Feb 11, 2010",30.53,31.04,30.49,30.94,23.48,4335600.0,,
"Feb 10, 2010",30.95,30.95,30.49,30.73,23.32,7047300.0,,
"Feb 9, 2010",31.07,31.2,30.68,30.92,23.46,8632900.0,,
"Feb 8, 2010",30.85,30.95,30.59,30.68,23.28,6971500.0,,
"Feb 5, 2010",30.79,30.98,30.27,30.83,23.39,14325900.0,,
"Feb 4, 2010",31.42,31.53,30.86,30.88,23.43,10027700.0,,
"Feb 3, 2010",32.0,32.03,31.58,31.68,24.04,5967400.0,,
"Feb 2, 2010",31.55,32.12,31.38,32.11,24.36,9894100.0,,
"Feb 1, 2010",31.33,31.55,31.2,31.46,23.87,6463000.0,,
"Jan 29, 2010",31.6,31.69,31.28,31.28,23.73,11902000.0,,
"Jan 28, 2010",31.8,31.84,31.41,31.5,23.9,12890200.0,,
"Jan 27, 2010",31.37,31.75,31.33,31.7,24.05,13238800.0,,
"Jan 26, 2010",31.54,31.64,31.31,31.48,23.89,9292600.0,,
"Jan 25, 2010",31.98,31.98,31.63,31.66,24.02,7485600.0,,
"Jan 22, 2010",31.91,32.22,31.6,31.66,24.02,13221000.0,,
"Jan 21, 2010",32.71,32.87,31.98,32.01,24.29,15057200.0,,
"Jan 20, 2010",33.11,33.16,32.47,32.72,24.83,16706200.0,,
"Jan 19, 2010",32.33,33.01,32.33,33.0,25.04,17749900.0,,
"Jan 15, 2010",32.32,32.5,32.03,32.22,24.45,9691800.0,,
"Jan 14, 2010",32.21,32.45,32.09,32.44,24.61,7801400.0,,
"Jan 13, 2010",31.81,32.25,31.8,32.15,24.39,8056100.0,,
"Jan 12, 2010",31.82,31.91,31.61,31.73,24.08,5791400.0,,
"Jan 11, 2010",31.95,32.0,31.82,31.96,24.25,4177700.0,,
"Jan 8, 2010",31.79,31.81,31.56,31.78,24.11,4284800.0,,
"Jan 7, 2010",31.5,31.73,31.43,31.73,24.08,6114600.0,,
"Jan 6, 2010",31.3,31.62,31.3,31.62,23.99,4883600.0,,
"Jan 5, 2010",31.56,31.67,31.3,31.3,23.75,5428600.0,,
"Jan 4, 2010",31.47,31.62,31.27,31.61,23.98,5580900.0,,
"Dec 31, 2009",31.51,31.53,31.07,31.07,23.58,3511000.0,,
"Dec 30, 2009",31.48,31.6,31.4,31.49,23.89,3637000.0,,
"Dec 29, 2009",31.64,31.76,31.54,31.58,23.96,10151100.0,,
"Dec 28, 2009",31.59,31.64,31.44,31.62,23.99,6543900.0,,
"Dec 24, 2009",31.5,31.52,31.36,31.46,23.87,2198500.0,,
"Dec 23, 2009",31.65,31.65,31.44,31.46,23.87,3457400.0,,
"Dec 22, 2009",31.39,31.64,31.39,31.56,23.95,3957200.0,,
"Dec 21, 2009",30.94,31.62,30.93,31.42,23.84,9174900.0,,
"Dec 18, 2009",,,,,,,Dividend,0.171
"Dec 18, 2009",31.02,31.15,30.88,31.13,23.62,10356100.0,,
"Dec 17, 2009",31.15,31.41,30.96,31.13,23.49,16428000.0,,
"Dec 16, 2009",31.68,31.76,31.42,31.42,23.71,6069700.0,,
"Dec 15, 2009",31.57,31.58,31.39,31.58,23.83,4171700.0,,
"Dec 14, 2009",31.51,31.65,31.4,31.57,23.82,4646500.0,,
"Dec 11, 2009",31.28,31.42,31.23,31.28,23.6,5955100.0,,
"Dec 10, 2009",31.07,31.35,31.04,31.28,23.6,6752500.0,,
"Dec 9, 2009",30.74,30.96,30.65,30.96,23.36,6328300.0,,
"Dec 8, 2009",30.81,30.95,30.65,30.7,23.17,5625400.0,,
"Dec 7, 2009",30.98,31.29,30.91,30.94,23.35,4296700.0,,
"Dec 4, 2009",31.2,31.4,30.86,30.98,23.38,6784300.0,,
"Dec 3, 2009",31.24,31.32,30.93,31.0,23.39,7722800.0,,
"Dec 2, 2009",31.17,31.29,31.0,31.15,23.51,4983300.0,,
"Dec 1, 2009",30.76,31.22,30.76,31.22,23.56,5944900.0,,
"Nov 30, 2009",30.83,30.83,30.57,30.68,23.15,5203100.0,,
"Nov 27, 2009",30.64,30.94,30.35,30.79,23.23,3394300.0,,
"Nov 25, 2009",30.98,31.1,30.85,31.1,23.47,6534300.0,,
"Nov 24, 2009",30.75,31.0,30.6,30.91,23.32,6797100.0,,
"Nov 23, 2009",30.57,30.87,30.53,30.67,23.14,4316900.0,,
"Nov 20, 2009",30.13,30.42,30.04,30.39,22.93,4254800.0,,
"Nov 19, 2009",30.25,30.25,29.86,30.18,22.77,8943200.0,,
"Nov 18, 2009",30.26,30.36,30.01,30.33,22.89,4641000.0,,
"Nov 17, 2009",30.12,30.21,29.99,30.16,22.76,8409100.0,,
"Nov 16, 2009",29.96,30.28,29.77,30.08,22.7,3769100.0,,
"Nov 13, 2009",29.69,29.96,29.67,29.78,22.47,3706900.0,,
"Nov 12, 2009",29.78,30.0,29.65,29.72,22.43,3450400.0,,
"Nov 11, 2009",29.96,30.02,29.68,29.89,22.56,5100100.0,,
"Nov 10, 2009",29.6,29.88,29.56,29.85,22.52,3583400.0,,
"Nov 9, 2009",29.33,29.68,29.19,29.65,22.37,4541800.0,,
"Nov 6, 2009",28.97,29.19,28.85,29.16,22.0,5297600.0,,
"Nov 5, 2009",28.78,29.1,28.74,29.03,21.91,6651700.0,,
"Nov 4, 2009",28.25,28.91,28.25,28.56,21.55,8205300.0,,
"Nov 3, 2009",28.1,28.27,28.03,28.2,21.28,4974100.0,,
"Nov 2, 2009",28.08,28.41,28.04,28.19,21.27,6993400.0,,
"Oct 30, 2009",28.39,28.59,28.03,28.07,21.18,6955000.0,,
"Oct 29, 2009",28.28,28.51,28.18,28.48,21.49,5806700.0,,
"Oct 28, 2009",28.48,28.59,28.2,28.23,21.3,9471600.0,,
"Oct 27, 2009",28.48,28.7,28.37,28.52,21.52,8489700.0,,
"Oct 26, 2009",28.8,28.97,28.34,28.4,21.43,7268000.0,,
"Oct 23, 2009",29.11,29.11,28.61,28.71,21.66,6078400.0,,
"Oct 22, 2009",28.77,29.14,28.59,29.01,21.89,5381800.0,,
"Oct 21, 2009",29.2,29.26,28.81,28.83,21.76,9425100.0,,
"Oct 21, 2009",29.2,29.26,28.81,28.83,21.76,9425100.0,,
"Oct 20, 2009",29.55,29.55,29.14,29.21,22.04,4748900.0,,
"Oct 19, 2009",29.26,29.55,29.17,29.49,22.25,5105500.0,,
"Oct 16, 2009",29.17,29.3,29.05,29.24,22.06,5617300.0,,
"Oct 15, 2009",29.13,29.32,29.06,29.26,22.08,6474200.0,,
"Oct 14, 2009",28.97,29.21,28.76,29.18,22.02,10170200.0,,
"Oct 13, 2009",28.93,28.93,28.68,28.74,21.69,4488800.0,,
"Oct 12, 2009",28.84,29.08,28.84,29.02,21.9,3940100.0,,
"Oct 9, 2009",28.6,28.91,28.58,28.88,21.79,5196500.0,,
"Oct 8, 2009",28.74,28.82,28.56,28.61,21.59,4539400.0,,
"Oct 7, 2009",28.53,28.63,28.42,28.58,21.57,4128500.0,,
"Oct 6, 2009",28.4,28.63,28.19,28.56,21.55,7127800.0,,
"Oct 5, 2009",28.12,28.39,27.99,28.33,21.38,4785600.0,,
"Oct 2, 2009",28.07,28.29,28.06,28.15,21.24,5993000.0,,
"Oct 1, 2009",28.69,28.69,28.24,28.26,21.33,7927000.0,,
"Sep 30, 2009",28.97,28.97,28.45,28.67,21.63,7156000.0,,
"Sep 29, 2009",28.87,29.05,28.75,28.88,21.79,6430200.0,,
"Sep 28, 2009",28.64,29.07,28.58,28.84,21.76,4043700.0,,
"Sep 25, 2009",28.44,28.68,28.4,28.53,21.53,3526200.0,,
"Sep 24, 2009",28.69,28.71,28.4,28.51,21.51,5084000.0,,
"Sep 23, 2009",28.91,29.0,28.54,28.54,21.54,4194000.0,,
"Sep 22, 2009",29.1,29.16,28.79,28.95,21.85,3830700.0,,
"Sep 21, 2009",28.67,29.09,28.67,29.04,21.91,4603100.0,,
"Sep 18, 2009",,,,,,,Dividend,0.127
"Sep 18, 2009",29.0,29.01,28.76,28.76,21.7,6988100.0,,
"Sep 17, 2009",28.86,29.07,28.86,29.01,21.8,5022300.0,,
"Sep 16, 2009",28.83,29.03,28.71,29.03,21.81,5151700.0,,
"Sep 15, 2009",29.03,29.09,28.77,28.77,21.61,5793600.0,,
"Sep 14, 2009",28.69,29.06,28.69,29.03,21.81,3940200.0,,
"Sep 11, 2009",28.9,28.99,28.79,28.92,21.73,5386300.0,,
"Sep 10, 2009",28.73,28.91,28.58,28.91,21.72,4851400.0,,
"Sep 9, 2009",28.4,28.76,28.36,28.69,21.55,4642600.0,,
"Sep 8, 2009",28.6,28.61,28.23,28.36,21.31,6484500.0,,
"Sep 4, 2009",28.23,28.54,28.17,28.49,21.4,6434900.0,,
"Sep 3, 2009",28.33,28.33,27.96,28.09,21.1,4183200.0,,
"Sep 2, 2009",28.16,28.35,28.06,28.22,21.2,5343700.0,,
"Sep 1, 2009",28.62,28.73,28.1,28.16,21.16,7560600.0,,
"Aug 31, 2009",28.5,28.77,28.38,28.62,21.5,5478100.0,,
"Aug 28, 2009",28.97,29.03,28.47,28.67,21.54,5794400.0,,
"Aug 27, 2009",28.89,28.98,28.59,28.88,21.7,4339700.0,,
"Aug 26, 2009",28.81,29.08,28.75,28.89,21.71,6038200.0,,
"Aug 25, 2009",28.85,29.07,28.81,28.88,21.7,4663200.0,,
"Aug 24, 2009",28.85,28.89,28.63,28.88,21.7,6183900.0,,
"Aug 21, 2009",28.51,28.85,28.44,28.68,21.55,4980200.0,,
"Aug 20, 2009",28.21,28.42,28.1,28.39,21.33,4320800.0,,
"Aug 19, 2009",27.77,28.2,27.64,28.19,21.18,5693200.0,,
"Aug 18, 2009",27.99,27.99,27.64,27.8,20.89,4171500.0,,
"Aug 17, 2009",27.58,27.99,27.58,27.82,20.9,7543000.0,,
"Aug 14, 2009",27.99,28.06,27.59,27.93,20.98,5772400.0,,
"Aug 13, 2009",28.04,28.06,27.62,27.93,20.98,7561800.0,,
"Aug 12, 2009",27.89,28.12,27.66,27.96,21.01,5316800.0,,
"Aug 11, 2009",27.92,28.0,27.74,27.81,20.89,4956200.0,,
"Aug 10, 2009",27.68,27.9,27.53,27.85,20.92,4903700.0,,
"Aug 7, 2009",27.63,27.9,27.58,27.63,20.76,5144100.0,,
"Aug 6, 2009",27.71,27.86,27.38,27.51,20.67,7178800.0,,
"Aug 5, 2009",28.16,28.16,27.67,27.71,20.82,4502100.0,,
"Aug 4, 2009",27.93,28.11,27.9,28.11,21.12,4449900.0,,
"Aug 3, 2009",28.02,28.2,27.77,28.04,21.07,8179700.0,,
"Jul 31, 2009",28.0,28.32,27.87,27.87,20.94,5961600.0,,
"Jul 30, 2009",28.49,28.53,28.06,28.09,21.1,5080500.0,,
"Jul 29, 2009",27.86,28.16,27.86,28.05,21.07,4113100.0,,
"Jul 28, 2009",27.89,28.13,27.83,28.07,21.09,5460100.0,,
"Jul 27, 2009",27.9,28.05,27.68,27.88,20.95,4662000.0,,
"Jul 24, 2009",27.52,27.94,27.35,27.9,20.96,4141500.0,,
"Jul 23, 2009",26.95,27.57,26.82,27.42,20.6,6627500.0,,
"Jul 22, 2009",26.99,27.11,26.77,26.88,20.2,7369700.0,,
"Jul 21, 2009",26.82,27.03,26.7,26.98,20.27,5665700.0,,
"Jul 20, 2009",26.6,26.65,26.33,26.59,19.98,3615000.0,,
"Jul 17, 2009",26.69,26.69,26.4,26.53,19.93,5462300.0,,
"Jul 16, 2009",26.45,26.7,26.36,26.61,19.99,5610000.0,,
"Jul 15, 2009",26.37,26.44,26.03,26.44,19.86,5320700.0,,
"Jul 14, 2009",25.96,26.29,25.96,26.21,19.69,4204700.0,,
"Jul 13, 2009",25.78,26.14,25.58,26.09,19.6,4616500.0,,
"Jul 10, 2009",25.7,25.9,25.58,25.64,19.26,3640100.0,,
"Jul 9, 2009",26.2,26.2,25.65,25.76,19.35,5232600.0,,
"Jul 8, 2009",26.08,26.26,25.98,26.09,19.6,5312000.0,,
"Jul 7, 2009",26.01,26.19,25.84,25.85,19.42,7325600.0,,
"Jul 6, 2009",25.59,25.98,25.54,25.95,19.5,5551600.0,,
"Jul 2, 2009",26.1,26.25,25.75,25.75,19.35,4989900.0,,
"Jul 1, 2009",26.46,26.46,26.24,26.38,19.82,5535800.0,,
"Jun 30, 2009",26.47,26.55,26.11,26.31,19.77,5414000.0,,
"Jun 29, 2009",26.32,26.56,26.09,26.53,19.93,4266200.0,,
"Jun 26, 2009",26.4,26.48,26.1,26.37,19.81,4967700.0,,
"Jun 25, 2009",25.73,26.52,25.57,26.37,19.81,8134500.0,,
"Jun 24, 2009",25.71,25.81,25.49,25.66,19.28,4161500.0,,
"Jun 23, 2009",25.78,25.79,25.46,25.53,19.18,6001600.0,,
"Jun 22, 2009",25.9,25.9,25.54,25.61,19.24,6224400.0,,
"Jun 19, 2009",,,,,,,Dividend,0.13
"Jun 19, 2009",26.24,26.39,25.97,26.08,19.59,10601600.0,,
"Jun 18, 2009",25.56,26.16,25.49,26.0,19.44,10436700.0,,
"Jun 17, 2009",24.98,25.65,24.98,25.51,19.07,7463300.0,,
"Jun 16, 2009",24.88,25.3,24.86,24.94,18.64,6354500.0,,
"Jun 15, 2009",25.36,25.56,24.84,24.84,18.57,15870500.0,,
"Jun 12, 2009",25.54,25.88,25.4,25.63,19.16,17595700.0,,
"Jun 11, 2009",25.24,25.79,25.22,25.54,19.09,6493300.0,,
"Jun 10, 2009",25.62,25.66,25.1,25.27,18.89,6176800.0,,
"Jun 9, 2009",25.64,25.64,25.31,25.38,18.97,5337700.0,,
"Jun 8, 2009",25.66,25.7,25.24,25.51,19.07,6260100.0,,
"Jun 5, 2009",25.56,25.99,25.43,25.79,19.28,9662400.0,,
"Jun 4, 2009",26.12,26.16,25.64,25.74,19.24,20046600.0,,
"Jun 4, 2009",26.12,26.16,25.64,25.74,19.24,20046600.0,,
"Jun 3, 2009",25.99,26.14,25.88,26.1,19.51,5920700.0,,
"Jun 2, 2009",25.94,26.33,25.82,26.16,19.56,6533300.0,,
"Jun 1, 2009",26.02,26.1,25.8,26.0,19.44,7529000.0,,
"May 29, 2009",25.36,25.84,25.29,25.83,19.31,6549200.0,,
"May 28, 2009",25.21,25.59,25.14,25.39,18.98,5720000.0,,
"May 27, 2009",25.55,25.6,25.22,25.26,18.88,4591100.0,,
"May 26, 2009",25.19,25.66,24.89,25.52,19.08,4412900.0,,
"May 22, 2009",25.28,25.4,25.07,25.29,18.91,3655700.0,,
"May 21, 2009",25.35,25.49,24.99,25.26,18.88,4996800.0,,
"May 20, 2009",25.42,25.79,25.42,25.49,19.05,8416100.0,,
"May 19, 2009",25.5,25.58,25.31,25.39,18.98,6561300.0,,
"May 18, 2009",25.41,25.58,25.14,25.58,19.12,4691900.0,,
"May 15, 2009",25.6,25.6,25.17,25.33,18.94,5882700.0,,
"May 14, 2009",25.72,25.75,25.45,25.53,19.08,4525000.0,,
"May 13, 2009",25.26,25.82,25.26,25.5,19.06,6741300.0,,
"May 12, 2009",25.36,25.67,25.09,25.56,19.11,5275500.0,,
"May 11, 2009",25.39,25.4,25.13,25.15,18.8,4615500.0,,
"May 8, 2009",25.52,25.67,25.28,25.59,19.13,5632400.0,,
"May 7, 2009",24.83,25.38,24.67,25.17,18.82,8924300.0,,
"May 6, 2009",25.0,25.0,24.45,24.67,18.44,6639300.0,,
"May 5, 2009",24.54,24.83,24.48,24.82,18.55,5663300.0,,
"May 4, 2009",24.17,24.63,24.17,24.54,18.34,3309000.0,,
"May 1, 2009",24.14,24.24,23.92,24.14,18.05,4935300.0,,
"Apr 30, 2009",24.2,24.52,24.01,24.18,18.08,6006000.0,,
"Apr 29, 2009",24.12,24.4,23.95,24.2,18.09,6880800.0,,
"Apr 28, 2009",24.05,24.36,23.95,24.11,18.02,3778100.0,,
"Apr 27, 2009",24.01,24.19,23.87,24.02,17.96,4275900.0,,
"Apr 24, 2009",23.72,23.98,23.65,23.76,17.76,3625500.0,,
"Apr 23, 2009",23.8,23.81,23.29,23.79,17.78,3337300.0,,
"Apr 22, 2009",23.64,24.01,23.64,23.77,17.77,5203200.0,,
"Apr 21, 2009",24.12,24.37,23.86,24.03,17.96,6848900.0,,
"Apr 20, 2009",24.34,24.73,24.15,24.26,18.14,7361300.0,,
"Apr 17, 2009",24.5,24.85,24.46,24.74,18.49,4678600.0,,
"Apr 16, 2009",24.38,24.63,24.16,24.46,18.28,3834100.0,,
"Apr 15, 2009",24.2,24.45,24.0,24.35,18.2,3259800.0,,
"Apr 14, 2009",24.45,24.48,24.18,24.21,18.1,2812000.0,,
"Apr 13, 2009",24.1,24.44,24.1,24.32,18.18,4172700.0,,
"Apr 9, 2009",24.49,24.49,24.07,24.13,18.04,3903800.0,,
"Apr 8, 2009",24.03,24.17,23.86,24.02,17.96,3328800.0,,
"Apr 7, 2009",23.86,24.13,23.65,23.86,17.84,8460600.0,,
"Apr 6, 2009",23.7,24.28,23.7,24.13,18.04,4378400.0,,
"Apr 3, 2009",24.5,24.54,23.75,23.9,17.87,6395700.0,,
"Apr 2, 2009",24.7,24.7,24.21,24.3,18.17,10706500.0,,
"Apr 1, 2009",23.92,24.34,23.64,24.2,18.09,6837200.0,,
"Mar 31, 2009",24.44,24.68,24.2,24.21,18.1,8359200.0,,
"Mar 30, 2009",24.01,24.22,23.81,24.12,18.03,5020300.0,,
"Mar 27, 2009",24.41,24.62,24.26,24.26,18.14,4769800.0,,
"Mar 26, 2009",24.46,24.62,24.14,24.52,18.33,6769600.0,,
"Mar 25, 2009",24.09,24.53,23.82,24.25,18.13,4271700.0,,
"Mar 24, 2009",24.25,24.51,23.98,24.09,18.01,6040800.0,,
"Mar 23, 2009",23.98,24.5,23.74,24.41,18.25,5069900.0,,
"Mar 20, 2009",,,,,,,Dividend,0.146
"Mar 20, 2009",23.66,23.9,23.46,23.55,17.6,4831700.0,,
"Mar 19, 2009",24.57,24.57,23.47,23.69,17.6,9299700.0,,
"Mar 18, 2009",24.02,24.74,24.02,24.28,18.04,6840200.0,,
"Mar 17, 2009",23.82,24.29,23.69,24.24,18.01,4510800.0,,
"Mar 16, 2009",24.35,24.46,23.87,23.87,17.73,6934800.0,,
"Mar 13, 2009",23.55,24.28,23.48,24.13,17.93,11528600.0,,
"Mar 12, 2009",22.15,23.42,22.15,23.35,17.35,8992100.0,,
"Mar 11, 2009",22.92,23.03,22.23,22.26,16.54,10766500.0,,
"Mar 10, 2009",22.06,22.71,22.05,22.67,16.84,7928700.0,,
"Mar 9, 2009",22.01,22.32,21.7,21.88,16.26,7060200.0,,
"Mar 6, 2009",22.01,22.29,21.63,22.29,16.56,8982500.0,,
"Mar 5, 2009",22.45,22.69,21.7,21.97,16.32,6274200.0,,
"Mar 4, 2009",22.76,22.83,22.01,22.57,16.77,5910800.0,,
"Mar 3, 2009",22.19,22.48,21.78,21.94,16.3,7500900.0,,
"Mar 2, 2009",23.66,23.66,21.97,21.99,16.34,11638500.0,,
"Feb 27, 2009",23.52,23.83,22.93,22.98,17.07,9912200.0,,
"Feb 26, 2009",25.5,25.5,23.93,23.94,17.79,7675700.0,,
"Feb 25, 2009",25.61,25.63,25.08,25.2,18.72,7642000.0,,
"Feb 24, 2009",25.51,25.8,25.32,25.72,19.11,4738900.0,,
"Feb 23, 2009",25.79,26.07,25.22,25.35,18.83,8094100.0,,
"Feb 20, 2009",25.69,26.13,25.66,25.86,19.21,6713200.0,,
"Feb 19, 2009",26.49,26.5,26.12,26.13,19.41,3896800.0,,
"Feb 18, 2009",26.22,26.33,25.98,26.18,19.45,5876100.0,,
"Feb 17, 2009",26.44,26.56,26.05,26.19,19.46,5869300.0,,
"Feb 13, 2009",27.07,27.07,26.65,26.65,19.8,4067600.0,,
"Feb 12, 2009",26.46,27.06,26.29,27.06,20.1,6363500.0,,
"Feb 11, 2009",26.5,26.79,26.49,26.75,19.87,4152600.0,,
"Feb 10, 2009",27.17,27.22,26.36,26.42,19.63,6174100.0,,
"Feb 9, 2009",27.42,27.44,27.04,27.33,20.3,3548500.0,,
"Feb 6, 2009",27.19,27.55,27.05,27.41,20.36,4571800.0,,
"Feb 5, 2009",26.69,27.25,26.69,27.19,20.2,4569900.0,,
"Feb 4, 2009",27.33,27.48,26.83,26.96,20.03,4998200.0,,
"Feb 3, 2009",26.55,27.29,26.44,27.08,20.12,6915500.0,,
"Feb 2, 2009",26.0,26.69,25.97,26.4,19.61,5822100.0,,
"Jan 30, 2009",26.57,26.61,26.11,26.23,19.49,5236200.0,,
"Jan 29, 2009",26.54,26.82,26.39,26.51,19.7,3911100.0,,
"Jan 28, 2009",26.77,27.07,26.61,26.89,19.98,8140600.0,,
"Jan 27, 2009",26.2,26.7,26.15,26.48,19.67,5819200.0,,
"Jan 26, 2009",26.17,26.31,25.8,25.94,19.27,6881000.0,,
"Jan 23, 2009",25.88,26.18,25.61,26.08,19.38,4563300.0,,
"Jan 22, 2009",25.82,26.22,25.6,26.08,19.38,4778900.0,,
"Jan 21, 2009",25.77,26.06,25.28,25.97,19.29,6294300.0,,
"Jan 20, 2009",26.01,26.31,25.41,25.43,18.89,8967000.0,,
"Jan 16, 2009",26.13,26.28,25.72,26.06,19.36,4456600.0,,
"Jan 15, 2009",25.72,25.93,25.14,25.84,19.2,7710700.0,,
"Jan 14, 2009",25.6,25.87,25.42,25.66,19.06,3907600.0,,
"Jan 13, 2009",25.81,26.18,25.74,26.03,19.34,5286200.0,,
"Jan 13, 2009",25.81,26.18,25.74,26.03,19.34,5286200.0,,
"Jan 12, 2009",26.24,26.25,25.68,25.81,19.18,4811700.0,,
"Jan 9, 2009",26.44,26.5,26.0,26.15,19.43,3906400.0,,
"Jan 8, 2009",26.15,26.43,25.99,26.43,19.64,5521700.0,,
"Jan 7, 2009",26.07,26.5,26.07,26.28,19.52,3947300.0,,
"Jan 6, 2009",27.01,27.08,26.3,26.52,19.7,5726300.0,,
"Jan 5, 2009",27.12,27.12,26.66,26.96,20.03,3880700.0,,
"Jan 2, 2009",26.56,27.23,26.39,27.09,20.13,3589100.0,,
"Dec 31, 2008",26.48,26.71,26.37,26.55,19.73,2383000.0,,
"Dec 30, 2008",25.92,26.39,25.9,26.31,19.55,2865700.0,,
"Dec 29, 2008",25.92,25.96,25.42,25.81,19.18,1559400.0,,
"Dec 26, 2008",25.91,25.99,25.74,25.85,19.2,1040500.0,,
"Dec 24, 2008",25.84,25.95,25.72,25.83,19.19,876900.0,,
"Dec 23, 2008",26.03,26.32,25.75,25.92,19.26,3210200.0,,
"Dec 22, 2008",26.2,26.21,25.5,25.91,19.25,5075900.0,,
"Dec 19, 2008",,,,,,,Dividend,0.158
"Dec 19, 2008",26.26,26.48,25.94,26.09,19.38,8949500.0,,
"Dec 18, 2008",25.94,26.51,25.78,26.09,19.27,6011900.0,,
"Dec 17, 2008",25.74,26.2,25.64,25.9,19.13,8981200.0,,
"Dec 16, 2008",26.06,26.18,25.14,26.06,19.24,7632100.0,,
"Dec 15, 2008",25.53,25.53,24.83,25.07,18.51,4292500.0,,
"Dec 12, 2008",24.73,25.19,24.45,25.12,18.55,6547800.0,,
"Dec 11, 2008",24.72,25.63,24.72,25.07,18.51,9030800.0,,
"Dec 10, 2008",25.21,25.29,24.76,24.92,18.4,7121300.0,,
"Dec 9, 2008",25.26,25.46,24.74,24.99,18.45,8474900.0,,
"Dec 8, 2008",25.94,25.94,25.13,25.39,18.75,9152900.0,,
"Dec 5, 2008",23.88,25.34,23.74,25.19,18.6,8018200.0,,
"Dec 4, 2008",24.54,24.96,24.11,24.36,17.99,8388100.0,,
"Dec 3, 2008",23.96,25.03,23.77,24.83,18.34,10260400.0,,
"Dec 2, 2008",23.91,24.29,23.58,24.25,17.91,7442500.0,,
"Dec 1, 2008",24.8,24.8,23.44,23.64,17.46,5771700.0,,
"Nov 28, 2008",24.74,25.14,24.54,24.92,18.4,1595100.0,,
"Nov 26, 2008",23.76,24.72,23.76,24.6,18.17,6608700.0,,
"Nov 25, 2008",24.69,24.84,24.02,24.22,17.89,6164700.0,,
"Nov 24, 2008",23.7,24.67,23.61,24.06,17.77,6284000.0,,
"Nov 21, 2008",23.27,23.67,21.99,23.59,17.42,9508400.0,,
"Nov 20, 2008",23.98,24.39,22.36,23.56,17.4,12781400.0,,
"Nov 19, 2008",25.41,25.61,24.1,24.25,17.91,6997800.0,,
"Nov 18, 2008",24.91,25.45,24.41,25.27,18.66,5928200.0,,
"Nov 17, 2008",25.08,25.83,25.01,25.1,18.53,6151400.0,,
"Nov 14, 2008",25.88,26.71,25.54,25.54,18.86,5996900.0,,
"Nov 13, 2008",25.02,26.55,24.53,26.55,19.61,7599700.0,,
"Nov 12, 2008",25.42,25.73,24.97,25.2,18.61,4237700.0,,
"Nov 11, 2008",26.22,26.33,25.6,25.77,19.03,10628000.0,,
"Nov 10, 2008",27.12,27.12,26.05,26.24,19.38,4835800.0,,
"Nov 7, 2008",26.06,26.59,25.8,26.43,19.52,5676300.0,,
"Nov 6, 2008",26.5,26.63,25.56,26.1,19.27,8637100.0,,
"Nov 5, 2008",27.11,27.42,26.44,26.75,19.75,5999500.0,,
"Nov 4, 2008",27.4,27.57,27.07,27.15,20.05,3884000.0,,
"Nov 3, 2008",26.67,27.13,26.67,26.8,19.79,3951600.0,,
"Oct 31, 2008",26.63,27.21,26.42,26.6,19.64,6100100.0,,
"Oct 30, 2008",26.28,26.86,25.99,26.58,19.63,4827900.0,,
"Oct 29, 2008",26.3,26.85,25.64,25.97,19.18,7502500.0,,
"Oct 28, 2008",25.43,27.5,24.58,26.15,19.31,7073300.0,,
"Oct 27, 2008",25.21,25.75,24.12,24.6,18.17,5929000.0,,
"Oct 24, 2008",24.23,26.02,24.23,25.7,18.98,10636200.0,,
"Oct 23, 2008",25.81,26.59,24.95,25.79,19.04,7834800.0,,
"Oct 22, 2008",26.75,26.75,25.37,26.4,19.49,10562300.0,,
"Oct 21, 2008",27.1,27.71,27.01,27.07,19.99,4888900.0,,
"Oct 20, 2008",26.45,27.48,26.42,27.15,20.05,8094200.0,,
"Oct 17, 2008",25.62,27.51,25.62,26.1,19.27,7743000.0,,
"Oct 16, 2008",25.63,26.7,24.39,26.2,19.35,11304400.0,,
"Oct 15, 2008",27.37,27.37,24.9,24.9,18.39,8958600.0,,
"Oct 14, 2008",28.45,28.56,26.84,27.6,20.38,12535900.0,,
"Oct 13, 2008",25.68,27.83,25.22,27.05,19.97,7756200.0,,
"Oct 10, 2008",24.1,25.54,22.89,24.14,17.83,15960800.0,,
"Oct 9, 2008",27.64,27.64,25.0,25.25,18.65,10773200.0,,
"Oct 8, 2008",27.03,27.82,26.55,27.35,20.2,9958100.0,,
"Oct 7, 2008",28.72,28.78,27.39,27.85,20.57,5060200.0,,
"Oct 6, 2008",29.4,29.88,27.41,28.54,21.08,8545000.0,,
"Oct 3, 2008",30.6,30.6,29.65,29.65,21.89,6814400.0,,
"Oct 2, 2008",30.25,30.59,29.93,30.3,22.37,6353400.0,,
"Oct 1, 2008",30.1,30.48,30.1,30.25,22.34,6053600.0,,
"Sep 30, 2008",30.27,30.45,29.78,30.05,22.19,3309800.0,,
"Sep 29, 2008",30.46,31.06,29.0,30.15,22.26,8689400.0,,
"Sep 26, 2008",30.75,31.22,30.53,30.84,22.77,5521100.0,,
"Sep 25, 2008",30.38,31.28,30.38,30.9,22.82,9256200.0,,
"Sep 24, 2008",30.34,30.67,30.23,30.35,22.41,4029600.0,,
"Sep 23, 2008",30.73,30.91,30.07,30.07,22.2,3316600.0,,
"Sep 22, 2008",31.26,31.92,30.46,30.8,22.74,4334300.0,,
"Sep 19, 2008",,,,,,,Dividend,0.142
"Sep 19, 2008",32.74,33.08,31.06,31.55,23.3,4821000.0,,
"Sep 18, 2008",30.67,31.39,30.35,31.35,23.05,14902300.0,,
"Sep 17, 2008",31.01,31.54,30.41,30.95,22.75,6844100.0,,
"Sep 16, 2008",31.23,32.03,31.02,31.45,23.12,7324900.0,,
"Sep 15, 2008",31.8,32.16,31.5,31.5,23.16,6297700.0,,
"Sep 12, 2008",32.21,32.4,32.0,32.4,23.82,3869100.0,,
"Sep 11, 2008",31.5,32.37,31.5,32.1,23.6,3970400.0,,
"Sep 10, 2008",32.02,32.1,31.84,31.97,23.5,5239000.0,,
"Sep 9, 2008",32.51,32.64,31.84,32.1,23.6,3408600.0,,
"Sep 8, 2008",32.39,32.47,32.0,32.38,23.8,7640400.0,,
"Sep 5, 2008",31.66,32.06,31.5,31.85,23.41,5803200.0,,
"Sep 4, 2008",32.51,32.58,31.87,32.02,23.54,11658100.0,,
"Sep 3, 2008",32.65,32.79,32.46,32.74,24.07,3009000.0,,
"Sep 2, 2008",32.9,33.31,32.55,32.55,23.93,5185200.0,,
"Aug 29, 2008",32.97,33.06,32.61,32.61,23.97,2408300.0,,
"Aug 28, 2008",32.83,33.01,32.8,32.97,24.24,1667100.0,,
"Aug 27, 2008",32.76,32.81,32.52,32.78,24.1,2616300.0,,
"Aug 26, 2008",32.76,32.96,32.59,32.73,24.06,1344500.0,,
"Aug 25, 2008",33.06,33.18,32.63,32.77,24.09,2075000.0,,
"Aug 25, 2008",33.06,33.18,32.63,32.77,24.09,2075000.0,,
"Aug 22, 2008",33.04,33.37,32.89,33.31,24.49,3494500.0,,
"Aug 21, 2008",32.73,33.09,32.54,32.76,24.08,2710300.0,,
"Aug 20, 2008",33.08,33.11,32.7,32.97,24.24,4168500.0,,
"Aug 19, 2008",33.16,33.31,32.88,33.18,24.39,7032300.0,,
"Aug 18, 2008",33.74,33.74,33.15,33.33,24.5,2169700.0,,
"Aug 15, 2008",33.21,33.7,33.21,33.61,24.71,3045500.0,,
"Aug 14, 2008",33.08,33.57,32.89,33.28,24.46,3494100.0,,
"Aug 13, 2008",33.18,33.37,33.01,33.3,24.48,5973800.0,,
"Aug 12, 2008",33.28,33.48,33.22,33.28,24.46,3521100.0,,
"Aug 11, 2008",33.47,33.5,33.14,33.35,24.52,2849600.0,,
"Aug 8, 2008",32.66,33.35,32.64,33.32,24.49,6504700.0,,
"Aug 7, 2008",32.76,33.06,32.5,32.75,24.07,3833600.0,,
"Aug 6, 2008",32.77,33.15,32.44,33.15,24.37,9167000.0,,
"Aug 5, 2008",32.4,33.07,32.07,33.02,24.27,3273800.0,,
"Aug 4, 2008",31.88,32.25,31.62,31.98,23.51,3127000.0,,
"Aug 1, 2008",32.07,32.11,31.57,31.71,23.31,4288200.0,,
"Jul 31, 2008",31.93,32.32,31.83,31.95,23.49,4035000.0,,
"Jul 30, 2008",31.94,32.09,31.55,31.92,23.46,5642900.0,,
"Jul 29, 2008",31.84,32.01,31.77,31.93,23.47,3637900.0,,
"Jul 28, 2008",32.34,32.34,31.61,31.61,23.24,2641000.0,,
"Jul 25, 2008",31.72,32.04,31.72,31.87,23.43,5849800.0,,
"Jul 24, 2008",31.65,32.06,31.65,31.68,23.29,5173600.0,,
"Jul 23, 2008",31.63,31.99,31.63,31.71,23.31,3801600.0,,
"Jul 22, 2008",31.06,31.6,30.99,31.57,23.21,3187400.0,,
"Jul 21, 2008",31.7,31.71,31.09,31.14,22.89,4387800.0,,
"Jul 18, 2008",31.79,31.99,31.43,31.7,23.3,2858800.0,,
"Jul 17, 2008",31.65,31.81,31.26,31.71,23.31,3847500.0,,
"Jul 16, 2008",31.5,31.65,31.26,31.4,23.08,8097800.0,,
"Jul 15, 2008",30.8,31.44,30.74,31.18,22.92,5179000.0,,
"Jul 14, 2008",30.93,31.5,30.74,31.03,22.81,3422000.0,,
"Jul 11, 2008",31.09,31.19,30.74,30.82,22.66,4324100.0,,
"Jul 10, 2008",31.37,31.44,30.97,31.42,23.1,5928500.0,,
"Jul 9, 2008",31.29,31.73,31.1,31.25,22.97,6234200.0,,
"Jul 8, 2008",30.29,31.28,30.29,31.1,22.86,4317200.0,,
"Jul 7, 2008",30.49,30.68,30.14,30.3,22.27,3817000.0,,
"Jul 3, 2008",30.53,30.69,30.42,30.5,22.42,2497700.0,,
"Jul 2, 2008",30.81,30.89,30.37,30.37,22.32,2258900.0,,
"Jul 1, 2008",30.19,30.69,30.19,30.58,22.48,10508300.0,,
"Jun 30, 2008",30.08,30.97,30.08,30.58,22.48,2441700.0,,
"Jun 27, 2008",30.11,30.44,30.07,30.25,22.24,2161800.0,,
"Jun 26, 2008",30.37,30.51,29.9,30.05,22.09,2324700.0,,
"Jun 25, 2008",30.37,30.87,30.34,30.67,22.55,2678900.0,,
"Jun 24, 2008",30.24,30.48,30.06,30.33,22.3,1782800.0,,
"Jun 23, 2008",30.22,30.37,30.21,30.22,22.21,1359200.0,,
"Jun 20, 2008",,,,,,,Dividend,0.142
"Jun 20, 2008",30.46,30.49,29.92,30.0,22.05,2037900.0,,
"Jun 19, 2008",30.25,30.88,30.25,30.57,22.37,1779800.0,,
"Jun 18, 2008",30.82,30.92,30.49,30.53,22.34,2382300.0,,
"Jun 17, 2008",31.25,31.25,30.8,30.88,22.59,1496300.0,,
"Jun 16, 2008",31.02,31.12,30.72,30.96,22.65,1597400.0,,
"Jun 13, 2008",30.85,31.3,30.75,30.86,22.58,1882700.0,,
"Jun 12, 2008",30.75,30.93,30.01,30.38,22.23,3137100.0,,
"Jun 11, 2008",31.02,31.02,30.57,30.64,22.42,2322200.0,,
"Jun 10, 2008",31.05,31.24,30.93,30.95,22.65,1943000.0,,
"Jun 9, 2008",31.41,31.55,31.09,31.25,22.87,3173100.0,,
"Jun 6, 2008",31.93,31.97,31.3,31.42,22.99,2634700.0,,
"Jun 5, 2008",31.95,32.26,31.87,32.2,23.56,1914400.0,,
"Jun 4, 2008",31.88,32.09,31.77,31.92,23.36,2460900.0,,
"Jun 3, 2008",31.82,32.04,31.71,31.91,23.35,2668600.0,,
"Jun 2, 2008",32.04,32.12,31.59,31.7,23.19,1672100.0,,
"May 30, 2008",32.12,32.2,31.99,32.08,23.47,1456800.0,,
"May 29, 2008",31.42,32.25,31.42,32.13,23.51,2288500.0,,
"May 28, 2008",31.51,31.71,31.4,31.45,23.01,1394000.0,,
"May 27, 2008",31.33,31.67,31.33,31.48,23.03,1597700.0,,
"May 23, 2008",31.59,31.67,31.35,31.35,22.94,1328900.0,,
"May 22, 2008",31.5,31.89,31.46,31.87,23.32,995300.0,,
"May 21, 2008",31.91,32.02,31.5,31.53,23.07,2029200.0,,
"May 20, 2008",31.67,31.97,31.65,31.81,23.27,1653400.0,,
"May 19, 2008",31.58,31.9,31.54,31.9,23.34,2174900.0,,
"May 16, 2008",31.61,31.7,31.47,31.7,23.19,1381600.0,,
"May 15, 2008",31.55,31.63,31.4,31.58,23.11,1213200.0,,
"May 14, 2008",31.48,31.76,31.48,31.67,23.17,1528800.0,,
"May 13, 2008",31.72,31.74,31.41,31.41,22.98,1293100.0,,
"May 12, 2008",31.59,31.71,31.45,31.71,23.2,1082200.0,,
"May 9, 2008",31.5,31.5,31.26,31.47,23.03,1469200.0,,
"May 8, 2008",31.6,31.75,31.5,31.5,23.05,2157500.0,,
"May 7, 2008",31.88,32.02,31.47,31.62,23.14,2283900.0,,
"May 6, 2008",31.79,32.0,31.67,31.9,23.34,1703400.0,,
"May 5, 2008",32.05,32.06,31.87,31.96,23.38,886200.0,,
"May 2, 2008",32.14,32.19,32.0,32.05,23.45,2250300.0,,
"May 1, 2008",31.36,32.06,31.36,32.04,23.44,1809000.0,,
"Apr 30, 2008",31.8,31.86,31.45,31.48,23.03,1833000.0,,
"Apr 29, 2008",31.8,31.8,31.53,31.65,23.16,1089900.0,,
"Apr 28, 2008",31.92,32.05,31.82,32.0,23.41,3835300.0,,
"Apr 25, 2008",31.66,31.87,31.59,31.81,23.27,3163700.0,,
"Apr 24, 2008",31.48,31.66,31.2,31.4,22.97,1694100.0,,
"Apr 23, 2008",31.26,31.5,31.18,31.3,22.9,901700.0,,
"Apr 22, 2008",31.37,31.37,31.02,31.2,22.83,2659900.0,,
"Apr 21, 2008",31.52,31.65,31.46,31.53,23.07,3293800.0,,
"Apr 18, 2008",31.75,31.8,31.53,31.63,23.14,2283000.0,,
"Apr 17, 2008",31.43,31.48,31.21,31.33,22.92,1482000.0,,
"Apr 16, 2008",31.45,31.56,31.29,31.53,23.07,2732400.0,,
"Apr 15, 2008",31.47,31.53,31.25,31.36,22.95,2110500.0,,
"Apr 14, 2008",31.49,31.56,31.31,31.39,22.97,1089700.0,,
"Apr 11, 2008",31.88,31.93,31.45,31.53,23.07,3177600.0,,
"Apr 10, 2008",31.68,32.07,31.62,31.95,23.38,1917500.0,,
"Apr 9, 2008",31.84,31.88,31.55,31.7,23.19,1668500.0,,
"Apr 8, 2008",31.9,31.92,31.75,31.85,23.3,1641700.0,,
"Apr 7, 2008",31.99,32.05,31.79,31.96,23.38,3393600.0,,
"Apr 7, 2008",31.99,32.05,31.79,31.96,23.38,3393600.0,,
"Apr 4, 2008",31.28,31.89,31.28,31.6,23.12,2810500.0,,
"Apr 3, 2008",31.47,31.53,31.31,31.35,22.94,1900000.0,,
"Apr 2, 2008",31.76,31.77,31.41,31.45,23.01,1405800.0,,
"Apr 1, 2008",31.3,31.72,31.07,31.67,23.17,3015200.0,,
"Mar 31, 2008",30.79,31.17,30.62,31.17,22.81,3496900.0,,
"Mar 28, 2008",31.67,31.67,31.14,31.33,22.92,2423900.0,,
"Mar 27, 2008",31.44,31.56,31.12,31.41,22.98,5658200.0,,
"Mar 26, 2008",31.41,31.43,31.25,31.25,22.87,2507200.0,,
"Mar 25, 2008",31.49,31.7,31.38,31.56,23.09,3434700.0,,
"Mar 24, 2008",31.43,31.7,31.23,31.5,23.05,2458700.0,,
"Mar 20, 2008",,,,,,,Dividend,0.139
"Mar 20, 2008",31.51,31.51,30.95,31.09,22.75,2022000.0,,
"Mar 19, 2008",31.41,31.91,30.51,31.19,22.72,7359700.0,,
"Mar 18, 2008",31.09,31.78,30.77,31.6,23.02,6180700.0,,
"Mar 17, 2008",30.08,30.86,30.0,30.64,22.32,4885600.0,,
"Mar 14, 2008",31.32,31.78,30.46,30.68,22.35,5051900.0,,
"Mar 13, 2008",30.93,31.52,30.62,31.26,22.77,4518600.0,,
"Mar 12, 2008",31.19,31.45,31.12,31.3,22.8,3182700.0,,
"Mar 11, 2008",30.9,31.62,30.66,31.3,22.8,3730100.0,,
"Mar 10, 2008",31.66,31.8,30.79,31.0,22.58,2871400.0,,
"Mar 7, 2008",32.1,32.1,31.62,31.74,23.12,3988500.0,,
"Mar 6, 2008",32.81,32.81,32.04,32.11,23.39,2623500.0,,
"Mar 5, 2008",32.76,33.0,32.45,32.77,23.87,3494300.0,,
"Mar 4, 2008",32.51,32.85,32.5,32.83,23.91,3206800.0,,
"Mar 3, 2008",32.65,32.82,32.6,32.79,23.88,2418900.0,,
"Feb 29, 2008",33.05,33.07,32.63,32.8,23.89,4110900.0,,
"Feb 28, 2008",33.4,33.4,33.17,33.26,24.23,4668900.0,,
"Feb 27, 2008",33.56,33.75,33.47,33.65,24.51,3035900.0,,
"Feb 26, 2008",33.73,33.92,33.49,33.5,24.4,3024600.0,,
"Feb 25, 2008",33.27,33.8,33.26,33.8,24.62,2575300.0,,
"Feb 22, 2008",33.3,33.37,32.69,33.37,24.31,2672900.0,,
"Feb 21, 2008",34.14,34.15,33.02,33.3,24.26,2438900.0,,
"Feb 20, 2008",33.26,33.65,33.14,33.65,24.51,3062100.0,,
"Feb 19, 2008",33.33,33.77,33.33,33.75,24.58,2804400.0,,
"Feb 15, 2008",33.01,33.36,33.0,33.33,24.28,2760000.0,,
"Feb 14, 2008",33.5,33.67,33.16,33.3,24.26,2708800.0,,
"Feb 13, 2008",33.53,33.71,33.35,33.44,24.36,2114100.0,,
"Feb 12, 2008",33.4,33.55,33.15,33.49,24.39,2420200.0,,
"Feb 11, 2008",32.89,33.06,32.76,33.01,24.05,2631300.0,,
"Feb 8, 2008",33.19,33.29,32.92,33.11,24.12,2769100.0,,
"Feb 7, 2008",33.34,33.52,33.12,33.32,24.27,2785800.0,,
"Feb 6, 2008",33.63,33.7,33.34,33.45,24.37,3089400.0,,
"Feb 5, 2008",33.73,33.87,33.29,33.36,24.3,4460100.0,,
"Feb 4, 2008",33.75,34.1,33.75,33.98,24.75,2793100.0,,
"Feb 1, 2008",33.37,33.89,33.37,33.86,24.66,3571200.0,,
"Jan 31, 2008",32.81,33.7,32.81,33.7,24.55,3974400.0,,
"Jan 30, 2008",33.54,33.62,33.11,33.11,24.12,3951900.0,,
"Jan 29, 2008",33.61,33.61,33.39,33.5,24.4,2397000.0,,
"Jan 28, 2008",33.21,33.41,32.87,33.41,24.34,5296800.0,,
"Jan 25, 2008",33.97,33.97,32.54,32.99,24.03,6073700.0,,
"Jan 24, 2008",33.78,33.78,33.25,33.52,24.42,5734500.0,,
"Jan 23, 2008",32.77,33.65,32.46,33.65,24.51,10737900.0,,
"Jan 22, 2008",34.2,34.5,30.36,33.41,24.34,9251300.0,,
"Jan 18, 2008",35.32,35.32,34.47,34.67,25.25,7714900.0,,
"Jan 17, 2008",36.02,36.37,35.15,35.18,25.63,6972100.0,,
"Jan 16, 2008",35.53,36.28,35.53,35.87,26.13,4217300.0,,
"Jan 15, 2008",36.08,36.09,35.68,35.78,26.06,5242500.0,,
"Jan 14, 2008",36.41,36.49,36.14,36.19,26.36,4276500.0,,
"Jan 11, 2008",36.28,36.61,36.18,36.47,26.57,3496000.0,,
"Jan 10, 2008",36.33,36.56,36.14,36.36,26.49,5622300.0,,
"Jan 9, 2008",36.02,36.43,35.89,36.41,26.52,8322400.0,,
"Jan 8, 2008",35.66,36.39,35.57,35.77,26.06,6231200.0,,
"Jan 7, 2008",34.82,35.58,34.82,35.48,25.84,5457900.0,,
"Jan 4, 2008",34.89,35.16,34.76,34.79,25.34,3270600.0,,
"Jan 3, 2008",35.28,35.3,35.03,35.15,25.6,2544400.0,,
"Jan 2, 2008",35.63,35.63,34.71,34.94,25.45,6611300.0,,
"Dec 31, 2007",35.86,35.86,35.2,35.31,25.72,1497300.0,,
"Dec 28, 2007",35.83,35.83,35.43,35.44,25.82,1060400.0,,
"Dec 27, 2007",35.98,35.99,35.53,35.58,25.92,989100.0,,
"Dec 26, 2007",36.07,36.07,35.77,35.95,26.19,1037000.0,,
"Dec 24, 2007",35.76,36.01,35.76,35.99,26.22,510300.0,,
"Dec 21, 2007",,,,,,,Dividend,0.13
"Dec 21, 2007",35.99,35.99,35.73,35.87,26.13,2064100.0,,
"Dec 20, 2007",35.49,35.78,35.49,35.78,25.97,2094600.0,,
"Dec 19, 2007",35.36,35.78,35.36,35.57,25.82,1663100.0,,
"Dec 18, 2007",35.99,35.99,35.41,35.59,25.83,2168500.0,,
"Dec 17, 2007",35.59,35.83,35.32,35.32,25.63,1637800.0,,
"Dec 14, 2007",35.67,36.09,35.67,35.7,25.91,1130600.0,,
"Dec 13, 2007",35.83,36.25,35.8,36.25,26.31,2107400.0,,
"Dec 12, 2007",37.89,37.89,35.96,36.27,26.32,2767900.0,,
"Dec 11, 2007",36.55,36.8,36.01,36.25,26.31,2243700.0,,
"Dec 10, 2007",36.65,36.82,36.57,36.82,26.72,1115800.0,,
"Dec 7, 2007",36.7,36.82,36.63,36.75,26.67,3442900.0,,
"Dec 6, 2007",36.27,36.8,36.27,36.77,26.69,2719100.0,,
"Dec 5, 2007",36.58,36.6,36.3,36.52,26.51,1904000.0,,
"Dec 4, 2007",35.73,36.38,35.66,36.23,26.29,1344500.0,,
"Dec 3, 2007",36.83,36.83,36.17,36.24,26.3,1649900.0,,
"Nov 30, 2007",36.5,36.58,36.34,36.47,26.47,2469400.0,,
"Nov 29, 2007",35.77,36.43,35.56,36.42,26.43,5502200.0,,
"Nov 28, 2007",35.87,36.37,35.61,36.2,26.27,1808900.0,,
"Nov 27, 2007",35.41,35.7,34.7,35.36,25.66,2117100.0,,
"Nov 26, 2007",35.5,35.5,34.89,34.91,25.34,2070800.0,,
"Nov 23, 2007",34.68,35.28,34.68,35.18,25.53,1331200.0,,
"Nov 21, 2007",34.97,35.23,34.62,34.62,25.13,2262600.0,,
"Nov 20, 2007",35.67,35.67,35.06,35.41,25.7,3843100.0,,
"Nov 19, 2007",35.6,35.6,35.21,35.34,25.65,1725100.0,,
"Nov 16, 2007",35.5,35.63,35.3,35.54,25.79,2116400.0,,
"Nov 15, 2007",35.22,35.75,35.22,35.38,25.68,2426000.0,,
"Nov 14, 2007",35.49,35.76,35.33,35.6,25.84,2512500.0,,
"Nov 14, 2007",35.49,35.76,35.33,35.6,25.84,2512500.0,,
"Nov 13, 2007",34.96,35.58,34.96,35.46,25.74,3230200.0,,
"Nov 12, 2007",34.03,35.42,34.03,35.0,25.4,2366000.0,,
"Nov 9, 2007",34.14,35.35,34.14,34.91,25.34,3258800.0,,
"Nov 8, 2007",34.19,35.11,34.19,35.0,25.4,3631800.0,,
"Nov 7, 2007",35.87,35.87,34.77,34.77,25.24,2126000.0,,
"Nov 6, 2007",35.34,35.58,35.03,35.58,25.82,1337400.0,,
"Nov 5, 2007",35.41,35.73,35.16,35.39,25.69,2653000.0,,
"Nov 2, 2007",35.4,35.62,35.22,35.41,25.7,2411100.0,,
"Nov 1, 2007",36.01,36.08,35.44,35.51,25.77,2415500.0,,
"Oct 31, 2007",34.9,36.1,34.9,36.01,26.14,1654600.0,,
"Oct 30, 2007",35.71,35.88,35.69,35.79,25.98,1220700.0,,
"Oct 29, 2007",35.76,35.86,35.68,35.83,26.0,839400.0,,
"Oct 26, 2007",34.76,35.74,34.76,35.68,25.9,920400.0,,
"Oct 25, 2007",35.09,35.62,35.09,35.56,25.81,2067400.0,,
"Oct 24, 2007",35.48,35.49,34.97,35.35,25.66,3290700.0,,
"Oct 23, 2007",35.23,35.61,35.19,35.61,25.84,2164500.0,,
"Oct 22, 2007",34.95,35.2,34.82,35.2,25.55,1972000.0,,
"Oct 19, 2007",35.61,35.65,35.18,35.2,25.55,1611200.0,,
"Oct 18, 2007",35.23,35.86,35.23,35.63,25.86,1320500.0,,
"Oct 17, 2007",35.95,35.95,35.37,35.62,25.85,2439900.0,,
"Oct 16, 2007",35.8,35.83,35.53,35.59,25.83,3103000.0,,
"Oct 15, 2007",36.2,36.39,35.7,35.86,26.03,2198300.0,,
"Oct 12, 2007",36.12,36.25,36.0,36.25,26.31,1450300.0,,
"Oct 11, 2007",36.38,36.39,35.97,36.05,26.16,4141900.0,,
"Oct 10, 2007",36.3,36.36,36.19,36.36,26.39,1435100.0,,
"Oct 9, 2007",36.18,36.3,36.05,36.3,26.35,473500.0,,
"Oct 8, 2007",36.16,36.21,35.98,36.0,26.13,783600.0,,
"Oct 5, 2007",36.01,36.25,35.96,36.25,26.31,1831200.0,,
"Oct 4, 2007",35.82,36.04,35.79,35.79,25.98,1037800.0,,
"Oct 3, 2007",35.72,35.83,35.54,35.83,26.0,1216700.0,,
"Oct 2, 2007",35.9,35.98,35.56,35.69,25.9,2193700.0,,
"Oct 1, 2007",35.5,35.89,35.48,35.89,26.05,8322000.0,,
"Sep 28, 2007",35.53,35.61,35.28,35.35,25.66,1069200.0,,
"Sep 27, 2007",35.66,35.66,35.47,35.6,25.84,822600.0,,
"Sep 26, 2007",35.37,35.59,35.33,35.46,25.74,751700.0,,
"Sep 25, 2007",35.32,35.43,35.21,35.26,25.59,1824300.0,,
"Sep 24, 2007",35.32,35.46,35.27,35.38,25.68,1385100.0,,
"Sep 21, 2007",,,,,,,Dividend,0.123
"Sep 21, 2007",35.44,35.52,35.4,35.45,25.73,1371400.0,,
"Sep 20, 2007",35.48,35.63,35.33,35.4,25.6,1046300.0,,
"Sep 19, 2007",35.44,35.67,35.35,35.44,25.63,1623600.0,,
"Sep 18, 2007",34.67,35.31,34.65,35.3,25.53,2328700.0,,
"Sep 17, 2007",34.71,34.8,34.47,34.68,25.08,2763000.0,,
"Sep 14, 2007",35.0,35.0,34.71,34.79,25.16,1140200.0,,
"Sep 13, 2007",35.07,35.14,34.89,34.89,25.23,889500.0,,
"Sep 12, 2007",34.67,34.94,34.64,34.81,25.18,1213100.0,,
"Sep 11, 2007",34.49,34.72,34.37,34.66,25.07,864300.0,,
"Sep 10, 2007",34.4,34.53,34.19,34.4,24.88,1057700.0,,
"Sep 7, 2007",34.43,34.7,34.22,34.37,24.86,2286100.0,,
"Sep 6, 2007",34.61,34.86,34.54,34.74,25.13,2101200.0,,
"Sep 5, 2007",34.63,34.69,34.44,34.63,25.05,868200.0,,
"Sep 4, 2007",34.51,34.82,34.49,34.7,25.1,896400.0,,
"Aug 31, 2007",34.49,34.66,34.34,34.4,24.88,1085200.0,,
"Aug 30, 2007",34.14,34.44,34.14,34.24,24.76,1152300.0,,
"Aug 29, 2007",34.0,34.34,33.86,34.24,24.76,1300100.0,,
"Aug 28, 2007",34.34,34.36,33.88,33.99,24.58,1447900.0,,
"Aug 27, 2007",34.46,34.55,34.34,34.34,24.84,741500.0,,
"Aug 24, 2007",34.3,34.58,34.22,34.58,25.01,4721600.0,,
"Aug 23, 2007",34.23,34.44,34.14,34.37,24.86,6065200.0,,
"Aug 22, 2007",34.09,34.2,33.97,34.15,24.7,2742800.0,,
"Aug 21, 2007",33.79,34.05,33.73,33.98,24.58,1559200.0,,
"Aug 20, 2007",33.92,34.03,33.68,33.89,24.51,1554900.0,,
"Aug 17, 2007",34.4,34.4,33.39,33.73,24.4,1859200.0,,
"Aug 16, 2007",33.28,33.72,32.94,33.65,24.34,3455600.0,,
"Aug 15, 2007",33.7,34.14,33.56,33.64,24.33,2001100.0,,
"Aug 14, 2007",34.19,34.2,33.69,33.72,24.39,1358700.0,,
"Aug 13, 2007",34.12,34.36,34.0,34.0,24.59,2071000.0,,
"Aug 10, 2007",33.88,34.12,33.62,33.9,24.52,2373300.0,,
"Aug 9, 2007",34.5,34.76,34.05,34.08,24.65,2228400.0,,
"Aug 8, 2007",34.6,34.9,34.45,34.9,25.24,2436400.0,,
"Aug 7, 2007",34.29,34.79,34.27,34.5,24.95,1435200.0,,
"Aug 6, 2007",33.84,34.49,33.84,34.34,24.84,3419300.0,,
"Aug 3, 2007",34.17,34.31,33.67,33.68,24.36,4094700.0,,
"Aug 2, 2007",33.88,34.3,33.88,34.15,24.7,2384900.0,,
"Aug 1, 2007",33.57,34.0,33.48,33.86,24.49,4001600.0,,
"Jul 31, 2007",34.47,34.5,33.62,33.63,24.32,2694200.0,,
"Jul 30, 2007",33.68,34.01,33.6,34.0,24.59,2987900.0,,
"Jul 27, 2007",34.27,34.61,33.58,33.58,24.29,3411600.0,,
"Jul 26, 2007",34.89,34.94,34.26,34.4,24.88,3470400.0,,
"Jul 25, 2007",35.36,35.99,34.94,35.12,25.4,2130400.0,,
"Jul 24, 2007",35.39,35.54,35.05,35.14,25.42,2853300.0,,
"Jul 23, 2007",35.54,35.72,35.42,35.5,25.68,1916100.0,,
"Jul 20, 2007",35.44,35.5,35.11,35.23,25.48,2122400.0,,
"Jul 19, 2007",35.67,35.7,35.42,35.56,25.72,1332600.0,,
"Jul 18, 2007",35.76,35.76,35.49,35.75,25.86,2247200.0,,
"Jul 17, 2007",35.8,35.93,35.77,35.85,25.93,1450300.0,,
"Jul 16, 2007",35.88,36.0,35.88,35.96,26.01,1388300.0,,
"Jul 13, 2007",35.94,36.04,35.82,35.92,25.98,1806700.0,,
"Jul 12, 2007",35.39,36.03,35.39,36.01,26.04,863600.0,,
"Jul 11, 2007",35.19,35.45,35.18,35.35,25.57,1717900.0,,
"Jul 10, 2007",35.39,35.51,35.15,35.23,25.48,1916700.0,,
"Jul 9, 2007",35.65,35.67,35.44,35.53,25.7,1264800.0,,
"Jul 6, 2007",35.49,35.64,35.43,35.64,25.78,977800.0,,
"Jul 5, 2007",35.48,35.62,35.38,35.56,25.72,3255600.0,,
"Jul 3, 2007",35.65,35.65,35.54,35.57,25.73,671800.0,,
"Jul 2, 2007",35.42,35.7,34.8,35.51,25.68,1264200.0,,
"Jun 29, 2007",35.36,35.46,34.96,35.31,25.54,1731500.0,,
"Jun 28, 2007",35.32,35.54,35.31,35.41,25.61,1713800.0,,
"Jun 27, 2007",35.0,35.38,34.93,35.38,25.59,5263600.0,,
"Jun 27, 2007",35.0,35.38,34.93,35.38,25.59,5263600.0,,
"Jun 26, 2007",35.08,35.33,35.01,35.09,25.38,1172800.0,,
"Jun 25, 2007",34.97,35.26,34.79,34.91,25.25,2120600.0,,
"Jun 22, 2007",35.29,35.38,34.88,34.97,25.29,3168700.0,,
"Jun 21, 2007",35.36,35.51,35.16,35.51,25.68,1597900.0,,
"Jun 20, 2007",36.06,36.06,35.36,35.41,25.61,1913600.0,,
"Jun 19, 2007",35.91,35.99,35.83,35.86,25.94,1632000.0,,
"Jun 18, 2007",36.01,36.03,35.8,35.86,25.94,984400.0,,
"Jun 15, 2007",,,,,,,Dividend,0.193
"Jun 15, 2007",36.1,36.15,35.95,36.07,26.09,1221500.0,,
"Jun 14, 2007",36.02,36.06,35.51,35.99,25.89,1747400.0,,
"Jun 13, 2007",35.93,35.93,35.53,35.89,25.82,2145000.0,,
"Jun 12, 2007",35.75,35.9,35.57,35.6,25.61,2087200.0,,
"Jun 11, 2007",35.77,36.04,35.77,35.86,25.8,1267400.0,,
"Jun 8, 2007",35.39,35.91,35.39,35.85,25.79,1995600.0,,
"Jun 7, 2007",35.94,36.2,35.65,35.73,25.7,3280800.0,,
"Jun 6, 2007",36.54,36.54,36.2,36.27,26.09,3136400.0,,
"Jun 5, 2007",36.59,36.65,36.43,36.61,26.34,1685300.0,,
"Jun 4, 2007",36.6,36.77,36.6,36.7,26.4,1749200.0,,
"Jun 1, 2007",36.74,36.82,36.64,36.77,26.45,3572300.0,,
"May 31, 2007",36.71,36.8,36.62,36.73,26.42,1386600.0,,
"May 30, 2007",36.61,36.65,36.36,36.65,26.37,3190000.0,,
"May 29, 2007",36.65,36.7,36.53,36.64,26.36,1565600.0,,
"May 25, 2007",36.58,36.74,36.55,36.62,26.34,997900.0,,
"May 24, 2007",36.68,36.87,36.6,36.64,26.36,1955900.0,,
"May 23, 2007",36.8,36.94,36.69,36.78,26.46,1724500.0,,
"May 22, 2007",36.8,36.81,36.52,36.65,26.37,1101400.0,,
"May 21, 2007",36.62,36.71,36.58,36.67,26.38,1768700.0,,
"May 18, 2007",36.52,36.64,36.41,36.59,26.32,693700.0,,
"May 17, 2007",36.49,36.49,36.35,36.44,26.21,1415400.0,,
"May 16, 2007",36.44,36.62,36.34,36.58,26.31,3063800.0,,
"May 15, 2007",36.15,36.43,36.15,36.17,26.02,2288300.0,,
"May 14, 2007",36.27,36.48,36.21,36.21,26.05,1162600.0,,
"May 11, 2007",36.01,36.3,35.96,36.25,26.08,1189300.0,,
"May 10, 2007",36.66,36.66,36.03,36.11,25.98,1367400.0,,
"May 9, 2007",36.7,36.81,36.61,36.76,26.44,1841100.0,,
"May 8, 2007",36.72,36.72,36.54,36.64,26.36,1927400.0,,
"May 7, 2007",36.74,36.78,36.7,36.78,26.46,2263000.0,,
"May 4, 2007",37.04,37.05,36.45,36.7,26.4,942300.0,,
"May 3, 2007",36.42,36.55,36.36,36.5,26.26,1301300.0,,
"May 2, 2007",36.32,36.46,36.2,36.42,26.2,1347900.0,,
"May 1, 2007",36.06,36.24,36.03,36.19,26.03,2680900.0,,
"Apr 30, 2007",36.33,36.33,36.1,36.11,25.98,1364500.0,,
"Apr 27, 2007",36.32,36.34,36.16,36.23,26.06,842800.0,,
"Apr 26, 2007",36.33,36.51,36.29,36.35,26.15,1129400.0,,
"Apr 25, 2007",36.23,36.38,35.75,36.31,26.12,1995200.0,,
"Apr 24, 2007",36.23,36.29,36.06,36.2,26.04,1031200.0,,
"Apr 23, 2007",36.27,36.28,36.1,36.2,26.04,1399900.0,,
"Apr 20, 2007",36.15,36.23,36.04,36.16,26.01,2496700.0,,
"Apr 19, 2007",35.78,36.09,35.7,36.02,25.91,3099400.0,,
"Apr 18, 2007",35.84,35.88,35.59,35.87,25.8,2173900.0,,
"Apr 17, 2007",35.94,36.0,35.87,35.88,25.81,2849000.0,,
"Apr 16, 2007",35.53,35.77,35.49,35.77,25.73,3204800.0,,
"Apr 13, 2007",35.18,35.45,35.16,35.43,25.49,2666700.0,,
"Apr 12, 2007",34.48,34.97,34.37,34.92,25.12,1072500.0,,
"Apr 11, 2007",34.65,34.67,34.43,34.53,24.84,2447600.0,,
"Apr 10, 2007",34.55,34.69,34.5,34.68,24.95,1422400.0,,
"Apr 9, 2007",34.62,34.64,34.52,34.63,24.91,1307700.0,,
"Apr 5, 2007",34.36,34.65,34.36,34.62,24.9,1102400.0,,
"Apr 4, 2007",34.2,34.4,34.1,34.38,24.73,922600.0,,
"Apr 3, 2007",34.0,34.27,33.93,34.18,24.59,982500.0,,
"Apr 2, 2007",33.8,33.89,33.72,33.83,24.34,1188800.0,,
"Mar 30, 2007",33.65,33.87,33.36,33.65,24.21,3073900.0,,
"Mar 29, 2007",33.59,33.7,33.46,33.66,24.21,2708200.0,,
"Mar 28, 2007",33.7,33.75,33.5,33.5,24.1,2763600.0,,
"Mar 27, 2007",33.9,33.9,33.67,33.73,24.26,2922100.0,,
"Mar 26, 2007",34.02,34.02,33.73,33.97,24.44,961500.0,,
"Mar 23, 2007",34.0,34.33,33.4,33.92,24.4,1487400.0,,
"Mar 22, 2007",34.01,34.1,33.9,34.09,24.52,1667000.0,,
"Mar 21, 2007",33.6,34.03,33.48,33.97,24.44,1889100.0,,
"Mar 20, 2007",33.32,33.65,33.32,33.63,24.19,2089000.0,,
"Mar 19, 2007",33.23,33.46,33.15,33.46,24.07,782500.0,,
"Mar 16, 2007",,,,,,,Dividend,0.124
"Mar 16, 2007",33.26,33.27,33.04,33.2,23.88,859200.0,,
"Mar 15, 2007",33.17,33.3,33.11,33.29,23.86,1382000.0,,
"Mar 14, 2007",33.19,33.27,32.89,33.21,23.8,3423800.0,,
"Mar 13, 2007",33.55,33.65,33.08,33.08,23.71,3381500.0,,
"Mar 12, 2007",33.67,33.73,33.48,33.63,24.1,2392700.0,,
"Mar 9, 2007",33.75,33.8,33.54,33.63,24.1,1147300.0,,
"Mar 8, 2007",33.58,33.96,33.5,33.56,24.05,1161000.0,,
"Mar 7, 2007",33.35,33.6,33.29,33.45,23.97,1175800.0,,
"Mar 6, 2007",33.29,33.54,33.0,33.44,23.97,2897500.0,,
"Mar 5, 2007",33.1,33.45,32.98,33.09,23.72,1744400.0,,
"Mar 2, 2007",33.5,33.67,33.26,33.26,23.84,2559100.0,,
"Mar 1, 2007",33.43,33.72,33.11,33.56,24.05,2406700.0,,
"Feb 28, 2007",33.55,33.98,33.55,33.71,24.16,2330100.0,,
"Feb 27, 2007",34.27,34.34,33.16,33.48,23.99,3057900.0,,
"Feb 26, 2007",34.47,34.56,34.4,34.53,24.75,1881500.0,,
"Feb 23, 2007",34.51,34.51,34.3,34.39,24.65,898000.0,,
"Feb 22, 2007",34.64,34.65,34.44,34.54,24.75,1374700.0,,
"Feb 21, 2007",34.66,34.68,34.55,34.59,24.79,975800.0,,
"Feb 20, 2007",34.66,34.8,34.66,34.75,24.91,739000.0,,
"Feb 16, 2007",34.65,34.77,34.65,34.73,24.89,1294300.0,,
"Feb 15, 2007",34.75,34.89,34.68,34.87,24.99,1134100.0,,
"Feb 14, 2007",34.51,34.74,34.51,34.71,24.88,2023400.0,,
"Feb 13, 2007",34.4,34.54,34.4,34.53,24.75,1295000.0,,
"Feb 12, 2007",34.5,34.52,34.35,34.39,24.65,1421000.0,,
"Feb 9, 2007",34.73,34.73,34.45,34.54,24.75,2625700.0,,
"Feb 8, 2007",34.69,34.72,34.6,34.64,24.83,1345800.0,,
"Feb 7, 2007",34.63,34.72,34.57,34.67,24.85,1572700.0,,
"Feb 7, 2007",34.63,34.72,34.57,34.67,24.85,1572700.0,,
"Feb 6, 2007",34.73,34.74,34.53,34.62,24.81,2216100.0,,
"Feb 5, 2007",34.73,34.78,34.58,34.72,24.88,3132600.0,,
"Feb 2, 2007",34.87,34.9,34.66,34.73,24.89,1197600.0,,
"Feb 1, 2007",34.65,34.83,34.61,34.8,24.94,2628200.0,,
"Jan 31, 2007",34.38,34.57,34.29,34.51,24.73,1685900.0,,
"Jan 30, 2007",34.34,34.38,34.23,34.35,24.62,1187600.0,,
"Jan 29, 2007",34.25,34.3,34.13,34.18,24.5,1967500.0,,
"Jan 26, 2007",34.25,34.35,34.06,34.23,24.53,2505600.0,,
"Jan 25, 2007",34.55,34.55,34.37,34.42,24.67,3214300.0,,
"Jan 24, 2007",34.35,34.58,34.26,34.54,24.75,3488200.0,,
"Jan 23, 2007",34.4,34.48,34.19,34.28,24.57,2029300.0,,
"Jan 22, 2007",34.73,34.92,34.4,34.46,24.7,5078500.0,,
"Jan 19, 2007",34.65,34.79,34.62,34.67,24.85,1521400.0,,
"Jan 18, 2007",34.62,34.75,34.52,34.66,24.84,2561300.0,,
"Jan 17, 2007",34.37,34.68,34.31,34.56,24.77,2826700.0,,
"Jan 16, 2007",34.36,34.38,34.22,34.36,24.63,651000.0,,
"Jan 12, 2007",34.15,34.33,34.08,34.28,24.57,1281100.0,,
"Jan 11, 2007",33.73,34.12,33.7,34.12,24.45,2622600.0,,
"Jan 10, 2007",33.69,33.81,33.53,33.75,24.19,526300.0,,
"Jan 9, 2007",33.92,33.92,33.65,33.69,24.15,934800.0,,
"Jan 8, 2007",33.75,33.8,33.52,33.73,24.17,1609900.0,,
"Jan 5, 2007",33.91,33.91,33.61,33.69,24.15,1529200.0,,
"Jan 4, 2007",33.7,33.99,33.54,33.88,24.28,1701900.0,,
"Jan 3, 2007",33.7,33.84,33.34,33.5,24.01,1806100.0,,
"Dec 29, 2006",33.44,33.64,33.33,33.49,24.0,315900.0,,
"Dec 28, 2006",33.62,33.69,33.51,33.58,24.07,281600.0,,
"Dec 27, 2006",33.57,33.65,33.56,33.62,24.1,817800.0,,
"Dec 26, 2006",33.4,33.47,33.34,33.46,23.98,432700.0,,
"Dec 22, 2006",33.64,33.64,33.35,33.44,23.97,275000.0,,
"Dec 21, 2006",33.62,33.74,33.52,33.58,24.07,498800.0,,
"Dec 20, 2006",33.79,33.79,33.6,33.67,24.13,1349000.0,,
"Dec 19, 2006",33.4,33.7,33.4,33.65,24.12,1605100.0,,
"Dec 18, 2006",33.48,33.57,33.4,33.48,23.99,1903800.0,,
"Dec 15, 2006",,,,,,,Dividend,0.117
"Dec 15, 2006",33.3,33.48,33.27,33.41,23.94,709400.0,,
"Dec 14, 2006",33.42,33.59,33.31,33.42,23.87,1075700.0,,
"Dec 13, 2006",33.3,33.44,33.22,33.25,23.75,720200.0,,
"Dec 12, 2006",33.32,33.32,33.15,33.32,23.8,1067500.0,,
"Dec 11, 2006",33.3,33.36,33.19,33.31,23.79,348900.0,,
"Dec 8, 2006",33.15,33.32,33.02,33.24,23.74,827600.0,,
"Dec 7, 2006",33.26,33.43,33.16,33.18,23.7,605000.0,,
"Dec 6, 2006",33.17,33.28,33.02,33.25,23.75,1639600.0,,
"Dec 5, 2006",33.13,33.25,33.03,33.2,23.71,1009100.0,,
"Dec 4, 2006",32.89,33.14,32.89,33.07,23.62,1611400.0,,
"Dec 1, 2006",33.3,33.36,33.03,33.23,23.73,833400.0,,
"Nov 30, 2006",33.15,33.36,33.13,33.26,23.75,1195400.0,,
"Nov 29, 2006",32.93,33.12,32.91,33.1,23.64,1137700.0,,
"Nov 28, 2006",32.74,32.95,32.74,32.87,23.48,1389200.0,,
"Nov 27, 2006",32.94,32.98,32.69,32.8,23.43,1512900.0,,
"Nov 24, 2006",33.01,33.08,32.98,33.02,23.58,118700.0,,
"Nov 22, 2006",33.06,33.19,33.02,33.16,23.68,1215000.0,,
"Nov 21, 2006",33.22,33.22,33.02,33.09,23.63,1509900.0,,
"Nov 20, 2006",33.22,33.29,33.07,33.14,23.67,1454500.0,,
"Nov 17, 2006",33.03,33.23,33.03,33.22,23.73,1078200.0,,
"Nov 16, 2006",32.97,33.19,32.97,33.12,23.65,801400.0,,
"Nov 15, 2006",32.77,33.12,32.72,32.98,23.55,1415900.0,,
"Nov 14, 2006",32.41,32.85,32.38,32.82,23.44,2427800.0,,
"Nov 13, 2006",32.32,32.7,32.32,32.55,23.25,1603300.0,,
"Nov 10, 2006",32.37,32.54,32.26,32.49,23.2,1914500.0,,
"Nov 9, 2006",33.07,33.19,32.28,32.44,23.17,4776400.0,,
"Nov 8, 2006",33.32,33.32,33.07,33.22,23.73,2985100.0,,
"Nov 7, 2006",33.43,33.83,33.43,33.73,24.09,957800.0,,
"Nov 6, 2006",33.2,33.53,33.06,33.47,23.9,896900.0,,
"Nov 3, 2006",33.3,33.37,33.04,33.07,23.62,735000.0,,
"Nov 2, 2006",32.96,33.28,32.96,33.24,23.74,1797800.0,,
"Nov 1, 2006",33.25,33.57,33.02,33.06,23.61,1867200.0,,
"Oct 31, 2006",33.45,33.51,33.22,33.3,23.78,1331500.0,,
"Oct 30, 2006",33.5,33.61,33.43,33.44,23.88,1657400.0,,
"Oct 27, 2006",33.66,33.71,33.55,33.63,24.02,829900.0,,
"Oct 26, 2006",33.72,33.78,33.51,33.77,24.12,2016300.0,,
"Oct 25, 2006",33.85,33.85,33.52,33.64,24.03,1141500.0,,
"Oct 24, 2006",33.84,33.84,33.65,33.84,24.17,689200.0,,
"Oct 23, 2006",33.75,33.95,33.66,33.95,24.25,772700.0,,
"Oct 20, 2006",33.62,33.86,33.55,33.86,24.18,1987400.0,,
"Oct 19, 2006",33.61,33.78,33.6,33.6,24.0,1428000.0,,
"Oct 18, 2006",33.39,33.65,33.36,33.63,24.02,755700.0,,
"Oct 17, 2006",33.2,33.31,33.06,33.27,23.76,1388400.0,,
"Oct 16, 2006",33.04,33.2,33.0,33.18,23.7,969700.0,,
"Oct 13, 2006",33.14,33.16,33.01,33.13,23.66,3143600.0,,
"Oct 12, 2006",33.04,33.27,33.03,33.24,23.74,890600.0,,
"Oct 11, 2006",32.95,33.11,32.88,33.04,23.6,736700.0,,
"Oct 10, 2006",33.24,33.24,32.89,33.05,23.6,1355100.0,,
"Oct 9, 2006",33.25,33.26,33.09,33.19,23.7,806800.0,,
"Oct 6, 2006",33.48,33.48,33.16,33.26,23.75,1331700.0,,
"Oct 5, 2006",33.28,33.39,33.21,33.39,23.85,1045000.0,,
"Oct 4, 2006",33.06,33.39,33.02,33.39,23.85,1627800.0,,
"Oct 3, 2006",32.98,33.21,32.94,33.1,23.64,1416100.0,,
"Oct 2, 2006",33.08,33.2,32.97,33.0,23.57,423200.0,,
"Sep 29, 2006",33.27,33.27,33.06,33.19,23.7,575800.0,,
"Sep 28, 2006",33.14,33.14,32.98,33.08,23.63,463800.0,,
"Sep 27, 2006",33.09,33.14,32.89,33.14,23.67,1074300.0,,
"Sep 26, 2006",33.02,33.07,32.93,33.05,23.6,774200.0,,
"Sep 25, 2006",33.0,33.09,32.81,33.02,23.58,795700.0,,
"Sep 22, 2006",33.0,33.07,32.83,32.89,23.49,1020700.0,,
"Sep 21, 2006",33.33,33.33,33.05,33.1,23.64,572800.0,,
"Sep 20, 2006",33.2,33.43,33.18,33.31,23.79,716900.0,,
"Sep 19, 2006",33.14,33.19,33.01,33.18,23.7,693900.0,,
"Sep 18, 2006",33.14,33.22,33.07,33.13,23.66,1559700.0,,
"Sep 15, 2006",,,,,,,Dividend,113
"Sep 15, 2006",,,,,,,Dividend,0.113
"Sep 15, 2006",33.25,33.29,33.14,33.14,23.67,1960100.0,,
"Sep 14, 2006",33.15,33.23,33.07,33.2,23.63,557400.0,,
"Sep 13, 2006",33.33,33.34,33.16,33.24,23.66,905700.0,,
"Sep 12, 2006",33.03,33.33,33.01,33.31,23.71,1090100.0,,
"Sep 11, 2006",32.72,32.94,32.6,32.93,23.44,1016900.0,,
"Sep 8, 2006",32.54,32.75,32.48,32.72,23.29,468700.0,,
"Sep 7, 2006",32.56,32.63,32.43,32.46,23.1,1418700.0,,
"Sep 6, 2006",32.84,32.84,32.62,32.7,23.27,1378000.0,,
"Sep 5, 2006",32.95,33.0,32.82,32.82,23.36,805700.0,,
"Sep 1, 2006",32.8,33.01,32.8,32.97,23.47,2468600.0,,
"Aug 31, 2006",32.9,32.91,32.75,32.8,23.35,375900.0,,
"Aug 30, 2006",32.94,32.97,32.86,32.9,23.42,685700.0,,
"Aug 29, 2006",32.77,32.9,32.73,32.88,23.4,845800.0,,
"Aug 28, 2006",32.55,32.86,32.51,32.73,23.3,335000.0,,
"Aug 25, 2006",32.45,32.58,32.38,32.52,23.15,394300.0,,
"Aug 24, 2006",32.46,32.56,32.41,32.5,23.13,701200.0,,
"Aug 23, 2006",32.33,32.33,32.21,32.28,22.98,422000.0,,
"Aug 22, 2006",32.12,32.34,32.08,32.3,22.99,376200.0,,
"Aug 21, 2006",32.28,32.3,32.15,32.2,22.92,468900.0,,
"Aug 18, 2006",32.2,32.32,32.12,32.31,23.0,484900.0,,
"Aug 17, 2006",32.15,32.36,32.15,32.26,22.96,998300.0,,
"Aug 16, 2006",32.0,32.18,31.99,32.18,22.9,1290600.0,,
"Aug 15, 2006",31.87,31.94,31.77,31.9,22.7,651400.0,,
"Aug 14, 2006",31.68,31.88,31.6,31.63,22.51,408700.0,,
"Aug 11, 2006",31.64,31.68,31.45,31.56,22.46,456200.0,,
"Aug 10, 2006",31.54,31.8,31.54,31.71,22.57,680000.0,,
"Aug 9, 2006",31.93,32.05,31.72,31.74,22.59,739700.0,,
"Aug 8, 2006",31.76,31.87,31.64,31.71,22.57,1020700.0,,
"Aug 7, 2006",31.76,31.84,31.68,31.72,22.58,630800.0,,
"Aug 4, 2006",31.95,31.99,31.76,31.82,22.65,899700.0,,
"Aug 3, 2006",31.85,32.04,31.74,31.81,22.64,2033400.0,,
"Aug 2, 2006",32.1,32.27,32.03,32.09,22.84,633700.0,,
"Aug 1, 2006",31.88,31.96,31.72,31.89,22.7,3115000.0,,
"Jul 31, 2006",32.02,32.02,31.83,31.89,22.7,462400.0,,
"Jul 28, 2006",31.9,32.1,31.82,32.0,22.78,1817000.0,,
"Jul 27, 2006",31.83,31.85,31.62,31.83,22.66,1919500.0,,
"Jul 26, 2006",31.9,32.04,31.73,31.99,22.77,1877800.0,,
"Jul 25, 2006",31.42,31.93,31.42,31.84,22.66,2366200.0,,
"Jul 24, 2006",31.15,31.63,31.15,31.57,22.47,1857600.0,,
"Jul 21, 2006",30.87,31.03,30.8,30.97,22.04,644200.0,,
"Jul 20, 2006",30.91,31.04,30.83,30.83,21.94,1092700.0,,
"Jul 19, 2006",30.19,30.91,30.19,30.8,21.92,1708900.0,,
"Jul 18, 2006",30.07,30.21,29.86,30.09,21.42,689000.0,,
"Jul 17, 2006",29.93,30.22,29.93,30.09,21.42,432600.0,,
"Jul 14, 2006",30.16,30.27,29.85,29.97,21.33,1319700.0,,
"Jul 13, 2006",30.31,30.4,30.1,30.16,21.47,788700.0,,
"Jul 12, 2006",30.64,30.7,30.42,30.48,21.69,677400.0,,
"Jul 11, 2006",30.57,30.65,30.45,30.59,21.77,1552700.0,,
"Jul 10, 2006",30.53,30.64,30.46,30.52,21.72,1642100.0,,
"Jul 7, 2006",30.3,30.53,30.3,30.41,21.64,699600.0,,
"Jul 6, 2006",30.19,30.51,30.19,30.38,21.62,937700.0,,
"Jul 5, 2006",30.25,30.29,30.16,30.27,21.54,1093000.0,,
"Jul 3, 2006",30.23,30.36,30.21,30.3,21.57,313800.0,,
"Jun 30, 2006",30.1,30.4,30.09,30.24,21.52,1312400.0,,
"Jun 29, 2006",29.81,30.11,29.73,30.07,21.4,632400.0,,
"Jun 28, 2006",29.64,29.73,29.43,29.56,21.04,481600.0,,
"Jun 27, 2006",29.77,29.87,29.49,29.56,21.04,673500.0,,
"Jun 26, 2006",29.97,30.0,29.78,29.87,21.26,754100.0,,
"Jun 23, 2006",29.87,30.12,29.8,29.98,21.34,1943300.0,,
"Jun 22, 2006",30.16,30.16,29.86,29.95,21.32,372300.0,,
"Jun 21, 2006",29.95,30.25,29.95,30.12,21.44,465900.0,,
"Jun 20, 2006",30.12,30.12,29.93,29.97,21.33,474100.0,,
"Jun 19, 2006",30.35,30.41,29.99,30.08,21.41,957800.0,,
"Jun 16, 2006",,,,,,,Dividend,0.111
"Jun 16, 2006",30.32,30.48,30.26,30.31,21.57,803100.0,,
"Jun 15, 2006",30.13,30.59,30.08,30.46,21.6,975500.0,,
"Jun 14, 2006",29.94,30.16,29.94,30.09,21.34,1023000.0,,
"Jun 13, 2006",30.15,30.37,30.02,30.04,21.3,1069400.0,,
"Jun 12, 2006",30.44,30.54,30.12,30.12,21.36,763800.0,,
"Jun 9, 2006",30.51,30.67,30.43,30.43,21.58,791500.0,,
"Jun 8, 2006",30.63,30.74,30.3,30.65,21.74,2199300.0,,
"Jun 7, 2006",30.55,30.87,30.48,30.6,21.7,1461000.0,,
"Jun 6, 2006",30.47,30.6,30.3,30.46,21.6,3027300.0,,
"Jun 5, 2006",30.75,30.79,30.39,30.41,21.57,878200.0,,
"Jun 2, 2006",30.91,30.93,30.71,30.89,21.91,969700.0,,
"Jun 1, 2006",30.47,30.78,30.4,30.77,21.82,876200.0,,
"May 31, 2006",30.19,30.36,30.14,30.34,21.52,1171000.0,,
"May 30, 2006",30.34,30.42,30.09,30.15,21.38,1443900.0,,
"May 26, 2006",30.49,30.61,30.39,30.55,21.66,1935800.0,,
"May 25, 2006",30.31,30.42,30.18,30.38,21.54,531000.0,,
"May 24, 2006",30.06,30.19,29.79,30.1,21.35,1705700.0,,
"May 23, 2006",30.25,30.28,30.01,30.01,21.28,2276200.0,,
"May 22, 2006",30.16,30.42,30.14,30.15,21.38,873300.0,,
"May 19, 2006",30.49,30.49,30.13,30.28,21.47,1091100.0,,
"May 18, 2006",30.63,30.64,30.43,30.45,21.59,1288500.0,,
"May 17, 2006",30.79,31.01,30.56,30.58,21.69,3359700.0,,
"May 16, 2006",30.8,31.0,30.78,30.9,21.91,1808200.0,,
"May 15, 2006",30.46,30.82,30.4,30.82,21.86,2248900.0,,
"May 12, 2006",30.38,30.56,30.36,30.39,21.55,1406100.0,,
"May 11, 2006",30.55,30.65,30.4,30.46,21.6,1620600.0,,
"May 10, 2006",30.51,30.66,30.5,30.52,21.64,2280700.0,,
"May 9, 2006",30.69,30.76,30.51,30.55,21.66,3177400.0,,
"May 8, 2006",30.71,30.82,30.7,30.77,21.82,3090900.0,,
"May 5, 2006",30.63,30.83,30.54,30.78,21.83,1190000.0,,
"May 4, 2006",31.3,31.3,30.38,30.48,21.62,1475800.0,,
"May 3, 2006",30.56,30.65,30.36,30.38,21.54,2203100.0,,
"May 2, 2006",30.76,30.83,30.64,30.72,21.79,791300.0,,
"May 1, 2006",30.93,31.03,30.71,30.72,21.79,1018600.0,,
"Apr 28, 2006",30.68,31.0,30.68,30.99,21.98,2495700.0,,
"Apr 28, 2006",30.68,31.0,30.68,30.99,21.98,2495700.0,,
"Apr 27, 2006",30.75,30.85,30.58,30.68,21.76,4469800.0,,
"Apr 26, 2006",30.82,31.0,30.74,30.85,21.88,2192300.0,,
"Apr 25, 2006",31.01,31.04,30.75,30.85,21.88,2743900.0,,
"Apr 24, 2006",30.68,31.1,30.68,31.04,22.01,1619700.0,,
"Apr 21, 2006",31.41,31.41,31.03,31.16,22.1,1167900.0,,
"Apr 20, 2006",31.01,31.27,30.95,31.23,22.15,3495900.0,,
"Apr 19, 2006",31.11,31.11,30.83,30.95,21.95,1405900.0,,
"Apr 18, 2006",30.98,31.15,30.88,31.13,22.08,7651600.0,,
"Apr 17, 2006",31.03,31.03,30.73,30.84,21.87,1521400.0,,
"Apr 13, 2006",30.92,31.07,30.89,31.02,22.0,1763700.0,,
"Apr 12, 2006",30.9,31.09,30.86,31.09,22.05,4217500.0,,
"Apr 11, 2006",31.23,31.23,30.73,30.88,21.9,2293300.0,,
"Apr 10, 2006",31.3,31.3,31.02,31.22,22.14,1887700.0,,
"Apr 7, 2006",31.74,31.79,31.25,31.28,22.18,1833100.0,,
"Apr 6, 2006",31.87,31.87,31.51,31.66,22.45,2216300.0,,
"Apr 5, 2006",31.87,32.04,31.85,31.9,22.62,1908800.0,,
"Apr 4, 2006",32.05,32.08,31.84,32.0,22.69,2518900.0,,
"Apr 3, 2006",32.1,32.19,31.95,31.96,22.66,2382100.0,,
"Mar 31, 2006",32.12,32.23,31.95,31.98,22.68,895800.0,,
"Mar 30, 2006",32.14,32.4,32.07,32.16,22.81,690200.0,,
"Mar 29, 2006",32.33,32.33,32.13,32.22,22.85,503300.0,,
"Mar 28, 2006",32.24,32.38,32.1,32.13,22.79,1013700.0,,
"Mar 27, 2006",32.59,32.61,32.39,32.43,23.0,778800.0,,
"Mar 24, 2006",32.6,32.79,32.6,32.68,23.18,465500.0,,
"Mar 23, 2006",32.8,32.8,32.56,32.73,23.21,1707700.0,,
"Mar 22, 2006",32.62,32.92,32.61,32.91,23.34,559600.0,,
"Mar 21, 2006",32.73,32.82,32.46,32.58,23.1,1330400.0,,
"Mar 20, 2006",32.77,32.85,32.65,32.78,23.25,745800.0,,
"Mar 17, 2006",,,,,,,Dividend,0.107
"Mar 17, 2006",32.75,32.79,32.66,32.72,23.2,395200.0,,
"Mar 16, 2006",32.75,32.82,32.68,32.75,23.15,815000.0,,
"Mar 15, 2006",32.71,32.78,32.56,32.75,23.15,729000.0,,
"Mar 14, 2006",32.41,32.65,32.36,32.64,23.07,868500.0,,
"Mar 13, 2006",32.63,32.63,32.35,32.41,22.91,761900.0,,
"Mar 10, 2006",32.39,32.49,32.31,32.43,22.92,626700.0,,
"Mar 9, 2006",32.5,32.51,32.28,32.31,22.84,381500.0,,
"Mar 8, 2006",32.13,32.53,32.13,32.42,22.92,490900.0,,
"Mar 7, 2006",32.1,32.36,32.1,32.2,22.76,1244300.0,,
"Mar 6, 2006",32.36,32.38,32.1,32.19,22.75,954100.0,,
"Mar 3, 2006",32.37,32.66,32.33,32.36,22.87,795500.0,,
"Mar 2, 2006",32.5,32.53,32.36,32.47,22.95,757400.0,,
"Mar 1, 2006",32.46,32.57,32.31,32.53,22.99,1319700.0,,
"Feb 28, 2006",32.8,32.8,32.41,32.5,22.97,912700.0,,
"Feb 27, 2006",32.7,33.03,32.7,32.93,23.28,1548200.0,,
"Feb 24, 2006",32.66,32.76,32.56,32.68,23.1,665900.0,,
"Feb 23, 2006",32.72,32.8,32.58,32.68,23.1,790800.0,,
"Feb 22, 2006",32.47,32.84,32.47,32.8,23.18,641800.0,,
"Feb 21, 2006",32.74,32.81,32.45,32.52,22.99,692800.0,,
"Feb 17, 2006",32.53,32.72,32.52,32.69,23.11,756200.0,,
"Feb 16, 2006",32.51,32.73,32.42,32.71,23.12,1161200.0,,
"Feb 15, 2006",32.31,32.54,32.26,32.5,22.97,974500.0,,
"Feb 14, 2006",32.66,32.66,32.05,32.31,22.84,900300.0,,
"Feb 13, 2006",32.02,32.03,31.84,32.0,22.62,644600.0,,
"Feb 10, 2006",31.92,32.05,31.77,32.04,22.65,812200.0,,
"Feb 9, 2006",32.08,32.35,32.08,32.11,22.7,1491900.0,,
"Feb 8, 2006",31.63,32.08,31.51,32.08,22.68,1537800.0,,
"Feb 7, 2006",31.75,31.87,31.6,31.67,22.39,1328600.0,,
"Feb 6, 2006",31.89,31.9,31.62,31.72,22.42,924800.0,,
"Feb 3, 2006",32.02,32.17,31.86,32.01,22.63,823400.0,,
"Feb 2, 2006",32.44,32.44,31.99,32.07,22.67,900500.0,,
"Feb 1, 2006",32.29,32.43,32.21,32.33,22.85,1472700.0,,
"Jan 31, 2006",31.61,32.21,31.61,32.13,22.71,2370400.0,,
"Jan 30, 2006",32.39,32.49,32.11,32.14,22.72,977700.0,,
"Jan 27, 2006",31.96,32.34,31.96,32.29,22.82,1228700.0,,
"Jan 26, 2006",31.84,32.04,31.83,31.92,22.56,1221300.0,,
"Jan 25, 2006",31.9,31.97,31.64,31.76,22.45,1425200.0,,
"Jan 24, 2006",31.88,31.96,31.73,31.8,22.48,1173700.0,,
"Jan 23, 2006",32.02,32.04,31.81,31.95,22.58,1085000.0,,
"Jan 20, 2006",32.6,32.6,31.96,31.97,22.6,3070600.0,,
"Jan 19, 2006",32.61,32.71,32.31,32.59,23.04,2798500.0,,
"Jan 18, 2006",32.4,32.49,32.32,32.42,22.92,1213900.0,,
"Jan 17, 2006",32.23,32.4,32.23,32.37,22.88,1063700.0,,
"Jan 13, 2006",33.11,33.11,32.29,32.46,22.94,878500.0,,
"Jan 12, 2006",32.41,32.56,32.41,32.48,22.96,547900.0,,
"Jan 11, 2006",32.49,32.64,32.44,32.51,22.98,1015600.0,,
"Jan 10, 2006",32.95,32.95,32.48,32.59,23.04,823300.0,,
"Jan 9, 2006",32.66,32.74,32.56,32.71,23.12,622700.0,,
"Jan 6, 2006",32.48,32.63,32.39,32.56,23.01,774900.0,,
"Jan 5, 2006",32.77,32.77,32.29,32.35,22.87,1261100.0,,
"Jan 4, 2006",32.13,32.46,32.13,32.43,22.92,2160600.0,,
"Jan 3, 2006",31.78,32.19,31.67,32.11,22.7,1230000.0,,
"Dec 30, 2005",31.85,31.85,31.67,31.72,22.42,417500.0,,
"Dec 29, 2005",32.19,32.19,31.9,31.92,22.56,462300.0,,
"Dec 28, 2005",32.16,32.21,32.02,32.03,22.64,323300.0,,
"Dec 27, 2005",32.5,32.5,32.01,32.03,22.64,432600.0,,
"Dec 23, 2005",32.36,32.37,32.23,32.29,22.82,741800.0,,
"Dec 22, 2005",32.21,32.31,32.05,32.25,22.8,625600.0,,
"Dec 21, 2005",32.38,32.38,31.98,32.04,22.65,469200.0,,
"Dec 20, 2005",32.06,32.08,31.9,31.94,22.58,408200.0,,
"Dec 19, 2005",31.96,32.3,31.95,31.98,22.6,985000.0,,
"Dec 16, 2005",,,,,,,Dividend,0.104
"Dec 16, 2005",31.82,31.85,31.7,31.7,22.41,501300.0,,
"Dec 15, 2005",31.86,31.86,31.65,31.73,22.35,569300.0,,
"Dec 14, 2005",31.63,31.81,31.56,31.64,22.29,3037800.0,,
"Dec 13, 2005",31.16,31.6,31.16,31.55,22.23,1674000.0,,
"Dec 12, 2005",31.3,31.34,30.95,31.21,21.99,753200.0,,
"Dec 9, 2005",31.16,31.28,31.12,31.2,21.98,492600.0,,
"Dec 8, 2005",31.02,31.3,31.02,31.16,21.95,338800.0,,
"Dec 7, 2005",31.15,31.16,30.96,31.05,21.88,887300.0,,
"Dec 7, 2005",31.15,31.16,30.96,31.05,21.88,887300.0,,
"Dec 6, 2005",31.28,31.4,31.15,31.18,21.97,719200.0,,
"Dec 5, 2005",31.18,31.25,31.1,31.24,22.01,2846000.0,,
"Dec 2, 2005",31.0,31.2,30.92,31.18,21.97,585700.0,,
"Dec 1, 2005",31.0,31.12,30.93,31.07,21.89,488200.0,,
"Nov 30, 2005",30.98,31.06,30.76,30.76,21.67,542000.0,,
"Nov 29, 2005",31.07,31.16,30.94,30.96,21.81,490500.0,,
"Nov 28, 2005",31.29,31.29,30.89,30.93,21.79,861200.0,,
"Nov 25, 2005",31.23,31.3,31.2,31.26,22.02,115200.0,,
"Nov 23, 2005",31.2,31.26,31.09,31.22,22.0,718500.0,,
"Nov 22, 2005",31.3,31.35,31.06,31.14,21.94,684600.0,,
"Nov 21, 2005",31.35,31.35,31.14,31.32,22.07,514500.0,,
"Nov 18, 2005",31.3,31.32,31.13,31.26,22.02,1958400.0,,
"Nov 17, 2005",31.05,31.17,30.93,31.13,21.93,397200.0,,
"Nov 16, 2005",31.12,31.15,30.89,30.97,21.82,328200.0,,
"Nov 15, 2005",30.87,31.2,30.87,31.03,21.86,451600.0,,
"Nov 14, 2005",31.13,31.13,30.81,30.87,21.75,296900.0,,
"Nov 11, 2005",31.09,31.13,30.86,31.08,21.9,1651500.0,,
"Nov 10, 2005",30.69,31.09,30.68,31.07,21.89,1473800.0,,
"Nov 9, 2005",30.67,30.76,30.54,30.67,21.61,328100.0,,
"Nov 8, 2005",30.65,30.71,30.61,30.64,21.59,576000.0,,
"Nov 7, 2005",30.8,30.8,30.53,30.71,21.64,508900.0,,
"Nov 4, 2005",30.48,30.68,30.48,30.65,21.59,507900.0,,
"Nov 3, 2005",29.5,30.7,29.5,30.49,21.48,1788800.0,,
"Nov 2, 2005",30.18,30.36,30.14,30.3,21.35,1188900.0,,
"Nov 1, 2005",30.45,30.45,30.2,30.3,21.35,1293600.0,,
"Oct 31, 2005",30.45,30.52,30.31,30.39,21.41,1238900.0,,
"Oct 28, 2005",29.85,30.26,29.85,30.25,21.31,1076600.0,,
"Oct 27, 2005",29.98,30.02,29.78,29.8,20.99,2871100.0,,
"Oct 26, 2005",30.21,30.31,29.91,29.91,21.07,1346900.0,,
"Oct 25, 2005",30.5,30.5,30.06,30.29,21.34,1216500.0,,
"Oct 24, 2005",30.2,30.48,30.18,30.48,21.47,937700.0,,
"Oct 21, 2005",30.7,30.7,30.15,30.23,21.3,1361700.0,,
"Oct 20, 2005",31.15,31.15,30.35,30.42,21.43,1750100.0,,
"Oct 19, 2005",30.62,31.11,30.6,31.06,21.88,1051800.0,,
"Oct 18, 2005",30.85,30.93,30.73,30.76,21.67,1029900.0,,
"Oct 17, 2005",30.75,30.85,30.65,30.8,21.7,895500.0,,
"Oct 14, 2005",30.75,30.93,29.86,30.81,21.71,1362300.0,,
"Oct 13, 2005",30.48,30.78,30.44,30.67,21.61,1285300.0,,
"Oct 12, 2005",30.4,30.8,30.4,30.52,21.5,1276500.0,,
"Oct 11, 2005",30.75,30.9,30.41,30.45,21.45,712400.0,,
"Oct 10, 2005",30.8,30.88,30.57,30.71,21.64,1276300.0,,
"Oct 7, 2005",30.95,30.95,30.73,30.75,21.66,450900.0,,
"Oct 6, 2005",31.0,31.11,30.54,30.78,21.69,2054400.0,,
"Oct 5, 2005",31.51,31.52,30.99,30.99,21.83,1116100.0,,
"Oct 4, 2005",30.43,31.79,30.43,31.51,22.2,618700.0,,
"Oct 3, 2005",31.45,31.49,31.25,31.38,22.11,1464100.0,,
"Sep 30, 2005",31.35,31.38,31.23,31.35,22.09,957000.0,,
"Sep 29, 2005",31.12,31.37,31.01,31.33,22.07,700100.0,,
"Sep 28, 2005",31.35,31.42,31.16,31.26,22.02,470500.0,,
"Sep 27, 2005",31.42,31.44,31.2,31.24,22.01,472200.0,,
"Sep 26, 2005",31.66,31.66,31.23,31.42,22.14,463300.0,,
"Sep 23, 2005",31.25,31.62,31.24,31.47,22.17,1253300.0,,
"Sep 22, 2005",31.46,31.55,31.26,31.45,22.16,1725700.0,,
"Sep 21, 2005",31.34,31.59,31.34,31.38,22.11,1017400.0,,
"Sep 20, 2005",31.77,31.87,31.47,31.53,22.21,613200.0,,
"Sep 19, 2005",31.95,31.99,31.68,31.77,22.38,688400.0,,
"Sep 16, 2005",,,,,,,Dividend,0.096
"Sep 16, 2005",31.9,32.02,31.76,32.0,22.54,509400.0,,
"Sep 15, 2005",31.85,32.04,31.82,31.85,22.37,650600.0,,
"Sep 14, 2005",32.0,32.1,31.84,31.87,22.39,1536900.0,,
"Sep 13, 2005",32.3,32.3,31.91,31.96,22.45,776400.0,,
"Sep 12, 2005",32.5,32.52,32.27,32.3,22.69,566500.0,,
"Sep 9, 2005",32.35,32.49,32.28,32.41,22.76,665000.0,,
"Sep 8, 2005",32.34,32.45,32.15,32.3,22.69,1928900.0,,
"Sep 7, 2005",32.2,32.4,32.18,32.32,22.7,1813800.0,,
"Sep 6, 2005",31.61,32.13,31.61,32.11,22.55,641900.0,,
"Sep 2, 2005",31.73,31.78,31.58,31.61,22.2,817000.0,,
"Sep 1, 2005",31.7,32.0,31.56,31.63,22.22,485300.0,,
"Aug 31, 2005",31.28,31.65,31.19,31.62,22.21,691500.0,,
"Aug 30, 2005",31.25,31.33,31.11,31.3,21.99,394700.0,,
"Aug 29, 2005",30.99,31.37,30.75,31.34,22.01,1147400.0,,
"Aug 26, 2005",31.2,31.2,30.99,31.03,21.8,718300.0,,
"Aug 25, 2005",31.15,31.25,31.11,31.14,21.87,966900.0,,
"Aug 24, 2005",31.3,31.44,31.09,31.1,21.84,1617800.0,,
"Aug 23, 2005",31.39,31.39,31.16,31.2,21.91,2321400.0,,
"Aug 22, 2005",31.41,31.56,31.26,31.4,22.06,1283000.0,,
"Aug 19, 2005",31.85,31.85,31.39,31.4,22.06,1864600.0,,
"Aug 18, 2005",31.62,31.77,31.53,31.62,22.21,375700.0,,
"Aug 17, 2005",31.55,31.75,31.51,31.61,22.2,403500.0,,
"Aug 16, 2005",31.83,31.85,31.54,31.55,22.16,431800.0,,
"Aug 15, 2005",31.71,31.85,31.63,31.77,22.32,521500.0,,
"Aug 12, 2005",31.9,31.91,31.65,31.75,22.3,204700.0,,
"Aug 11, 2005",31.75,31.99,31.72,31.93,22.43,432600.0,,
"Aug 10, 2005",31.81,32.04,31.69,31.74,22.29,1930400.0,,
"Aug 9, 2005",31.5,31.79,31.5,31.79,22.33,394400.0,,
"Aug 8, 2005",31.65,31.67,31.36,31.43,22.08,416500.0,,
"Aug 5, 2005",31.74,31.74,31.52,31.55,22.16,597400.0,,
"Aug 4, 2005",32.01,32.06,31.77,31.77,22.32,694700.0,,
"Aug 3, 2005",31.95,32.09,31.9,32.09,22.54,723600.0,,
"Aug 2, 2005",31.97,32.07,31.85,32.01,22.48,725300.0,,
"Aug 1, 2005",31.95,32.04,31.82,31.89,22.4,1020700.0,,
"Jul 29, 2005",32.0,32.0,31.73,31.73,22.29,958000.0,,
"Jul 28, 2005",31.7,32.0,31.69,31.95,22.44,1833600.0,,
"Jul 27, 2005",31.5,31.69,31.39,31.65,22.23,424100.0,,
"Jul 26, 2005",31.4,31.47,31.22,31.36,22.03,431400.0,,
"Jul 25, 2005",31.5,31.5,31.2,31.21,21.92,506400.0,,
"Jul 22, 2005",31.5,31.5,31.29,31.4,22.06,838100.0,,
"Jul 21, 2005",31.75,31.78,31.37,31.44,22.08,709000.0,,
"Jul 20, 2005",31.5,31.81,31.5,31.78,22.32,1247900.0,,
"Jul 20, 2005",31.5,31.81,31.5,31.78,22.32,1247900.0,,
"Jul 19, 2005",31.45,31.47,31.22,31.33,22.01,322600.0,,
"Jul 18, 2005",31.55,31.55,31.3,31.32,22.0,626500.0,,
"Jul 15, 2005",31.4,31.55,31.36,31.51,22.13,454500.0,,
"Jul 14, 2005",31.35,31.45,31.25,31.36,22.03,1118500.0,,
"Jul 13, 2005",31.31,31.35,31.09,31.17,21.89,728300.0,,
"Jul 12, 2005",31.4,31.42,31.23,31.34,22.01,583600.0,,
"Jul 11, 2005",31.35,31.45,31.19,31.36,22.03,545800.0,,
"Jul 8, 2005",30.96,31.34,30.85,31.26,21.96,667900.0,,
"Jul 7, 2005",30.6,30.93,30.6,30.89,21.7,387400.0,,
"Jul 6, 2005",30.99,31.15,30.85,30.9,21.7,1084000.0,,
"Jul 5, 2005",30.88,31.19,30.85,31.1,21.84,443900.0,,
"Jul 1, 2005",31.1,31.1,30.87,30.99,21.77,483900.0,,
"Jun 30, 2005",31.27,31.3,30.97,31.03,21.8,625900.0,,
"Jun 29, 2005",31.4,31.4,31.2,31.24,21.94,403100.0,,
"Jun 28, 2005",31.2,31.29,31.09,31.28,21.97,529200.0,,
"Jun 27, 2005",31.1,31.11,30.9,30.97,21.75,869400.0,,
"Jun 24, 2005",31.35,31.35,31.1,31.1,21.84,358200.0,,
"Jun 23, 2005",31.5,31.53,31.24,31.25,21.95,561800.0,,
"Jun 22, 2005",31.5,31.66,31.43,31.46,22.1,507300.0,,
"Jun 21, 2005",31.7,31.7,31.51,31.57,22.17,400800.0,,
"Jun 20, 2005",31.75,31.75,31.5,31.62,22.21,484500.0,,
"Jun 17, 2005",,,,,,,Dividend,0.096
"Jun 17, 2005",31.4,31.77,31.4,31.66,22.24,536300.0,,
"Jun 16, 2005",31.55,31.61,31.45,31.6,22.13,979500.0,,
"Jun 15, 2005",31.65,31.65,31.26,31.4,21.99,685800.0,,
"Jun 14, 2005",31.35,31.6,31.25,31.52,22.07,1039800.0,,
"Jun 13, 2005",31.2,31.37,31.04,31.25,21.88,363300.0,,
"Jun 10, 2005",31.15,31.28,31.01,31.12,21.79,966000.0,,
"Jun 9, 2005",31.07,31.29,31.02,31.19,21.84,373200.0,,
"Jun 8, 2005",31.37,31.37,31.01,31.06,21.75,494900.0,,
"Jun 7, 2005",31.36,31.55,31.25,31.28,21.9,453800.0,,
"Jun 6, 2005",31.24,31.36,31.18,31.27,21.9,537100.0,,
"Jun 3, 2005",31.4,31.4,31.19,31.26,21.89,1874900.0,,
"Jun 2, 2005",31.35,31.45,31.25,31.37,21.97,408900.0,,
"Jun 1, 2005",31.34,31.47,31.2,31.37,21.97,591900.0,,
"May 31, 2005",31.5,31.5,31.22,31.29,21.91,1182500.0,,
"May 27, 2005",31.65,31.65,31.34,31.39,21.98,791100.0,,
"May 26, 2005",31.4,31.55,31.4,31.49,22.05,821000.0,,
"May 25, 2005",31.6,31.6,31.25,31.37,21.97,748700.0,,
"May 24, 2005",31.6,31.65,31.5,31.57,22.11,540200.0,,
"May 23, 2005",31.46,31.63,31.36,31.53,22.08,508600.0,,
"May 20, 2005",30.57,31.55,30.57,31.47,22.04,311400.0,,
"May 19, 2005",31.55,31.6,31.32,31.49,22.05,490300.0,,
"May 18, 2005",31.56,31.63,31.42,31.5,22.06,628700.0,,
"May 17, 2005",31.45,31.46,31.14,31.43,22.01,1428900.0,,
"May 16, 2005",31.2,31.45,31.15,31.45,22.02,653500.0,,
"May 13, 2005",31.28,31.35,30.85,31.08,21.76,1828500.0,,
"May 12, 2005",31.4,31.5,31.22,31.29,21.91,716500.0,,
"May 11, 2005",31.15,31.37,31.02,31.33,21.94,573500.0,,
"May 10, 2005",31.45,31.45,31.14,31.2,21.85,550000.0,,
"May 9, 2005",31.26,31.42,31.09,31.4,21.99,1036100.0,,
"May 6, 2005",31.55,31.55,31.17,31.17,21.83,1699700.0,,
"May 5, 2005",31.4,31.4,31.18,31.31,21.93,637000.0,,
"May 4, 2005",31.15,31.33,31.0,31.32,21.93,532500.0,,
"May 3, 2005",31.05,31.15,30.88,31.01,21.72,2936300.0,,
"May 2, 2005",31.05,31.05,30.87,31.03,21.73,502700.0,,
"Apr 29, 2005",30.58,30.9,30.41,30.9,21.64,429800.0,,
"Apr 28, 2005",30.43,30.65,30.4,30.45,21.32,347100.0,,
"Apr 27, 2005",30.33,30.67,30.19,30.6,21.43,339100.0,,
"Apr 26, 2005",30.6,30.68,30.37,30.37,21.27,345200.0,,
"Apr 25, 2005",30.6,30.7,30.43,30.56,21.4,344500.0,,
"Apr 22, 2005",30.73,30.73,30.35,30.49,21.35,795200.0,,
"Apr 21, 2005",30.55,30.63,30.33,30.6,21.43,429400.0,,
"Apr 20, 2005",30.65,30.65,30.12,30.19,21.14,433100.0,,
"Apr 19, 2005",30.64,30.73,30.37,30.57,21.41,926900.0,,
"Apr 18, 2005",31.4,31.4,30.37,30.59,21.42,1153800.0,,
"Apr 15, 2005",30.75,31.1,30.75,30.8,21.57,4044300.0,,
"Apr 14, 2005",30.85,30.85,30.59,30.65,21.46,1148000.0,,
"Apr 13, 2005",30.68,30.9,30.5,30.77,21.55,420600.0,,
"Apr 12, 2005",30.34,30.65,30.15,30.63,21.45,373100.0,,
"Apr 11, 2005",30.6,30.6,30.4,30.43,21.31,417200.0,,
"Apr 8, 2005",30.65,30.71,30.4,30.46,21.33,552900.0,,
"Apr 7, 2005",30.35,30.69,30.16,30.68,21.48,1007500.0,,
"Apr 6, 2005",30.41,30.58,30.35,30.37,21.27,1220800.0,,
"Apr 5, 2005",30.03,30.36,30.02,30.35,21.25,456500.0,,
"Apr 4, 2005",29.75,29.9,29.6,29.75,20.83,215800.0,,
"Apr 1, 2005",30.04,30.1,29.54,29.6,20.73,344700.0,,
"Mar 31, 2005",30.15,30.15,29.82,29.86,20.91,898600.0,,
"Mar 30, 2005",29.72,30.15,29.72,30.15,21.11,304700.0,,
"Mar 29, 2005",29.8,29.9,29.66,29.68,20.78,525700.0,,
"Mar 28, 2005",29.95,29.95,29.78,29.78,20.85,243500.0,,
"Mar 24, 2005",29.95,30.02,29.77,29.8,20.87,612300.0,,
"Mar 23, 2005",29.47,29.85,29.47,29.79,20.86,274800.0,,
"Mar 22, 2005",29.65,29.71,29.41,29.47,20.64,233000.0,,
"Mar 21, 2005",29.66,29.68,29.33,29.46,20.63,667400.0,,
"Mar 18, 2005",,,,,,,Dividend,0.101
"Mar 18, 2005",29.58,29.74,29.4,29.58,20.71,1285200.0,,
"Mar 17, 2005",29.72,29.75,29.52,29.71,20.73,196200.0,,
"Mar 16, 2005",29.83,29.91,29.56,29.61,20.66,1745900.0,,
"Mar 15, 2005",30.32,30.34,29.88,29.9,20.87,688100.0,,
"Mar 14, 2005",30.25,30.27,30.0,30.25,21.11,1195700.0,,
"Mar 11, 2005",30.55,30.55,30.1,30.2,21.08,428700.0,,
"Mar 10, 2005",30.5,30.55,30.34,30.44,21.24,577600.0,,
"Mar 9, 2005",30.63,30.63,30.28,30.33,21.17,386000.0,,
"Mar 8, 2005",30.8,30.8,30.48,30.52,21.3,731200.0,,
"Mar 7, 2005",30.6,30.88,30.6,30.72,21.44,438600.0,,
"Mar 4, 2005",30.52,30.67,30.5,30.65,21.39,333800.0,,
"Mar 3, 2005",30.6,30.62,30.28,30.37,21.19,312900.0,,
"Mar 2, 2005",30.4,30.62,30.26,30.4,21.22,758500.0,,
"Mar 2, 2005",30.4,30.62,30.26,30.4,21.22,758500.0,,
"Mar 1, 2005",30.3,30.44,30.29,30.37,21.19,390800.0,,
"Feb 28, 2005",30.7,30.7,30.02,30.13,21.03,779800.0,,
"Feb 25, 2005",30.3,30.63,30.3,30.59,21.35,448200.0,,
"Feb 24, 2005",30.22,30.38,29.92,30.34,21.17,410100.0,,
"Feb 23, 2005",30.1,30.22,29.97,30.11,21.01,482400.0,,
"Feb 22, 2005",30.4,30.41,29.91,29.97,20.92,3282500.0,,
"Feb 18, 2005",29.99,30.38,29.81,30.33,21.17,947900.0,,
"Feb 17, 2005",29.88,29.99,29.79,29.88,20.85,198500.0,,
"Feb 16, 2005",30.0,30.0,29.76,29.92,20.88,211300.0,,
"Feb 15, 2005",30.05,30.1,29.89,29.96,20.91,214100.0,,
"Feb 14, 2005",30.0,30.02,29.86,29.97,20.92,415000.0,,
"Feb 11, 2005",29.67,30.13,29.67,29.95,20.9,281600.0,,
"Feb 10, 2005",29.7,29.75,29.51,29.65,20.69,314000.0,,
"Feb 9, 2005",29.95,30.06,29.59,29.6,20.66,485000.0,,
"Feb 8, 2005",29.83,29.98,29.83,29.92,20.88,434800.0,,
"Feb 7, 2005",29.6,29.94,29.6,29.85,20.83,671100.0,,
"Feb 4, 2005",29.6,29.85,29.49,29.83,20.82,369100.0,,
"Feb 3, 2005",29.7,29.7,29.47,29.56,20.63,407700.0,,
"Feb 2, 2005",29.4,29.68,29.4,29.65,20.69,327600.0,,
"Feb 1, 2005",29.35,29.53,29.25,29.53,20.61,806900.0,,
"Jan 31, 2005",29.34,29.4,29.11,29.25,20.41,690500.0,,
"Jan 28, 2005",29.5,29.54,29.09,29.2,20.38,506200.0,,
"Jan 27, 2005",29.6,29.6,29.35,29.44,20.55,741800.0,,
"Jan 26, 2005",29.41,29.64,29.4,29.5,20.59,498200.0,,
"Jan 25, 2005",29.4,29.51,29.28,29.32,20.46,174900.0,,
"Jan 24, 2005",29.5,29.5,29.12,29.12,20.32,341200.0,,
"Jan 21, 2005",29.7,29.7,29.37,29.37,20.5,350300.0,,
"Jan 20, 2005",29.65,29.81,29.54,29.57,20.64,509700.0,,
"Jan 19, 2005",30.0,30.0,29.71,29.72,20.74,549300.0,,
"Jan 18, 2005",29.7,29.91,29.58,29.91,20.87,255500.0,,
"Jan 14, 2005",29.65,29.73,29.5,29.67,20.71,275800.0,,
"Jan 13, 2005",30.0,30.04,29.51,29.55,20.62,247500.0,,
"Jan 12, 2005",29.95,30.04,29.76,30.0,20.94,318000.0,,
"Jan 11, 2005",29.8,29.94,29.74,29.8,20.8,570800.0,,
"Jan 10, 2005",29.85,30.05,29.74,30.01,20.94,456100.0,,
"Jan 7, 2005",29.85,29.9,29.71,29.75,20.76,173600.0,,
"Jan 6, 2005",29.7,29.88,29.55,29.77,20.78,1247500.0,,
"Jan 5, 2005",29.58,29.74,29.54,29.55,20.62,448300.0,,
"Jan 4, 2005",29.98,30.05,29.47,29.6,20.66,454300.0,,
"Jan 3, 2005",30.45,30.45,29.82,29.84,20.82,606200.0,,
"Dec 31, 2004",30.35,30.35,30.18,30.19,21.07,236300.0,,
"Dec 30, 2004",30.4,30.4,30.24,30.31,21.15,268000.0,,
"Dec 29, 2004",30.3,30.3,30.17,30.29,21.14,300100.0,,
"Dec 28, 2004",30.05,30.24,30.0,30.23,21.1,413000.0,,
"Dec 27, 2004",30.1,30.12,29.9,29.92,20.88,563100.0,,
"Dec 23, 2004",29.65,30.08,29.65,29.96,20.91,642900.0,,
"Dec 22, 2004",29.65,29.86,29.6,29.84,20.82,912000.0,,
"Dec 21, 2004",29.34,29.63,29.34,29.62,20.67,3683200.0,,
"Dec 20, 2004",29.77,29.8,29.31,29.34,20.48,2002900.0,,
"Dec 17, 2004",,,,,,,Dividend,0.093
"Dec 17, 2004",29.5,29.8,29.18,29.7,20.73,1019000.0,,
"Dec 16, 2004",30.07,30.44,30.01,30.4,21.15,623500.0,,
"Dec 15, 2004",29.9,29.99,29.69,29.98,20.86,604900.0,,
"Dec 14, 2004",29.75,29.91,29.59,29.89,20.8,479500.0,,
"Dec 13, 2004",29.6,29.65,29.41,29.63,20.62,661900.0,,
"Dec 10, 2004",29.65,29.65,29.4,29.49,20.52,1367700.0,,
"Dec 9, 2004",29.4,29.6,29.06,29.51,20.53,1360000.0,,
"Dec 8, 2004",28.95,29.37,28.94,29.32,20.4,372600.0,,
"Dec 7, 2004",29.45,29.45,28.87,28.9,20.11,300200.0,,
"Dec 6, 2004",29.26,29.32,28.97,29.2,20.32,370900.0,,
"Dec 3, 2004",29.46,29.59,29.2,29.26,20.36,771200.0,,
"Dec 2, 2004",29.25,29.5,29.1,29.46,20.5,487500.0,,
"Dec 1, 2004",28.7,29.19,28.7,29.18,20.3,669100.0,,
"Nov 30, 2004",28.55,28.77,28.54,28.7,19.97,340200.0,,
"Nov 29, 2004",28.7,28.76,28.51,28.6,19.9,809000.0,,
"Nov 26, 2004",28.55,28.73,28.46,28.61,19.91,3009300.0,,
"Nov 24, 2004",28.5,28.58,28.33,28.44,19.79,302400.0,,
"Nov 23, 2004",28.5,28.5,28.26,28.37,19.74,162900.0,,
"Nov 22, 2004",28.5,28.54,28.25,28.46,19.8,292900.0,,
"Nov 19, 2004",28.63,28.69,28.38,28.41,19.77,839300.0,,
"Nov 18, 2004",28.79,28.87,28.69,28.76,20.01,238300.0,,
"Nov 17, 2004",28.92,29.04,28.75,28.84,20.07,562600.0,,
"Nov 16, 2004",29.05,29.05,28.8,28.85,20.07,747600.0,,
"Nov 15, 2004",28.77,29.11,28.76,28.99,20.17,445200.0,,
"Nov 12, 2004",28.82,28.9,28.57,28.84,20.07,354400.0,,
"Nov 11, 2004",28.8,28.93,28.68,28.8,20.04,242400.0,,
"Nov 10, 2004",28.8,28.84,28.5,28.65,19.93,301000.0,,
"Nov 9, 2004",28.75,28.88,28.65,28.73,19.99,410000.0,,
"Nov 8, 2004",28.68,28.72,28.53,28.72,19.98,379100.0,,
"Nov 5, 2004",28.7,28.83,28.58,28.73,19.99,707400.0,,
"Nov 4, 2004",28.6,28.6,28.01,28.56,19.87,1230700.0,,
"Nov 3, 2004",29.4,30.28,28.38,28.5,19.83,1322700.0,,
"Nov 2, 2004",27.85,28.22,27.52,27.68,19.26,1214700.0,,
"Nov 1, 2004",28.1,28.1,27.77,27.89,19.4,1321300.0,,
"Oct 29, 2004",28.2,28.21,27.92,28.15,19.59,303700.0,,
"Oct 28, 2004",28.2,28.21,28.0,28.07,19.53,263800.0,,
"Oct 27, 2004",27.5,28.22,27.45,28.12,19.56,480600.0,,
"Oct 26, 2004",26.95,27.4,26.95,27.4,19.06,463500.0,,
"Oct 25, 2004",27.15,27.15,26.7,26.89,18.71,203700.0,,
"Oct 22, 2004",27.32,27.35,26.98,27.04,18.81,402300.0,,
"Oct 21, 2004",27.5,27.5,27.07,27.24,18.95,316000.0,,
"Oct 20, 2004",27.55,27.55,27.21,27.5,19.13,268600.0,,
"Oct 19, 2004",28.05,28.05,27.46,27.51,19.14,474800.0,,
"Oct 18, 2004",27.65,28.0,27.62,27.97,19.46,518500.0,,
"Oct 15, 2004",27.65,27.74,27.43,27.71,19.28,229300.0,,
"Oct 14, 2004",27.85,28.06,27.66,27.67,19.25,170800.0,,
"Oct 13, 2004",28.16,28.28,27.77,27.86,19.38,1533800.0,,
"Oct 12, 2004",28.01,28.23,27.95,28.16,19.59,221900.0,,
"Oct 11, 2004",28.02,28.25,28.01,28.21,19.63,220500.0,,
"Oct 11, 2004",28.02,28.25,28.01,28.21,19.63,220500.0,,
"Oct 8, 2004",28.29,28.45,28.0,28.02,19.49,315700.0,,
"Oct 7, 2004",29.09,29.1,28.3,28.41,19.77,549100.0,,
"Oct 6, 2004",29.16,30.0,28.86,29.07,20.23,403800.0,,
"Oct 5, 2004",29.29,29.29,29.04,29.1,20.25,210100.0,,
"Oct 4, 2004",29.06,29.33,29.06,29.19,20.31,227300.0,,
"Oct 1, 2004",28.79,29.11,28.79,29.06,20.22,644200.0,,
"Sep 30, 2004",29.0,29.0,28.65,28.79,20.03,1650500.0,,
"Sep 29, 2004",29.3,29.36,29.19,29.35,20.42,668100.0,,
"Sep 28, 2004",29.2,29.38,28.85,29.22,20.33,673400.0,,
"Sep 27, 2004",29.17,29.2,28.99,29.0,20.18,402100.0,,
"Sep 24, 2004",28.85,29.3,28.85,29.17,20.3,531000.0,,
"Sep 23, 2004",29.4,29.4,29.09,29.09,20.24,187800.0,,
"Sep 22, 2004",29.65,29.65,29.22,29.3,20.39,2548800.0,,
"Sep 21, 2004",29.55,29.78,29.47,29.67,20.64,203600.0,,
"Sep 20, 2004",29.8,29.8,29.43,29.52,20.54,160200.0,,
"Sep 17, 2004",,,,,,,Dividend,0.089
"Sep 17, 2004",29.9,29.9,29.75,29.85,20.77,948100.0,,
"Sep 16, 2004",29.9,29.93,29.79,29.85,20.71,58700.0,,
"Sep 15, 2004",29.98,29.98,29.83,29.86,20.71,169000.0,,
"Sep 14, 2004",29.8,30.06,29.8,29.98,20.8,178100.0,,
"Sep 13, 2004",29.76,29.84,29.65,29.75,20.64,3257800.0,,
"Sep 10, 2004",29.75,29.75,29.46,29.72,20.62,160700.0,,
"Sep 9, 2004",29.95,29.95,29.73,29.76,20.64,506500.0,,
"Sep 8, 2004",30.05,30.05,29.83,29.88,20.73,401100.0,,
"Sep 7, 2004",30.0,30.38,29.79,29.95,20.78,188400.0,,
"Sep 3, 2004",29.65,29.99,29.65,29.75,20.64,1711100.0,,
"Sep 2, 2004",29.55,29.87,29.45,29.81,20.68,278400.0,,
"Sep 1, 2004",29.45,29.52,29.3,29.51,20.47,462400.0,,
"Aug 31, 2004",29.25,29.39,29.18,29.39,20.39,598000.0,,
"Aug 30, 2004",29.55,29.55,29.2,29.23,20.28,110100.0,,
"Aug 27, 2004",29.3,29.61,29.3,29.6,20.53,372700.0,,
"Aug 26, 2004",29.43,29.44,29.28,29.39,20.39,664600.0,,
"Aug 25, 2004",29.25,29.43,29.11,29.43,20.41,149800.0,,
"Aug 24, 2004",29.13,29.28,29.08,29.15,20.22,443000.0,,
"Aug 23, 2004",29.1,29.31,29.08,29.13,20.21,133100.0,,
"Aug 20, 2004",28.94,29.23,28.9,29.19,20.25,129100.0,,
"Aug 19, 2004",29.1,29.1,28.82,28.95,20.08,842600.0,,
"Aug 18, 2004",28.55,29.08,28.55,29.05,20.15,709100.0,,
"Aug 17, 2004",28.61,28.8,28.56,28.67,19.89,142000.0,,
"Aug 16, 2004",28.35,28.7,28.31,28.63,19.86,643400.0,,
"Aug 13, 2004",28.55,28.6,28.19,28.25,19.6,1089000.0,,
"Aug 12, 2004",28.63,28.73,28.47,28.47,19.75,511600.0,,
"Aug 11, 2004",28.1,28.7,28.0,28.63,19.86,1819900.0,,
"Aug 10, 2004",27.9,28.16,27.8,28.16,19.53,77900.0,,
"Aug 9, 2004",27.85,27.94,27.75,27.75,19.25,512300.0,,
"Aug 6, 2004",28.01,28.01,27.79,27.88,19.34,582500.0,,
"Aug 5, 2004",28.9,28.9,28.23,28.27,19.61,441200.0,,
"Aug 4, 2004",28.88,28.91,28.62,28.8,19.98,344600.0,,
"Aug 3, 2004",28.85,29.05,28.75,28.86,20.02,169700.0,,
"Aug 2, 2004",28.92,29.02,28.84,28.89,20.04,254700.0,,
"Jul 30, 2004",28.85,28.97,28.76,28.92,20.06,314600.0,,
"Jul 29, 2004",28.75,28.94,28.54,28.81,19.98,216100.0,,
"Jul 28, 2004",28.68,28.78,28.26,28.68,19.89,126800.0,,
"Jul 27, 2004",28.7,28.86,28.46,28.75,19.94,163500.0,,
"Jul 26, 2004",28.94,28.94,28.41,28.63,19.86,419800.0,,
"Jul 23, 2004",29.05,29.05,28.73,28.92,20.06,66600.0,,
"Jul 22, 2004",28.84,29.2,28.76,29.1,20.19,454300.0,,
"Jul 21, 2004",29.6,29.6,28.96,28.96,20.09,137900.0,,
"Jul 20, 2004",29.17,29.3,29.09,29.29,20.32,329000.0,,
"Jul 19, 2004",29.5,29.5,29.02,29.17,20.23,128500.0,,
"Jul 16, 2004",29.62,29.67,29.26,29.31,20.33,97800.0,,
"Jul 15, 2004",29.95,30.01,29.57,29.57,20.51,226700.0,,
"Jul 14, 2004",29.7,30.13,29.7,29.9,20.74,122600.0,,
"Jul 13, 2004",29.6,29.82,29.6,29.79,20.66,518900.0,,
"Jul 12, 2004",29.65,29.68,29.43,29.55,20.5,175300.0,,
"Jul 9, 2004",30.0,30.0,29.64,29.68,20.59,135300.0,,
"Jul 8, 2004",29.7,30.13,29.7,29.75,20.64,276000.0,,
"Jul 7, 2004",29.9,29.93,29.72,29.82,20.69,277900.0,,
"Jul 6, 2004",30.12,30.12,29.79,29.89,20.73,666500.0,,
"Jul 2, 2004",30.25,30.25,30.02,30.11,20.89,138300.0,,
"Jul 1, 2004",30.6,30.62,29.91,30.13,20.9,1131500.0,,
"Jun 30, 2004",30.5,30.63,30.38,30.56,21.2,176800.0,,
"Jun 29, 2004",30.31,30.59,30.29,30.45,21.12,681300.0,,
"Jun 28, 2004",30.55,30.57,30.17,30.29,21.01,391700.0,,
"Jun 25, 2004",30.5,30.65,30.38,30.44,21.12,304200.0,,
"Jun 24, 2004",30.7,30.79,30.64,30.71,21.3,519000.0,,
"Jun 23, 2004",30.6,30.75,30.44,30.7,21.3,174000.0,,
"Jun 22, 2004",30.65,30.65,30.34,30.52,21.17,129800.0,,
"Jun 21, 2004",30.81,30.85,30.62,30.65,21.26,105200.0,,
"Jun 18, 2004",,,,,,,Dividend,0.086
"Jun 18, 2004",30.85,30.96,30.81,30.86,21.41,117000.0,,
"Jun 17, 2004",30.91,30.96,30.74,30.96,21.42,267900.0,,
"Jun 16, 2004",31.0,31.02,30.83,30.91,21.38,821900.0,,
"Jun 15, 2004",31.05,31.05,30.81,30.9,21.38,175400.0,,
"Jun 14, 2004",30.99,31.02,30.8,30.86,21.35,131300.0,,
"Jun 10, 2004",31.2,31.2,31.03,31.08,21.5,124700.0,,
"Jun 9, 2004",31.44,31.44,31.07,31.07,21.49,108300.0,,
"Jun 8, 2004",31.3,31.44,31.26,31.44,21.75,238100.0,,
"Jun 7, 2004",31.4,31.4,31.14,31.4,21.72,245300.0,,
"Jun 4, 2004",31.3,31.3,31.04,31.09,21.51,352800.0,,
"Jun 3, 2004",31.1,31.25,30.99,31.03,21.47,119600.0,,
"Jun 2, 2004",31.1,31.18,30.93,31.11,21.52,139800.0,,
"Jun 1, 2004",30.76,30.94,30.68,30.92,21.39,472600.0,,
"May 28, 2004",30.85,30.85,30.64,30.76,21.28,228200.0,,
"May 27, 2004",30.6,30.83,30.49,30.77,21.29,443000.0,,
"May 26, 2004",30.3,30.53,30.3,30.46,21.07,518600.0,,
"May 25, 2004",30.0,30.43,29.87,30.3,20.96,346900.0,,
"May 24, 2004",30.25,30.3,29.92,30.01,20.76,183600.0,,
"May 21, 2004",30.3,30.3,30.05,30.16,20.86,73100.0,,
"May 21, 2004",30.3,30.3,30.05,30.16,20.86,73100.0,,
"May 20, 2004",30.4,30.4,30.03,30.1,20.82,79700.0,,
"May 19, 2004",30.75,30.76,30.3,30.3,20.96,1147700.0,,
"May 18, 2004",30.61,30.74,30.51,30.6,21.17,302400.0,,
"May 17, 2004",30.65,30.77,30.41,30.61,21.17,2092100.0,,
"May 14, 2004",30.8,31.01,30.51,30.7,21.24,107600.0,,
"May 13, 2004",30.75,30.88,30.62,30.76,21.28,219500.0,,
"May 12, 2004",30.7,30.84,30.27,30.8,21.31,465300.0,,
"May 11, 2004",30.75,30.75,30.54,30.69,21.23,178700.0,,
"May 10, 2004",30.75,31.04,30.46,30.66,21.21,375500.0,,
"May 7, 2004",31.25,31.43,31.06,31.06,21.49,372800.0,,
"May 6, 2004",31.37,31.44,31.1,31.27,21.63,182200.0,,
"May 5, 2004",31.25,31.46,31.14,31.39,21.71,443300.0,,
"May 4, 2004",31.35,31.36,31.0,31.21,21.59,253900.0,,
"May 3, 2004",31.0,31.26,30.82,31.26,21.62,276200.0,,
"Apr 30, 2004",30.95,31.09,30.8,30.86,21.35,163100.0,,
"Apr 29, 2004",31.05,31.08,30.65,30.83,21.33,264400.0,,
"Apr 28, 2004",31.35,31.35,30.91,31.02,21.46,81100.0,,
"Apr 27, 2004",31.45,31.56,31.25,31.3,21.65,177000.0,,
"Apr 26, 2004",31.6,31.6,31.14,31.18,21.57,233400.0,,
"Apr 23, 2004",31.5,31.5,31.21,31.35,21.69,127500.0,,
"Apr 22, 2004",31.19,31.5,31.04,31.44,21.75,788700.0,,
"Apr 21, 2004",30.85,31.36,30.84,31.19,21.58,149800.0,,
"Apr 20, 2004",31.6,31.6,30.83,30.83,21.33,122100.0,,
"Apr 19, 2004",31.52,31.52,31.26,31.35,21.69,886400.0,,
"Apr 16, 2004",31.25,31.52,31.21,31.48,21.78,1974700.0,,
"Apr 15, 2004",30.8,31.3,30.75,31.25,21.62,142300.0,,
"Apr 14, 2004",30.38,30.72,30.2,30.69,21.23,215200.0,,
"Apr 13, 2004",30.65,30.82,30.35,30.38,21.02,189800.0,,
"Apr 12, 2004",30.45,30.65,30.34,30.65,21.2,382200.0,,
"Apr 8, 2004",30.8,30.8,30.26,30.4,21.03,105300.0,,
"Apr 7, 2004",30.7,30.71,30.53,30.61,21.17,65600.0,,
"Apr 6, 2004",30.85,30.85,30.56,30.75,21.27,175500.0,,
"Apr 5, 2004",30.7,30.85,30.51,30.85,21.34,108200.0,,
"Apr 2, 2004",30.41,30.59,30.34,30.5,21.1,542900.0,,
"Apr 1, 2004",30.0,30.25,30.0,30.14,20.85,144000.0,,
"Mar 31, 2004",29.88,30.02,29.71,29.93,20.7,266300.0,,
"Mar 30, 2004",29.93,29.93,29.58,29.76,20.59,459100.0,,
"Mar 29, 2004",29.55,29.93,29.5,29.83,20.63,440500.0,,
"Mar 26, 2004",29.4,29.59,29.28,29.43,20.36,93100.0,,
"Mar 25, 2004",29.55,29.55,29.08,29.31,20.28,325900.0,,
"Mar 24, 2004",29.4,29.4,29.04,29.15,20.16,93200.0,,
"Mar 23, 2004",29.45,29.58,29.22,29.31,20.28,252000.0,,
"Mar 22, 2004",29.5,29.59,29.1,29.21,20.21,150000.0,,
"Mar 19, 2004",,,,,,,Dividend,0.075
"Mar 19, 2004",30.1,30.1,29.55,29.58,20.46,175100.0,,
"Mar 18, 2004",30.1,30.2,29.82,30.13,20.79,75800.0,,
"Mar 17, 2004",30.27,30.27,30.01,30.16,20.81,323600.0,,
"Mar 16, 2004",30.25,30.27,29.92,30.19,20.83,144400.0,,
"Mar 15, 2004",30.3,30.3,29.91,29.98,20.69,143900.0,,
"Mar 12, 2004",30.3,30.33,30.05,30.25,20.87,293500.0,,
"Mar 11, 2004",30.6,30.63,30.1,30.17,20.82,185400.0,,
"Mar 10, 2004",31.35,31.35,30.65,30.76,21.23,215600.0,,
"Mar 9, 2004",31.7,31.7,31.12,31.24,21.56,242200.0,,
"Mar 8, 2004",31.8,31.8,31.5,31.6,21.8,225700.0,,
"Mar 5, 2004",31.47,31.73,31.37,31.63,21.83,310300.0,,
"Mar 4, 2004",31.38,31.5,31.33,31.47,21.72,158000.0,,
"Mar 3, 2004",31.2,31.41,31.03,31.33,21.62,148600.0,,
"Mar 2, 2004",31.4,31.44,31.17,31.2,21.53,161100.0,,
"Mar 1, 2004",31.37,31.49,31.15,31.4,21.67,183800.0,,
"Feb 27, 2004",31.4,31.48,31.28,31.31,21.6,84700.0,,
"Feb 26, 2004",31.44,31.45,31.2,31.4,21.67,144900.0,,
"Feb 25, 2004",31.45,31.46,31.25,31.44,21.69,87800.0,,
"Feb 24, 2004",31.3,31.47,31.15,31.4,21.67,228900.0,,
"Feb 23, 2004",31.45,31.45,31.12,31.26,21.57,331700.0,,
"Feb 20, 2004",31.6,31.6,31.21,31.32,21.61,492200.0,,
"Feb 19, 2004",31.78,31.78,31.48,31.49,21.73,115500.0,,
"Feb 18, 2004",31.85,31.85,31.5,31.6,21.8,173000.0,,
"Feb 17, 2004",31.65,31.82,31.62,31.74,21.9,250900.0,,
"Feb 13, 2004",31.85,31.85,31.5,31.54,21.76,297600.0,,
"Feb 12, 2004",31.98,31.98,31.6,31.68,21.86,603900.0,,
"Feb 11, 2004",31.63,31.95,31.45,31.88,22.0,203300.0,,
"Feb 10, 2004",31.55,31.65,31.41,31.59,21.8,186500.0,,
"Feb 9, 2004",31.73,31.73,31.42,31.45,21.7,2212500.0,,
"Feb 6, 2004",31.53,31.76,31.38,31.76,21.92,388000.0,,
"Feb 5, 2004",31.75,31.75,31.32,31.52,21.75,237200.0,,
"Feb 4, 2004",31.46,31.83,31.45,31.68,21.86,437900.0,,
"Feb 3, 2004",31.22,31.6,31.22,31.58,21.79,251000.0,,
"Feb 2, 2004",31.05,31.5,30.94,31.38,21.65,239100.0,,
"Jan 30, 2004",31.2,31.2,30.78,30.98,21.38,122700.0,,
"Jan 29, 2004",30.85,31.16,30.55,31.15,21.49,130600.0,,
"Jan 28, 2004",31.1,31.1,30.63,30.7,21.18,144800.0,,
"Jan 27, 2004",31.3,31.3,30.93,30.97,21.37,161400.0,,
"Jan 26, 2004",30.85,31.26,30.8,31.17,21.51,667100.0,,
"Jan 23, 2004",31.1,31.1,30.66,30.78,21.24,178900.0,,
"Jan 22, 2004",31.0,31.06,30.85,30.93,21.34,216100.0,,
"Jan 21, 2004",30.6,30.89,30.36,30.87,21.3,222100.0,,
"Jan 20, 2004",30.6,30.65,30.36,30.36,20.95,380200.0,,
"Jan 16, 2004",30.3,30.48,30.3,30.46,21.02,186600.0,,
"Jan 15, 2004",30.5,30.5,30.1,30.39,20.97,139800.0,,
"Jan 14, 2004",30.1,30.35,30.05,30.31,20.91,395500.0,,
"Jan 13, 2004",30.38,30.39,30.05,30.14,20.8,342500.0,,
"Jan 12, 2004",30.4,30.4,30.14,30.27,20.89,109900.0,,
"Jan 9, 2004",30.48,30.49,30.2,30.32,20.92,153400.0,,
"Jan 8, 2004",30.7,30.7,30.32,30.51,21.05,214300.0,,
"Jan 7, 2004",30.45,30.64,30.31,30.64,21.14,262300.0,,
"Jan 6, 2004",30.47,30.48,30.31,30.45,21.01,289300.0,,
"Jan 5, 2004",30.4,30.5,30.14,30.36,20.95,191500.0,,
"Jan 2, 2004",30.2,30.44,30.12,30.22,20.85,628700.0,,
"Dec 31, 2003",30.1,30.18,30.0,30.15,20.8,221400.0,,
"Dec 31, 2003",30.1,30.18,30.0,30.15,20.8,221400.0,,
"Dec 30, 2003",30.07,30.08,29.96,30.02,20.71,157500.0,,
"Dec 29, 2003",29.85,30.0,29.76,29.94,20.66,121800.0,,
"Dec 26, 2003",29.68,29.73,29.63,29.7,20.49,35200.0,,
"Dec 24, 2003",29.55,29.7,29.5,29.62,20.44,59400.0,,
"Dec 23, 2003",29.5,29.58,29.47,29.53,20.38,128400.0,,
"Dec 22, 2003",29.6,29.65,29.38,29.51,20.36,230000.0,,
"Dec 19, 2003",,,,,,,Dividend,0.103
"Dec 19, 2003",29.7,29.7,29.36,29.52,20.37,392000.0,,
"Dec 18, 2003",29.52,29.67,29.37,29.67,20.4,616600.0,,
"Dec 17, 2003",29.45,29.45,29.25,29.45,20.25,87900.0,,
"Dec 16, 2003",28.8,29.4,28.8,29.39,20.21,109500.0,,
"Dec 15, 2003",29.47,29.55,29.2,29.28,20.13,108100.0,,
"Dec 12, 2003",29.39,29.39,29.15,29.33,20.17,99300.0,,
"Dec 11, 2003",28.9,29.36,28.9,29.24,20.11,159900.0,,
"Dec 10, 2003",28.9,29.09,28.79,28.88,19.86,96800.0,,
"Dec 9, 2003",29.27,29.3,29.01,29.08,20.0,302800.0,,
"Dec 8, 2003",29.0,29.22,28.91,29.2,20.08,184400.0,,
"Dec 5, 2003",29.14,29.15,28.9,28.98,19.93,88900.0,,
"Dec 4, 2003",29.2,29.23,28.97,29.2,20.08,109600.0,,
"Dec 3, 2003",29.3,29.39,29.1,29.15,20.04,273400.0,,
"Dec 2, 2003",28.97,29.18,28.97,29.08,20.0,517100.0,,
"Dec 1, 2003",28.85,29.09,28.72,29.06,19.98,183000.0,,
"Nov 28, 2003",28.68,28.68,28.55,28.6,19.67,39700.0,,
"Nov 26, 2003",28.75,28.75,28.31,28.66,19.71,138300.0,,
"Nov 25, 2003",28.8,28.8,28.5,28.66,19.71,535800.0,,
"Nov 24, 2003",28.5,28.82,28.5,28.8,19.8,88300.0,,
"Nov 21, 2003",28.7,28.7,28.25,28.34,19.49,571000.0,,
"Nov 20, 2003",28.95,29.02,28.6,28.69,19.73,125500.0,,
"Nov 19, 2003",28.9,29.12,28.77,29.07,19.99,87400.0,,
"Nov 18, 2003",29.0,29.12,28.75,28.77,19.78,128200.0,,
"Nov 17, 2003",28.85,28.96,28.67,28.94,19.9,188300.0,,
"Nov 14, 2003",28.95,29.25,28.91,29.03,19.96,1251500.0,,
"Nov 13, 2003",28.25,28.83,28.2,28.61,19.67,163200.0,,
"Nov 12, 2003",27.68,28.0,27.52,27.96,19.23,235300.0,,
"Nov 11, 2003",27.45,27.55,27.31,27.45,18.88,64500.0,,
"Nov 10, 2003",27.59,27.6,27.35,27.39,18.83,113500.0,,
"Nov 7, 2003",27.94,27.96,27.57,27.6,18.98,98400.0,,
"Nov 6, 2003",27.85,27.93,27.56,27.85,19.15,42900.0,,
"Nov 5, 2003",27.6,27.97,27.6,27.71,19.05,68200.0,,
"Nov 4, 2003",27.84,27.87,27.65,27.74,19.07,86100.0,,
"Nov 3, 2003",28.15,28.15,27.92,27.92,19.2,127400.0,,
"Oct 31, 2003",27.8,28.12,27.8,28.0,19.25,302600.0,,
"Oct 30, 2003",28.15,28.15,27.64,27.76,19.09,134600.0,,
"Oct 29, 2003",28.05,28.09,27.84,28.02,19.27,80900.0,,
"Oct 28, 2003",27.9,28.16,27.82,28.1,19.32,73100.0,,
"Oct 27, 2003",28.03,28.08,27.84,27.88,19.17,63400.0,,
"Oct 24, 2003",27.8,27.97,27.59,27.95,19.22,378100.0,,
"Oct 23, 2003",27.45,27.92,27.45,27.87,19.16,273600.0,,
"Oct 22, 2003",28.15,28.15,27.44,27.59,18.97,275300.0,,
"Oct 21, 2003",28.13,28.46,28.1,28.35,19.49,189800.0,,
"Oct 20, 2003",28.04,28.11,27.84,28.09,19.32,67600.0,,
"Oct 17, 2003",28.2,28.3,27.91,27.95,19.22,54600.0,,
"Oct 16, 2003",28.0,28.3,28.0,28.27,19.44,93600.0,,
"Oct 15, 2003",28.35,28.36,28.0,28.12,19.34,58700.0,,
"Oct 14, 2003",28.21,28.25,28.0,28.18,19.38,177600.0,,
"Oct 13, 2003",28.15,28.3,28.05,28.14,19.35,84200.0,,
"Oct 10, 2003",28.18,28.19,28.03,28.06,19.3,66200.0,,
"Oct 9, 2003",28.37,28.4,28.05,28.13,19.34,170000.0,,
"Oct 8, 2003",28.2,28.24,28.04,28.09,19.32,50900.0,,
"Oct 7, 2003",28.08,28.25,28.02,28.24,19.42,268000.0,,
"Oct 6, 2003",28.4,28.4,28.19,28.26,19.43,85400.0,,
"Oct 3, 2003",28.85,28.85,28.3,28.37,19.51,230400.0,,
"Oct 2, 2003",28.38,28.56,28.28,28.5,19.6,79400.0,,
"Oct 1, 2003",28.0,28.36,27.92,28.31,19.47,124000.0,,
"Sep 30, 2003",27.87,28.02,27.7,27.81,19.12,199900.0,,
"Sep 29, 2003",27.86,27.99,27.66,27.94,19.21,120000.0,,
"Sep 26, 2003",27.9,27.9,27.67,27.81,19.12,64000.0,,
"Sep 25, 2003",28.04,28.19,27.85,27.94,19.21,102300.0,,
"Sep 24, 2003",28.65,28.65,28.07,28.13,19.34,124700.0,,
"Sep 23, 2003",28.46,28.67,28.42,28.64,19.69,84500.0,,
"Sep 22, 2003",28.6,28.62,28.27,28.4,19.53,166500.0,,
"Sep 19, 2003",,,,,,,Dividend,0.086
"Sep 19, 2003",29.0,29.02,28.68,28.79,19.8,108800.0,,
"Sep 18, 2003",29.15,29.26,29.01,29.11,19.96,89900.0,,
"Sep 17, 2003",29.15,29.15,28.95,29.01,19.89,70800.0,,
"Sep 16, 2003",28.9,29.08,28.86,29.08,19.94,145500.0,,
"Sep 15, 2003",29.0,29.05,28.71,28.9,19.81,204400.0,,
"Sep 12, 2003",28.86,28.98,28.67,28.98,19.87,146700.0,,
"Sep 11, 2003",28.95,29.03,28.81,28.92,19.83,164700.0,,
"Sep 10, 2003",28.68,28.99,28.68,28.76,19.72,264200.0,,
"Sep 9, 2003",28.75,28.8,28.53,28.72,19.69,250300.0,,
"Sep 8, 2003",28.33,28.73,28.24,28.63,19.63,260800.0,,
"Sep 5, 2003",28.2,28.33,28.05,28.13,19.29,131300.0,,
"Sep 4, 2003",28.2,28.22,27.91,28.2,19.33,214500.0,,
"Sep 3, 2003",28.33,28.33,28.1,28.13,19.29,182300.0,,
"Sep 2, 2003",27.82,28.3,27.82,28.24,19.36,139400.0,,
"Aug 29, 2003",27.6,27.88,27.6,27.82,19.07,78300.0,,
"Aug 28, 2003",27.55,27.75,27.51,27.74,19.02,91500.0,,
"Aug 27, 2003",27.7,27.72,27.57,27.72,19.0,131100.0,,
"Aug 26, 2003",27.65,27.79,27.41,27.7,18.99,63600.0,,
"Aug 25, 2003",27.5,27.7,27.5,27.68,18.98,675600.0,,
"Aug 22, 2003",27.98,27.98,27.45,27.48,18.84,75200.0,,
"Aug 21, 2003",28.13,28.15,27.8,27.9,19.13,79100.0,,
"Aug 20, 2003",28.0,28.13,27.96,28.06,19.24,33200.0,,
"Aug 19, 2003",28.3,28.32,27.97,28.14,19.29,62900.0,,
"Aug 18, 2003",28.2,28.36,28.15,28.29,19.4,80400.0,,
"Aug 15, 2003",28.29,28.3,28.1,28.1,19.27,16100.0,,
"Aug 14, 2003",28.3,28.3,27.93,28.16,19.31,60200.0,,
"Aug 13, 2003",28.7,28.7,28.05,28.18,19.32,91700.0,,
"Aug 13, 2003",28.7,28.7,28.05,28.18,19.32,91700.0,,
"Aug 12, 2003",28.55,28.59,28.37,28.59,19.6,42200.0,,
"Aug 11, 2003",28.35,28.7,28.35,28.51,19.55,100700.0,,
"Aug 8, 2003",28.68,28.7,28.44,28.57,19.59,79900.0,,
"Aug 7, 2003",28.04,28.55,28.02,28.46,19.51,51600.0,,
"Aug 6, 2003",28.01,28.2,27.86,28.01,19.2,129400.0,,
"Aug 5, 2003",28.6,28.66,28.03,28.03,19.22,46800.0,,
"Aug 4, 2003",28.38,28.65,28.1,28.5,19.54,616300.0,,
"Aug 1, 2003",28.75,28.75,28.39,28.45,19.51,69900.0,,
"Jul 31, 2003",29.22,29.37,28.89,28.89,19.81,59400.0,,
"Jul 30, 2003",28.95,29.15,28.95,29.04,19.91,34800.0,,
"Jul 29, 2003",29.0,29.19,28.72,28.92,19.83,295000.0,,
"Jul 28, 2003",29.25,29.25,28.95,29.05,19.92,114100.0,,
"Jul 25, 2003",28.9,29.12,28.62,29.12,19.96,81100.0,,
"Jul 24, 2003",29.13,29.34,28.89,28.89,19.81,28400.0,,
"Jul 23, 2003",29.1,29.17,28.67,29.12,19.96,36700.0,,
"Jul 22, 2003",29.05,29.05,28.63,28.91,19.82,120700.0,,
"Jul 21, 2003",29.35,29.35,28.8,28.96,19.86,57400.0,,
"Jul 18, 2003",29.2,29.42,29.1,29.42,20.17,18000.0,,
"Jul 17, 2003",29.4,29.48,29.1,29.15,19.99,29600.0,,
"Jul 16, 2003",29.52,29.53,29.2,29.34,20.12,63000.0,,
"Jul 15, 2003",30.05,30.05,29.51,29.51,20.23,226500.0,,
"Jul 14, 2003",30.1,30.1,29.59,29.62,20.31,88100.0,,
"Jul 11, 2003",29.55,29.66,29.35,29.65,20.33,88500.0,,
"Jul 10, 2003",29.62,29.62,29.2,29.31,20.1,62600.0,,
"Jul 9, 2003",29.55,29.88,29.55,29.63,20.31,213300.0,,
"Jul 8, 2003",29.6,29.89,29.6,29.81,20.44,127200.0,,
"Jul 7, 2003",29.7,29.9,29.69,29.8,20.43,69200.0,,
"Jul 3, 2003",29.7,29.71,29.51,29.59,20.29,53800.0,,
"Jul 2, 2003",29.5,29.77,29.47,29.77,20.41,29000.0,,
"Jul 1, 2003",29.1,29.5,28.81,29.49,20.22,89200.0,,
"Jun 30, 2003",29.65,29.65,29.17,29.33,20.11,114500.0,,
"Jun 27, 2003",30.0,30.0,29.41,29.52,20.24,57200.0,,
"Jun 26, 2003",29.4,29.99,29.4,29.98,20.55,49000.0,,
"Jun 25, 2003",29.8,29.95,29.4,29.56,20.27,38600.0,,
"Jun 24, 2003",29.7,29.92,29.58,29.72,20.38,120200.0,,
"Jun 23, 2003",30.1,30.1,29.48,29.7,20.36,46300.0,,
"Jun 20, 2003",,,,,,,Dividend,0.086
"Jun 20, 2003",30.2,30.33,30.0,30.2,20.71,83600.0,,
"Jun 19, 2003",30.73,30.8,29.96,30.07,20.56,411500.0,,
"Jun 18, 2003",30.81,31.0,30.57,30.73,21.01,130900.0,,
"Jun 17, 2003",30.8,31.11,30.3,30.81,21.06,227800.0,,
"Jun 16, 2003",29.25,30.26,29.25,30.21,20.65,81400.0,,
"Jun 13, 2003",29.63,29.63,29.17,29.32,20.04,44400.0,,
"Jun 12, 2003",29.8,29.8,29.38,29.5,20.17,65600.0,,
"Jun 11, 2003",29.2,29.52,29.15,29.44,20.13,73800.0,,
"Jun 10, 2003",29.02,29.11,28.82,29.11,19.9,112600.0,,
"Jun 9, 2003",29.15,29.19,28.76,28.89,19.75,520300.0,,
"Jun 6, 2003",29.1,29.76,29.04,29.19,19.96,269000.0,,
"Jun 5, 2003",28.46,28.93,28.36,28.93,19.78,149000.0,,
"Jun 4, 2003",28.4,28.71,28.15,28.66,19.59,87100.0,,
"Jun 3, 2003",27.93,28.29,27.93,28.17,19.26,130500.0,,
"Jun 2, 2003",28.4,28.41,27.94,27.95,19.11,241600.0,,
"May 30, 2003",27.95,28.18,27.9,28.17,19.26,221600.0,,
"May 29, 2003",28.22,28.34,27.75,27.86,19.05,81400.0,,
"May 28, 2003",28.15,28.23,27.9,28.09,19.2,92800.0,,
"May 27, 2003",27.6,28.14,27.52,28.14,19.24,138300.0,,
"May 23, 2003",27.85,27.87,27.5,27.74,18.96,44500.0,,
"May 22, 2003",27.51,27.96,27.51,27.85,19.04,374700.0,,
"May 21, 2003",27.2,27.56,27.18,27.54,18.83,44100.0,,
"May 20, 2003",27.8,27.8,27.04,27.34,18.69,298900.0,,
"May 19, 2003",28.4,28.4,27.51,27.68,18.92,134800.0,,
"May 16, 2003",28.72,28.82,28.5,28.65,19.59,138200.0,,
"May 15, 2003",28.6,28.74,28.5,28.72,19.63,104500.0,,
"May 14, 2003",28.65,28.66,28.33,28.45,19.45,44800.0,,
"May 13, 2003",28.38,28.68,28.2,28.5,19.48,112900.0,,
"May 12, 2003",28.18,28.54,28.05,28.44,19.44,226900.0,,
"May 9, 2003",28.0,28.19,27.87,28.16,19.25,21700.0,,
"May 8, 2003",27.7,28.07,27.7,27.85,19.04,37100.0,,
"May 7, 2003",28.0,28.22,27.92,27.95,19.11,57900.0,,
"May 6, 2003",28.2,28.28,27.98,28.19,19.27,107100.0,,
"May 5, 2003",28.2,28.37,28.0,28.14,19.24,152200.0,,
"May 2, 2003",27.7,28.19,27.65,28.1,19.21,38500.0,,
"May 1, 2003",27.68,27.88,27.3,27.68,18.92,50800.0,,
"Apr 30, 2003",27.51,27.8,27.4,27.6,18.87,34100.0,,
"Apr 29, 2003",27.43,27.73,27.41,27.6,18.87,52500.0,,
"Apr 28, 2003",27.1,27.57,27.1,27.43,18.75,156500.0,,
"Apr 25, 2003",27.62,27.7,27.15,27.21,18.6,233100.0,,
"Apr 24, 2003",27.4,27.75,27.31,27.59,18.86,35300.0,,
"Apr 23, 2003",27.6,27.6,27.3,27.42,18.75,66300.0,,
"Apr 22, 2003",26.55,27.31,26.55,27.19,18.59,183900.0,,
"Apr 21, 2003",26.7,27.04,26.64,26.74,18.28,59000.0,,
"Apr 17, 2003",26.6,26.74,26.44,26.67,18.23,24000.0,,
"Apr 16, 2003",27.2,27.2,26.35,26.41,18.05,166100.0,,
"Apr 15, 2003",27.2,27.25,26.94,27.05,18.49,400200.0,,
"Apr 14, 2003",26.85,27.22,26.85,27.22,18.61,26900.0,,
"Apr 11, 2003",26.98,27.23,26.7,26.78,18.31,47600.0,,
"Apr 10, 2003",26.89,26.94,26.65,26.91,18.4,33300.0,,
"Apr 9, 2003",27.2,27.56,26.9,26.96,18.43,185200.0,,
"Apr 8, 2003",27.23,27.4,27.13,27.32,18.68,64000.0,,
"Apr 7, 2003",28.0,28.04,27.22,27.29,18.66,70100.0,,
"Apr 4, 2003",27.6,27.62,27.4,27.53,18.82,114600.0,,
"Apr 3, 2003",27.55,27.57,27.3,27.42,18.75,466700.0,,
"Apr 2, 2003",27.5,27.6,27.41,27.49,18.79,27000.0,,
"Apr 1, 2003",26.88,27.09,26.7,27.09,18.52,197100.0,,
"Mar 31, 2003",26.7,27.02,26.56,26.72,18.27,203500.0,,
"Mar 28, 2003",26.83,27.16,26.83,27.03,18.48,235800.0,,
"Mar 27, 2003",26.6,27.11,26.55,26.99,18.45,93400.0,,
"Mar 26, 2003",27.05,27.08,26.87,26.89,18.38,193000.0,,
"Mar 25, 2003",26.58,27.24,26.57,27.1,18.53,68300.0,,
"Mar 25, 2003",26.58,27.24,26.57,27.1,18.53,68300.0,,
"Mar 24, 2003",26.9,26.94,26.5,26.57,18.16,56400.0,,
"Mar 21, 2003",,,,,,,Dividend,0.072
"Mar 21, 2003",26.9,27.42,26.84,27.34,18.69,50900.0,,
"Mar 20, 2003",26.75,26.82,26.38,26.72,18.22,106100.0,,
"Mar 19, 2003",26.55,26.89,26.35,26.75,18.24,39400.0,,
"Mar 18, 2003",26.2,26.47,26.2,26.45,18.03,68800.0,,
"Mar 17, 2003",25.2,26.28,25.2,26.17,17.84,315000.0,,
"Mar 14, 2003",25.77,25.77,25.35,25.45,17.35,408900.0,,
"Mar 13, 2003",25.6,25.66,25.19,25.66,17.49,27400.0,,
"Mar 12, 2003",25.15,25.3,24.88,25.3,17.25,59700.0,,
"Mar 11, 2003",25.4,25.45,25.15,25.22,17.19,34600.0,,
"Mar 10, 2003",25.85,25.87,25.48,25.56,17.43,161000.0,,
"Mar 7, 2003",25.4,26.07,25.4,26.0,17.73,49300.0,,
"Mar 6, 2003",25.55,25.81,25.55,25.75,17.56,83300.0,,
"Mar 5, 2003",25.45,25.88,25.4,25.7,17.52,143200.0,,
"Mar 4, 2003",25.82,25.82,25.46,25.46,17.36,23300.0,,
"Mar 3, 2003",26.0,26.32,25.68,25.74,17.55,416900.0,,
"Feb 28, 2003",25.8,26.07,25.8,25.87,17.64,35200.0,,
"Feb 27, 2003",25.55,26.0,25.55,25.8,17.59,9900.0,,
"Feb 26, 2003",25.58,25.96,25.44,25.48,17.37,27400.0,,
"Feb 25, 2003",25.1,25.62,24.91,25.62,17.47,27400.0,,
"Feb 24, 2003",25.8,25.8,25.35,25.45,17.35,31400.0,,
"Feb 21, 2003",25.5,25.99,25.31,25.79,17.58,60800.0,,
"Feb 20, 2003",25.85,25.95,25.5,25.53,17.41,20200.0,,
"Feb 19, 2003",25.99,25.99,25.65,25.82,17.6,110400.0,,
"Feb 18, 2003",25.75,26.0,25.75,25.94,17.69,99300.0,,
"Feb 14, 2003",25.15,25.4,24.94,25.32,17.26,136600.0,,
"Feb 13, 2003",25.08,25.26,24.66,25.05,17.08,100500.0,,
"Feb 12, 2003",25.65,25.67,25.2,25.35,17.28,43600.0,,
"Feb 11, 2003",25.9,26.18,25.64,25.64,17.48,28400.0,,
"Feb 10, 2003",25.6,25.97,25.54,25.94,17.69,20500.0,,
"Feb 7, 2003",26.05,26.05,25.52,25.75,17.56,398900.0,,
"Feb 6, 2003",25.85,25.92,25.61,25.8,17.59,104200.0,,
"Feb 5, 2003",26.1,26.45,25.85,25.85,17.62,147400.0,,
"Feb 4, 2003",26.0,26.04,25.72,26.04,17.75,50600.0,,
"Feb 3, 2003",26.55,26.63,26.32,26.35,17.97,189200.0,,
"Jan 31, 2003",26.0,26.46,25.87,26.46,18.04,19900.0,,
"Jan 30, 2003",26.45,26.45,25.92,25.94,17.69,72300.0,,
"Jan 29, 2003",26.1,26.53,25.87,26.43,18.02,35300.0,,
"Jan 28, 2003",25.75,26.19,25.65,26.18,17.85,39200.0,,
"Jan 27, 2003",25.95,25.95,25.52,25.74,17.55,69500.0,,
"Jan 24, 2003",26.83,26.83,26.14,26.32,17.94,165500.0,,
"Jan 23, 2003",26.9,26.96,26.72,26.91,18.35,138200.0,,
"Jan 22, 2003",26.85,27.08,26.83,26.83,18.29,173100.0,,
"Jan 21, 2003",27.1,27.2,26.8,26.9,18.34,103000.0,,
"Jan 17, 2003",26.97,27.24,26.97,27.1,18.48,56400.0,,
"Jan 16, 2003",27.0,27.43,26.95,27.12,18.49,85000.0,,
"Jan 15, 2003",27.5,27.5,27.1,27.2,18.54,154300.0,,
"Jan 14, 2003",27.31,27.55,27.31,27.51,18.76,26400.0,,
"Jan 13, 2003",27.67,27.67,27.37,27.53,18.77,61400.0,,
"Jan 10, 2003",27.4,27.58,27.33,27.51,18.76,544300.0,,
"Jan 9, 2003",27.3,27.65,27.23,27.52,18.76,623400.0,,
"Jan 8, 2003",27.32,27.55,27.11,27.24,18.57,63100.0,,
"Jan 7, 2003",27.8,27.84,27.39,27.45,18.72,136200.0,,
"Jan 6, 2003",27.64,27.9,27.55,27.85,18.99,55500.0,,
"Jan 3, 2003",27.3,27.61,27.3,27.55,18.78,71100.0,,
"Jan 2, 2003",26.75,27.32,26.7,27.27,18.59,102000.0,,
"Dec 31, 2002",26.39,26.64,26.19,26.55,18.1,93700.0,,
"Dec 30, 2002",26.2,26.54,26.13,26.43,18.02,88600.0,,
"Dec 27, 2002",26.5,26.53,26.11,26.19,17.86,42800.0,,
"Dec 26, 2002",27.0,27.0,26.45,26.54,18.09,76000.0,,
"Dec 24, 2002",26.95,27.14,26.95,27.0,18.41,67500.0,,
"Dec 23, 2002",26.78,26.98,26.74,26.85,18.31,60000.0,,
"Dec 20, 2002",,,,,,,Dividend,0.099
"Dec 20, 2002",26.75,26.75,26.5,26.68,18.19,424800.0,,
"Dec 19, 2002",26.73,26.95,26.5,26.55,18.03,49000.0,,
"Dec 18, 2002",26.86,26.87,26.66,26.81,18.21,31700.0,,
"Dec 17, 2002",27.15,27.15,26.84,26.89,18.27,48000.0,,
"Dec 16, 2002",26.9,27.25,26.81,27.25,18.51,39900.0,,
"Dec 13, 2002",26.8,27.18,25.8,26.98,18.33,57600.0,,
"Dec 12, 2002",27.35,27.38,27.05,27.13,18.43,83400.0,,
"Dec 11, 2002",27.3,27.52,27.2,27.41,18.62,137400.0,,
"Dec 10, 2002",27.5,27.5,27.21,27.45,18.65,45100.0,,
"Dec 9, 2002",27.4,27.78,27.35,27.35,18.58,53200.0,,
"Dec 6, 2002",27.0,27.47,27.0,27.47,18.66,34200.0,,
"Dec 5, 2002",27.64,27.64,27.22,27.35,18.58,47900.0,,
"Dec 4, 2002",27.1,27.56,27.08,27.51,18.69,74500.0,,
"Dec 3, 2002",27.15,27.37,26.9,27.26,18.52,135600.0,,
"Dec 2, 2002",27.85,27.85,27.21,27.44,18.64,58900.0,,
"Nov 29, 2002",27.78,27.85,27.6,27.69,18.81,27200.0,,
"Nov 27, 2002",27.65,27.85,27.61,27.8,18.88,52900.0,,
"Nov 26, 2002",27.5,27.57,27.17,27.28,18.53,903700.0,,
"Nov 25, 2002",27.7,27.83,27.46,27.72,18.83,57000.0,,
"Nov 22, 2002",28.1,28.1,27.78,27.8,18.88,228500.0,,
"Nov 21, 2002",28.2,28.2,27.9,28.0,19.02,92700.0,,
"Nov 20, 2002",27.4,27.9,27.4,27.85,18.92,35300.0,,
"Nov 19, 2002",27.51,27.91,27.51,27.6,18.75,36600.0,,
"Nov 18, 2002",27.95,27.97,27.63,27.63,18.77,57100.0,,
"Nov 15, 2002",27.55,27.81,27.5,27.78,18.87,43300.0,,
"Nov 14, 2002",27.39,27.59,27.31,27.52,18.69,30600.0,,
"Nov 13, 2002",27.49,27.67,26.8,27.09,18.4,58000.0,,
"Nov 12, 2002",27.39,27.58,27.24,27.41,18.62,68900.0,,
"Nov 11, 2002",27.74,27.75,27.26,27.39,18.6,42000.0,,
"Nov 8, 2002",27.7,27.92,27.57,27.77,18.86,46600.0,,
"Nov 7, 2002",28.07,28.17,27.75,27.95,18.99,172300.0,,
"Nov 6, 2002",27.9,28.22,27.7,28.07,19.07,216300.0,,
"Nov 5, 2002",27.2,27.61,27.16,27.51,18.69,49000.0,,
"Nov 4, 2002",27.3,27.74,27.17,27.17,18.46,110600.0,,
"Nov 1, 2002",26.6,27.25,26.6,27.13,18.43,41200.0,,
"Nov 1, 2002",26.6,27.25,26.6,27.13,18.43,41200.0,,
"Oct 31, 2002",27.35,27.35,26.62,26.86,18.24,155300.0,,
"Oct 30, 2002",26.91,27.24,26.88,27.06,18.38,86100.0,,
"Oct 29, 2002",27.1,27.2,26.58,26.88,18.26,234700.0,,
"Oct 28, 2002",27.65,27.65,27.08,27.22,18.49,159600.0,,
"Oct 25, 2002",26.74,27.53,26.74,27.34,18.57,180100.0,,
"Oct 24, 2002",27.4,27.4,26.73,26.85,18.24,104100.0,,
"Oct 23, 2002",27.25,27.33,26.8,27.3,18.54,182600.0,,
"Oct 22, 2002",27.8,27.8,27.24,27.48,18.67,655500.0,,
"Oct 21, 2002",27.7,28.08,27.45,28.0,19.02,77200.0,,
"Oct 18, 2002",27.8,28.08,27.73,27.91,18.96,218500.0,,
"Oct 17, 2002",28.1,28.14,27.65,27.9,18.95,830600.0,,
"Oct 16, 2002",27.55,27.9,27.32,27.56,18.72,267100.0,,
"Oct 15, 2002",27.5,27.56,27.27,27.48,18.67,202100.0,,
"Oct 14, 2002",26.6,27.07,26.6,27.0,18.34,102600.0,,
"Oct 11, 2002",26.3,26.67,26.1,26.31,17.87,142700.0,,
"Oct 10, 2002",25.85,26.04,25.41,26.0,17.66,544700.0,,
"Oct 9, 2002",25.5,25.88,25.48,25.68,17.44,125400.0,,
"Oct 8, 2002",25.6,26.13,25.48,25.95,17.63,81700.0,,
"Oct 7, 2002",25.48,25.82,25.2,25.21,17.12,159000.0,,
"Oct 4, 2002",26.1,26.1,25.27,25.27,17.16,92400.0,,
"Oct 3, 2002",26.1,26.55,25.86,26.09,17.72,427000.0,,
"Oct 2, 2002",26.45,26.58,25.0,26.19,17.79,145600.0,,
"Oct 1, 2002",25.66,26.18,25.48,26.17,17.78,42100.0,,
"Sep 30, 2002",25.01,25.6,25.01,25.38,17.24,545800.0,,
"Sep 27, 2002",26.1,26.34,25.45,25.5,17.32,171300.0,,
"Sep 26, 2002",26.25,26.52,26.1,26.48,17.99,359300.0,,
"Sep 25, 2002",25.6,26.05,25.4,26.02,17.67,87400.0,,
"Sep 24, 2002",25.0,25.45,25.0,25.3,17.19,57100.0,,
"Sep 23, 2002",25.17,25.43,25.05,25.32,17.2,23300.0,,
"Sep 20, 2002",,,,,,,Dividend,0.079
"Sep 20, 2002",25.55,25.65,25.35,25.62,17.4,23300.0,,
"Sep 19, 2002",25.85,26.06,25.46,25.5,17.27,105200.0,,
"Sep 18, 2002",26.1,26.39,25.91,26.39,17.87,45300.0,,
"Sep 17, 2002",27.07,27.07,26.16,26.24,17.77,19400.0,,
"Sep 16, 2002",25.12,26.75,25.12,26.64,18.04,86200.0,,
"Sep 13, 2002",26.23,26.64,26.16,26.64,18.04,23400.0,,
"Sep 12, 2002",26.75,26.75,26.34,26.44,17.9,35200.0,,
"Sep 11, 2002",27.55,27.55,26.9,26.95,18.25,13900.0,,
"Sep 10, 2002",26.67,27.0,26.67,26.9,18.22,22300.0,,
"Sep 9, 2002",26.25,26.87,26.25,26.8,18.15,29300.0,,
"Sep 6, 2002",26.6,26.7,26.47,26.5,17.94,17700.0,,
"Sep 5, 2002",26.3,26.79,26.17,26.5,17.94,31900.0,,
"Sep 4, 2002",26.2,26.86,26.1,26.81,18.15,87400.0,,
"Sep 3, 2002",26.8,26.92,26.01,26.01,17.61,55000.0,,
"Aug 30, 2002",26.87,27.51,26.87,27.14,18.38,41600.0,,
"Aug 29, 2002",26.8,27.4,26.8,27.22,18.43,23100.0,,
"Aug 28, 2002",27.33,27.44,27.02,27.15,18.38,67400.0,,
"Aug 27, 2002",28.28,28.28,27.26,27.37,18.53,36000.0,,
"Aug 26, 2002",28.15,28.19,27.73,28.17,19.08,25500.0,,
"Aug 23, 2002",28.45,28.45,27.86,27.86,18.87,57000.0,,
"Aug 22, 2002",27.65,28.62,27.65,28.6,19.37,41900.0,,
"Aug 21, 2002",27.55,27.77,27.23,27.73,18.78,64300.0,,
"Aug 20, 2002",27.45,27.5,27.24,27.27,18.47,45900.0,,
"Aug 19, 2002",27.25,27.62,27.18,27.62,18.7,54600.0,,
"Aug 16, 2002",27.3,27.45,27.09,27.24,18.45,34200.0,,
"Aug 15, 2002",27.45,27.74,27.23,27.46,18.59,191900.0,,
"Aug 14, 2002",26.25,27.36,25.98,27.27,18.47,41600.0,,
"Aug 13, 2002",27.0,27.17,26.6,26.6,18.01,44200.0,,
"Aug 12, 2002",26.92,27.33,26.8,27.25,18.45,24900.0,,
"Aug 9, 2002",26.95,27.42,26.8,27.21,18.43,52700.0,,
"Aug 8, 2002",26.5,27.3,26.5,27.25,18.45,156000.0,,
"Aug 7, 2002",26.0,26.34,25.68,26.27,17.79,72800.0,,
"Aug 6, 2002",25.4,25.86,25.24,25.42,17.21,64600.0,,
"Aug 5, 2002",25.85,25.92,24.81,24.81,16.8,71900.0,,
"Aug 2, 2002",26.05,26.49,25.62,25.92,17.55,100700.0,,
"Aug 1, 2002",26.7,26.76,26.0,26.13,17.69,37400.0,,
"Jul 31, 2002",25.85,26.88,25.77,26.88,18.2,53100.0,,
"Jul 30, 2002",25.7,26.45,25.55,26.13,17.69,81400.0,,
"Jul 29, 2002",25.37,25.94,25.24,25.94,17.57,117100.0,,
"Jul 26, 2002",24.28,24.83,24.15,24.83,16.81,35700.0,,
"Jul 25, 2002",23.6,24.44,23.5,24.29,16.45,106000.0,,
"Jul 24, 2002",21.75,23.52,21.65,23.49,15.91,36400.0,,
"Jul 23, 2002",22.15,22.56,21.95,22.06,14.94,41000.0,,
"Jul 22, 2002",22.75,23.1,22.29,22.48,15.22,32600.0,,
"Jul 19, 2002",22.9,23.07,22.54,22.67,15.35,47600.0,,
"Jul 18, 2002",24.5,24.5,23.64,23.64,16.01,32700.0,,
"Jul 17, 2002",24.8,24.83,24.47,24.81,16.8,40100.0,,
"Jul 16, 2002",24.35,24.72,24.26,24.28,16.44,39300.0,,
"Jul 15, 2002",24.4,24.45,23.6,24.45,16.56,38200.0,,
"Jul 12, 2002",24.4,24.94,24.09,24.9,16.86,66200.0,,
"Jul 11, 2002",23.53,24.58,23.37,24.58,16.64,174100.0,,
"Jul 10, 2002",25.0,25.08,23.96,24.12,16.33,92700.0,,
"Jul 9, 2002",26.55,26.55,25.23,25.29,17.13,32200.0,,
"Jul 8, 2002",26.6,26.81,26.44,26.5,17.94,154000.0,,
"Jul 5, 2002",26.25,26.85,26.25,26.83,18.17,9700.0,,
"Jul 3, 2002",25.7,25.96,25.52,25.96,17.58,23100.0,,
"Jul 2, 2002",26.56,26.56,25.69,25.92,17.55,114300.0,,
"Jul 1, 2002",27.5,27.5,26.46,26.52,17.96,200500.0,,
"Jun 28, 2002",28.1,28.33,27.55,27.68,18.74,20200.0,,
"Jun 27, 2002",27.7,28.2,27.43,28.2,19.1,103100.0,,
"Jun 26, 2002",26.65,27.5,26.55,27.5,18.62,52700.0,,
"Jun 25, 2002",27.7,27.87,27.05,27.05,18.32,309000.0,,
"Jun 24, 2002",27.4,27.79,26.76,27.48,18.61,544900.0,,
"Jun 21, 2002",,,,,,,Dividend,0.007
"Jun 21, 2002",27.55,27.61,27.27,27.27,18.47,164200.0,,
"Jun 20, 2002",28.7,28.7,27.86,27.86,18.86,16100.0,,
"Jun 19, 2002",28.6,28.89,28.6,28.62,19.38,31300.0,,
"Jun 18, 2002",28.55,28.84,28.55,28.72,19.44,19700.0,,
"Jun 17, 2002",28.25,28.59,28.25,28.59,19.35,101600.0,,
"Jun 17, 2002",28.25,28.59,28.25,28.59,19.35,101600.0,,
"Jun 14, 2002",27.74,27.99,27.18,27.81,18.83,104000.0,,
"Jun 13, 2002",28.37,28.4,28.02,28.02,18.97,83100.0,,
"Jun 12, 2002",28.9,28.9,28.0,28.54,19.32,85400.0,,
"Jun 11, 2002",29.55,29.74,29.14,29.14,19.73,52000.0,,
"Jun 10, 2002",29.2,29.56,29.2,29.36,19.88,35700.0,,
"Jun 7, 2002",28.85,29.36,28.8,29.3,19.84,29000.0,,
"Jun 6, 2002",29.43,29.48,29.02,29.09,19.69,236400.0,,
"Jun 5, 2002",29.2,29.55,29.2,29.49,19.96,48300.0,,
"Jun 4, 2002",29.31,29.42,29.07,29.24,19.79,31400.0,,
"Jun 3, 2002",29.95,29.97,29.31,29.31,19.84,23500.0,,
"May 31, 2002",29.56,29.94,29.56,29.82,20.19,15400.0,,
"May 30, 2002",29.52,29.78,29.38,29.6,20.04,41300.0,,
"May 29, 2002",29.68,29.8,29.54,29.66,20.08,15800.0,,
"May 28, 2002",29.9,29.9,29.47,29.68,20.09,13100.0,,
"May 24, 2002",29.75,29.9,29.71,29.71,20.11,44700.0,,
"May 23, 2002",29.78,29.83,29.47,29.83,20.19,15500.0,,
"May 22, 2002",29.6,29.71,29.33,29.56,20.01,51100.0,,
"May 21, 2002",30.15,30.16,29.64,29.74,20.13,47000.0,,
"May 20, 2002",30.01,30.12,29.81,30.0,20.31,34800.0,,
"May 17, 2002",30.35,30.42,30.15,30.27,20.49,38800.0,,
"May 16, 2002",30.38,30.4,30.19,30.28,20.5,20000.0,,
"May 15, 2002",29.91,30.5,29.91,30.2,20.44,125800.0,,
"May 14, 2002",29.72,29.94,29.51,29.94,20.27,35300.0,,
"May 13, 2002",29.2,29.44,29.07,29.41,19.91,43600.0,,
"May 10, 2002",29.6,29.6,29.0,29.07,19.68,27500.0,,
"May 9, 2002",29.7,29.7,29.45,29.46,19.94,24400.0,,
"May 8, 2002",29.36,29.82,29.3,29.8,20.17,206000.0,,
"May 7, 2002",29.3,29.42,29.07,29.15,19.73,66200.0,,
"May 6, 2002",29.6,29.71,29.09,29.09,19.69,140000.0,,
"May 3, 2002",29.83,29.83,29.4,29.65,20.07,43600.0,,
"May 2, 2002",29.95,30.1,29.75,29.84,20.2,136400.0,,
"May 1, 2002",29.5,30.04,29.34,29.94,20.27,253600.0,,
"Apr 30, 2002",29.05,29.46,28.95,29.41,19.91,80800.0,,
"Apr 29, 2002",29.62,29.7,29.0,29.12,19.71,702900.0,,
"Apr 26, 2002",30.26,30.29,29.75,29.8,20.17,42100.0,,
"Apr 25, 2002",30.1,30.41,30.1,30.29,20.51,20400.0,,
"Apr 24, 2002",30.29,30.51,30.18,30.2,20.44,34200.0,,
"Apr 23, 2002",30.2,30.27,30.0,30.0,20.31,22800.0,,
"Apr 22, 2002",30.45,30.45,30.18,30.22,20.46,39900.0,,
"Apr 19, 2002",30.1,30.43,30.1,30.36,20.55,44600.0,,
"Apr 18, 2002",30.1,30.19,29.66,30.12,20.39,192400.0,,
"Apr 17, 2002",29.8,29.88,29.74,29.81,20.18,164400.0,,
"Apr 16, 2002",29.7,29.78,29.57,29.74,20.13,55000.0,,
"Apr 15, 2002",29.69,29.69,29.45,29.54,20.0,76300.0,,
"Apr 12, 2002",29.7,29.73,29.5,29.56,20.01,27100.0,,
"Apr 11, 2002",29.85,29.98,29.46,29.46,19.94,174000.0,,
"Apr 10, 2002",29.78,30.04,29.65,29.96,20.28,313200.0,,
"Apr 9, 2002",29.75,29.9,29.63,29.69,20.1,90100.0,,
"Apr 8, 2002",29.25,29.66,29.25,29.65,20.07,52900.0,,
"Apr 5, 2002",29.4,29.6,29.23,29.53,19.99,14800.0,,
"Apr 4, 2002",28.85,29.19,28.85,29.18,19.75,27400.0,,
"Apr 3, 2002",29.25,29.25,28.7,28.77,19.48,22800.0,,
"Apr 2, 2002",29.3,29.3,29.06,29.15,19.73,41000.0,,
"Apr 1, 2002",29.1,29.46,28.9,29.32,19.85,24700.0,,
"Mar 28, 2002",29.2,29.64,29.2,29.59,20.03,20400.0,,
"Mar 27, 2002",28.85,29.39,28.85,29.33,19.86,13900.0,,
"Mar 26, 2002",29.2,29.5,28.86,28.9,19.56,76900.0,,
"Mar 25, 2002",29.55,29.65,29.07,29.07,19.68,45400.0,,
"Mar 22, 2002",29.55,29.7,29.35,29.51,19.98,63800.0,,
"Mar 21, 2002",29.9,29.9,29.45,29.67,20.09,73800.0,,
"Mar 20, 2002",29.75,30.09,29.75,29.86,20.21,24200.0,,
"Mar 19, 2002",30.1,30.1,29.8,29.85,20.21,82700.0,,
"Mar 18, 2002",29.85,30.0,29.65,29.88,20.23,41200.0,,
"Mar 15, 2002",,,,,,,Dividend,0.013
"Mar 15, 2002",29.34,29.73,29.2,29.62,20.05,70700.0,,
"Mar 14, 2002",28.95,29.2,28.95,29.1,19.69,14300.0,,
"Mar 13, 2002",29.0,29.1,28.85,28.9,19.56,31700.0,,
"Mar 12, 2002",28.9,29.14,28.89,29.0,19.62,39900.0,,
"Mar 11, 2002",29.2,29.25,29.0,29.1,19.69,37600.0,,
"Mar 8, 2002",29.3,29.37,29.01,29.24,19.79,46700.0,,
"Mar 7, 2002",29.18,29.24,28.76,28.94,19.58,44800.0,,
"Mar 6, 2002",28.95,29.3,28.89,29.16,19.73,107200.0,,
"Mar 5, 2002",28.85,29.14,28.76,28.76,19.46,108100.0,,
"Mar 4, 2002",28.6,28.8,28.4,28.8,19.49,140400.0,,
"Mar 1, 2002",28.05,28.51,27.91,28.51,19.29,130200.0,,
"Feb 28, 2002",27.9,28.19,27.8,27.98,18.93,21100.0,,
"Feb 27, 2002",28.0,28.13,27.71,27.9,18.88,24000.0,,
"Feb 26, 2002",28.01,28.2,27.8,28.0,18.95,23300.0,,
"Feb 25, 2002",27.8,28.09,27.6,28.08,19.0,27200.0,,
"Feb 22, 2002",27.35,27.64,27.26,27.6,18.68,16800.0,,
"Feb 21, 2002",27.48,27.75,27.35,27.35,18.51,15300.0,,
"Feb 20, 2002",27.05,27.55,27.0,27.55,18.64,22200.0,,
"Feb 19, 2002",27.25,27.4,26.9,26.9,18.2,58900.0,,
"Feb 15, 2002",27.8,27.8,27.35,27.35,18.51,19900.0,,
"Feb 14, 2002",27.85,28.0,27.7,27.78,18.8,33500.0,,
"Feb 13, 2002",27.55,27.95,27.4,27.7,18.74,209800.0,,
"Feb 12, 2002",27.4,27.54,27.16,27.25,18.44,34700.0,,
"Feb 11, 2002",27.25,27.54,27.25,27.5,18.61,121200.0,,
"Feb 8, 2002",26.8,27.25,26.77,27.25,18.44,20800.0,,
"Feb 7, 2002",26.4,26.95,26.4,26.7,18.07,50600.0,,
"Feb 6, 2002",26.45,26.49,26.19,26.19,17.72,13800.0,,
"Feb 5, 2002",26.1,26.44,26.1,26.33,17.82,70600.0,,
"Feb 4, 2002",26.58,26.58,26.05,26.19,17.72,35100.0,,
"Feb 1, 2002",27.05,27.05,26.7,26.7,18.07,24200.0,,
"Jan 31, 2002",26.75,26.85,26.6,26.75,18.1,56900.0,,
"Jan 30, 2002",26.35,26.55,25.85,26.48,17.92,34800.0,,
"Jan 29, 2002",26.95,27.05,26.4,26.59,17.99,32700.0,,
"Jan 28, 2002",26.95,27.1,26.88,27.1,18.34,47700.0,,
"Jan 25, 2002",26.95,27.2,26.85,27.05,18.3,28900.0,,
"Jan 25, 2002",26.95,27.2,26.85,27.05,18.3,28900.0,,
"Jan 24, 2002",26.8,27.15,26.8,27.02,18.28,60900.0,,
"Jan 23, 2002",26.95,26.95,26.51,26.8,18.14,908500.0,,
"Jan 22, 2002",27.0,27.09,26.68,26.9,18.2,1036000.0,,
"Jan 18, 2002",26.95,27.2,26.9,26.97,18.25,20600.0,,
"Jan 17, 2002",27.2,27.2,26.8,27.18,18.39,58800.0,,
"Jan 16, 2002",27.45,27.57,27.0,27.01,18.28,86000.0,,
"Jan 15, 2002",27.6,27.73,27.41,27.69,18.74,14900.0,,
"Jan 14, 2002",27.4,27.6,27.31,27.35,18.51,77400.0,,
"Jan 11, 2002",27.6,27.75,27.55,27.55,18.64,5300.0,,
"Jan 10, 2002",27.65,27.79,27.45,27.73,18.76,10000.0,,
"Jan 9, 2002",27.7,28.09,27.62,27.65,18.71,20100.0,,
"Jan 8, 2002",27.44,27.95,27.44,27.8,18.81,33200.0,,
"Jan 7, 2002",28.05,28.1,27.65,27.65,18.71,25600.0,,
"Jan 4, 2002",27.64,27.8,27.43,27.62,18.69,51000.0,,
"Jan 3, 2002",27.2,27.3,27.05,27.3,18.47,9300.0,,
"Jan 2, 2002",27.2,27.2,26.8,27.18,18.39,182900.0,,
"Dec 31, 2001",27.3,27.5,26.95,26.95,18.24,27100.0,,
"Dec 28, 2001",27.11,27.49,27.11,27.37,18.52,28600.0,,
"Dec 27, 2001",26.75,27.12,26.75,27.1,18.34,375200.0,,
"Dec 26, 2001",26.75,27.0,26.72,26.8,18.14,30400.0,,
"Dec 24, 2001",26.51,26.8,26.51,26.6,18.0,4200.0,,
"Dec 21, 2001",,,,,,,Dividend,0.047
"Dec 21, 2001",26.55,26.65,26.35,26.48,17.92,80900.0,,
"Dec 20, 2001",26.65,26.85,26.57,26.57,17.95,21300.0,,
"Dec 19, 2001",26.7,27.09,26.7,26.9,18.17,16000.0,,
"Dec 18, 2001",26.75,27.05,26.75,27.04,18.27,66400.0,,
"Dec 17, 2001",26.55,26.7,26.4,26.65,18.0,10000.0,,
"Dec 14, 2001",26.45,26.68,26.25,26.4,17.83,62200.0,,
"Dec 13, 2001",26.65,26.87,26.45,26.45,17.87,22800.0,,
"Dec 12, 2001",27.05,27.2,26.85,27.03,18.26,34000.0,,
"Dec 11, 2001",26.99,27.4,26.95,27.15,18.34,29000.0,,
"Dec 10, 2001",27.5,27.54,26.85,26.96,18.21,30200.0,,
"Dec 7, 2001",27.7,27.9,27.46,27.59,18.64,11100.0,,
"Dec 6, 2001",27.65,28.03,27.55,27.75,18.74,31000.0,,
"Dec 5, 2001",26.96,27.8,26.96,27.65,18.68,33900.0,,
"Dec 4, 2001",26.3,26.72,26.3,26.72,18.05,17700.0,,
"Dec 3, 2001",26.2,26.55,26.14,26.38,17.82,7200.0,,
"Nov 30, 2001",26.25,26.6,26.2,26.36,17.81,25200.0,,
"Nov 29, 2001",26.15,26.25,25.9,26.25,17.73,21800.0,,
"Nov 28, 2001",26.28,26.45,26.1,26.19,17.69,38600.0,,
"Nov 27, 2001",26.65,26.8,26.4,26.6,17.97,87100.0,,
"Nov 26, 2001",26.6,26.75,26.5,26.69,18.03,34600.0,,
"Nov 23, 2001",26.15,26.5,26.15,26.35,17.8,59300.0,,
"Nov 21, 2001",26.3,26.3,26.0,26.24,17.72,12700.0,,
"Nov 20, 2001",26.55,26.73,26.37,26.5,17.9,10100.0,,
"Nov 19, 2001",26.45,26.67,26.3,26.5,17.9,77800.0,,
"Nov 16, 2001",26.4,26.4,25.9,26.05,17.6,25200.0,,
"Nov 15, 2001",26.0,26.35,25.85,26.05,17.6,115100.0,,
"Nov 14, 2001",26.1,26.1,25.7,25.75,17.39,11400.0,,
"Nov 13, 2001",25.0,25.56,25.0,25.45,17.19,17100.0,,
"Nov 12, 2001",24.3,24.79,24.15,24.73,16.7,32300.0,,
"Nov 9, 2001",24.5,24.83,24.5,24.67,16.66,19200.0,,
"Nov 8, 2001",24.8,25.0,24.63,24.82,16.77,18400.0,,
"Nov 7, 2001",24.67,24.73,24.5,24.61,16.62,5600.0,,
"Nov 6, 2001",24.6,24.75,24.35,24.75,16.72,35100.0,,
"Nov 5, 2001",24.4,24.7,24.3,24.45,16.52,27200.0,,
"Nov 2, 2001",24.0,24.3,24.0,24.08,16.27,569000.0,,
"Nov 1, 2001",23.47,23.95,23.47,23.95,16.18,5300.0,,
"Oct 31, 2001",23.5,23.75,23.45,23.62,15.95,11200.0,,
"Oct 30, 2001",23.5,23.56,23.26,23.31,15.75,5200.0,,
"Oct 29, 2001",24.02,24.13,23.64,23.64,15.97,17600.0,,
"Oct 26, 2001",24.0,24.45,24.0,24.26,16.39,8300.0,,
"Oct 25, 2001",23.55,24.2,23.55,24.05,16.25,6800.0,,
"Oct 24, 2001",24.35,24.35,23.9,23.91,16.15,15200.0,,
"Oct 23, 2001",24.33,24.65,24.16,24.3,16.41,32000.0,,
"Oct 22, 2001",23.55,24.15,23.55,24.15,16.31,13200.0,,
"Oct 19, 2001",23.4,23.65,23.36,23.49,15.87,24100.0,,
"Oct 18, 2001",23.75,23.75,23.5,23.57,15.92,13700.0,,
"Oct 17, 2001",24.7,24.85,23.95,23.95,16.18,45100.0,,
"Oct 16, 2001",24.5,24.85,24.45,24.69,16.68,29000.0,,
"Oct 15, 2001",24.2,24.45,24.1,24.45,16.52,7800.0,,
"Oct 12, 2001",24.5,24.52,23.9,24.36,16.45,19400.0,,
"Oct 11, 2001",24.4,24.78,24.4,24.58,16.6,33600.0,,
"Oct 10, 2001",23.25,24.01,23.25,24.01,16.22,900.0,,
"Oct 9, 2001",23.4,23.52,23.3,23.5,15.87,48700.0,,
"Oct 8, 2001",23.71,23.83,23.53,23.72,16.02,34600.0,,
"Oct 5, 2001",24.1,24.16,23.72,23.9,16.14,10200.0,,
"Oct 4, 2001",24.3,24.45,24.1,24.16,16.32,31300.0,,
"Oct 3, 2001",23.25,24.31,23.25,24.23,16.37,149100.0,,
"Oct 2, 2001",23.16,23.51,23.16,23.36,15.78,22500.0,,
"Oct 1, 2001",23.5,23.5,23.06,23.06,15.58,13100.0,,
"Sep 28, 2001",23.43,23.5,23.27,23.5,15.87,17900.0,,
"Sep 27, 2001",22.75,23.05,22.51,23.04,15.56,7400.0,,
"Sep 26, 2001",22.8,22.99,22.5,22.69,15.33,32500.0,,
"Sep 25, 2001",22.72,22.8,22.32,22.48,15.18,39400.0,,
"Sep 24, 2001",22.6,22.75,22.51,22.64,15.29,1752100.0,,
"Sep 21, 2001",,,,,,,Dividend,0.009
"Sep 21, 2001",21.0,22.1,21.0,21.96,14.83,43600.0,,
"Sep 20, 2001",22.75,22.75,21.75,21.9,14.79,17800.0,,
"Sep 19, 2001",23.05,23.36,22.16,22.77,15.37,39600.0,,
"Sep 18, 2001",23.45,23.58,23.0,23.15,15.63,20000.0,,
"Sep 17, 2001",24.0,24.5,23.28,23.58,15.92,35000.0,,
"Sep 10, 2001",25.7,26.21,25.64,25.73,17.37,24000.0,,
"Sep 7, 2001",26.35,26.44,25.8,26.07,17.6,25800.0,,
"Sep 6, 2001",27.1,27.1,26.59,26.59,17.95,20200.0,,
"Sep 5, 2001",27.38,27.45,27.1,27.39,18.49,22800.0,,
"Sep 4, 2001",27.45,28.01,27.37,27.37,18.48,132700.0,,
"Aug 31, 2001",27.2,27.57,27.2,27.49,18.56,181100.0,,
"Aug 30, 2001",27.93,27.93,27.16,27.23,18.39,22500.0,,
"Aug 30, 2001",27.93,27.93,27.16,27.23,18.39,22500.0,,
"Aug 29, 2001",28.2,28.25,27.8,27.8,18.77,28700.0,,
"Aug 28, 2001",28.4,28.48,28.05,28.05,18.94,18600.0,,
"Aug 27, 2001",28.75,28.8,28.45,28.45,19.21,11500.0,,
"Aug 24, 2001",28.47,28.89,28.36,28.81,19.45,10800.0,,
"Aug 23, 2001",28.25,28.37,28.2,28.3,19.11,41400.0,,
"Aug 22, 2001",28.2,28.38,28.03,28.15,19.01,81300.0,,
"Aug 21, 2001",28.25,28.5,28.19,28.26,19.08,16400.0,,
"Aug 20, 2001",27.95,28.2,27.94,28.1,18.97,18800.0,,
"Aug 17, 2001",27.85,28.07,27.81,27.89,18.83,11800.0,,
"Aug 16, 2001",27.95,28.2,27.88,28.2,19.04,5300.0,,
"Aug 15, 2001",28.55,28.55,28.05,28.06,18.95,19600.0,,
"Aug 14, 2001",28.76,28.79,28.45,28.45,19.21,4500.0,,
"Aug 13, 2001",28.63,28.84,28.63,28.82,19.46,8000.0,,
"Aug 10, 2001",28.55,28.85,28.29,28.6,19.31,23800.0,,
"Aug 9, 2001",28.4,28.6,28.3,28.55,19.28,21400.0,,
"Aug 8, 2001",28.74,29.09,28.5,28.68,19.36,5500.0,,
"Aug 7, 2001",28.9,29.01,28.83,28.88,19.5,18500.0,,
"Aug 6, 2001",29.03,29.03,28.8,28.8,19.45,4200.0,,
"Aug 3, 2001",29.06,29.06,28.85,28.99,19.57,3100.0,,
"Aug 2, 2001",29.1,29.3,29.02,29.23,19.74,13300.0,,
"Aug 1, 2001",28.85,29.18,28.85,28.93,19.53,20700.0,,
"Jul 31, 2001",29.15,29.3,28.96,28.96,19.55,11900.0,,
"Jul 30, 2001",29.12,29.19,28.95,29.17,19.7,12500.0,,
"Jul 27, 2001",29.0,29.18,28.95,29.17,19.7,8600.0,,
"Jul 26, 2001",28.9,29.13,28.7,29.13,19.67,12300.0,,
"Jul 25, 2001",27.98,28.51,27.98,28.3,19.11,10900.0,,
"Jul 24, 2001",28.4,28.4,27.89,28.14,19.0,21300.0,,
"Jul 23, 2001",28.7,28.83,28.27,28.27,19.09,11400.0,,
"Jul 20, 2001",28.85,28.97,28.73,28.83,19.47,10800.0,,
"Jul 19, 2001",29.1,29.19,28.58,28.76,19.42,17100.0,,
"Jul 18, 2001",29.03,29.16,28.72,28.93,19.53,4900.0,,
"Jul 17, 2001",28.92,29.28,28.92,29.22,19.73,9500.0,,
"Jul 16, 2001",29.16,29.17,28.84,29.02,19.59,18700.0,,
"Jul 13, 2001",28.92,29.16,28.73,29.16,19.69,13400.0,,
"Jul 12, 2001",28.63,28.96,28.63,28.96,19.55,3300.0,,
"Jul 11, 2001",28.45,28.7,28.34,28.68,19.36,14500.0,,
"Jul 10, 2001",28.94,28.94,28.52,28.7,19.38,28800.0,,
"Jul 9, 2001",28.74,28.93,28.7,28.7,19.38,6100.0,,
"Jul 6, 2001",29.3,29.3,28.7,28.86,19.49,20100.0,,
"Jul 5, 2001",29.66,29.68,29.41,29.41,19.86,13200.0,,
"Jul 3, 2001",29.72,29.76,29.58,29.76,20.09,3500.0,,
"Jul 2, 2001",29.55,29.86,29.39,29.76,20.09,5600.0,,
"Jun 29, 2001",29.2,29.77,29.2,29.55,19.95,19600.0,,
"Jun 28, 2001",29.33,29.67,29.26,29.42,19.86,12400.0,,
"Jun 27, 2001",28.73,29.22,28.73,29.2,19.72,33600.0,,
"Jun 26, 2001",29.0,29.0,28.73,28.73,19.4,31600.0,,
"Jun 25, 2001",29.04,29.18,28.97,29.18,19.7,5100.0,,
"Jun 22, 2001",29.3,29.36,29.01,29.11,19.66,6800.0,,
"Jun 21, 2001",29.16,29.55,29.16,29.49,19.91,7400.0,,
"Jun 20, 2001",28.5,29.2,28.5,29.16,19.69,4600.0,,
"Jun 19, 2001",28.6,28.84,28.51,28.54,19.27,8100.0,,
"Jun 18, 2001",28.9,28.9,28.46,28.46,19.22,10900.0,,
"Jun 15, 2001",,,,,,,Dividend,0.012
"Jun 15, 2001",28.7,29.0,28.45,28.9,19.51,56100.0,,
"Jun 14, 2001",29.32,29.4,28.99,28.99,19.57,3400.0,,
"Jun 13, 2001",29.68,29.88,29.5,29.54,19.94,9300.0,,
"Jun 12, 2001",29.45,29.85,29.26,29.68,20.03,7700.0,,
"Jun 11, 2001",29.85,29.9,29.57,29.75,20.08,12500.0,,
"Jun 8, 2001",30.05,30.05,29.66,29.9,20.18,7500.0,,
"Jun 7, 2001",29.91,30.08,29.8,30.06,20.29,4300.0,,
"Jun 6, 2001",30.18,30.18,29.83,29.89,20.17,9800.0,,
"Jun 5, 2001",29.92,30.13,29.85,30.13,20.34,93200.0,,
"Jun 4, 2001",29.86,29.94,29.63,29.85,20.15,6800.0,,
"Jun 1, 2001",29.8,29.85,29.5,29.81,20.12,15600.0,,
"May 31, 2001",29.72,29.9,29.58,29.9,20.18,5000.0,,
"May 30, 2001",30.05,30.1,29.65,29.91,20.19,18100.0,,
"May 29, 2001",30.0,30.16,29.9,30.01,20.25,5300.0,,
"May 25, 2001",30.31,30.31,30.08,30.24,20.41,17000.0,,
"May 24, 2001",30.2,30.46,30.14,30.46,20.56,10600.0,,
"May 23, 2001",30.5,30.5,30.06,30.09,20.31,8800.0,,
"May 22, 2001",30.5,30.81,30.5,30.6,20.65,8900.0,,
"May 21, 2001",30.16,30.68,30.07,30.56,20.63,68500.0,,
"May 18, 2001",30.08,30.1,29.73,30.1,20.32,9400.0,,
"May 17, 2001",29.85,30.21,29.85,30.02,20.26,19600.0,,
"May 16, 2001",28.96,29.83,28.92,29.76,20.09,17300.0,,
"May 15, 2001",28.75,29.12,28.7,28.96,19.55,69600.0,,
"May 14, 2001",29.06,29.06,28.74,28.83,19.46,22600.0,,
"May 11, 2001",29.0,29.04,28.78,28.96,19.55,14100.0,,
"May 10, 2001",28.81,28.99,28.76,28.82,19.45,8300.0,,
"May 9, 2001",28.39,28.69,28.33,28.63,19.32,8200.0,,
"May 8, 2001",28.86,28.86,28.42,28.45,19.2,7800.0,,
"May 7, 2001",28.8,29.05,28.74,28.93,19.53,15900.0,,
"May 4, 2001",28.54,28.94,28.44,28.86,19.48,11300.0,,
"May 3, 2001",28.96,28.96,28.6,28.77,19.42,14000.0,,
"May 2, 2001",29.11,29.34,28.97,29.34,19.8,19000.0,,
"May 1, 2001",28.89,29.32,28.75,29.25,19.74,18600.0,,
"Apr 30, 2001",28.98,29.26,28.7,28.8,19.44,20000.0,,
"Apr 27, 2001",28.82,28.87,28.52,28.8,19.44,10600.0,,
"Apr 26, 2001",28.76,29.18,28.6,29.08,19.63,33300.0,,
"Apr 25, 2001",28.14,28.72,28.14,28.72,19.38,14700.0,,
"Apr 24, 2001",28.32,28.63,28.27,28.39,19.16,8007800.0,,
"Apr 23, 2001",28.88,28.88,28.31,28.31,19.11,13000.0,,
"Apr 20, 2001",28.97,28.98,28.64,28.98,19.56,14700.0,,
"Apr 19, 2001",28.82,29.01,28.62,28.9,19.51,7300.0,,
"Apr 18, 2001",27.86,29.1,27.86,28.87,19.49,12900.0,,
"Apr 17, 2001",27.53,27.76,27.34,27.76,18.74,4400.0,,
"Apr 16, 2001",27.38,27.51,27.2,27.29,18.42,4300.0,,
"Apr 12, 2001",27.05,27.27,26.87,27.1,18.29,8100.0,,
"Apr 11, 2001",27.48,27.48,26.91,27.12,18.3,8400.0,,
"Apr 11, 2001",27.48,27.48,26.91,27.12,18.3,8400.0,,
"Apr 10, 2001",27.08,27.54,27.03,27.45,18.53,12700.0,,
"Apr 9, 2001",26.8,27.0,26.74,26.92,18.17,4700.0,,
"Apr 6, 2001",26.55,26.84,26.44,26.59,17.95,12900.0,,
"Apr 5, 2001",26.3,26.83,26.3,26.71,18.03,5000.0,,
"Apr 4, 2001",25.95,26.06,25.74,26.06,17.59,7500.0,,
"Apr 3, 2001",26.25,26.25,25.7,25.9,17.48,29400.0,,
"Apr 2, 2001",26.95,27.25,26.49,26.49,17.88,3000.0,,
"Mar 30, 2001",26.84,27.0,26.7,26.82,18.1,14700.0,,
"Mar 29, 2001",26.47,27.02,26.47,26.8,18.09,13500.0,,
"Mar 28, 2001",26.3,26.65,26.3,26.47,17.87,2400.0,,
"Mar 27, 2001",26.59,27.03,26.59,27.03,18.24,7800.0,,
"Mar 26, 2001",26.0,26.43,26.0,26.25,17.72,8700.0,,
"Mar 23, 2001",25.46,25.8,25.21,25.8,17.41,18600.0,,
"Mar 22, 2001",25.63,25.7,24.55,25.23,17.03,45600.0,,
"Mar 21, 2001",26.4,26.4,25.69,25.8,17.41,44700.0,,
"Mar 20, 2001",27.18,27.4,26.5,26.5,17.89,10200.0,,
"Mar 19, 2001",26.9,27.08,26.83,27.07,18.27,15100.0,,
"Mar 16, 2001",,,,,,,Dividend,0.005
"Mar 16, 2001",27.45,27.45,26.92,27.07,18.27,10200.0,,
"Mar 15, 2001",26.9,27.44,26.76,27.44,18.52,14400.0,,
"Mar 14, 2001",26.4,27.02,26.3,26.65,17.98,51000.0,,
"Mar 13, 2001",27.18,27.21,26.66,27.17,18.33,56800.0,,
"Mar 12, 2001",27.84,27.86,27.06,27.16,18.33,23300.0,,
"Mar 9, 2001",28.61,28.63,28.28,28.59,19.29,27300.0,,
"Mar 8, 2001",28.55,28.84,28.55,28.84,19.46,18200.0,,
"Mar 7, 2001",28.8,28.8,28.54,28.68,19.35,5000.0,,
"Mar 6, 2001",28.54,28.74,28.49,28.55,19.27,5200.0,,
"Mar 5, 2001",28.75,28.75,28.45,28.45,19.2,4600.0,,
"Mar 2, 2001",28.35,28.77,28.26,28.61,19.31,5600.0,,
"Mar 1, 2001",28.53,28.66,28.48,28.56,19.27,16900.0,,
"Feb 28, 2001",29.0,29.0,28.64,28.66,19.34,8000.0,,
"Feb 27, 2001",28.7,29.13,28.5,29.04,19.6,9200.0,,
"Feb 26, 2001",28.5,28.75,28.34,28.53,19.25,8000.0,,
"Feb 23, 2001",28.4,28.4,27.79,28.38,19.15,62400.0,,
"Feb 22, 2001",28.98,29.01,28.46,28.46,19.2,36900.0,,
"Feb 21, 2001",29.3,29.38,29.0,29.01,19.58,12700.0,,
"Feb 20, 2001",29.42,29.47,29.1,29.16,19.68,13700.0,,
"Feb 16, 2001",29.42,29.42,29.13,29.19,19.7,8500.0,,
"Feb 15, 2001",29.42,29.46,29.25,29.32,19.79,17100.0,,
"Feb 14, 2001",29.5,29.5,28.89,29.2,19.7,5600.0,,
"Feb 13, 2001",29.6,29.85,29.52,29.52,19.92,17600.0,,
"Feb 12, 2001",29.2,29.64,29.2,29.49,19.9,14600.0,,
"Feb 9, 2001",29.46,29.46,29.08,29.25,19.74,10600.0,,
"Feb 8, 2001",29.75,29.85,29.53,29.73,20.06,510300.0,,
"Feb 7, 2001",29.48,29.85,29.46,29.55,19.94,19100.0,,
"Feb 6, 2001",29.48,29.57,29.27,29.27,19.75,21100.0,,
"Feb 5, 2001",29.23,29.46,29.18,29.24,19.73,15100.0,,
"Feb 2, 2001",29.65,29.65,29.06,29.26,19.74,123200.0,,
"Feb 1, 2001",29.5,29.64,29.3,29.61,19.98,22400.0,,
"Jan 31, 2001",29.3,29.52,29.22,29.22,19.72,20200.0,,
"Jan 30, 2001",29.4,29.68,29.04,29.4,19.84,229800.0,,
"Jan 29, 2001",29.11,29.49,28.91,29.46,19.88,34900.0,,
"Jan 26, 2001",29.03,29.03,28.53,28.98,19.56,221300.0,,
"Jan 25, 2001",29.25,29.41,29.02,29.28,19.76,7700.0,,
"Jan 24, 2001",29.39,29.69,29.19,29.33,19.79,24700.0,,
"Jan 23, 2001",29.13,29.61,29.0,29.61,19.98,13000.0,,
"Jan 22, 2001",28.78,29.13,28.78,28.94,19.53,11000.0,,
"Jan 19, 2001",29.69,29.69,29.14,29.14,19.66,19200.0,,
"Jan 18, 2001",29.75,29.91,29.63,29.88,20.16,10100.0,,
"Jan 17, 2001",30.09,30.25,29.75,29.97,20.22,47900.0,,
"Jan 16, 2001",29.31,29.75,29.13,29.75,20.08,50600.0,,
"Jan 12, 2001",29.3,29.53,29.06,29.44,19.86,39900.0,,
"Jan 11, 2001",29.13,29.34,28.84,29.05,19.6,36500.0,,
"Jan 10, 2001",28.09,28.59,28.09,28.41,19.17,8300.0,,
"Jan 9, 2001",28.0,28.25,27.89,28.19,19.02,12600.0,,
"Jan 8, 2001",28.19,28.19,27.39,27.84,18.79,9500.0,,
"Jan 5, 2001",28.41,28.53,28.13,28.25,19.06,43300.0,,
"Jan 4, 2001",28.44,29.13,28.31,29.03,19.59,44300.0,,
"Jan 3, 2001",26.53,28.63,26.53,28.2,19.03,177400.0,,
"Jan 2, 2001",27.0,27.28,26.14,26.14,17.64,9400.0,,
"Dec 29, 2000",27.41,27.66,27.25,27.25,18.39,34100.0,,
"Dec 28, 2000",26.88,27.56,26.88,27.56,18.6,10400.0,,
"Dec 27, 2000",26.75,27.09,26.75,27.09,18.28,14400.0,,
"Dec 26, 2000",27.16,27.28,26.72,27.0,18.22,16500.0,,
"Dec 22, 2000",26.72,27.03,26.63,26.95,18.19,10200.0,,
"Dec 21, 2000",26.22,26.53,25.97,26.5,17.88,25800.0,,
"Dec 20, 2000",26.63,26.91,26.16,26.31,17.76,94400.0,,
"Dec 19, 2000",27.69,28.09,27.56,27.56,18.6,29600.0,,
"Dec 18, 2000",,,,,,,Dividend,0.005
"Dec 18, 2000",27.92,28.0,27.31,27.53,18.58,12800.0,,
"Dec 15, 2000",27.72,28.02,27.47,27.69,18.68,10300.0,,
"Dec 14, 2000",28.41,28.59,28.19,28.41,19.17,9300.0,,
"Dec 13, 2000",28.66,28.81,28.53,28.66,19.33,7200.0,,
"Dec 12, 2000",28.13,28.56,28.13,28.5,19.23,7600.0,,
"Dec 11, 2000",28.09,28.5,27.91,28.44,19.19,6600.0,,
"Dec 8, 2000",28.13,28.38,27.94,28.14,18.99,45300.0,,
"Dec 7, 2000",27.81,27.81,27.5,27.55,18.59,5000.0,,
"Dec 6, 2000",28.13,28.22,27.91,28.02,18.9,10700.0,,
"Dec 5, 2000",27.09,27.84,27.09,27.72,18.7,14600.0,,
"Dec 4, 2000",26.94,27.13,26.91,27.02,18.23,25500.0,,
"Dec 1, 2000",26.88,27.34,26.88,27.0,18.22,7400.0,,
"Nov 30, 2000",26.75,27.0,26.38,26.81,18.09,6100.0,,
"Nov 29, 2000",27.06,27.22,26.84,27.06,18.26,120200.0,,
"Nov 28, 2000",27.38,27.59,27.0,27.0,18.22,19800.0,,
"Nov 27, 2000",27.59,27.59,27.31,27.34,18.45,5000.0,,
"Nov 24, 2000",26.72,27.19,26.72,27.17,18.33,9400.0,,
"Nov 22, 2000",27.13,27.14,26.94,27.05,18.25,3500.0,,
"Nov 21, 2000",27.06,27.31,27.0,27.31,18.43,8200.0,,
"Nov 20, 2000",27.97,28.09,27.72,27.97,18.87,3500.0,,
"Nov 20, 2000",27.97,28.09,27.72,27.97,18.87,3500.0,,
"Nov 17, 2000",28.25,28.64,27.97,28.13,18.98,11500.0,,
"Nov 16, 2000",28.66,28.67,28.31,28.31,19.1,3700.0,,
"Nov 15, 2000",28.63,28.75,28.36,28.66,19.33,4000.0,,
"Nov 14, 2000",28.19,28.56,28.16,28.52,19.24,8600.0,,
"Nov 13, 2000",27.88,28.0,27.53,27.84,18.79,21200.0,,
"Nov 10, 2000",28.38,28.67,28.38,28.45,19.2,11200.0,,
"Nov 9, 2000",29.16,29.16,28.16,28.56,19.27,14700.0,,
"Nov 8, 2000",30.25,30.38,29.94,29.94,20.2,14800.0,,
"Nov 7, 2000",29.97,30.19,29.84,30.19,20.37,29100.0,,
"Nov 6, 2000",29.81,30.19,29.81,30.06,20.28,9100.0,,
"Nov 3, 2000",30.0,30.08,29.84,29.86,20.15,5400.0,,
"Nov 2, 2000",29.63,29.97,29.63,29.97,20.22,16200.0,,
"Nov 1, 2000",29.55,29.7,29.34,29.7,20.04,5900.0,,
"Oct 31, 2000",29.03,29.5,28.69,29.5,19.9,22700.0,,
"Oct 30, 2000",28.56,28.84,28.25,28.84,19.46,3700.0,,
"Oct 27, 2000",27.94,28.3,27.94,28.3,19.09,3000.0,,
"Oct 26, 2000",28.06,28.19,27.64,28.05,18.92,4800.0,,
"Oct 25, 2000",28.25,28.27,27.66,27.66,18.66,5800.0,,
"Oct 24, 2000",28.31,28.81,28.06,28.16,19.0,103300.0,,
"Oct 23, 2000",27.94,28.19,27.84,28.09,18.95,4000.0,,
"Oct 20, 2000",27.39,28.28,27.39,27.69,18.68,11400.0,,
"Oct 19, 2000",27.06,27.19,26.84,27.13,18.3,8100.0,,
"Oct 18, 2000",25.38,27.0,25.19,26.81,18.09,8700.0,,
"Oct 17, 2000",27.66,27.84,26.13,26.38,17.79,13500.0,,
"Oct 16, 2000",27.84,27.94,27.66,27.75,18.72,6400.0,,
"Oct 13, 2000",27.25,28.33,27.09,28.02,18.9,5700.0,,
"Oct 12, 2000",28.59,28.59,27.38,27.5,18.55,7900.0,,
"Oct 11, 2000",28.91,29.05,28.44,28.45,19.2,29100.0,,
"Oct 10, 2000",29.16,29.58,29.16,29.19,19.69,2000.0,,
"Oct 9, 2000",29.28,29.28,29.08,29.16,19.67,9400.0,,
"Oct 6, 2000",30.13,30.13,29.34,29.34,19.8,3700.0,,
"Oct 5, 2000",29.94,30.47,29.88,30.05,20.27,19900.0,,
"Oct 4, 2000",29.63,29.78,29.41,29.78,20.09,1700.0,,
"Oct 3, 2000",29.63,29.81,29.44,29.55,19.93,15900.0,,
"Oct 2, 2000",29.25,29.44,29.22,29.44,19.86,4000.0,,
"Sep 29, 2000",29.03,29.06,28.88,29.06,19.61,2600.0,,
"Sep 28, 2000",28.56,29.14,28.5,29.14,19.66,56300.0,,
"Sep 27, 2000",28.63,28.69,28.31,28.31,19.1,7200.0,,
"Sep 26, 2000",28.97,28.97,28.69,28.8,19.43,5400.0,,
"Sep 25, 2000",28.66,28.94,28.66,28.8,19.43,7100.0,,
"Sep 22, 2000",28.34,28.38,28.0,28.38,19.14,4800.0,,
"Sep 21, 2000",28.41,28.63,28.14,28.63,19.31,12100.0,,
"Sep 20, 2000",28.67,28.67,28.13,28.36,19.13,14700.0,,
"Sep 19, 2000",28.97,29.03,28.77,28.92,19.51,13000.0,,
"Sep 18, 2000",29.38,29.5,28.97,29.11,19.64,50300.0,,
"Sep 15, 2000",29.52,29.52,29.16,29.16,19.67,21900.0,,
"Sep 14, 2000",29.67,29.67,29.28,29.28,19.76,43100.0,,
"Sep 13, 2000",29.31,29.59,29.14,29.59,19.97,14300.0,,
"Sep 12, 2000",29.41,29.53,29.13,29.28,19.76,561400.0,,
"Sep 11, 2000",29.16,29.5,29.06,29.3,19.77,536300.0,,
"Sep 8, 2000",29.31,29.47,29.19,29.19,19.69,956100.0,,
"Sep 7, 2000",29.59,29.59,29.13,29.17,19.68,37500.0,,
"Sep 6, 2000",29.53,29.78,29.41,29.41,19.84,36400.0,,
"Sep 5, 2000",30.0,30.0,29.27,29.53,19.92,436100.0,,
"Sep 1, 2000",30.03,30.28,30.03,30.13,20.32,68400.0,,
"Aug 31, 2000",30.25,30.44,30.13,30.16,20.35,3700.0,,
"Aug 30, 2000",30.14,30.45,30.14,30.34,20.47,9500.0,,
"Aug 29, 2000",30.14,30.34,30.05,30.14,20.34,23800.0,,
"Aug 28, 2000",30.22,30.22,29.95,30.0,20.24,13100.0,,
"Aug 25, 2000",30.0,30.3,30.0,30.3,20.44,5300.0,,
"Aug 24, 2000",30.0,30.0,29.75,29.8,20.1,2100.0,,
"Aug 23, 2000",29.78,30.05,29.72,29.88,20.16,41100.0,,
"Aug 22, 2000",29.97,29.97,29.81,29.84,20.14,3800.0,,
"Aug 21, 2000",30.13,30.31,30.13,30.22,20.39,3800.0,,
"Aug 18, 2000",30.03,30.13,29.95,30.13,20.32,2100.0,,
"Aug 17, 2000",29.91,30.22,29.91,30.13,20.32,60400.0,,
"Aug 16, 2000",30.41,30.41,29.78,29.84,20.14,3700.0,,
"Aug 15, 2000",30.28,30.66,30.06,30.28,20.43,32800.0,,
"Aug 14, 2000",30.34,30.44,30.16,30.44,20.54,3400.0,,
"Aug 11, 2000",29.88,30.34,29.88,30.09,20.3,10400.0,,
"Aug 10, 2000",29.78,29.91,29.66,29.91,20.18,28700.0,,
"Aug 9, 2000",29.97,30.06,29.84,29.84,20.14,7900.0,,
"Aug 8, 2000",30.28,30.31,30.03,30.13,20.32,4000.0,,
"Aug 7, 2000",30.28,30.34,30.03,30.03,20.26,3500.0,,
"Aug 4, 2000",30.16,30.5,30.03,30.27,20.42,57300.0,,
"Aug 3, 2000",29.44,29.66,29.28,29.66,20.01,18400.0,,
"Aug 2, 2000",29.31,29.63,29.31,29.5,19.9,9500.0,,
"Aug 1, 2000",29.03,29.59,29.03,29.38,19.82,6200.0,,
"Jul 31, 2000",29.0,29.13,28.94,29.13,19.65,33800.0,,
"Jul 28, 2000",29.22,29.22,28.63,28.84,19.46,7800.0,,
"Jul 27, 2000",29.13,29.34,29.08,29.16,19.67,2000.0,,
"Jul 26, 2000",29.25,29.28,28.97,28.97,19.54,26900.0,,
"Jul 25, 2000",29.44,29.44,29.09,29.2,19.7,42500.0,,
"Jul 24, 2000",29.5,29.5,29.16,29.19,19.69,61200.0,,
"Jul 21, 2000",30.09,30.09,29.44,29.47,19.88,6500.0,,
"Jul 20, 2000",29.91,30.28,29.91,30.22,20.39,2000.0,,
"Jul 19, 2000",29.69,29.97,29.63,29.75,20.07,7600.0,,
"Jul 18, 2000",29.78,29.91,29.55,29.56,19.95,56600.0,,
"Jul 17, 2000",30.44,30.44,30.0,30.03,20.26,26200.0,,
"Jul 14, 2000",30.16,30.41,29.97,30.41,20.51,4000.0,,
"Jul 13, 2000",29.66,30.06,29.66,29.94,20.2,5600.0,,
"Jul 12, 2000",29.73,30.0,29.56,29.84,20.14,98400.0,,
"Jul 11, 2000",29.28,29.5,29.22,29.3,19.77,6400.0,,
"Jul 10, 2000",29.84,29.84,29.41,29.63,19.99,23200.0,,
"Jul 7, 2000",29.5,29.91,29.5,29.88,20.16,14400.0,,
"Jul 6, 2000",29.72,29.84,29.41,29.63,19.99,12400.0,,
"Jul 5, 2000",29.56,29.78,29.41,29.69,20.03,83100.0,,
"Jul 3, 2000",29.25,29.5,29.25,29.5,19.9,2400.0,,
"Jun 30, 2000",29.38,29.56,29.33,29.56,19.95,16600.0,,
"Jun 30, 2000",29.38,29.56,29.33,29.56,19.95,16600.0,,
"Jun 29, 2000",29.0,29.47,28.91,29.47,19.88,31900.0,,
"Jun 28, 2000",29.34,29.48,29.03,29.03,19.59,42100.0,,
"Jun 27, 2000",29.16,29.38,29.06,29.16,19.67,59200.0,,
"Jun 26, 2000",29.5,29.5,29.13,29.22,19.71,6600.0,,
"Jun 23, 2000",30.06,30.06,29.31,29.5,19.9,2900.0,,
"Jun 22, 2000",30.0,30.22,30.0,30.06,20.28,25200.0,,
"Jun 21, 2000",30.03,30.25,30.0,30.13,20.32,134600.0,,
"Jun 20, 2000",30.06,30.38,29.94,30.27,20.42,5300.0,,
"Jun 19, 2000",30.31,30.41,30.16,30.31,20.45,21100.0,,
"Jun 16, 2000",30.31,30.5,30.06,30.13,20.32,1318500.0,,
"Jun 15, 2000",30.0,30.47,30.0,30.47,20.56,57000.0,,
"Jun 14, 2000",29.69,29.84,29.47,29.63,19.99,10100.0,,
"Jun 13, 2000",29.28,29.41,29.13,29.13,19.65,4100.0,,
"Jun 12, 2000",29.75,29.75,29.38,29.53,19.92,17200.0,,
"Jun 9, 2000",29.59,29.97,29.59,29.81,20.11,14300.0,,
"Jun 8, 2000",29.75,29.75,29.38,29.38,19.82,9500.0,,
"Jun 7, 2000",29.59,29.81,29.41,29.61,19.98,9400.0,,
"Jun 6, 2000",29.88,29.97,29.59,29.69,20.03,22800.0,,
"Jun 5, 2000",30.16,30.2,29.88,29.94,20.2,8100.0,,
"Jun 2, 2000",29.84,30.25,29.81,30.03,20.26,26900.0,,
"Jun 1, 2000",29.56,29.66,29.25,29.31,19.78,19300.0,,
"May 31, 2000",29.25,29.5,29.13,29.5,19.9,41100.0,,
"May 30, 2000",28.28,29.25,28.28,29.19,19.69,52200.0,,
"May 26, 2000",28.5,28.5,27.97,28.03,18.91,139600.0,,
"May 25, 2000",28.5,28.69,28.25,28.25,19.06,112100.0,,
"May 24, 2000",28.81,28.81,28.08,28.47,19.21,7800.0,,
"May 23, 2000",28.56,28.66,28.28,28.28,19.08,6600.0,,
"May 22, 2000",28.81,28.81,28.38,28.52,19.24,47300.0,,
"May 19, 2000",29.16,29.16,28.81,28.84,19.46,5500.0,,
"May 18, 2000",29.81,29.81,29.56,29.63,19.99,2200.0,,
"May 17, 2000",29.66,29.91,29.59,29.66,20.01,6600.0,,
"May 16, 2000",29.84,30.16,29.84,30.0,20.24,11200.0,,
"May 15, 2000",29.0,29.63,29.0,29.61,19.98,8000.0,,
"May 12, 2000",28.88,29.22,28.84,29.13,19.65,5100.0,,
"May 11, 2000",28.66,28.75,28.56,28.63,19.31,3800.0,,
"May 10, 2000",28.94,29.09,28.47,28.66,19.33,9100.0,,
"May 9, 2000",28.94,28.94,28.66,28.7,19.37,6200.0,,
"May 8, 2000",28.67,28.91,28.58,28.91,19.5,5800.0,,
"May 5, 2000",28.78,29.03,28.78,28.84,19.46,4700.0,,
"May 4, 2000",28.88,29.06,28.77,28.88,19.48,18600.0,,
"May 3, 2000",29.31,29.41,28.69,28.97,19.54,10600.0,,
"May 2, 2000",29.94,29.94,29.64,29.8,20.1,3800.0,,
"May 1, 2000",30.41,30.56,30.28,30.41,20.51,3500.0,,
"Apr 28, 2000",30.58,30.58,30.19,30.31,20.45,4900.0,,
"Apr 27, 2000",29.63,30.19,29.63,30.03,20.26,5200.0,,
"Apr 26, 2000",30.0,30.47,30.0,30.22,20.39,15500.0,,
"Apr 25, 2000",29.31,29.91,29.31,29.91,20.18,3600.0,,
"Apr 24, 2000",29.0,29.31,28.88,29.17,19.68,18000.0,,
"Apr 20, 2000",29.47,29.59,29.25,29.59,19.97,4000.0,,
"Apr 19, 2000",29.19,29.5,29.09,29.47,19.88,7200.0,,
"Apr 18, 2000",27.89,28.72,27.89,28.72,19.38,50900.0,,
"Apr 17, 2000",27.78,28.06,27.14,27.95,18.86,16900.0,,
"Apr 14, 2000",28.47,28.59,27.72,27.72,18.7,9800.0,,
"Apr 13, 2000",30.02,30.06,29.38,29.5,19.9,17500.0,,
"Apr 12, 2000",30.88,30.94,30.27,30.27,20.42,13100.0,,
"Apr 11, 2000",30.5,30.83,30.48,30.83,20.8,10100.0,,
"Apr 10, 2000",30.81,30.86,30.56,30.56,20.62,16000.0,,
"Apr 7, 2000",30.81,30.91,30.55,30.77,20.76,6000.0,,
"Apr 6, 2000",30.28,30.84,30.28,30.69,20.7,29000.0,,
"Apr 5, 2000",30.0,30.34,29.92,30.11,20.31,7100.0,,
"Apr 4, 2000",30.83,31.13,29.44,30.31,20.45,7600.0,,
"Apr 3, 2000",30.92,30.92,30.66,30.66,20.68,11200.0,,
"Mar 31, 2000",30.34,30.67,30.06,30.67,20.69,14400.0,,
"Mar 30, 2000",30.5,30.63,29.98,30.13,20.32,14000.0,,
"Mar 29, 2000",30.78,30.83,30.41,30.56,20.62,6800.0,,
"Mar 28, 2000",31.0,31.17,30.88,31.03,20.94,13700.0,,
"Mar 27, 2000",31.05,31.36,31.0,31.0,20.92,14400.0,,
"Mar 24, 2000",31.0,31.36,31.0,31.22,21.06,9200.0,,
"Mar 23, 2000",30.63,31.16,30.63,30.95,20.88,24900.0,,
"Mar 22, 2000",30.31,31.05,30.31,30.83,20.8,29900.0,,
"Mar 21, 2000",30.0,30.13,29.72,30.06,20.28,18100.0,,
"Mar 20, 2000",29.81,30.0,29.7,29.88,20.16,8200.0,,
"Mar 17, 2000",29.16,29.59,29.06,29.31,19.78,62000.0,,
"Mar 16, 2000",28.13,29.28,28.13,29.28,19.76,168500.0,,
"Mar 15, 2000",27.84,28.06,27.56,27.84,18.79,42200.0,,
"Mar 14, 2000",27.81,28.09,27.7,27.7,18.69,36200.0,,
"Mar 13, 2000",27.22,27.84,27.22,27.63,18.64,64200.0,,
"Mar 10, 2000",28.0,28.2,27.81,27.83,18.78,165300.0,,
"Mar 9, 2000",27.47,28.16,27.38,28.06,18.93,15400.0,,
"Mar 8, 2000",27.31,27.69,27.31,27.42,18.5,184000.0,,
"Mar 7, 2000",28.09,28.25,27.5,27.56,18.6,635200.0,,
"Mar 6, 2000",28.45,28.61,28.08,28.08,18.94,316300.0,,
"Mar 3, 2000",28.47,28.7,28.34,28.64,19.32,372700.0,,
"Mar 2, 2000",28.34,28.44,28.16,28.25,19.06,47600.0,,
"Mar 1, 2000",28.27,28.53,28.03,28.38,19.14,26700.0,,
"Feb 29, 2000",27.94,28.36,27.83,28.14,18.99,15500.0,,
"Feb 28, 2000",27.47,27.83,27.28,27.83,18.78,103600.0,,
"Feb 25, 2000",28.16,28.19,27.0,27.34,18.45,21200.0,,
"Feb 24, 2000",28.47,28.59,27.75,28.22,19.04,172800.0,,
"Feb 23, 2000",27.94,28.63,27.94,28.44,19.19,17500.0,,
"Feb 22, 2000",28.45,28.45,27.84,28.0,18.89,35300.0,,
"Feb 18, 2000",28.94,28.98,28.2,28.2,19.03,109900.0,,
"Feb 17, 2000",29.16,29.3,28.88,29.0,19.57,15300.0,,
"Feb 16, 2000",29.63,29.75,29.0,29.02,19.58,35000.0,,
"Feb 15, 2000",30.03,30.03,29.63,29.86,20.15,23100.0,,
"Feb 14, 2000",30.31,30.47,29.91,30.09,20.3,14900.0,,
"Feb 11, 2000",30.64,30.88,30.58,30.66,20.68,9200.0,,
"Feb 10, 2000",30.88,31.06,30.63,30.64,20.67,5000.0,,
"Feb 9, 2000",31.44,31.44,30.77,30.91,20.85,19000.0,,
"Feb 9, 2000",31.44,31.44,30.77,30.91,20.85,19000.0,,
"Feb 8, 2000",31.19,31.53,31.19,31.47,21.23,265000.0,,
"Feb 7, 2000",31.63,31.63,30.98,31.13,21.0,36400.0,,
"Feb 4, 2000",31.73,31.81,31.44,31.64,21.35,11300.0,,
"Feb 3, 2000",31.2,31.61,31.02,31.53,21.27,31500.0,,
"Feb 2, 2000",30.72,31.25,30.72,31.25,21.08,7700.0,,
"Feb 1, 2000",30.22,30.53,30.16,30.5,20.58,161600.0,,
"Jan 31, 2000",30.38,30.38,29.86,30.11,20.31,27500.0,,
"Jan 28, 2000",30.94,31.03,30.25,30.25,20.41,18100.0,,
"Jan 27, 2000",31.2,31.39,30.88,30.88,20.83,10700.0,,
"Jan 26, 2000",31.19,31.3,31.0,31.06,20.96,10500.0,,
"Jan 25, 2000",31.25,31.44,31.0,31.2,21.05,24400.0,,
"Jan 24, 2000",32.03,32.19,30.98,30.98,20.9,72100.0,,
"Jan 21, 2000",31.88,32.05,31.69,31.94,21.55,37300.0,,
"Jan 20, 2000",32.41,32.5,31.88,32.0,21.59,64200.0,,
"Jan 19, 2000",31.59,32.25,31.5,32.25,21.76,10400.0,,
"Jan 18, 2000",31.88,31.88,31.47,31.5,21.25,417300.0,,
"Jan 14, 2000",32.59,32.59,31.91,32.09,21.65,23600.0,,
"Jan 13, 2000",31.72,32.44,31.59,32.38,21.84,600000.0,,
"Jan 12, 2000",32.22,32.22,31.31,31.44,21.21,12400.0,,
"Jan 11, 2000",32.53,32.53,31.95,31.97,21.57,17900.0,,
"Jan 10, 2000",32.25,32.94,31.63,32.84,22.16,31800.0,,
"Jan 7, 2000",29.47,29.8,29.36,29.8,20.1,22100.0,,
"Jan 6, 2000",29.31,29.56,29.16,29.44,19.86,50000.0,,
"Jan 5, 2000",29.78,29.78,29.22,29.34,19.8,137600.0,,
"Jan 4, 2000",30.19,30.2,29.53,29.61,19.98,35300.0,,
"Jan 3, 2000",31.0,31.0,30.06,30.3,20.44,246700.0,,
"Dec 31, 1999",30.59,30.89,30.59,30.89,20.84,7200.0,,
"Dec 30, 1999",30.41,30.75,30.41,30.59,20.64,7300.0,,
"Dec 29, 1999",30.31,30.48,30.31,30.48,20.57,27900.0,,
"Dec 28, 1999",30.41,30.67,30.41,30.5,20.58,112800.0,,
"Dec 27, 1999",30.75,30.75,30.44,30.44,20.54,500800.0,,
"Dec 23, 1999",30.0,30.53,30.0,30.44,20.54,445400.0,,
"Dec 22, 1999",29.86,30.0,29.78,29.81,20.11,153500.0,,
"Dec 21, 1999",29.81,30.06,29.72,29.78,20.09,558700.0,,
"Dec 20, 1999",,,,,,,Dividend,0.176
"Dec 20, 1999",30.16,30.41,29.97,29.97,20.22,301300.0,,
"Dec 17, 1999",29.97,30.25,29.81,30.25,20.29,485300.0,,
"Dec 16, 1999",29.63,29.73,29.38,29.73,19.94,9500.0,,
"Dec 15, 1999",29.56,29.91,29.45,29.5,19.79,8400.0,,
"Dec 14, 1999",29.53,29.83,29.53,29.75,19.95,16000.0,,
"Dec 13, 1999",29.69,29.95,29.69,29.69,19.91,10700.0,,
"Dec 10, 1999",30.25,30.25,29.77,29.89,20.05,18800.0,,
"Dec 9, 1999",29.83,30.13,29.83,30.08,20.18,12100.0,,
"Dec 8, 1999",29.41,29.73,29.41,29.63,19.87,38900.0,,
"Dec 7, 1999",29.44,29.56,29.34,29.34,19.68,11500.0,,
"Dec 6, 1999",29.36,29.44,29.25,29.42,19.73,40700.0,,
"Dec 3, 1999",28.94,29.66,28.94,29.25,19.62,24600.0,,
"Dec 2, 1999",28.5,28.69,28.5,28.69,19.24,20800.0,,
"Dec 1, 1999",28.47,28.59,28.38,28.44,19.07,40700.0,,
"Nov 30, 1999",28.56,28.81,28.41,28.5,19.12,7500.0,,
"Nov 29, 1999",28.52,28.72,28.52,28.52,19.13,31700.0,,
"Nov 26, 1999",28.81,28.81,28.69,28.69,19.24,9400.0,,
"Nov 24, 1999",28.44,28.92,28.44,28.92,19.4,21400.0,,
"Nov 23, 1999",28.91,28.91,28.47,28.52,19.13,7000.0,,
"Nov 22, 1999",29.0,29.09,28.88,29.0,19.45,15700.0,,
"Nov 19, 1999",29.47,29.47,29.27,29.31,19.66,8700.0,,
"Nov 18, 1999",29.28,29.66,29.28,29.45,19.76,8200.0,,
"Nov 17, 1999",29.5,29.5,29.25,29.27,19.63,3300.0,,
"Nov 16, 1999",29.25,29.61,29.25,29.56,19.83,17700.0,,
"Nov 15, 1999",29.0,29.34,29.0,29.19,19.58,15700.0,,
"Nov 12, 1999",28.89,29.13,28.53,29.06,19.49,33500.0,,
"Nov 11, 1999",28.42,28.59,28.34,28.5,19.12,8000.0,,
"Nov 10, 1999",27.67,28.19,27.67,28.17,18.9,21300.0,,
"Nov 9, 1999",28.31,28.33,27.94,28.0,18.78,10000.0,,
"Nov 8, 1999",28.0,28.25,28.0,28.19,18.91,16600.0,,
"Nov 5, 1999",28.66,28.66,28.14,28.14,18.88,23600.0,,
"Nov 4, 1999",28.13,28.38,28.13,28.27,18.96,8800.0,,
"Nov 3, 1999",28.03,28.03,27.73,27.95,18.75,7400.0,,
"Nov 2, 1999",28.28,28.33,27.8,27.83,18.67,19900.0,,
"Nov 1, 1999",28.3,28.3,28.13,28.19,18.91,22400.0,,
"Oct 29, 1999",28.19,28.5,28.11,28.17,18.9,39400.0,,
"Oct 28, 1999",26.95,27.66,26.95,27.64,18.54,8000.0,,
"Oct 27, 1999",26.55,26.58,26.22,26.5,17.78,33200.0,,
"Oct 26, 1999",26.75,26.81,26.5,26.5,17.78,30800.0,,
"Oct 25, 1999",26.63,26.69,26.44,26.69,17.9,24600.0,,
"Oct 22, 1999",26.5,26.72,26.5,26.69,17.9,25900.0,,
"Oct 21, 1999",26.17,26.36,26.09,26.36,17.68,4200.0,,
"Oct 20, 1999",26.16,26.38,25.95,26.31,17.65,46400.0,,
"Oct 19, 1999",26.05,26.16,25.69,25.69,17.23,6300.0,,
"Oct 18, 1999",25.55,25.75,25.33,25.67,17.22,3900.0,,
"Oct 15, 1999",25.81,26.0,25.63,25.8,17.3,7100.0,,
"Oct 14, 1999",26.17,26.41,26.09,26.25,17.61,5200.0,,
"Oct 13, 1999",26.89,26.94,26.34,26.34,17.67,12900.0,,
"Oct 12, 1999",27.19,27.25,26.94,26.94,18.07,4300.0,,
"Oct 11, 1999",27.31,27.56,27.31,27.41,18.38,3600.0,,
"Oct 8, 1999",27.08,27.48,27.08,27.48,18.44,4300.0,,
"Oct 7, 1999",27.39,27.52,27.16,27.19,18.24,12600.0,,
"Oct 6, 1999",26.81,27.44,26.81,27.44,18.4,21700.0,,
"Oct 5, 1999",27.0,27.09,26.77,26.77,17.95,9200.0,,
"Oct 4, 1999",26.75,27.13,26.75,27.13,18.19,6400.0,,
"Oct 1, 1999",26.77,26.86,26.36,26.72,17.92,9900.0,,
"Sep 30, 1999",26.63,26.91,26.47,26.81,17.98,9600.0,,
"Sep 29, 1999",26.66,26.84,26.58,26.58,17.83,3900.0,,
"Sep 28, 1999",26.63,26.73,26.22,26.5,17.78,20000.0,,
"Sep 27, 1999",26.88,26.88,26.7,26.75,17.94,5200.0,,
"Sep 24, 1999",27.02,27.02,26.53,26.55,17.81,5500.0,,
"Sep 23, 1999",27.33,27.48,26.97,26.97,18.09,4000.0,,
"Sep 22, 1999",27.36,27.44,27.09,27.27,18.29,4800.0,,
"Sep 21, 1999",27.59,28.42,27.27,27.33,18.33,9600.0,,
"Sep 21, 1999",27.59,28.42,27.27,27.33,18.33,9600.0,,
"Sep 20, 1999",28.31,28.31,27.31,27.83,18.67,7600.0,,
"Sep 17, 1999",27.52,28.17,27.52,28.17,18.9,9800.0,,
"Sep 16, 1999",27.22,27.39,27.06,27.39,18.37,7000.0,,
"Sep 15, 1999",27.81,27.84,27.31,27.38,18.36,7300.0,,
"Sep 14, 1999",27.73,27.86,27.64,27.64,18.54,6100.0,,
"Sep 13, 1999",27.94,27.98,27.77,27.92,18.73,5500.0,,
"Sep 10, 1999",27.95,28.06,27.8,27.97,18.76,11300.0,,
"Sep 9, 1999",27.97,28.05,26.75,27.81,18.66,6900.0,,
"Sep 8, 1999",28.0,28.25,28.0,28.0,18.78,14300.0,,
"Sep 7, 1999",28.05,28.22,28.05,28.13,18.87,11500.0,,
"Sep 3, 1999",27.58,27.89,27.56,27.8,18.64,6200.0,,
"Sep 2, 1999",26.94,27.11,26.91,26.94,18.07,8600.0,,
"Sep 1, 1999",27.06,27.34,27.03,27.22,18.26,3800.0,,
"Aug 31, 1999",27.19,27.33,26.88,27.19,18.24,18100.0,,
"Aug 30, 1999",27.92,27.92,27.28,27.28,18.3,18000.0,,
"Aug 27, 1999",28.19,28.19,27.83,27.95,18.75,6500.0,,
"Aug 26, 1999",28.19,28.34,28.03,28.16,18.89,6000.0,,
"Aug 25, 1999",27.66,28.38,27.64,28.38,19.03,22100.0,,
"Aug 24, 1999",28.13,28.13,27.63,27.81,18.66,14300.0,,
"Aug 23, 1999",28.22,28.25,28.08,28.2,18.92,8700.0,,
"Aug 20, 1999",28.06,28.13,27.94,27.94,18.74,2700.0,,
"Aug 19, 1999",27.75,28.0,27.7,28.0,18.78,4900.0,,
"Aug 18, 1999",28.06,28.27,27.92,28.13,18.87,7900.0,,
"Aug 17, 1999",27.88,28.03,27.73,27.94,18.74,15100.0,,
"Aug 16, 1999",27.63,27.84,27.56,27.59,18.51,18400.0,,
"Aug 13, 1999",27.5,27.69,27.47,27.59,18.51,8000.0,,
"Aug 12, 1999",27.19,27.31,27.03,27.13,18.19,10000.0,,
"Aug 11, 1999",26.8,27.13,26.8,27.13,18.19,11700.0,,
"Aug 10, 1999",27.16,27.16,26.69,26.86,18.02,6000.0,,
"Aug 9, 1999",27.38,27.5,27.31,27.41,18.38,6200.0,,
"Aug 6, 1999",27.41,27.53,27.25,27.38,18.36,11700.0,,
"Aug 5, 1999",27.75,27.75,27.19,27.67,18.56,31900.0,,
"Aug 4, 1999",28.09,28.16,27.75,27.75,18.61,86400.0,,
"Aug 3, 1999",28.31,28.31,27.92,28.16,18.89,5500.0,,
"Aug 2, 1999",28.5,28.66,28.25,28.28,18.97,87600.0,,
"Jul 30, 1999",28.69,28.84,28.47,28.47,19.1,2800.0,,
"Jul 29, 1999",28.84,28.88,28.56,28.66,19.22,10500.0,,
"Jul 28, 1999",29.28,29.34,29.09,29.16,19.56,7400.0,,
"Jul 27, 1999",29.28,29.47,29.03,29.38,19.7,16300.0,,
"Jul 26, 1999",28.56,28.97,28.56,28.84,19.35,17400.0,,
"Jul 23, 1999",29.0,29.19,28.75,28.81,19.33,27300.0,,
"Jul 22, 1999",29.38,29.5,29.03,29.06,19.49,12100.0,,
"Jul 21, 1999",29.44,29.66,29.38,29.53,19.81,16200.0,,
"Jul 20, 1999",29.63,29.78,29.53,29.59,19.85,18900.0,,
"Jul 19, 1999",30.03,30.03,29.69,29.72,19.93,7000.0,,
"Jul 16, 1999",29.84,29.94,29.66,29.84,20.02,4900.0,,
"Jul 15, 1999",29.91,29.91,29.66,29.83,20.01,12700.0,,
"Jul 14, 1999",29.75,29.75,29.44,29.69,19.91,19700.0,,
"Jul 13, 1999",29.63,29.75,29.56,29.63,19.87,5300.0,,
"Jul 12, 1999",29.69,29.78,29.5,29.69,19.91,4700.0,,
"Jul 9, 1999",29.41,29.63,29.41,29.63,19.87,17000.0,,
"Jul 8, 1999",29.38,29.58,29.31,29.5,19.79,9600.0,,
"Jul 7, 1999",29.38,29.56,29.34,29.56,19.83,3200.0,,
"Jul 6, 1999",29.13,29.41,29.13,29.38,19.7,7100.0,,
"Jul 2, 1999",29.53,29.53,29.22,29.44,19.75,17700.0,,
"Jul 1, 1999",29.22,29.5,29.13,29.44,19.75,3900.0,,
"Jun 30, 1999",29.03,29.47,28.75,29.34,19.68,22500.0,,
"Jun 29, 1999",28.75,29.03,28.66,28.97,19.43,2100.0,,
"Jun 28, 1999",28.44,28.69,28.41,28.69,19.24,3000.0,,
"Jun 25, 1999",28.63,28.63,28.38,28.38,19.03,3000.0,,
"Jun 24, 1999",28.56,28.66,28.2,28.34,19.01,14100.0,,
"Jun 23, 1999",28.7,28.88,28.47,28.88,19.37,7900.0,,
"Jun 22, 1999",29.09,29.09,28.81,28.81,19.33,3900.0,,
"Jun 21, 1999",29.09,29.09,28.84,28.86,19.36,14100.0,,
"Jun 18, 1999",29.0,29.16,28.94,29.0,19.45,6200.0,,
"Jun 17, 1999",29.06,29.27,28.97,29.14,19.55,12300.0,,
"Jun 16, 1999",28.94,29.0,28.91,29.0,19.45,13500.0,,
"Jun 15, 1999",28.31,28.69,28.31,28.44,19.07,3600.0,,
"Jun 14, 1999",28.25,28.25,28.06,28.13,18.87,12700.0,,
"Jun 11, 1999",28.44,28.47,27.97,27.97,18.76,2500.0,,
"Jun 10, 1999",28.22,28.3,27.94,28.3,18.98,13300.0,,
"Jun 9, 1999",28.53,28.75,28.48,28.53,19.14,3000.0,,
"Jun 8, 1999",28.63,28.77,28.52,28.52,19.13,6400.0,,
"Jun 7, 1999",28.75,28.75,28.53,28.75,19.28,4200.0,,
"Jun 4, 1999",28.88,29.03,28.81,29.0,19.45,1200.0,,
"Jun 3, 1999",28.28,28.44,28.28,28.31,18.99,4900.0,,
"Jun 2, 1999",28.34,28.34,27.78,28.09,18.84,9200.0,,
"Jun 1, 1999",27.97,28.19,27.84,28.19,18.91,4400.0,,
"May 28, 1999",28.0,28.13,27.95,28.11,18.85,6000.0,,
"May 27, 1999",28.11,28.11,27.73,27.91,18.72,6600.0,,
"May 26, 1999",28.38,28.38,27.97,28.22,18.93,9300.0,,
"May 25, 1999",28.5,28.75,28.19,28.19,18.91,7200.0,,
"May 24, 1999",29.22,29.25,28.47,28.47,19.1,14000.0,,
"May 21, 1999",29.38,29.38,29.06,29.16,19.56,8400.0,,
"May 20, 1999",29.25,29.63,29.25,29.48,19.78,15300.0,,
"May 19, 1999",28.97,29.19,28.91,29.09,19.51,12100.0,,
"May 18, 1999",28.94,29.22,28.75,28.75,19.28,8500.0,,
"May 17, 1999",28.91,29.06,28.69,29.06,19.49,5800.0,,
"May 14, 1999",29.13,29.31,29.13,29.25,19.62,4600.0,,
"May 13, 1999",30.09,30.09,29.75,29.78,19.98,9600.0,,
"May 12, 1999",29.47,30.06,29.41,29.97,20.1,8100.0,,
"May 11, 1999",29.56,29.75,29.5,29.69,19.91,51000.0,,
"May 10, 1999",29.31,29.56,29.16,29.22,19.6,27300.0,,
"May 7, 1999",29.63,29.63,29.19,29.28,19.64,8000.0,,
"May 6, 1999",29.38,29.59,29.31,29.38,19.7,17500.0,,
"May 5, 1999",29.09,29.31,28.81,29.25,19.62,17100.0,,
"May 4, 1999",29.69,29.69,29.0,29.0,19.45,23000.0,,
"May 3, 1999",29.34,29.59,29.25,29.56,19.83,13000.0,,
"Apr 30, 1999",29.44,29.59,29.0,29.0,19.45,5800.0,,
"Apr 30, 1999",29.44,29.59,29.0,29.0,19.45,5800.0,,
"Apr 29, 1999",29.63,29.81,29.03,29.22,19.6,9800.0,,
"Apr 28, 1999",30.25,30.25,29.56,29.56,19.83,25500.0,,
"Apr 27, 1999",30.58,30.59,30.09,30.38,20.37,13900.0,,
"Apr 26, 1999",30.53,30.53,30.19,30.34,20.35,36200.0,,
"Apr 23, 1999",29.91,30.39,29.91,30.39,20.38,9800.0,,
"Apr 22, 1999",29.25,29.84,29.25,29.72,19.93,20200.0,,
"Apr 21, 1999",28.41,29.13,28.41,29.13,19.54,16000.0,,
"Apr 20, 1999",28.13,28.47,27.91,28.47,19.1,15700.0,,
"Apr 19, 1999",28.94,29.09,27.88,27.94,18.74,32700.0,,
"Apr 16, 1999",29.0,29.0,28.53,28.72,19.26,10400.0,,
"Apr 15, 1999",29.81,29.81,28.78,29.0,19.45,17800.0,,
"Apr 14, 1999",30.25,30.31,29.75,29.75,19.95,96900.0,,
"Apr 13, 1999",30.44,30.47,30.03,30.03,20.14,23600.0,,
"Apr 12, 1999",29.28,30.34,29.28,30.34,20.35,87300.0,,
"Apr 9, 1999",29.5,29.59,29.28,29.59,19.85,6600.0,,
"Apr 8, 1999",29.13,29.5,29.09,29.5,19.79,29600.0,,
"Apr 7, 1999",28.84,29.34,28.84,29.2,19.59,15700.0,,
"Apr 6, 1999",28.75,28.88,28.56,28.66,19.22,14500.0,,
"Apr 5, 1999",28.44,28.75,28.44,28.63,19.2,12400.0,,
"Apr 1, 1999",28.0,28.08,27.66,28.0,18.78,22500.0,,
"Mar 31, 1999",28.25,28.25,28.0,28.0,18.78,6300.0,,
"Mar 30, 1999",28.22,28.36,28.09,28.16,18.89,37300.0,,
"Mar 29, 1999",27.94,28.33,27.94,28.25,18.95,8100.0,,
"Mar 26, 1999",27.92,28.03,27.84,27.91,18.72,6600.0,,
"Mar 25, 1999",27.91,28.13,27.75,28.13,18.87,9700.0,,
"Mar 24, 1999",27.47,27.66,27.34,27.66,18.55,12800.0,,
"Mar 23, 1999",28.25,28.25,27.44,27.53,18.47,15400.0,,
"Mar 22, 1999",28.31,28.59,28.28,28.31,18.99,40900.0,,
"Mar 19, 1999",28.53,28.66,28.28,28.39,19.04,6900.0,,
"Mar 18, 1999",27.97,28.52,27.97,28.52,19.13,9500.0,,
"Mar 17, 1999",28.19,28.36,28.02,28.13,18.87,2700.0,,
"Mar 16, 1999",28.44,28.44,28.23,28.28,18.97,9100.0,,
"Mar 15, 1999",28.44,28.55,28.22,28.34,19.01,144800.0,,
"Mar 12, 1999",28.53,28.66,28.25,28.25,18.95,24600.0,,
"Mar 11, 1999",28.22,28.56,28.22,28.41,19.05,23600.0,,
"Mar 10, 1999",27.94,28.22,27.78,28.22,18.93,10700.0,,
"Mar 9, 1999",27.84,28.25,27.81,27.97,18.76,12200.0,,
"Mar 8, 1999",28.09,28.19,27.94,28.19,18.91,62700.0,,
"Mar 5, 1999",27.94,28.22,27.84,28.16,18.89,25400.0,,
"Mar 4, 1999",27.44,27.53,27.23,27.53,18.47,10400.0,,
"Mar 3, 1999",27.31,27.31,27.0,27.05,18.14,13100.0,,
"Mar 2, 1999",27.41,27.64,27.05,27.22,18.26,11500.0,,
"Mar 1, 1999",27.22,27.25,26.91,27.23,18.27,8800.0,,
"Feb 26, 1999",27.31,27.36,26.89,27.28,18.3,10800.0,,
"Feb 25, 1999",27.34,27.34,26.88,27.2,18.25,98900.0,,
"Feb 24, 1999",27.88,27.98,27.47,27.47,18.42,28000.0,,
"Feb 23, 1999",27.91,27.91,27.5,27.8,18.64,15000.0,,
"Feb 22, 1999",27.38,27.86,27.31,27.84,18.68,17800.0,,
"Feb 19, 1999",27.19,27.38,27.19,27.27,18.29,13900.0,,
"Feb 18, 1999",26.94,27.2,26.77,27.19,18.24,11500.0,,
"Feb 17, 1999",27.06,27.25,26.81,26.84,18.01,12900.0,,
"Feb 16, 1999",27.0,27.31,27.0,27.13,18.19,18500.0,,
"Feb 12, 1999",27.13,27.13,26.72,26.88,18.03,8400.0,,
"Feb 11, 1999",26.47,27.28,26.38,27.28,18.3,5300.0,,
"Feb 10, 1999",26.31,26.56,26.19,26.56,17.82,17800.0,,
"Feb 9, 1999",27.06,27.09,26.5,26.5,17.78,220800.0,,
"Feb 8, 1999",27.13,27.13,26.88,26.98,18.1,6500.0,,
"Feb 5, 1999",27.31,27.31,26.81,27.0,18.11,16900.0,,
"Feb 4, 1999",27.34,27.44,27.13,27.31,18.32,7400.0,,
"Feb 3, 1999",26.94,27.52,26.94,27.52,18.46,38900.0,,
"Feb 2, 1999",26.97,27.05,26.63,27.0,18.11,141700.0,,
"Jan 29, 1999",27.28,27.28,26.91,27.25,18.28,13800.0,,
"Jan 28, 1999",27.0,27.34,27.0,27.25,18.28,25800.0,,
"Jan 27, 1999",27.09,27.09,26.75,26.75,17.94,6800.0,,
"Jan 26, 1999",26.94,27.03,26.67,27.02,18.12,187400.0,,
"Jan 25, 1999",26.69,26.91,26.69,26.89,18.04,495300.0,,
"Jan 22, 1999",26.59,26.88,26.41,26.67,17.89,67100.0,,
"Jan 21, 1999",27.69,27.69,26.72,26.78,17.96,23200.0,,
"Jan 20, 1999",27.75,28.13,27.59,27.75,18.61,25800.0,,
"Jan 19, 1999",27.28,27.66,27.13,27.59,18.51,22700.0,,
"Jan 15, 1999",26.56,26.91,26.56,26.83,18.0,7700.0,,
"Jan 14, 1999",26.78,26.86,26.38,26.47,17.75,12200.0,,
"Jan 13, 1999",25.78,26.88,25.78,26.69,17.9,7100.0,,
"Jan 12, 1999",27.13,27.25,26.91,26.94,18.07,270700.0,,
"Jan 11, 1999",26.97,27.25,26.81,27.05,18.14,7700.0,,
"Jan 8, 1999",26.72,26.98,26.72,26.98,18.1,24400.0,,
"Jan 7, 1999",26.53,26.69,26.34,26.66,17.88,15900.0,,
"Jan 6, 1999",26.53,26.78,26.47,26.78,17.96,38500.0,,
"Jan 5, 1999",26.0,26.34,26.0,26.34,17.67,4400.0,,
"Jan 4, 1999",26.25,26.38,25.78,25.94,17.4,249200.0,,
"Dec 31, 1998",25.81,26.0,25.75,26.0,17.44,6600.0,,
"Dec 30, 1998",26.0,26.03,25.72,25.72,17.25,17300.0,,
"Dec 29, 1998",25.38,25.94,25.38,25.94,17.4,5300.0,,
"Dec 28, 1998",25.67,25.75,25.38,25.38,17.02,15500.0,,
"Dec 24, 1998",25.63,25.75,25.52,25.75,17.27,4900.0,,
"Dec 23, 1998",25.19,25.59,25.19,25.59,17.17,18100.0,,
"Dec 22, 1998",24.81,25.06,24.81,25.03,16.79,5700.0,,
