Date,Open,High,Low,Close,Adj Close,Volume,Event,Event Value
"Apr 8, 2026",112.25,112.61,110.69,110.85,110.85,3996097.0,,
"Apr 7, 2026",108.11,108.18,106.45,107.77,107.77,8924900.0,,
"Apr 6, 2026",107.93,109.23,107.93,109.04,109.04,6908800.0,,
"Apr 2, 2026",107.46,109.53,107.1,108.15,108.15,9684700.0,,
"Apr 1, 2026",109.69,110.5,108.74,109.8,109.8,14467600.0,,
"Mar 31, 2026",107.23,109.41,106.71,108.98,108.98,19487500.0,,
"Mar 30, 2026",106.61,107.17,105.19,105.66,105.66,10192000.0,,
"Mar 27, 2026",108.31,108.31,105.45,105.68,105.68,10454700.0,,
"Mar 26, 2026",110.05,110.9,108.74,108.83,108.83,7981000.0,,
"Mar 25, 2026",111.16,111.91,110.1,110.73,110.73,9412900.0,,
"Mar 24, 2026",109.04,110.32,108.95,109.68,109.68,9032200.0,,
"Mar 23, 2026",,,,,,,Dividend,0.216
"Mar 23, 2026",109.78,111.43,109.59,110.12,110.12,14779100.0,,
"Mar 20, 2026",109.43,109.43,107.15,107.74,107.52,12297000.0,,
"Mar 19, 2026",109.63,110.34,108.87,109.7,109.48,12496400.0,,
"Mar 18, 2026",112.5,112.99,110.44,110.57,110.35,10979200.0,,
"Mar 17, 2026",112.78,113.65,112.72,113.18,112.95,6767000.0,,
"Mar 16, 2026",111.79,112.87,111.62,112.2,111.98,9307600.0,,
"Mar 13, 2026",112.17,112.49,110.72,110.86,110.64,11708600.0,,
"Mar 12, 2026",113.12,113.43,111.47,111.52,111.3,12088200.0,,
"Mar 11, 2026",114.83,115.7,113.57,114.14,113.91,10959300.0,,
"Mar 10, 2026",114.61,115.73,113.95,114.44,114.21,11784400.0,,
"Mar 9, 2026",112.94,114.93,110.99,114.59,114.36,16278500.0,,
"Mar 6, 2026",114.78,114.99,113.64,114.44,114.21,16348500.0,,
"Mar 5, 2026",115.92,117.08,115.52,116.55,116.32,14880400.0,,
"Mar 4, 2026",115.09,116.63,114.88,116.39,116.16,11496700.0,,
"Mar 3, 2026",113.1,114.77,111.81,114.36,114.13,20773100.0,,
"Mar 2, 2026",114.03,115.73,113.72,115.42,115.19,18205600.0,,
"Feb 27, 2026",116.01,116.94,115.65,116.86,116.63,9636200.0,,
"Feb 26, 2026",117.23,117.66,116.14,117.05,116.82,9560900.0,,
"Feb 25, 2026",116.98,117.59,116.51,117.09,116.86,8776100.0,,
"Feb 24, 2026",115.4,117.06,115.32,116.74,116.51,11320500.0,,
"Feb 23, 2026",116.64,116.77,113.86,114.99,114.76,14604800.0,,
"Feb 20, 2026",115.93,117.65,115.61,117.45,117.21,16652900.0,,
"Feb 19, 2026",116.33,116.55,115.58,116.24,116.01,9482400.0,,
"Feb 18, 2026",116.11,117.76,115.94,117.02,116.79,9719500.0,,
"Feb 17, 2026",115.98,116.32,114.43,116.04,115.81,9623000.0,,
"Feb 13, 2026",116.0,117.15,115.53,116.18,115.95,10836200.0,,
"Feb 12, 2026",118.41,119.2,115.83,116.13,115.9,16374300.0,,
"Feb 11, 2026",118.45,118.88,117.29,117.76,117.52,10214100.0,,
"Feb 10, 2026",117.76,119.22,117.7,118.33,118.09,9920700.0,,
"Feb 9, 2026",117.43,118.21,116.4,117.55,117.31,10975700.0,,
"Feb 6, 2026",115.69,118.16,115.4,117.99,117.75,20971100.0,,
"Feb 5, 2026",118.55,118.83,117.07,117.51,117.27,13290000.0,,
"Feb 4, 2026",121.1,121.54,119.35,120.1,119.86,13915400.0,,
"Feb 3, 2026",122.08,122.76,119.82,120.99,120.75,12467800.0,,
"Feb 2, 2026",120.74,122.41,120.12,121.97,121.73,8483000.0,,
"Jan 30, 2026",121.26,122.0,120.54,121.17,120.93,11706400.0,,
"Jan 29, 2026",122.47,122.6,120.41,121.19,120.95,12410400.0,,
"Jan 29, 2026",122.47,122.6,120.41,121.19,120.95,12410400.0,,
"Jan 28, 2026",123.09,123.69,121.59,121.77,121.53,8732200.0,,
"Jan 27, 2026",122.74,122.92,121.82,122.69,122.44,4269700.0,,
"Jan 26, 2026",123.06,123.4,122.3,122.32,122.07,4812700.0,,
"Jan 23, 2026",122.48,123.39,122.23,123.13,122.88,6470900.0,,
"Jan 22, 2026",122.13,123.08,121.72,122.62,122.37,6594200.0,,
"Jan 21, 2026",119.41,121.9,119.41,121.4,121.16,11017600.0,,
"Jan 20, 2026",120.28,120.57,118.9,119.12,118.88,9720000.0,,
"Jan 16, 2026",122.76,123.04,121.88,122.3,122.05,7058700.0,,
"Jan 15, 2026",122.87,123.25,122.4,122.7,122.45,7447900.0,,
"Jan 14, 2026",123.39,123.41,121.64,122.25,122.0,10758100.0,,
"Jan 13, 2026",124.53,124.7,123.42,124.21,123.96,9033300.0,,
"Jan 12, 2026",123.87,125.01,123.34,124.52,124.27,8773100.0,,
"Jan 9, 2026",122.92,124.56,122.18,124.41,124.16,13817800.0,,
"Jan 8, 2026",120.58,123.14,120.4,122.92,122.67,12565400.0,,
"Jan 7, 2026",121.26,122.13,120.9,120.9,120.66,11327700.0,,
"Jan 6, 2026",119.53,121.26,119.44,121.07,120.83,17759400.0,,
"Jan 5, 2026",118.95,121.15,118.59,120.3,120.06,17653800.0,,
"Jan 2, 2026",120.08,120.12,117.71,118.35,118.11,16200700.0,,
"Dec 31, 2025",120.44,120.46,119.36,119.41,119.17,4356100.0,,
"Dec 30, 2025",120.61,120.78,120.27,120.36,120.12,4180500.0,,
"Dec 29, 2025",121.56,121.56,120.71,120.85,120.61,6535400.0,,
"Dec 26, 2025",122.43,122.78,121.88,122.05,121.81,4197000.0,,
"Dec 24, 2025",122.28,122.63,121.93,122.59,122.34,2250000.0,,
"Dec 23, 2025",122.27,122.65,121.89,122.17,121.93,9766400.0,,
"Dec 22, 2025",,,,,,,Dividend,0.241
"Dec 22, 2025",122.36,122.82,122.09,122.34,122.09,8073400.0,,
"Dec 19, 2025",122.37,122.42,121.74,121.85,121.37,9728700.0,,
"Dec 18, 2025",122.22,123.63,122.08,122.34,121.85,11598200.0,,
"Dec 17, 2025",122.03,122.65,120.52,120.52,120.04,10597600.0,,
"Dec 16, 2025",121.66,122.22,121.06,121.93,121.44,12052000.0,,
"Dec 15, 2025",121.72,122.4,121.22,121.73,121.25,12137500.0,,
"Dec 12, 2025",120.51,121.36,119.66,120.7,120.22,7865600.0,,
"Dec 11, 2025",119.72,120.36,119.51,120.18,119.7,5863400.0,,
"Dec 10, 2025",118.12,120.28,118.11,119.71,119.23,9440800.0,,
"Dec 9, 2025",117.51,118.49,117.33,117.98,117.51,5153900.0,,
"Dec 8, 2025",119.25,119.36,117.75,117.99,117.52,6400100.0,,
"Dec 5, 2025",,,,,,,Stock Splits,1
"Dec 5, 2025",119.18,120.09,119.18,119.73,119.25,4556800.0,,
"Dec 4, 2025",119.67,119.79,118.39,119.07,118.6,11828800.0,,
"Dec 3, 2025",118.24,119.81,118.24,119.5,119.02,9369800.0,,
"Dec 2, 2025",118.58,118.67,117.49,118.22,117.75,11105800.0,,
"Dec 1, 2025",117.66,118.96,117.61,118.3,117.83,11579800.0,,
"Nov 28, 2025",117.77,118.4,117.77,118.23,117.76,4827200.0,,
"Nov 26, 2025",117.11,117.74,116.65,117.5,117.03,8122200.0,,
"Nov 25, 2025",114.3,116.89,114.09,116.7,116.24,10395400.0,,
"Nov 24, 2025",113.63,114.93,113.5,114.25,113.8,11181800.0,,
"Nov 21, 2025",111.32,113.85,110.98,112.75,112.3,19013200.0,,
"Nov 20, 2025",113.51,114.75,110.46,110.58,110.14,24924400.0,,
"Nov 19, 2025",113.11,113.11,111.67,112.25,111.81,15912200.0,,
"Nov 18, 2025",113.03,113.62,112.07,112.25,111.8,27057400.0,,
"Nov 17, 2025",114.85,116.14,113.71,114.36,113.9,20233600.0,,
"Nov 14, 2025",114.68,116.51,114.29,115.44,114.99,14662200.0,,
"Nov 13, 2025",118.47,118.86,115.79,116.0,115.54,15268400.0,,
"Nov 12, 2025",120.13,120.25,118.67,118.97,118.5,9314200.0,,
"Nov 11, 2025",119.28,119.89,118.97,119.78,119.3,12775400.0,,
"Nov 10, 2025",119.1,119.67,118.61,119.48,119.0,10434800.0,,
"Nov 7, 2025",117.5,118.31,116.43,117.93,117.46,11502000.0,,
"Nov 6, 2025",119.88,120.04,117.13,117.75,117.28,14726000.0,,
"Nov 5, 2025",119.57,120.71,118.64,120.53,120.05,11716200.0,,
"Nov 4, 2025",119.55,120.44,118.92,119.08,118.61,9312600.0,,
"Nov 3, 2025",121.21,121.5,120.76,121.09,120.61,10730800.0,,
"Oct 31, 2025",120.18,120.64,119.19,119.96,119.49,13414400.0,,
"Oct 30, 2025",117.74,118.65,116.86,116.88,116.41,11853400.0,,
"Oct 29, 2025",120.6,120.61,118.89,119.57,119.1,11064000.0,,
"Oct 28, 2025",120.36,121.46,119.94,120.57,120.09,8999400.0,,
"Oct 27, 2025",120.07,120.97,119.81,120.54,120.06,7407800.0,,
"Oct 24, 2025",119.63,119.92,118.71,118.83,118.36,6481600.0,,
"Oct 23, 2025",117.67,119.33,117.28,119.18,118.71,11286800.0,,
"Oct 22, 2025",119.35,119.43,117.99,118.65,118.18,12749600.0,,
"Oct 21, 2025",118.36,120.04,118.3,119.58,119.11,8674600.0,,
"Oct 20, 2025",117.75,118.29,117.58,118.14,117.67,8356400.0,,
"Oct 17, 2025",116.15,117.49,115.88,117.21,116.74,11769800.0,,
"Oct 16, 2025",117.43,117.76,115.33,116.21,115.75,13036800.0,,
"Oct 15, 2025",117.71,118.5,116.38,117.35,116.88,10836000.0,,
"Oct 14, 2025",115.39,117.84,114.92,117.18,116.71,12533600.0,,
"Oct 13, 2025",115.43,117.11,115.24,116.93,116.46,10860200.0,,
"Oct 10, 2025",117.67,118.21,114.34,114.38,113.92,17978200.0,,
"Oct 9, 2025",117.75,117.79,116.79,117.61,117.14,9757600.0,,
"Oct 8, 2025",118.36,118.56,117.17,118.2,117.73,7910200.0,,
"Oct 7, 2025",119.64,119.64,117.81,117.85,117.38,14624000.0,,
"Oct 6, 2025",119.72,120.12,118.6,119.95,119.47,10462800.0,,
"Oct 3, 2025",120.25,120.44,118.27,118.93,118.46,13934400.0,,
"Oct 2, 2025",121.16,121.35,119.63,119.7,119.22,13191400.0,,
"Oct 1, 2025",119.61,120.94,119.4,120.57,120.09,11258000.0,,
"Sep 30, 2025",120.26,120.38,118.88,119.82,119.34,12982000.0,,
"Sep 29, 2025",120.49,120.79,119.63,120.38,119.9,11244600.0,,
"Sep 26, 2025",118.64,119.93,118.24,119.86,119.38,9749400.0,,
"Sep 25, 2025",119.06,119.1,117.57,118.11,117.64,11590800.0,,
"Sep 24, 2025",119.5,120.01,119.11,119.8,119.32,9862000.0,,
"Sep 23, 2025",120.36,120.46,118.76,118.96,118.49,9696400.0,,
"Sep 22, 2025",,,,,,,Dividend,0.2125
"Sep 22, 2025",120.4,121.01,120.04,120.09,119.61,12283600.0,,
"Sep 19, 2025",120.87,121.24,120.47,120.69,120.0,12576200.0,,
"Sep 18, 2025",121.26,121.32,120.24,120.24,119.55,10819800.0,,
"Sep 17, 2025",121.01,121.7,119.5,120.79,120.09,15324000.0,,
"Sep 16, 2025",120.79,121.23,120.43,121.09,120.4,8687400.0,,
"Sep 15, 2025",121.22,121.39,119.75,120.35,119.66,13760200.0,,
"Sep 12, 2025",118.51,119.49,118.46,119.32,118.63,9002800.0,,
"Sep 11, 2025",116.9,118.78,116.75,118.7,118.02,16448800.0,,
"Sep 11, 2025",116.9,118.78,116.75,118.7,118.02,16448800.0,,
"Sep 10, 2025",118.03,118.03,116.13,116.43,115.77,16330400.0,,
"Sep 9, 2025",117.93,117.97,117.07,117.85,117.17,13340200.0,,
"Sep 8, 2025",118.17,118.35,117.62,118.01,117.33,18769200.0,,
"Sep 5, 2025",118.2,118.93,117.13,117.56,116.88,30997000.0,,
"Sep 4, 2025",116.36,117.64,116.21,117.58,116.91,24662400.0,,
"Sep 3, 2025",115.24,116.11,114.96,115.47,114.81,13839000.0,,
"Sep 2, 2025",114.4,115.14,114.15,115.0,114.35,14705400.0,,
"Aug 29, 2025",117.07,117.25,115.57,115.87,115.21,11766000.0,,
"Aug 28, 2025",117.11,117.25,116.35,117.07,116.4,8211400.0,,
"Aug 27, 2025",116.85,117.26,116.72,116.88,116.21,8764400.0,,
"Aug 26, 2025",116.15,116.89,116.07,116.85,116.18,10809600.0,,
"Aug 25, 2025",116.13,116.75,115.82,116.32,115.65,9851400.0,,
"Aug 22, 2025",113.67,116.61,113.5,116.55,115.88,14933800.0,,
"Aug 21, 2025",113.22,113.42,112.47,113.11,112.47,10117000.0,,
"Aug 20, 2025",115.17,115.44,113.09,113.79,113.14,15303600.0,,
"Aug 19, 2025",115.0,116.03,114.67,114.93,114.27,11843000.0,,
"Aug 18, 2025",114.29,115.15,114.29,114.98,114.32,9293000.0,,
"Aug 15, 2025",115.39,115.51,114.11,114.52,113.86,9346800.0,,
"Aug 14, 2025",114.27,114.98,114.15,114.79,114.14,11244600.0,,
"Aug 13, 2025",113.79,115.09,113.68,114.93,114.27,12555400.0,,
"Aug 12, 2025",113.03,113.5,112.23,113.37,112.72,9791400.0,,
"Aug 11, 2025",112.17,112.75,111.99,112.18,111.54,9686400.0,,
"Aug 8, 2025",111.76,112.44,111.69,111.89,111.25,10108600.0,,
"Aug 7, 2025",112.01,112.52,110.75,111.69,111.05,12127600.0,,
"Aug 6, 2025",109.78,111.78,109.63,111.73,111.09,11728800.0,,
"Aug 5, 2025",109.47,110.14,109.14,109.46,108.83,11021600.0,,
"Aug 4, 2025",108.88,109.49,108.53,109.32,108.69,12640200.0,,
"Aug 1, 2025",108.26,108.65,107.38,108.04,107.43,22660400.0,,
"Jul 31, 2025",112.14,112.33,110.57,110.71,110.08,13728200.0,,
"Jul 30, 2025",112.47,112.68,110.97,111.6,110.96,13746000.0,,
"Jul 29, 2025",113.11,113.13,112.06,112.31,111.67,11012600.0,,
"Jul 28, 2025",112.87,113.67,112.51,113.09,112.44,11332600.0,,
"Jul 25, 2025",111.96,112.61,111.68,112.43,111.79,12268000.0,,
"Jul 24, 2025",111.76,112.41,111.17,111.4,110.76,15148400.0,,
"Jul 23, 2025",113.0,113.44,112.86,113.28,112.63,10083200.0,,
"Jul 22, 2025",111.96,112.95,111.65,112.74,112.09,10980000.0,,
"Jul 21, 2025",111.46,112.03,111.38,111.61,110.97,9807800.0,,
"Jul 18, 2025",110.67,111.14,110.5,111.08,110.45,11246400.0,,
"Jul 17, 2025",109.81,110.29,109.63,110.11,109.48,7742400.0,,
"Jul 16, 2025",109.72,109.96,108.74,109.74,109.11,13982600.0,,
"Jul 15, 2025",111.19,111.46,109.49,109.54,108.91,10133200.0,,
"Jul 14, 2025",110.74,111.16,110.42,111.13,110.49,7292200.0,,
"Jul 11, 2025",110.39,110.95,109.93,110.71,110.08,6690400.0,,
"Jul 10, 2025",109.71,110.96,109.6,110.68,110.05,7566000.0,,
"Jul 9, 2025",109.32,109.79,108.9,109.47,108.85,4864800.0,,
"Jul 8, 2025",109.45,109.65,108.75,108.83,108.21,6855000.0,,
"Jul 7, 2025",109.1,109.65,108.51,109.2,108.57,10081600.0,,
"Jul 3, 2025",110.5,110.92,110.21,110.61,109.97,6904800.0,,
"Jul 2, 2025",109.82,110.24,109.13,110.0,109.37,12436200.0,,
"Jul 1, 2025",107.62,109.59,107.36,109.13,108.5,13085400.0,,
"Jun 30, 2025",109.26,109.5,108.36,108.67,108.04,7003400.0,,
"Jun 27, 2025",108.03,109.31,107.79,109.29,108.67,8902000.0,,
"Jun 26, 2025",106.62,107.73,106.39,107.5,106.89,7543000.0,,
"Jun 25, 2025",108.14,108.16,106.08,106.53,105.91,9302000.0,,
"Jun 24, 2025",108.31,108.35,107.46,107.79,107.18,8652000.0,,
"Jun 23, 2025",,,,,,,Dividend,0.2235
"Jun 23, 2025",105.33,107.39,104.86,107.2,106.59,12557200.0,,
"Jun 20, 2025",106.14,106.38,104.81,105.34,104.51,9704800.0,,
"Jun 18, 2025",105.38,106.35,105.12,105.21,104.39,7405800.0,,
"Jun 17, 2025",106.42,106.68,104.97,105.17,104.34,8473200.0,,
"Jun 16, 2025",106.71,107.19,106.39,107.01,106.17,4764600.0,,
"Jun 13, 2025",105.49,107.0,105.36,105.87,105.04,10292200.0,,
"Jun 12, 2025",106.76,107.43,106.57,106.86,106.02,5413800.0,,
"Jun 11, 2025",108.85,108.89,106.96,107.36,106.52,6888600.0,,
"Jun 10, 2025",107.09,108.24,106.96,108.21,107.37,8594800.0,,
"Jun 9, 2025",105.72,107.14,105.12,106.93,106.1,10596400.0,,
"Jun 6, 2025",106.24,106.58,105.72,106.08,105.25,9948800.0,,
"Jun 5, 2025",107.16,107.71,103.86,104.72,103.9,12096600.0,,
"Jun 4, 2025",107.81,107.87,106.65,107.43,106.59,7581000.0,,
"Jun 3, 2025",107.25,108.61,107.22,107.72,106.88,7855400.0,,
"Jun 2, 2025",106.6,107.17,105.28,107.15,106.31,8783800.0,,
"May 30, 2025",107.07,107.82,106.19,106.9,106.06,10233200.0,,
"May 29, 2025",108.52,108.58,106.93,107.49,106.64,8031600.0,,
"May 28, 2025",108.53,108.56,107.26,107.44,106.6,7542400.0,,
"May 27, 2025",106.51,108.53,106.51,108.43,107.58,7886800.0,,
"May 23, 2025",104.51,105.8,104.34,105.32,104.5,7497000.0,,
"May 22, 2025",105.64,107.07,105.36,106.28,105.45,8992400.0,,
"May 21, 2025",107.16,107.53,105.4,105.82,105.0,10325600.0,,
"May 20, 2025",108.78,109.09,107.5,108.01,107.17,7046800.0,,
"May 19, 2025",107.07,108.74,106.84,108.58,107.73,6935000.0,,
"May 16, 2025",108.18,108.91,107.89,108.83,107.98,5973200.0,,
"May 15, 2025",107.04,108.11,106.7,107.82,106.97,8393000.0,,
"May 14, 2025",107.92,108.59,107.61,108.06,107.21,7117000.0,,
"May 13, 2025",106.89,108.09,106.54,107.64,106.8,11431000.0,,
"May 12, 2025",106.59,106.6,105.19,106.24,105.4,9569400.0,,
"May 9, 2025",100.98,101.96,100.71,101.21,100.41,5159600.0,,
"May 8, 2025",100.5,101.76,99.86,100.72,99.93,6464400.0,,
"May 7, 2025",98.99,99.99,98.63,99.54,98.76,5359400.0,,
"May 6, 2025",98.43,99.5,98.34,98.78,98.0,4811200.0,,
"May 5, 2025",99.9,100.22,99.32,99.64,98.86,4677000.0,,
"May 2, 2025",100.22,101.29,99.57,100.71,99.93,7457000.0,,
"May 1, 2025",99.13,100.47,98.96,99.18,98.4,7359000.0,,
"Apr 30, 2025",97.1,98.9,95.82,98.63,97.86,5881800.0,,
"Apr 29, 2025",98.08,99.67,97.96,99.54,98.75,5136600.0,,
"Apr 28, 2025",99.18,99.95,97.46,98.83,98.06,5562000.0,,
"Apr 25, 2025",97.05,98.86,96.81,98.8,98.03,5968800.0,,
"Apr 24, 2025",95.15,97.15,94.92,97.06,96.29,5341200.0,,
"Apr 23, 2025",96.44,97.47,94.93,95.16,94.41,8957400.0,,
"Apr 22, 2025",91.26,93.97,91.25,93.08,92.35,8564800.0,,
"Apr 22, 2025",91.26,93.97,91.25,93.08,92.35,8564800.0,,
"Apr 21, 2025",91.36,91.47,88.99,90.22,89.52,9802000.0,,
"Apr 17, 2025",92.65,93.3,91.9,92.7,91.97,7623600.0,,
"Apr 16, 2025",93.54,94.27,90.94,92.12,91.4,8579600.0,,
"Apr 15, 2025",94.98,95.78,93.92,94.45,93.71,6676400.0,,
"Apr 14, 2025",96.28,96.79,93.86,95.14,94.39,7720600.0,,
"Apr 11, 2025",93.75,95.05,92.07,94.86,94.12,8266800.0,,
"Apr 10, 2025",95.42,95.47,90.9,93.95,93.21,16600400.0,,
"Apr 9, 2025",88.02,98.07,87.88,97.77,97.0,29318600.0,,
"Apr 8, 2025",93.72,94.23,86.98,88.17,87.48,17407400.0,,
"Apr 7, 2025",87.93,94.61,86.55,90.32,89.61,41234000.0,,
"Apr 4, 2025",92.31,94.68,90.85,91.39,90.68,25286000.0,,
"Apr 3, 2025",96.14,97.46,95.07,95.51,94.77,13795600.0,,
"Apr 2, 2025",97.96,102.25,97.88,101.65,100.86,9356000.0,,
"Apr 1, 2025",98.61,100.57,98.07,99.76,98.98,11097400.0,,
"Mar 31, 2025",96.6,99.07,95.9,98.73,97.96,10221000.0,,
"Mar 28, 2025",101.1,101.25,98.22,98.52,97.75,9886600.0,,
"Mar 27, 2025",101.29,103.21,101.04,101.68,100.88,6736800.0,,
"Mar 26, 2025",102.74,102.96,101.03,101.61,100.82,6187000.0,,
"Mar 25, 2025",102.39,103.02,101.78,102.96,102.15,7421400.0,,
"Mar 24, 2025",,,,,,,Dividend,0.271
"Mar 24, 2025",99.88,102.24,99.88,102.14,101.34,8567600.0,,
"Mar 21, 2025",97.19,98.78,96.69,98.72,97.68,9794800.0,,
"Mar 20, 2025",97.88,99.63,97.8,98.37,97.33,8586400.0,,
"Mar 19, 2025",97.43,99.17,97.19,98.61,97.56,9831400.0,,
"Mar 18, 2025",97.58,97.59,96.35,96.75,95.73,8246200.0,,
"Mar 17, 2025",98.36,99.07,97.65,98.5,97.46,6053200.0,,
"Mar 14, 2025",97.78,98.46,96.93,98.35,97.31,6295600.0,,
"Mar 13, 2025",98.61,98.61,95.85,96.3,95.28,9992800.0,,
"Mar 12, 2025",99.89,100.0,97.56,98.76,97.72,8548200.0,,
"Mar 11, 2025",99.11,99.96,97.19,98.19,97.16,14379600.0,,
"Mar 10, 2025",101.47,101.61,98.29,99.17,98.12,14412600.0,,
"Mar 7, 2025",102.39,103.13,100.14,102.83,101.75,9798800.0,,
"Mar 6, 2025",104.14,104.89,102.57,103.03,101.94,9755400.0,,
"Mar 5, 2025",104.19,105.89,103.74,105.71,104.59,10128200.0,,
"Mar 4, 2025",104.18,105.93,102.75,104.12,103.02,13842600.0,,
"Mar 3, 2025",108.61,109.18,104.86,105.99,104.87,10983600.0,,
"Feb 28, 2025",106.25,108.05,105.83,107.98,106.84,7696400.0,,
"Feb 27, 2025",108.27,108.57,106.13,106.21,105.09,6799000.0,,
"Feb 26, 2025",108.94,109.56,107.54,107.77,106.63,6143600.0,,
"Feb 25, 2025",108.72,108.97,106.71,108.21,107.07,8006400.0,,
"Feb 24, 2025",109.68,109.85,108.33,108.79,107.64,5953400.0,,
"Feb 21, 2025",112.41,112.44,108.76,109.19,108.04,9043000.0,,
"Feb 20, 2025",112.81,112.81,111.29,112.14,110.96,4732400.0,,
"Feb 19, 2025",112.66,113.18,112.44,113.12,111.92,3996400.0,,
"Feb 18, 2025",113.47,113.62,112.46,113.18,111.99,7567200.0,,
"Feb 14, 2025",114.36,114.46,113.11,113.5,112.3,3425600.0,,
"Feb 13, 2025",112.6,113.67,112.39,113.55,112.35,6484400.0,,
"Feb 12, 2025",111.06,112.45,110.76,111.87,110.69,7903000.0,,
"Feb 11, 2025",112.46,112.77,111.61,111.89,110.71,5538200.0,,
"Feb 10, 2025",113.24,113.79,112.72,113.18,111.98,5963800.0,,
"Feb 7, 2025",114.26,115.13,112.7,112.79,111.6,5536400.0,,
"Feb 6, 2025",114.91,115.35,114.33,115.04,113.82,6045800.0,,
"Feb 5, 2025",115.15,115.44,114.32,114.58,113.37,5902800.0,,
"Feb 4, 2025",114.62,116.01,114.61,115.9,114.68,3987000.0,,
"Feb 3, 2025",113.57,115.04,112.61,114.55,113.34,7460000.0,,
"Jan 31, 2025",116.75,117.93,115.86,116.08,114.86,5092600.0,,
"Jan 30, 2025",117.0,117.29,115.72,116.6,115.37,5386400.0,,
"Jan 29, 2025",115.89,116.25,115.09,115.47,114.25,6538000.0,,
"Jan 28, 2025",115.32,116.12,114.78,115.8,114.58,5211000.0,,
"Jan 27, 2025",113.28,115.71,113.28,115.66,114.44,7069800.0,,
"Jan 24, 2025",115.74,115.86,114.79,115.0,113.79,3543400.0,,
"Jan 23, 2025",114.85,115.71,114.54,115.71,114.49,3888800.0,,
"Jan 22, 2025",115.21,115.69,114.82,115.01,113.8,4948800.0,,
"Jan 21, 2025",115.64,115.75,114.18,115.45,114.23,6036600.0,,
"Jan 17, 2025",114.51,115.33,114.33,114.61,113.4,3884600.0,,
"Jan 16, 2025",113.44,113.44,112.57,113.03,111.83,4851800.0,,
"Jan 15, 2025",113.38,113.74,112.59,113.64,112.44,6197400.0,,
"Jan 14, 2025",112.15,112.74,110.4,110.82,109.65,6762200.0,,
"Jan 13, 2025",109.57,111.05,109.15,111.04,109.86,5422000.0,,
"Jan 10, 2025",111.08,111.27,109.81,110.41,109.24,6869400.0,,
"Jan 8, 2025",111.15,111.94,110.59,111.5,110.33,5309200.0,,
"Jan 7, 2025",113.29,113.63,110.79,111.19,110.02,5554000.0,,
"Jan 6, 2025",114.16,114.25,112.77,113.39,112.19,6785400.0,,
"Jan 3, 2025",111.32,113.01,110.76,112.94,111.75,6501000.0,,
"Jan 2, 2025",112.22,112.56,110.0,110.7,109.53,9166400.0,,
"Dec 31, 2024",113.64,113.97,111.99,112.18,110.99,5250800.0,,
"Dec 30, 2024",113.13,113.75,112.32,113.03,111.83,5413000.0,,
"Dec 27, 2024",116.03,116.03,114.32,114.87,113.66,6097200.0,,
"Dec 26, 2024",116.99,117.22,116.29,116.8,115.57,4109600.0,,
"Dec 24, 2024",115.07,117.25,114.97,117.24,116.0,2552600.0,,
"Dec 23, 2024",,,,,,,Dividend,0.2165
"Dec 23, 2024",114.44,114.7,113.09,114.58,113.37,5922400.0,,
"Dec 20, 2024",113.02,116.25,112.75,114.46,113.03,10915800.0,,
"Dec 19, 2024",115.88,116.21,113.49,114.17,112.75,13205200.0,,
"Dec 18, 2024",118.76,120.14,113.86,114.32,112.9,14405000.0,,
"Dec 17, 2024",119.88,119.96,118.72,119.71,118.23,10221000.0,,
"Dec 16, 2024",118.36,119.43,118.13,119.34,117.86,6013600.0,,
"Dec 13, 2024",117.25,117.79,116.95,117.75,116.28,5382400.0,,
"Dec 12, 2024",118.2,118.33,117.13,117.28,115.82,4871800.0,,
"Dec 11, 2024",117.18,118.3,117.12,118.26,116.79,5734800.0,,
"Dec 10, 2024",116.05,117.3,115.83,116.22,114.77,7630800.0,,
"Dec 9, 2024",117.07,117.79,115.61,116.03,114.59,6513800.0,,
"Dec 6, 2024",114.93,116.43,114.92,116.4,114.95,4889200.0,,
"Dec 5, 2024",113.18,114.51,113.14,114.0,112.58,7321000.0,,
"Dec 4, 2024",112.28,113.18,112.15,113.07,111.67,5539400.0,,
"Dec 3, 2024",111.9,112.11,111.43,112.04,110.64,7051400.0,,
"Dec 2, 2024",111.93,112.39,111.72,112.12,110.73,8134800.0,,
"Nov 29, 2024",110.26,111.18,110.2,111.15,109.77,1771400.0,,
"Nov 27, 2024",110.77,110.93,109.75,110.02,108.65,3829000.0,,
"Nov 27, 2024",110.77,110.93,109.75,110.02,108.65,3829000.0,,
"Nov 26, 2024",110.11,110.75,109.93,110.57,109.19,3979600.0,,
"Nov 25, 2024",110.35,111.14,110.11,110.17,108.79,7360400.0,,
"Nov 22, 2024",107.81,109.36,107.81,109.05,107.69,4550600.0,,
"Nov 21, 2024",107.64,107.77,106.67,107.5,106.16,5468400.0,,
"Nov 20, 2024",107.46,107.54,106.19,107.31,105.98,5979200.0,,
"Nov 19, 2024",106.71,108.11,106.21,107.79,106.44,3935800.0,,
"Nov 18, 2024",108.0,108.53,107.01,107.71,106.37,4752200.0,,
"Nov 15, 2024",107.04,107.55,106.23,106.72,105.39,7824800.0,,
"Nov 14, 2024",109.01,109.45,107.55,107.64,106.3,4620200.0,,
"Nov 13, 2024",109.0,109.77,108.62,109.19,107.83,5883400.0,,
"Nov 12, 2024",109.45,109.46,107.88,108.26,106.92,10535200.0,,
"Nov 11, 2024",109.25,110.19,108.75,109.73,108.37,9210000.0,,
"Nov 8, 2024",106.04,108.14,105.93,107.56,106.22,7785800.0,,
"Nov 7, 2024",104.92,106.48,104.88,106.06,104.74,8021000.0,,
"Nov 6, 2024",103.78,104.79,102.95,104.71,103.41,9398600.0,,
"Nov 5, 2024",99.93,101.5,99.84,101.46,100.2,4424200.0,,
"Nov 4, 2024",99.63,100.53,99.46,99.7,98.46,4769200.0,,
"Nov 1, 2024",100.25,101.07,99.95,100.04,98.8,7607600.0,,
"Oct 31, 2024",99.75,99.97,98.39,98.44,97.22,6197400.0,,
"Oct 30, 2024",100.36,100.81,99.89,99.97,98.73,4879800.0,,
"Oct 29, 2024",99.81,100.32,99.49,100.11,98.87,4247000.0,,
"Oct 28, 2024",101.19,101.54,100.6,100.64,99.39,4102400.0,,
"Oct 25, 2024",100.27,101.29,100.04,100.4,99.16,5440000.0,,
"Oct 24, 2024",99.15,100.22,98.85,100.09,98.85,6991400.0,,
"Oct 23, 2024",97.79,98.01,96.51,97.03,95.82,4339000.0,,
"Oct 22, 2024",98.22,98.93,97.96,98.58,97.35,3157600.0,,
"Oct 21, 2024",99.54,99.54,98.61,98.98,97.75,3304800.0,,
"Oct 18, 2024",99.57,100.02,99.18,99.75,98.51,3797000.0,,
"Oct 17, 2024",99.63,99.79,99.04,99.36,98.13,3488800.0,,
"Oct 16, 2024",99.03,99.48,98.9,99.46,98.22,4607000.0,,
"Oct 15, 2024",98.75,99.58,98.75,98.93,97.7,6855200.0,,
"Oct 14, 2024",98.49,98.89,98.08,98.72,97.49,3566600.0,,
"Oct 11, 2024",97.71,98.68,97.7,98.29,97.07,4991600.0,,
"Oct 10, 2024",99.02,99.24,98.42,98.71,97.48,3259000.0,,
"Oct 9, 2024",98.82,99.4,98.39,99.2,97.97,5537400.0,,
"Oct 8, 2024",97.98,98.65,97.82,98.5,97.27,4733200.0,,
"Oct 7, 2024",98.36,98.36,97.19,97.54,96.33,5202000.0,,
"Oct 4, 2024",98.87,99.32,98.06,99.08,97.85,7828200.0,,
"Oct 3, 2024",98.07,98.46,97.39,97.79,96.57,7101400.0,,
"Oct 2, 2024",98.6,99.21,98.19,98.93,97.7,7482400.0,,
"Oct 1, 2024",100.13,100.21,98.48,99.78,98.54,8229000.0,,
"Sep 30, 2024",100.14,100.46,99.22,100.18,98.94,4572400.0,,
"Sep 27, 2024",100.65,100.82,100.13,100.42,99.17,3441800.0,,
"Sep 26, 2024",100.73,100.95,99.68,100.27,99.02,4266400.0,,
"Sep 25, 2024",99.86,100.06,99.54,99.85,98.6,3389800.0,,
"Sep 24, 2024",99.82,100.23,99.24,100.21,98.96,4059200.0,,
"Sep 23, 2024",,,,,,,Dividend,0.2025
"Sep 23, 2024",98.56,99.38,98.35,99.33,98.1,7271200.0,,
"Sep 20, 2024",98.39,98.5,97.61,98.35,96.92,5552400.0,,
"Sep 19, 2024",98.24,98.79,97.92,98.57,97.14,5865400.0,,
"Sep 18, 2024",96.71,98.03,96.26,96.38,94.98,6634600.0,,
"Sep 17, 2024",96.64,97.52,96.26,96.57,95.17,4307800.0,,
"Sep 16, 2024",96.19,96.39,95.56,96.07,94.68,3077200.0,,
"Sep 13, 2024",95.68,96.48,95.56,96.24,94.85,3926200.0,,
"Sep 12, 2024",94.52,95.64,94.41,95.59,94.21,4748600.0,,
"Sep 11, 2024",93.45,94.65,91.5,94.53,93.16,7511200.0,,
"Sep 10, 2024",92.89,93.65,92.33,93.59,92.24,9424600.0,,
"Sep 9, 2024",92.15,92.89,91.91,92.53,91.19,4297400.0,,
"Sep 6, 2024",93.75,94.08,91.16,91.2,89.88,7714000.0,,
"Sep 5, 2024",92.95,94.21,92.86,93.57,92.21,7264200.0,,
"Sep 4, 2024",92.01,92.93,91.89,92.51,91.18,10007600.0,,
"Sep 3, 2024",93.29,93.72,91.85,92.28,90.94,9876400.0,,
"Aug 30, 2024",92.51,93.64,92.14,93.56,92.21,4672200.0,,
"Aug 29, 2024",92.87,93.26,92.08,92.17,90.84,4616000.0,,
"Aug 28, 2024",92.9,93.14,91.32,92.06,90.73,5668600.0,,
"Aug 27, 2024",92.97,93.1,92.33,92.96,91.61,3328200.0,,
"Aug 26, 2024",93.85,94.04,92.92,93.21,91.86,3211000.0,,
"Aug 23, 2024",92.88,94.04,92.86,93.93,92.58,6304200.0,,
"Aug 22, 2024",93.94,94.03,91.99,92.15,90.82,5709800.0,,
"Aug 21, 2024",93.36,93.96,93.15,93.78,92.42,4532200.0,,
"Aug 20, 2024",92.7,93.15,92.33,92.61,91.26,4679000.0,,
"Aug 19, 2024",91.8,92.74,91.71,92.69,91.35,4570000.0,,
"Aug 16, 2024",90.93,91.94,90.93,91.57,90.24,4767800.0,,
"Aug 15, 2024",90.21,91.49,90.21,91.35,90.03,6288000.0,,
"Aug 14, 2024",88.99,89.26,88.17,88.53,87.24,4779800.0,,
"Aug 13, 2024",87.23,89.08,87.06,89.0,87.71,5847000.0,,
"Aug 12, 2024",87.34,87.34,86.29,86.82,85.57,4929800.0,,
"Aug 9, 2024",86.86,87.57,86.65,87.17,85.91,6379600.0,,
"Aug 8, 2024",85.79,87.11,85.32,86.88,85.62,5935200.0,,
"Aug 7, 2024",87.25,87.4,84.92,85.03,83.79,8404400.0,,
"Aug 6, 2024",86.04,87.77,85.25,86.54,85.28,9523400.0,,
"Aug 5, 2024",83.53,86.47,83.24,85.59,84.35,16391800.0,,
"Aug 2, 2024",88.46,88.46,87.03,88.08,86.81,12738400.0,,
"Aug 1, 2024",93.79,94.07,90.66,91.44,90.12,7295800.0,,
"Jul 31, 2024",93.42,94.53,93.21,93.75,92.39,4993600.0,,
"Jul 30, 2024",93.04,93.17,91.45,92.32,90.98,4281000.0,,
"Jul 29, 2024",91.92,93.17,91.87,92.83,91.49,7145600.0,,
"Jul 26, 2024",90.96,91.79,90.73,91.31,89.98,4529400.0,,
"Jul 25, 2024",90.64,91.88,90.02,90.29,88.99,10240800.0,,
"Jul 24, 2024",92.42,92.46,90.61,90.65,89.34,8200800.0,,
"Jul 23, 2024",95.31,95.46,94.47,94.51,93.15,4823600.0,,
"Jul 22, 2024",94.58,95.27,94.22,94.94,93.57,4808400.0,,
"Jul 19, 2024",94.39,94.78,93.53,93.9,92.55,3872200.0,,
"Jul 18, 2024",95.93,96.54,94.47,94.75,93.38,4375200.0,,
"Jul 17, 2024",96.63,96.88,95.56,95.72,94.34,5797200.0,,
"Jul 16, 2024",96.19,97.39,96.04,97.35,95.94,4123200.0,,
"Jul 15, 2024",96.28,96.95,95.33,95.64,94.25,5080200.0,,
"Jul 12, 2024",94.39,96.56,94.25,95.75,94.36,5453600.0,,
"Jul 11, 2024",96.18,96.83,94.22,94.51,93.14,8996000.0,,
"Jul 11, 2024",96.18,96.83,94.22,94.51,93.14,8996000.0,,
"Jul 10, 2024",95.22,95.82,94.67,95.72,94.34,4557800.0,,
"Jul 9, 2024",94.59,95.61,94.53,95.01,93.64,3656000.0,,
"Jul 8, 2024",94.53,95.11,94.43,94.69,93.32,3676800.0,,
"Jul 5, 2024",94.35,94.71,93.88,94.65,93.28,3996400.0,,
"Jul 3, 2024",93.61,94.24,93.48,93.89,92.53,4379600.0,,
"Jul 2, 2024",92.01,93.3,91.93,93.29,91.94,5884600.0,,
"Jul 1, 2024",91.56,91.93,91.04,91.51,90.19,6393200.0,,
"Jun 28, 2024",91.76,92.36,90.74,91.2,89.88,7914600.0,,
"Jun 27, 2024",91.88,92.24,91.5,92.22,90.89,4228200.0,,
"Jun 26, 2024",90.14,91.85,90.01,91.67,90.34,5031800.0,,
"Jun 25, 2024",90.82,90.82,90.07,90.36,89.05,4712800.0,,
"Jun 24, 2024",,,,,,,Dividend,0.196
"Jun 24, 2024",91.32,91.72,90.68,90.72,89.41,5077800.0,,
"Jun 21, 2024",91.0,91.43,90.57,91.31,89.79,8623200.0,,
"Jun 20, 2024",90.33,90.76,90.07,90.54,89.04,4722800.0,,
"Jun 18, 2024",90.65,90.76,90.12,90.43,88.93,4483800.0,,
"Jun 17, 2024",89.05,90.96,88.89,90.73,89.23,7353200.0,,
"Jun 14, 2024",89.74,89.74,88.63,89.17,87.69,6105600.0,,
"Jun 13, 2024",90.42,90.59,89.56,89.88,88.38,5227000.0,,
"Jun 12, 2024",89.66,90.39,89.39,89.81,88.32,7957600.0,,
"Jun 11, 2024",89.07,89.07,88.1,88.88,87.41,5566000.0,,
"Jun 10, 2024",88.57,89.21,88.57,89.11,87.64,3731000.0,,
"Jun 7, 2024",88.69,89.37,88.67,88.83,87.36,4548600.0,,
"Jun 6, 2024",88.63,89.23,88.58,89.19,87.72,4455600.0,,
"Jun 5, 2024",88.24,88.55,87.44,88.55,87.08,4581800.0,,
"Jun 4, 2024",87.57,88.39,87.54,88.04,86.57,5779800.0,,
"Jun 3, 2024",88.04,88.33,87.13,87.94,86.49,7929000.0,,
"May 31, 2024",87.56,88.0,86.61,87.99,86.53,6840400.0,,
"May 30, 2024",87.24,87.74,87.07,87.5,86.04,4496600.0,,
"May 29, 2024",86.9,87.32,86.9,86.98,85.54,4344000.0,,
"May 28, 2024",87.45,87.74,87.08,87.56,86.1,5344200.0,,
"May 24, 2024",87.49,88.04,87.25,87.77,86.31,5150200.0,,
"May 23, 2024",88.57,88.57,86.76,86.89,85.45,7354600.0,,
"May 22, 2024",89.04,89.13,87.96,88.32,86.86,6332200.0,,
"May 21, 2024",88.61,89.28,88.27,89.25,87.77,4375400.0,,
"May 20, 2024",89.14,89.39,88.47,88.68,87.21,4002000.0,,
"May 17, 2024",88.97,89.36,88.71,89.35,87.87,5577400.0,,
"May 16, 2024",89.43,89.56,88.86,88.89,87.42,6589200.0,,
"May 15, 2024",89.74,89.81,88.89,89.47,87.99,7182800.0,,
"May 14, 2024",88.79,89.49,88.75,89.34,87.86,6044600.0,,
"May 13, 2024",89.43,89.64,88.63,88.93,87.46,8142800.0,,
"May 10, 2024",89.61,89.68,88.86,89.05,87.57,5654400.0,,
"May 9, 2024",88.96,89.75,88.76,89.53,88.05,5046000.0,,
"May 8, 2024",88.48,89.06,88.42,88.93,87.45,5763200.0,,
"May 7, 2024",89.85,89.89,89.13,89.26,87.78,6300600.0,,
"May 6, 2024",89.51,89.9,89.25,89.9,88.41,6229000.0,,
"May 3, 2024",89.47,90.0,88.8,88.96,87.48,9013000.0,,
"May 2, 2024",88.08,88.53,87.21,88.36,86.89,8238600.0,,
"May 1, 2024",87.86,88.97,86.82,87.26,85.81,14336800.0,,
"Apr 30, 2024",89.12,89.54,87.74,87.81,86.35,7218400.0,,
"Apr 29, 2024",89.76,90.14,89.12,90.0,88.51,10308400.0,,
"Apr 26, 2024",87.47,88.55,87.35,87.96,86.5,6665800.0,,
"Apr 25, 2024",85.78,87.36,85.42,87.17,85.72,10701200.0,,
"Apr 24, 2024",87.56,87.82,86.47,87.1,85.65,8948600.0,,
"Apr 23, 2024",85.74,86.52,85.32,86.27,84.84,7889400.0,,
"Apr 22, 2024",85.06,85.68,84.45,85.25,83.84,8950200.0,,
"Apr 19, 2024",85.63,85.82,84.54,84.88,83.47,13580800.0,,
"Apr 18, 2024",86.32,86.68,85.39,85.63,84.21,9411800.0,,
"Apr 17, 2024",87.0,87.1,85.81,86.17,84.74,12416800.0,,
"Apr 16, 2024",86.63,87.07,86.18,86.58,85.15,12870800.0,,
"Apr 15, 2024",89.2,89.26,87.0,87.08,85.64,11136800.0,,
"Apr 12, 2024",89.32,89.38,88.26,88.56,87.09,10729000.0,,
"Apr 11, 2024",89.6,90.34,88.85,90.01,88.52,8433400.0,,
"Apr 10, 2024",89.22,89.66,88.88,89.29,87.81,10806000.0,,
"Apr 9, 2024",90.71,90.75,89.94,90.69,89.19,8559800.0,,
"Apr 8, 2024",89.95,90.57,89.88,90.27,88.77,8295800.0,,
"Apr 5, 2024",89.22,90.0,89.04,89.42,87.94,10081800.0,,
"Apr 4, 2024",90.66,91.0,88.92,88.93,87.45,9650600.0,,
"Apr 3, 2024",89.41,90.29,89.41,89.98,88.49,10165200.0,,
"Apr 2, 2024",89.79,89.96,89.51,89.92,88.42,12270400.0,,
"Apr 1, 2024",92.04,92.14,90.93,91.26,89.75,9941800.0,,
"Mar 28, 2024",92.11,92.39,91.92,91.94,90.42,5958200.0,,
"Mar 27, 2024",91.89,92.24,91.43,92.23,90.7,5812000.0,,
"Mar 26, 2024",91.64,92.03,91.11,91.18,89.66,5387800.0,,
"Mar 25, 2024",91.0,91.53,91.0,91.06,89.55,5664600.0,,
"Mar 22, 2024",91.21,91.61,91.01,91.36,89.84,5718600.0,,
"Mar 21, 2024",92.27,92.61,92.12,92.17,90.64,7146400.0,,
"Mar 20, 2024",90.46,91.64,90.39,91.63,90.11,8497400.0,,
"Mar 19, 2024",89.49,90.33,89.36,90.29,88.79,7624200.0,,
"Mar 18, 2024",,,,,,,Dividend,0.1935
"Mar 18, 2024",89.72,89.93,89.1,89.51,88.03,8512800.0,,
"Mar 15, 2024",89.32,89.92,88.79,89.03,87.36,9868800.0,,
"Mar 14, 2024",90.6,90.69,89.43,89.92,88.24,10810400.0,,
"Mar 13, 2024",90.46,91.07,90.36,90.5,88.8,5717000.0,,
"Mar 12, 2024",90.21,91.04,89.61,90.68,88.99,7906400.0,,
"Mar 11, 2024",89.9,90.26,89.68,89.91,88.23,8306400.0,,
"Mar 8, 2024",90.7,91.07,89.86,90.15,88.47,12463600.0,,
"Mar 7, 2024",90.05,90.86,90.03,90.49,88.8,6713400.0,,
"Mar 6, 2024",90.48,90.72,89.55,89.81,88.12,9299600.0,,
"Mar 5, 2024",90.68,90.84,89.82,90.13,88.44,12941800.0,,
"Mar 4, 2024",92.06,92.36,91.24,91.26,89.55,11336800.0,,
"Mar 1, 2024",92.13,92.64,91.65,92.51,90.78,11065800.0,,
"Feb 29, 2024",91.91,92.42,91.44,92.21,90.48,8270400.0,,
"Feb 28, 2024",91.07,92.02,91.03,91.58,89.87,7408800.0,,
"Feb 27, 2024",91.33,91.65,90.89,91.22,89.52,5852400.0,,
"Feb 26, 2024",90.91,91.36,90.79,90.93,89.22,7051600.0,,
"Feb 23, 2024",90.7,91.11,90.5,90.64,88.95,7575800.0,,
"Feb 22, 2024",90.12,91.2,89.96,91.06,89.35,8800000.0,,
"Feb 21, 2024",88.96,89.74,88.74,89.32,87.65,8886200.0,,
"Feb 21, 2024",88.96,89.74,88.74,89.32,87.65,8886200.0,,
"Feb 20, 2024",88.69,89.0,88.11,88.67,87.0,8756400.0,,
"Feb 16, 2024",89.65,90.04,88.96,89.51,87.83,8512200.0,,
"Feb 15, 2024",89.19,90.05,88.96,90.04,88.36,10567600.0,,
"Feb 14, 2024",88.42,89.06,87.93,89.01,87.35,11561000.0,,
"Feb 13, 2024",88.07,88.58,87.61,88.08,86.44,14801400.0,,
"Feb 12, 2024",89.98,90.44,89.71,89.88,88.19,6040200.0,,
"Feb 9, 2024",89.24,90.1,89.04,89.95,88.27,9584800.0,,
"Feb 8, 2024",88.99,89.37,88.82,89.32,87.64,8100000.0,,
"Feb 7, 2024",88.43,89.25,88.22,88.93,87.26,7796400.0,,
"Feb 6, 2024",87.04,87.96,87.04,87.94,86.29,9373600.0,,
"Feb 5, 2024",87.75,87.75,86.38,87.41,85.77,13346200.0,,
"Feb 2, 2024",87.7,89.02,87.28,88.66,87.0,20763800.0,,
"Feb 1, 2024",85.86,87.13,85.56,87.11,85.47,14682200.0,,
"Jan 31, 2024",86.49,86.96,85.39,85.46,83.86,13663800.0,,
"Jan 30, 2024",87.24,87.46,86.88,87.04,85.42,6274400.0,,
"Jan 29, 2024",86.01,87.11,85.86,87.1,85.46,7381200.0,,
"Jan 26, 2024",85.82,86.28,85.51,85.84,84.23,6977800.0,,
"Jan 25, 2024",85.71,85.78,84.86,85.45,83.85,11092800.0,,
"Jan 24, 2024",87.43,87.51,86.46,86.52,84.9,8622200.0,,
"Jan 23, 2024",87.14,87.43,86.41,86.85,85.22,7107200.0,,
"Jan 22, 2024",87.64,87.89,86.67,87.06,85.43,11184200.0,,
"Jan 19, 2024",86.75,87.62,86.22,87.44,85.81,9782800.0,,
"Jan 18, 2024",86.53,86.71,85.66,86.61,84.99,9926000.0,,
"Jan 17, 2024",85.96,86.15,85.48,86.12,84.51,7961800.0,,
"Jan 16, 2024",86.46,87.22,86.2,86.88,85.25,8976200.0,,
"Jan 12, 2024",87.68,88.07,86.82,86.98,85.35,7444400.0,,
"Jan 11, 2024",88.06,88.33,87.12,88.04,86.39,8592000.0,,
"Jan 10, 2024",87.59,88.37,87.57,88.15,86.5,7624400.0,,
"Jan 9, 2024",87.14,87.58,86.92,87.46,85.82,8330000.0,,
"Jan 8, 2024",86.46,87.88,86.44,87.78,86.14,8142600.0,,
"Jan 5, 2024",85.96,87.01,85.92,86.31,84.69,12084400.0,,
"Jan 4, 2024",86.43,87.25,86.14,86.18,84.56,11915000.0,,
"Jan 3, 2024",87.99,88.03,86.75,86.79,85.16,15522800.0,,
"Jan 2, 2024",89.13,89.17,88.24,88.57,86.92,15369600.0,,
"Dec 29, 2023",90.0,90.14,89.1,89.4,87.73,8268600.0,,
"Dec 28, 2023",90.56,90.73,89.89,89.96,88.28,5608800.0,,
"Dec 27, 2023",90.24,90.67,90.19,90.43,88.74,7495800.0,,
"Dec 26, 2023",89.94,90.24,89.76,90.12,88.43,5480800.0,,
"Dec 22, 2023",90.04,90.43,89.37,89.74,88.06,8522800.0,,
"Dec 21, 2023",89.99,90.43,89.49,90.4,88.71,7855000.0,,
"Dec 20, 2023",90.3,91.1,89.03,89.05,87.38,8621600.0,,
"Dec 19, 2023",90.31,90.94,90.29,90.71,89.01,7194000.0,,
"Dec 18, 2023",,,,,,,Dividend,0.16
"Dec 18, 2023",89.73,90.29,89.55,90.0,88.31,7719400.0,,
"Dec 15, 2023",89.44,89.82,89.14,89.61,87.77,11258200.0,,
"Dec 14, 2023",89.0,89.78,88.67,89.42,87.59,15288800.0,,
"Dec 13, 2023",87.07,88.33,86.39,88.24,86.43,10898400.0,,
"Dec 12, 2023",86.73,87.15,86.39,87.1,85.31,7411400.0,,
"Dec 11, 2023",86.5,86.93,86.23,86.82,85.05,18892400.0,,
"Dec 8, 2023",85.76,86.76,85.7,86.6,84.82,8096400.0,,
"Dec 7, 2023",85.84,86.36,85.57,86.2,84.43,7380200.0,,
"Dec 6, 2023",86.01,86.43,85.43,85.5,83.74,12228000.0,,
"Dec 5, 2023",84.76,86.21,84.69,85.37,83.62,7822600.0,,
"Dec 4, 2023",84.93,85.59,84.72,85.22,83.48,18477600.0,,
"Dec 1, 2023",84.03,85.57,83.86,85.54,83.79,14955800.0,,
"Nov 30, 2023",84.51,84.54,83.73,84.39,82.66,13023000.0,,
"Nov 29, 2023",85.37,85.8,84.45,84.51,82.78,7659400.0,,
"Nov 28, 2023",84.15,84.79,83.69,84.74,83.0,11974000.0,,
"Nov 27, 2023",84.17,84.69,83.81,84.25,82.53,7299600.0,,
"Nov 24, 2023",83.99,84.26,83.84,84.12,82.4,3483000.0,,
"Nov 22, 2023",84.14,84.68,83.71,84.04,82.32,8963400.0,,
"Nov 21, 2023",83.38,83.87,83.11,83.79,82.07,7603600.0,,
"Nov 20, 2023",83.55,84.18,83.29,84.0,82.28,9285000.0,,
"Nov 17, 2023",83.29,83.79,82.78,83.57,81.86,8921000.0,,
"Nov 16, 2023",83.15,83.73,82.65,83.01,81.32,12287400.0,,
"Nov 15, 2023",84.18,84.57,83.61,83.88,82.16,12388800.0,,
"Nov 14, 2023",83.07,84.04,82.95,83.78,82.06,15258400.0,,
"Nov 13, 2023",80.35,81.32,79.99,81.04,79.39,9880000.0,,
"Nov 10, 2023",79.48,80.73,79.07,80.7,79.05,10312200.0,,
"Nov 9, 2023",80.78,80.88,79.1,79.38,77.75,11497200.0,,
"Nov 8, 2023",81.13,81.27,80.41,80.89,79.23,8334600.0,,
"Nov 7, 2023",80.36,81.21,80.19,81.11,79.44,8773600.0,,
"Nov 6, 2023",80.41,80.68,79.66,80.21,78.57,11280600.0,,
"Nov 3, 2023",79.65,80.54,79.63,80.11,78.47,13727200.0,,
"Nov 2, 2023",78.33,79.04,78.08,79.0,77.38,20069600.0,,
"Nov 1, 2023",76.5,77.04,75.89,76.99,75.41,21669800.0,,
"Oct 31, 2023",75.51,76.29,75.21,76.05,74.49,10168600.0,,
"Oct 30, 2023",75.65,75.96,74.82,75.48,73.93,13858000.0,,
"Oct 27, 2023",75.31,75.94,74.55,74.79,73.26,15226600.0,,
"Oct 26, 2023",75.11,75.53,73.92,74.02,72.5,16921600.0,,
"Oct 25, 2023",76.14,76.28,75.11,75.19,73.66,11201000.0,,
"Oct 24, 2023",76.51,77.24,76.18,76.75,75.17,9960400.0,,
"Oct 23, 2023",75.54,76.89,74.74,75.93,74.38,15707200.0,,
"Oct 20, 2023",76.86,76.9,75.81,75.85,74.29,13357800.0,,
"Oct 19, 2023",78.38,78.74,76.68,77.04,75.46,21134800.0,,
"Oct 18, 2023",80.35,80.47,78.9,79.06,77.44,10414600.0,,
"Oct 17, 2023",80.04,81.36,79.89,80.96,79.3,13419800.0,,
"Oct 16, 2023",79.92,81.03,79.71,80.77,79.12,11071400.0,,
"Oct 13, 2023",80.79,80.92,79.26,79.49,77.86,11327000.0,,
"Oct 12, 2023",81.57,81.72,80.12,80.67,79.02,9181200.0,,
"Oct 11, 2023",81.6,82.0,80.84,81.56,79.89,7974400.0,,
"Oct 10, 2023",80.51,82.04,80.48,81.27,79.61,13458600.0,,
"Oct 9, 2023",79.33,80.55,78.83,80.39,78.74,10496000.0,,
"Oct 6, 2023",78.9,80.61,78.47,80.31,78.66,15265000.0,,
"Oct 5, 2023",80.04,80.25,79.11,79.75,78.11,13922000.0,,
"Oct 4, 2023",78.98,80.32,78.96,80.14,78.5,15340600.0,,
"Oct 3, 2023",79.93,80.02,78.32,78.6,76.99,14613800.0,,
"Oct 2, 2023",80.01,81.21,79.82,80.56,78.91,14663600.0,,
"Sep 29, 2023",81.23,81.54,80.04,80.49,78.84,13116600.0,,
"Sep 29, 2023",81.23,81.54,80.04,80.49,78.84,13116600.0,,
"Sep 28, 2023",78.89,80.29,78.69,80.07,78.43,10291800.0,,
"Sep 27, 2023",79.69,79.96,78.37,79.18,77.56,12485000.0,,
"Sep 26, 2023",80.22,80.72,79.31,79.49,77.86,11667000.0,,
"Sep 25, 2023",80.14,81.13,79.93,80.96,79.3,9486800.0,,
"Sep 22, 2023",81.76,81.93,80.39,80.46,78.82,14209400.0,,
"Sep 21, 2023",82.49,82.54,81.25,81.26,79.6,12236000.0,,
"Sep 20, 2023",84.66,85.14,83.54,83.54,81.83,8857400.0,,
"Sep 19, 2023",84.37,84.55,83.61,84.39,82.66,8324000.0,,
"Sep 18, 2023",,,,,,,Dividend,0.1525
"Sep 18, 2023",85.5,85.6,84.69,84.81,83.07,7442400.0,,
"Sep 15, 2023",86.99,87.11,85.7,85.89,83.99,11981600.0,,
"Sep 14, 2023",86.82,87.61,86.42,87.39,85.45,9777000.0,,
"Sep 13, 2023",86.13,86.79,85.85,86.54,84.62,7984800.0,,
"Sep 12, 2023",86.33,86.92,85.86,85.86,83.95,9908200.0,,
"Sep 11, 2023",85.63,86.78,85.59,86.64,84.72,10648600.0,,
"Sep 8, 2023",84.26,84.95,84.14,84.38,82.5,5709400.0,,
"Sep 7, 2023",83.25,84.47,83.04,84.38,82.5,10439400.0,,
"Sep 6, 2023",84.45,84.58,83.53,84.14,82.27,11155000.0,,
"Sep 5, 2023",84.68,85.1,84.19,84.89,83.01,9426200.0,,
"Sep 1, 2023",85.84,86.06,84.34,84.83,82.95,10618400.0,,
"Aug 31, 2023",85.14,85.82,85.03,85.36,83.46,7872600.0,,
"Aug 30, 2023",84.57,85.41,84.36,85.09,83.2,7289000.0,,
"Aug 29, 2023",82.64,84.76,82.64,84.72,82.84,8913800.0,,
"Aug 28, 2023",82.86,82.94,82.17,82.66,80.82,5962800.0,,
"Aug 25, 2023",81.79,82.57,81.05,82.33,80.5,10093000.0,,
"Aug 24, 2023",83.19,83.3,81.39,81.42,79.61,7949000.0,,
"Aug 23, 2023",82.0,83.29,81.93,83.04,81.2,7728600.0,,
"Aug 22, 2023",82.9,83.07,82.07,82.39,80.55,8006600.0,,
"Aug 21, 2023",81.81,82.39,81.34,82.26,80.44,6645200.0,,
"Aug 18, 2023",80.64,81.54,80.46,81.33,79.52,8249000.0,,
"Aug 17, 2023",83.15,83.24,81.46,81.51,79.7,8709200.0,,
"Aug 16, 2023",83.6,84.15,82.89,82.92,81.08,6715400.0,,
"Aug 15, 2023",84.81,85.18,83.83,83.96,82.09,6628600.0,,
"Aug 14, 2023",84.34,85.13,84.18,85.12,83.23,5639400.0,,
"Aug 11, 2023",84.57,85.11,84.24,84.86,82.97,6302200.0,,
"Aug 10, 2023",85.58,86.46,84.74,85.15,83.26,8723000.0,,
"Aug 9, 2023",86.08,86.09,84.8,84.94,83.06,9045000.0,,
"Aug 8, 2023",85.78,86.1,85.13,85.96,84.06,7255400.0,,
"Aug 7, 2023",86.07,86.67,85.36,86.65,84.73,7369000.0,,
"Aug 4, 2023",86.93,87.31,85.68,85.78,83.87,13507200.0,,
"Aug 3, 2023",83.86,84.75,83.67,84.54,82.67,8049600.0,,
"Aug 2, 2023",84.89,85.19,84.17,84.35,82.47,9707000.0,,
"Aug 1, 2023",86.43,86.56,85.82,85.89,83.98,6900200.0,,
"Jul 31, 2023",86.6,86.88,86.31,86.87,84.94,6943600.0,,
"Jul 28, 2023",85.86,86.61,85.6,86.38,84.46,7943000.0,,
"Jul 27, 2023",86.69,86.86,84.78,84.94,83.05,9464000.0,,
"Jul 26, 2023",85.31,86.21,85.23,85.83,83.92,8834600.0,,
"Jul 25, 2023",86.01,86.18,85.63,85.85,83.94,6483600.0,,
"Jul 24, 2023",85.37,86.18,85.01,86.05,84.14,9651200.0,,
"Jul 21, 2023",86.24,86.25,85.12,85.49,83.59,10484000.0,,
"Jul 20, 2023",87.47,87.59,85.35,85.47,83.57,19470600.0,,
"Jul 19, 2023",88.4,88.9,88.31,88.49,86.52,13090400.0,,
"Jul 18, 2023",87.5,88.38,87.24,88.18,86.22,9365200.0,,
"Jul 17, 2023",87.51,88.03,87.42,87.82,85.86,8363400.0,,
"Jul 14, 2023",87.23,87.85,87.07,87.46,85.52,7919800.0,,
"Jul 13, 2023",87.23,87.45,86.62,87.24,85.3,7390000.0,,
"Jul 12, 2023",86.82,86.93,86.22,86.43,84.51,10131800.0,,
"Jul 11, 2023",85.18,85.8,85.11,85.65,83.75,9633200.0,,
"Jul 10, 2023",84.75,85.01,84.22,84.94,83.06,10638800.0,,
"Jul 7, 2023",84.63,85.53,84.47,84.68,82.8,10563600.0,,
"Jul 6, 2023",84.88,85.04,84.18,84.58,82.7,11474400.0,,
"Jul 5, 2023",85.79,86.1,85.46,85.96,84.06,14528600.0,,
"Jul 3, 2023",85.75,86.4,85.75,85.93,84.02,9303200.0,,
"Jun 30, 2023",84.54,85.18,84.33,84.9,83.02,9479000.0,,
"Jun 29, 2023",83.89,84.1,83.34,83.84,81.98,7752600.0,,
"Jun 28, 2023",83.2,84.36,83.13,83.75,81.89,8715400.0,,
"Jun 27, 2023",82.14,83.53,82.04,83.42,81.57,10957000.0,,
"Jun 26, 2023",82.22,83.4,81.63,81.67,79.85,8673400.0,,
"Jun 23, 2023",82.71,83.48,82.39,82.72,80.89,11690400.0,,
"Jun 22, 2023",82.13,83.71,82.04,83.69,81.84,10753000.0,,
"Jun 21, 2023",83.61,83.82,82.5,82.64,80.8,10916000.0,,
"Jun 20, 2023",,,,,,,Dividend,0.167
"Jun 20, 2023",82.85,83.74,82.59,83.64,81.79,10973400.0,,
"Jun 16, 2023",83.9,83.93,83.14,83.19,81.18,13295000.0,,
"Jun 15, 2023",82.04,83.61,81.89,83.32,81.3,10713600.0,,
"Jun 14, 2023",82.98,83.21,81.67,82.78,80.77,13420200.0,,
"Jun 13, 2023",82.64,82.89,81.97,82.83,80.83,10836400.0,,
"Jun 12, 2023",81.1,82.1,80.86,81.99,80.0,9410800.0,,
"Jun 9, 2023",81.01,81.68,80.41,80.6,78.65,11579000.0,,
"Jun 8, 2023",79.14,80.32,79.09,80.18,78.25,6720000.0,,
"Jun 7, 2023",80.11,80.39,78.86,79.01,77.1,9206400.0,,
"Jun 6, 2023",78.59,79.67,78.54,79.56,77.63,9799200.0,,
"Jun 5, 2023",78.49,79.0,78.28,78.74,76.83,7854800.0,,
"Jun 2, 2023",77.61,78.79,77.57,78.5,76.6,10824600.0,,
"Jun 1, 2023",75.74,77.07,75.21,76.7,74.85,10168800.0,,
"May 31, 2023",75.99,76.14,74.75,75.81,73.97,12489800.0,,
"May 30, 2023",76.82,77.07,76.0,76.5,74.65,10981400.0,,
"May 26, 2023",74.42,76.54,74.29,75.99,74.15,10410200.0,,
"May 25, 2023",74.81,74.9,73.99,74.24,72.45,7997800.0,,
"May 24, 2023",74.69,74.97,74.0,74.57,72.77,6952400.0,,
"May 23, 2023",74.96,75.92,74.7,74.85,73.04,8583200.0,,
"May 22, 2023",75.81,76.04,75.28,75.54,73.71,7120000.0,,
"May 19, 2023",76.23,76.27,75.39,75.78,73.94,7150200.0,,
"May 18, 2023",75.41,76.44,75.4,76.42,74.57,8606600.0,,
"May 17, 2023",74.18,75.32,74.16,75.25,73.43,9331800.0,,
"May 16, 2023",73.5,74.37,73.4,73.71,71.93,6948800.0,,
"May 15, 2023",74.0,74.16,73.36,74.01,72.22,6412000.0,,
"May 12, 2023",74.8,75.0,73.47,73.92,72.13,7557800.0,,
"May 11, 2023",74.25,74.64,73.96,74.54,72.74,8288600.0,,
"May 11, 2023",74.25,74.64,73.96,74.54,72.74,8288600.0,,
"May 10, 2023",74.5,74.89,73.35,74.2,72.41,9028000.0,,
"May 9, 2023",73.44,73.88,73.32,73.82,72.04,8465000.0,,
"May 8, 2023",73.82,73.88,73.36,73.85,72.06,6850000.0,,
"May 5, 2023",72.82,73.74,72.68,73.6,71.82,7371800.0,,
"May 4, 2023",72.71,73.02,72.02,72.14,70.39,10663000.0,,
"May 3, 2023",72.97,73.94,72.64,72.69,70.94,8512000.0,,
"May 2, 2023",73.09,73.43,72.39,73.28,71.5,9217200.0,,
"May 1, 2023",73.75,73.91,73.1,73.2,71.43,8547800.0,,
"Apr 28, 2023",73.39,74.03,72.71,73.93,72.14,8271000.0,,
"Apr 27, 2023",72.35,73.82,72.3,73.74,71.96,9630800.0,,
"Apr 26, 2023",72.58,72.82,71.7,71.85,70.11,7706000.0,,
"Apr 25, 2023",73.19,73.32,72.21,72.21,70.47,8494400.0,,
"Apr 24, 2023",73.79,74.23,73.0,73.68,71.89,7750000.0,,
"Apr 21, 2023",73.47,73.98,72.91,73.68,71.9,8870200.0,,
"Apr 20, 2023",72.81,73.5,72.47,72.88,71.12,8287000.0,,
"Apr 19, 2023",73.4,74.44,73.33,74.02,72.23,7600400.0,,
"Apr 18, 2023",74.34,74.51,73.77,74.09,72.3,9058800.0,,
"Apr 17, 2023",73.64,74.13,73.26,73.97,72.18,9102400.0,,
"Apr 14, 2023",73.19,73.9,72.84,73.45,71.67,10801600.0,,
"Apr 13, 2023",72.29,73.42,72.06,73.36,71.58,13140000.0,,
"Apr 12, 2023",73.5,73.53,71.69,71.77,70.03,9062600.0,,
"Apr 11, 2023",72.82,73.31,72.57,72.9,71.14,8808000.0,,
"Apr 10, 2023",71.72,72.81,71.29,72.79,71.03,7276800.0,,
"Apr 6, 2023",72.11,72.6,71.44,72.46,70.71,7636200.0,,
"Apr 5, 2023",73.65,73.68,72.29,72.45,70.7,8861600.0,,
"Apr 4, 2023",74.33,74.5,73.32,73.96,72.18,9383000.0,,
"Apr 3, 2023",74.1,74.44,73.57,74.08,72.29,11338400.0,,
"Mar 31, 2023",73.29,74.82,73.18,74.77,72.96,10453800.0,,
"Mar 30, 2023",72.89,73.19,72.54,72.82,71.06,6478400.0,,
"Mar 29, 2023",71.62,72.22,71.37,72.19,70.45,7725400.0,,
"Mar 28, 2023",70.92,71.11,70.37,70.85,69.14,5719600.0,,
"Mar 27, 2023",71.47,71.74,70.64,70.93,69.22,8414400.0,,
"Mar 24, 2023",70.86,70.92,69.89,70.79,69.08,9434600.0,,
"Mar 23, 2023",71.96,72.48,70.32,71.02,69.3,12255600.0,,
"Mar 22, 2023",72.75,73.28,71.07,71.1,69.38,10983600.0,,
"Mar 21, 2023",71.68,72.82,71.64,72.71,70.96,12776800.0,,
"Mar 20, 2023",,,,,,,Dividend,0.215
"Mar 20, 2023",70.37,71.19,69.88,70.76,69.05,11729600.0,,
"Mar 17, 2023",71.57,71.61,70.1,70.67,68.75,16880000.0,,
"Mar 16, 2023",69.88,71.89,69.82,71.58,69.64,21495600.0,,
"Mar 15, 2023",69.38,70.36,69.0,70.32,68.41,18002800.0,,
"Mar 14, 2023",70.18,70.62,69.54,70.42,68.51,15038200.0,,
"Mar 13, 2023",68.08,70.13,67.86,69.25,67.37,23628200.0,,
"Mar 10, 2023",70.03,70.75,68.86,69.1,67.22,29058600.0,,
"Mar 9, 2023",71.38,72.11,69.74,69.79,67.9,13337400.0,,
"Mar 8, 2023",71.5,71.65,70.76,71.5,69.56,10816600.0,,
"Mar 7, 2023",72.51,72.87,71.6,71.63,69.69,11941800.0,,
"Mar 6, 2023",73.34,73.6,72.6,72.62,70.65,9854400.0,,
"Mar 3, 2023",72.24,73.28,72.07,73.15,71.17,10035200.0,,
"Mar 2, 2023",70.71,71.72,70.51,71.61,69.67,10982800.0,,
"Mar 1, 2023",72.51,72.75,71.43,71.86,69.9,12688800.0,,
"Feb 28, 2023",72.78,73.31,72.49,72.77,70.79,11185000.0,,
"Feb 27, 2023",72.75,73.36,72.52,72.82,70.84,11244400.0,,
"Feb 24, 2023",71.72,72.07,71.34,71.93,69.98,11914600.0,,
"Feb 23, 2023",73.39,73.49,71.85,73.08,71.1,10568600.0,,
"Feb 22, 2023",72.93,73.62,72.61,73.14,71.15,9928400.0,,
"Feb 21, 2023",74.16,74.36,72.75,72.77,70.79,8837200.0,,
"Feb 17, 2023",74.84,75.32,74.02,75.29,73.24,7480200.0,,
"Feb 16, 2023",75.77,76.85,75.25,75.27,73.23,11257600.0,,
"Feb 15, 2023",75.85,76.96,75.55,76.95,74.86,6820200.0,,
"Feb 14, 2023",74.63,76.26,74.17,76.06,74.0,8722600.0,,
"Feb 13, 2023",74.07,75.19,73.57,75.16,73.12,6721400.0,,
"Feb 10, 2023",74.3,74.65,73.47,74.07,72.06,6433000.0,,
"Feb 9, 2023",76.1,76.6,74.58,74.96,72.92,8316200.0,,
"Feb 8, 2023",75.49,75.68,74.57,75.1,73.06,11128000.0,,
"Feb 7, 2023",75.24,75.93,73.83,75.74,73.68,9833200.0,,
"Feb 6, 2023",75.39,76.03,74.93,75.57,73.51,8770000.0,,
"Feb 3, 2023",75.74,77.47,75.34,75.68,73.62,13593800.0,,
"Feb 2, 2023",77.4,79.01,77.05,78.08,75.96,14039600.0,,
"Feb 1, 2023",74.15,76.36,73.39,75.76,73.7,13913800.0,,
"Jan 31, 2023",72.76,74.35,72.76,74.35,72.33,6975600.0,,
"Jan 30, 2023",73.39,73.88,72.63,72.68,70.71,9578400.0,,
"Jan 27, 2023",72.36,74.51,72.35,73.94,71.94,10945200.0,,
"Jan 26, 2023",72.11,72.51,71.39,72.31,70.34,9641200.0,,
"Jan 25, 2023",69.43,70.95,68.9,70.86,68.93,7540400.0,,
"Jan 24, 2023",70.33,70.83,69.88,70.5,68.58,6373000.0,,
"Jan 23, 2023",69.68,70.84,69.27,70.57,68.66,9168000.0,,
"Jan 20, 2023",68.0,69.53,67.66,69.49,67.6,7502600.0,,
"Jan 19, 2023",68.49,68.7,67.5,67.85,66.0,12957200.0,,
"Jan 18, 2023",70.61,71.01,68.96,68.99,67.12,9596800.0,,
"Jan 17, 2023",70.06,70.46,69.7,69.9,68.0,7499800.0,,
"Jan 13, 2023",68.13,69.92,68.04,69.85,67.95,7969400.0,,
"Jan 12, 2023",69.51,69.6,68.09,69.2,67.32,9572200.0,,
"Jan 11, 2023",67.85,69.09,67.79,69.08,67.21,12708000.0,,
"Jan 10, 2023",66.47,67.28,66.11,67.27,65.44,8830800.0,,
"Jan 9, 2023",66.83,67.51,66.39,66.43,64.63,9387800.0,,
"Jan 6, 2023",64.34,66.29,63.88,66.04,64.24,9239400.0,,
"Jan 5, 2023",64.67,64.95,64.08,64.52,62.77,7776200.0,,
"Jan 4, 2023",64.79,65.61,63.98,65.13,63.36,8079600.0,,
"Jan 3, 2023",64.96,65.15,63.42,64.19,62.45,9567000.0,,
"Dec 30, 2022",64.11,64.6,63.84,64.58,62.83,7531000.0,,
"Dec 29, 2022",64.04,64.9,63.78,64.75,63.0,7492200.0,,
"Dec 28, 2022",63.69,64.32,63.0,63.13,61.42,10073800.0,,
"Dec 27, 2022",64.42,64.54,63.63,63.67,61.94,8536000.0,,
"Dec 23, 2022",64.11,64.89,63.67,64.71,62.96,6550800.0,,
"Dec 22, 2022",65.22,65.27,63.31,64.28,62.53,12894200.0,,
"Dec 21, 2022",65.72,66.33,65.47,65.97,64.18,10670200.0,,
"Dec 20, 2022",65.29,65.84,64.85,64.93,63.17,7710200.0,,
"Dec 19, 2022",,,,,,,Dividend,183
"Dec 19, 2022",,,,,,,Dividend,0.183
"Dec 19, 2022",66.76,66.9,65.44,65.7,63.92,8675800.0,,
"Dec 16, 2022",67.84,68.11,66.61,66.96,64.96,13371800.0,,
"Dec 15, 2022",68.29,68.63,67.72,68.23,66.2,11947800.0,,
"Dec 14, 2022",69.75,70.32,68.59,69.37,67.3,10903800.0,,
"Dec 13, 2022",72.21,72.66,69.14,69.89,67.81,10744000.0,,
"Dec 12, 2022",69.57,69.89,69.11,69.89,67.81,6545600.0,,
"Dec 9, 2022",69.6,70.41,69.49,69.71,67.64,7218400.0,,
"Dec 8, 2022",69.46,70.29,69.14,70.02,67.93,6407000.0,,
"Dec 7, 2022",69.29,70.09,69.08,69.35,67.28,10852600.0,,
"Dec 6, 2022",70.67,70.97,69.17,69.77,67.69,7899800.0,,
"Dec 5, 2022",72.01,72.24,70.68,70.88,68.76,11580000.0,,
"Dec 2, 2022",72.04,73.2,72.03,72.98,70.8,11972400.0,,
"Dec 1, 2022",73.36,73.66,72.52,73.07,70.9,9654000.0,,
"Nov 30, 2022",70.68,73.11,70.23,73.08,70.91,16408600.0,,
"Nov 29, 2022",70.94,71.2,70.38,70.65,68.54,10423000.0,,
"Nov 28, 2022",70.93,71.67,70.72,70.88,68.76,6041000.0,,
"Nov 25, 2022",71.31,71.51,70.94,71.32,69.19,2728400.0,,
"Nov 23, 2022",70.51,71.43,70.36,71.28,69.15,6177000.0,,
"Nov 22, 2022",69.75,70.29,69.27,70.26,68.17,5520800.0,,
"Nov 21, 2022",70.1,70.3,69.1,69.47,67.4,6752800.0,,
"Nov 18, 2022",71.31,71.33,69.68,70.5,68.39,7414000.0,,
"Nov 17, 2022",70.24,70.7,69.74,70.4,68.3,7565000.0,,
"Nov 16, 2022",71.04,71.86,70.75,71.26,69.14,9573600.0,,
"Nov 15, 2022",73.09,73.48,71.57,72.37,70.21,8739400.0,,
"Nov 14, 2022",71.92,72.55,71.32,71.39,69.27,15841000.0,,
"Nov 11, 2022",70.95,72.94,70.74,72.54,70.38,11350400.0,,
"Nov 10, 2022",69.33,70.93,68.6,70.85,68.73,15516000.0,,
"Nov 9, 2022",67.74,68.06,65.95,66.02,64.05,10155400.0,,
"Nov 8, 2022",68.35,68.92,67.16,68.1,66.07,9535600.0,,
"Nov 7, 2022",69.17,69.22,67.6,68.27,66.24,7424600.0,,
"Nov 4, 2022",69.79,70.48,67.46,68.75,66.7,12628800.0,,
"Nov 3, 2022",68.1,68.96,67.73,68.18,66.15,11117400.0,,
"Nov 2, 2022",71.21,71.63,68.57,68.59,66.55,19853200.0,,
"Nov 1, 2022",73.24,73.45,71.14,71.29,69.16,12514600.0,,
"Oct 31, 2022",72.1,72.56,71.4,72.01,69.87,9367400.0,,
"Oct 28, 2022",70.47,72.58,69.96,72.48,70.32,14082600.0,,
"Oct 27, 2022",73.05,73.51,72.16,72.42,70.26,12722200.0,,
"Oct 26, 2022",72.4,74.16,72.2,72.69,70.53,6864600.0,,
"Oct 25, 2022",71.53,73.49,71.53,73.29,71.1,7455000.0,,
"Oct 24, 2022",70.88,71.8,69.61,71.5,69.36,9081200.0,,
"Oct 21, 2022",69.11,71.26,68.72,71.2,69.08,15575800.0,,
"Oct 20, 2022",69.59,70.89,68.96,69.18,67.12,10195200.0,,
"Oct 19, 2022",70.77,71.23,69.81,70.55,68.45,7144800.0,,
"Oct 18, 2022",72.57,72.79,70.65,71.35,69.22,10368000.0,,
"Oct 17, 2022",69.08,70.57,69.05,70.38,68.28,13131000.0,,
"Oct 14, 2022",70.96,71.33,67.53,67.64,65.62,13421400.0,,
"Oct 13, 2022",67.42,70.65,66.78,70.26,68.17,19564200.0,,
"Oct 12, 2022",69.32,70.04,68.76,69.5,67.43,19440000.0,,
"Oct 11, 2022",69.54,70.74,68.86,69.32,67.25,12003400.0,,
"Oct 10, 2022",70.43,70.63,69.2,69.89,67.81,9728400.0,,
"Oct 7, 2022",71.75,71.91,69.92,70.32,68.23,11195400.0,,
"Oct 6, 2022",73.19,73.92,72.51,72.83,70.66,14429000.0,,
"Oct 5, 2022",72.61,73.83,71.84,73.35,71.16,12541200.0,,
"Oct 4, 2022",73.07,74.5,72.86,73.79,71.59,19663800.0,,
"Oct 3, 2022",71.16,71.96,70.1,71.29,69.17,17291600.0,,
"Sep 30, 2022",71.81,73.27,71.01,71.22,69.1,12232400.0,,
"Sep 29, 2022",74.07,74.17,71.96,72.65,70.49,12313600.0,,
"Sep 28, 2022",73.58,75.65,73.21,75.25,73.01,13861400.0,,
"Sep 27, 2022",74.12,74.87,72.49,73.28,71.09,14563400.0,,
"Sep 26, 2022",72.91,74.64,72.9,73.04,70.87,12839600.0,,
"Sep 23, 2022",73.94,74.06,72.28,73.21,71.03,11213000.0,,
"Sep 22, 2022",76.32,76.59,74.55,74.93,72.7,11338800.0,,
"Sep 21, 2022",78.79,79.51,76.69,76.71,74.42,10222400.0,,
"Sep 20, 2022",79.1,79.39,77.9,78.57,76.22,9142000.0,,
"Sep 19, 2022",,,,,,,Dividend,0.165
"Sep 19, 2022",78.13,79.93,78.08,79.92,77.54,10028600.0,,
"Sep 16, 2022",78.41,79.11,77.85,78.97,76.46,17364200.0,,
"Sep 15, 2022",79.92,81.22,79.22,79.61,77.08,11364000.0,,
"Sep 14, 2022",79.28,80.36,78.88,80.02,77.47,14924800.0,,
"Sep 13, 2022",80.64,81.04,78.79,79.0,76.49,13350800.0,,
"Sep 12, 2022",82.69,83.6,82.69,83.3,80.65,8791600.0,,
"Sep 9, 2022",81.1,82.38,81.1,82.24,79.62,8950800.0,,
"Sep 8, 2022",79.14,80.77,78.89,80.71,78.14,9391400.0,,
"Sep 7, 2022",77.5,80.07,77.5,79.96,77.42,12633200.0,,
"Sep 6, 2022",78.08,78.27,76.43,77.58,75.12,17922000.0,,
"Sep 2, 2022",79.25,79.6,77.3,77.75,75.27,16482600.0,,
"Sep 1, 2022",77.25,78.53,76.46,78.46,75.97,11943800.0,,
"Aug 31, 2022",78.93,79.18,77.74,77.75,75.28,8862800.0,,
"Aug 30, 2022",80.08,80.26,77.74,78.53,76.03,7334400.0,,
"Aug 29, 2022",78.73,80.08,78.73,79.42,76.89,7051400.0,,
"Aug 26, 2022",83.15,83.43,79.82,79.84,77.3,7893800.0,,
"Aug 25, 2022",82.53,83.1,81.91,83.0,80.36,6090000.0,,
"Aug 24, 2022",81.5,82.84,81.31,82.02,79.41,6664000.0,,
"Aug 23, 2022",81.5,82.28,81.24,81.67,79.07,8787000.0,,
"Aug 22, 2022",82.5,82.5,81.26,81.44,78.85,8369400.0,,
"Aug 19, 2022",84.78,84.89,83.49,83.76,81.1,7149600.0,,
"Aug 18, 2022",85.46,85.72,84.98,85.53,82.81,5669000.0,,
"Aug 17, 2022",85.54,86.44,85.0,85.56,82.83,7495400.0,,
"Aug 16, 2022",85.68,87.38,85.42,86.49,83.73,7224600.0,,
"Aug 15, 2022",84.74,85.81,84.64,85.54,82.82,7714800.0,,
"Aug 12, 2022",83.68,84.98,82.96,84.96,82.25,5897800.0,,
"Aug 11, 2022",84.24,84.63,82.82,83.07,80.43,7822000.0,,
"Aug 10, 2022",83.58,83.85,82.57,83.5,80.84,7246800.0,,
"Aug 9, 2022",82.03,82.29,80.73,81.21,78.62,6639400.0,,
"Aug 8, 2022",83.01,84.29,82.21,82.53,79.9,7294000.0,,
"Aug 5, 2022",82.64,83.37,81.73,82.15,79.54,8788200.0,,
"Aug 4, 2022",83.44,83.93,82.96,83.58,80.92,9827600.0,,
"Aug 3, 2022",82.15,83.62,81.83,83.24,80.59,12027600.0,,
"Aug 2, 2022",81.31,82.69,80.99,81.26,78.67,13815400.0,,
"Aug 2, 2022",81.31,82.69,80.99,81.26,78.67,13815400.0,,
"Aug 1, 2022",81.43,83.0,81.03,81.82,79.22,17921800.0,,
"Jul 29, 2022",80.17,81.74,79.63,81.42,78.82,13605400.0,,
"Jul 28, 2022",77.5,78.5,76.29,78.38,75.88,11074600.0,,
"Jul 27, 2022",75.36,77.45,75.0,77.05,74.6,10402600.0,,
"Jul 26, 2022",74.96,75.3,74.11,74.24,71.88,8196400.0,,
"Jul 25, 2022",77.44,77.48,76.24,76.71,74.27,9123400.0,,
"Jul 22, 2022",78.32,78.9,76.9,77.38,74.91,7794600.0,,
"Jul 21, 2022",76.36,77.88,75.93,77.82,75.35,10763200.0,,
"Jul 20, 2022",75.0,76.23,74.81,76.08,73.66,9340400.0,,
"Jul 19, 2022",73.69,74.97,73.07,74.86,72.47,8840000.0,,
"Jul 18, 2022",73.41,74.29,72.35,72.63,70.32,8042600.0,,
"Jul 15, 2022",72.17,72.75,71.72,72.42,70.11,7519600.0,,
"Jul 14, 2022",70.54,71.39,69.68,71.27,69.0,10515200.0,,
"Jul 13, 2022",69.35,71.96,69.07,71.33,69.06,14236200.0,,
"Jul 12, 2022",71.18,72.29,70.29,70.75,68.5,14874400.0,,
"Jul 11, 2022",72.72,72.92,71.0,71.18,68.91,7615200.0,,
"Jul 8, 2022",72.57,73.72,72.24,73.18,70.86,6196600.0,,
"Jul 7, 2022",71.52,73.32,71.51,73.18,70.85,8559000.0,,
"Jul 6, 2022",71.44,72.07,70.53,71.33,69.06,15889800.0,,
"Jul 5, 2022",69.0,71.61,68.51,71.57,69.29,11515800.0,,
"Jul 1, 2022",68.85,70.1,68.58,70.0,67.78,11335400.0,,
"Jun 30, 2022",68.86,69.61,67.38,68.74,66.55,12569200.0,,
"Jun 29, 2022",69.79,70.25,69.01,69.76,67.54,11919200.0,,
"Jun 28, 2022",72.89,73.76,69.79,69.82,67.6,11367800.0,,
"Jun 27, 2022",73.86,74.24,72.49,72.72,70.41,14574200.0,,
"Jun 24, 2022",71.3,73.52,70.96,73.5,71.16,13404600.0,,
"Jun 23, 2022",70.19,70.99,69.24,70.79,68.54,11777400.0,,
"Jun 22, 2022",68.85,71.11,68.85,69.7,67.48,12021800.0,,
"Jun 21, 2022",,,,,,,Dividend,0.157
"Jun 21, 2022",69.24,70.61,69.11,69.83,67.61,12856600.0,,
"Jun 17, 2022",67.32,68.64,67.08,68.05,65.73,22390000.0,,
"Jun 16, 2022",68.78,68.86,66.52,67.32,65.02,24019400.0,,
"Jun 15, 2022",69.33,71.57,69.21,70.78,68.37,18120800.0,,
"Jun 14, 2022",69.25,69.76,68.24,68.85,66.5,13355400.0,,
"Jun 13, 2022",69.72,70.47,68.38,68.9,66.55,20171800.0,,
"Jun 10, 2022",73.68,74.14,72.01,72.24,69.77,13439000.0,,
"Jun 9, 2022",76.67,77.49,75.23,75.24,72.67,7728400.0,,
"Jun 8, 2022",76.68,77.75,76.42,76.62,74.01,8810200.0,,
"Jun 7, 2022",75.69,77.3,75.25,77.07,74.45,9637200.0,,
"Jun 6, 2022",77.86,78.25,76.79,77.26,74.63,10234800.0,,
"Jun 3, 2022",77.19,77.75,76.24,76.5,73.89,10714200.0,,
"Jun 2, 2022",76.54,78.85,76.22,78.81,76.12,11625600.0,,
"Jun 1, 2022",77.68,78.22,75.97,76.46,73.86,12232800.0,,
"May 31, 2022",76.96,78.04,75.79,77.27,74.64,14145400.0,,
"May 27, 2022",75.16,76.9,75.16,76.88,74.26,15248800.0,,
"May 26, 2022",71.85,74.85,71.8,74.33,71.8,16046000.0,,
"May 25, 2022",68.46,71.46,68.43,70.86,68.44,12955000.0,,
"May 24, 2022",69.57,69.75,68.0,68.91,66.56,14872000.0,,
"May 23, 2022",70.49,70.92,68.92,70.73,68.32,13607000.0,,
"May 20, 2022",72.04,72.14,68.17,70.21,67.81,15624600.0,,
"May 19, 2022",70.96,72.64,70.53,71.45,69.02,15413800.0,,
"May 18, 2022",74.32,74.32,70.86,71.4,68.97,14761600.0,,
"May 17, 2022",76.0,76.43,74.47,76.39,73.79,11210000.0,,
"May 16, 2022",75.86,75.91,74.33,74.51,71.98,11730200.0,,
"May 13, 2022",74.93,76.51,74.36,76.16,73.57,12573400.0,,
"May 12, 2022",71.5,75.0,71.01,73.28,70.78,23601200.0,,
"May 11, 2022",75.31,76.07,72.57,72.78,70.3,25713600.0,,
"May 10, 2022",77.3,77.75,74.42,75.48,72.91,25447000.0,,
"May 9, 2022",77.35,78.43,75.29,75.71,73.13,22095400.0,,
"May 6, 2022",79.64,80.43,77.68,79.07,76.38,25545400.0,,
"May 5, 2022",83.71,83.76,79.14,80.09,77.36,22776800.0,,
"May 4, 2022",82.29,84.93,80.94,84.85,81.95,18696600.0,,
"May 3, 2022",82.59,82.96,81.71,82.43,79.62,24068800.0,,
"May 2, 2022",81.19,82.69,80.07,82.63,79.82,33548200.0,,
"Apr 29, 2022",83.93,84.68,81.28,81.44,78.67,18836600.0,,
"Apr 28, 2022",85.22,86.67,83.1,85.8,82.88,13985600.0,,
"Apr 27, 2022",84.6,85.86,83.55,84.07,81.21,25103000.0,,
"Apr 26, 2022",87.89,88.03,84.03,84.07,81.2,29196600.0,,
"Apr 25, 2022",87.14,88.62,86.62,88.54,85.53,25809600.0,,
"Apr 22, 2022",89.81,90.14,87.82,87.91,84.92,22307400.0,,
"Apr 21, 2022",93.36,93.94,89.71,90.0,86.93,23446600.0,,
"Apr 20, 2022",92.25,92.49,90.74,90.88,87.78,13876600.0,,
"Apr 19, 2022",89.52,92.19,89.44,92.07,88.93,17470000.0,,
"Apr 18, 2022",88.9,89.99,88.56,89.47,86.42,15385600.0,,
"Apr 14, 2022",90.29,90.79,89.14,89.2,86.16,17839400.0,,
"Apr 13, 2022",88.09,90.62,88.0,90.46,87.38,16820200.0,,
"Apr 12, 2022",89.31,90.24,87.92,88.27,85.26,23297400.0,,
"Apr 11, 2022",88.39,89.77,87.98,88.07,85.07,18593800.0,,
"Apr 8, 2022",90.02,90.82,89.44,89.74,86.68,18595000.0,,
"Apr 7, 2022",89.92,91.07,88.71,90.57,87.49,22538400.0,,
"Apr 6, 2022",91.22,91.22,89.28,90.11,87.05,27844800.0,,
"Apr 5, 2022",94.21,94.7,92.21,92.47,89.32,16219800.0,,
"Apr 4, 2022",92.65,94.72,92.04,94.69,91.47,15424200.0,,
"Apr 1, 2022",93.0,93.24,92.11,92.61,89.46,9978800.0,,
"Mar 31, 2022",94.29,94.29,92.42,92.5,89.35,16778000.0,,
"Mar 30, 2022",95.0,95.5,93.84,94.31,91.1,16296000.0,,
"Mar 29, 2022",95.37,96.1,94.53,95.76,92.5,19373400.0,,
"Mar 28, 2022",92.64,94.15,92.52,94.13,90.92,23065600.0,,
"Mar 25, 2022",91.96,92.15,90.84,91.68,88.56,16407800.0,,
"Mar 24, 2022",91.54,91.94,90.52,91.84,88.71,15134000.0,,
"Mar 23, 2022",91.51,92.68,90.93,91.13,88.03,15758000.0,,
"Mar 22, 2022",90.63,92.57,90.57,92.28,89.13,16421600.0,,
"Mar 21, 2022",,,,,,,Dividend,0.1395
"Mar 21, 2022",90.89,91.44,89.21,90.04,86.97,25648000.0,,
"Mar 18, 2022",88.82,91.05,88.39,90.94,87.71,30129200.0,,
"Mar 17, 2022",86.83,89.09,86.6,89.07,85.9,26085600.0,,
"Mar 16, 2022",85.69,87.61,84.88,87.61,84.49,33778800.0,,
"Mar 15, 2022",82.57,84.96,82.36,84.71,81.7,27120400.0,,
"Mar 14, 2022",83.26,83.93,81.46,81.97,79.06,30349200.0,,
"Mar 14, 2022",83.26,83.93,81.46,81.97,79.06,30349200.0,,
"Mar 11, 2022",85.67,85.91,83.29,83.36,80.4,24156400.0,,
"Mar 10, 2022",84.38,85.27,83.66,85.0,81.97,25854800.0,,
"Mar 9, 2022",83.94,84.88,83.56,84.39,81.39,31938200.0,,
"Mar 8, 2022",81.5,84.36,80.86,81.76,78.86,50888400.0,,
"Mar 7, 2022",86.01,86.21,81.56,81.6,78.69,32146200.0,,
"Mar 4, 2022",86.69,86.9,84.91,85.8,82.75,21659200.0,,
"Mar 3, 2022",89.66,89.82,86.76,87.18,84.09,22404000.0,,
"Mar 2, 2022",87.68,89.6,87.47,89.21,86.03,20262800.0,,
"Mar 1, 2022",88.58,88.86,86.76,87.37,84.26,26997600.0,,
"Feb 28, 2022",87.23,89.1,87.07,88.71,85.56,32321800.0,,
"Feb 25, 2022",86.64,88.11,85.48,88.1,84.96,27338000.0,,
"Feb 24, 2022",80.99,86.52,80.75,86.39,83.31,41736000.0,,
"Feb 23, 2022",88.06,88.29,84.3,84.46,81.45,27134400.0,,
"Feb 22, 2022",88.74,89.61,86.32,87.38,84.27,27345600.0,,
"Feb 18, 2022",90.8,91.09,89.11,90.0,86.8,18990400.0,,
"Feb 17, 2022",92.46,92.89,90.43,90.56,87.34,18136400.0,,
"Feb 16, 2022",92.22,93.31,91.81,93.05,89.74,17397600.0,,
"Feb 15, 2022",92.19,92.87,92.0,92.79,89.49,20722400.0,,
"Feb 14, 2022",90.13,91.94,89.89,90.75,87.53,30854800.0,,
"Feb 11, 2022",93.0,93.35,89.83,90.24,87.03,25319200.0,,
"Feb 10, 2022",92.87,94.74,92.32,92.91,89.61,25946400.0,,
"Feb 9, 2022",94.47,95.08,94.15,94.54,91.18,16918800.0,,
"Feb 8, 2022",91.74,93.5,91.26,93.31,89.99,18318200.0,,
"Feb 7, 2022",92.52,93.54,91.67,92.01,88.74,18764600.0,,
"Feb 4, 2022",91.64,93.3,90.33,92.2,88.92,20021600.0,,
"Feb 3, 2022",90.32,91.75,89.46,89.65,86.46,19166600.0,,
"Feb 2, 2022",93.64,93.76,91.6,92.48,89.19,19294200.0,,
"Feb 1, 2022",92.65,93.21,91.18,93.04,89.73,22366000.0,,
"Jan 31, 2022",89.5,92.54,89.15,92.47,89.19,22194800.0,,
"Jan 28, 2022",87.46,89.05,85.74,89.05,85.88,31685800.0,,
"Jan 27, 2022",90.14,90.29,86.96,87.15,84.05,33723000.0,,
"Jan 26, 2022",91.64,92.46,88.17,89.32,86.14,43384000.0,,
"Jan 25, 2022",89.74,91.13,88.49,89.75,86.56,35890200.0,,
"Jan 24, 2022",88.34,91.39,86.03,91.29,88.05,53233800.0,,
"Jan 21, 2022",92.63,93.01,90.17,90.21,87.0,37394400.0,,
"Jan 20, 2022",95.24,96.43,92.77,92.93,89.63,18093800.0,,
"Jan 19, 2022",96.82,97.14,94.58,94.66,91.3,17404400.0,,
"Jan 18, 2022",96.87,97.33,96.04,96.4,92.97,18186600.0,,
"Jan 14, 2022",97.93,98.71,96.85,98.26,94.77,20715200.0,,
"Jan 13, 2022",101.07,101.57,98.48,98.72,95.21,16493800.0,,
"Jan 12, 2022",100.79,101.26,99.89,100.75,97.16,13156800.0,,
"Jan 11, 2022",98.99,100.29,98.22,100.08,96.53,16887400.0,,
"Jan 10, 2022",98.43,99.18,96.29,99.13,95.61,21271400.0,,
"Jan 7, 2022",101.58,101.84,99.42,99.74,96.19,15005200.0,,
"Jan 6, 2022",101.56,102.14,99.83,101.43,97.82,17245000.0,,
"Jan 5, 2022",104.38,104.69,101.64,101.69,98.08,17275600.0,,
"Jan 4, 2022",105.33,105.9,103.94,104.51,100.8,13169200.0,,
"Jan 3, 2022",104.14,105.17,103.55,105.15,101.42,14465400.0,,
"Dec 31, 2021",102.54,102.9,102.15,102.22,98.59,6885600.0,,
"Dec 30, 2021",102.49,103.36,102.38,102.46,98.82,7140200.0,,
"Dec 29, 2021",102.88,103.09,102.18,102.83,99.18,7584600.0,,
"Dec 28, 2021",102.82,103.18,102.46,102.63,98.98,8306200.0,,
"Dec 27, 2021",101.79,102.89,101.74,102.58,98.94,8428000.0,,
"Dec 23, 2021",100.33,101.86,100.18,101.6,97.98,10588600.0,,
"Dec 22, 2021",98.73,100.31,98.56,100.21,96.64,11491000.0,,
"Dec 21, 2021",96.95,98.43,96.2,98.41,94.91,13530600.0,,
"Dec 20, 2021",,,,,,,Dividend,0.146
"Dec 20, 2021",95.94,96.14,94.95,95.93,92.52,22326800.0,,
"Dec 17, 2021",97.5,98.82,96.82,97.64,94.03,23480400.0,,
"Dec 16, 2021",101.03,101.21,98.18,98.32,94.68,18368600.0,,
"Dec 15, 2021",98.93,100.58,97.6,100.54,96.82,19042200.0,,
"Dec 14, 2021",98.75,99.56,98.18,99.28,95.6,15371800.0,,
"Dec 13, 2021",101.9,102.07,99.59,99.86,96.16,14995600.0,,
"Dec 10, 2021",102.28,102.53,101.05,102.5,98.7,14372800.0,,
"Dec 9, 2021",103.16,103.32,101.75,101.79,98.02,11757200.0,,
"Dec 8, 2021",103.39,103.75,102.77,103.58,99.75,11988000.0,,
"Dec 7, 2021",102.64,103.65,102.39,103.32,99.5,13875600.0,,
"Dec 6, 2021",100.22,101.88,98.83,100.96,97.23,23326000.0,,
"Dec 3, 2021",102.18,102.49,98.8,99.82,96.13,28543200.0,,
"Dec 2, 2021",100.92,102.29,100.29,101.81,98.04,33287800.0,,
"Dec 1, 2021",103.38,104.38,100.31,100.38,96.66,25941000.0,,
"Nov 30, 2021",103.39,104.04,101.68,102.22,98.44,26435400.0,,
"Nov 29, 2021",103.38,104.44,103.11,103.62,99.79,16767600.0,,
"Nov 26, 2021",103.16,103.51,101.86,102.04,98.26,15329200.0,,
"Nov 24, 2021",103.57,105.21,103.03,104.89,101.01,16341200.0,,
"Nov 23, 2021",105.54,106.12,103.25,104.68,100.81,22962800.0,,
"Nov 22, 2021",106.39,107.53,105.01,105.44,101.54,18430800.0,,
"Nov 19, 2021",105.25,106.0,105.04,105.71,101.8,14988800.0,,
"Nov 18, 2021",104.61,105.43,104.07,105.25,101.36,14804000.0,,
"Nov 17, 2021",103.86,104.71,103.65,104.07,100.23,16547400.0,,
"Nov 16, 2021",101.94,103.65,101.92,103.42,99.59,11301200.0,,
"Nov 15, 2021",101.97,102.17,101.22,101.81,98.04,10612000.0,,
"Nov 12, 2021",101.58,102.03,100.93,101.89,98.13,10335000.0,,
"Nov 11, 2021",102.92,102.93,101.51,101.56,97.8,12413400.0,,
"Nov 10, 2021",101.54,103.26,100.54,101.83,98.06,22689600.0,,
"Nov 9, 2021",104.51,104.64,101.92,102.21,98.43,33102200.0,,
"Nov 8, 2021",104.5,105.41,104.1,104.14,100.28,11715400.0,,
"Nov 5, 2021",105.62,106.35,105.53,105.63,101.72,9631200.0,,
"Nov 4, 2021",104.06,105.36,103.93,104.96,101.07,11600000.0,,
"Nov 3, 2021",101.71,103.63,101.61,103.56,99.73,12816400.0,,
"Nov 2, 2021",101.54,102.35,101.21,101.73,97.97,13558800.0,,
"Nov 1, 2021",101.32,102.44,100.71,102.42,98.63,11234200.0,,
"Oct 29, 2021",99.17,100.63,98.89,100.57,96.85,8508400.0,,
"Oct 28, 2021",99.83,100.61,99.55,100.32,96.6,9001000.0,,
"Oct 27, 2021",99.24,99.93,98.97,99.0,95.34,9831000.0,,
"Oct 26, 2021",99.19,100.81,98.39,98.78,95.13,15031400.0,,
"Oct 25, 2021",97.21,99.18,96.82,98.76,95.11,11076800.0,,
"Oct 22, 2021",96.66,96.9,95.95,96.38,92.81,7376600.0,,
"Oct 21, 2021",95.16,96.78,95.15,96.72,93.14,7130200.0,,
"Oct 21, 2021",95.16,96.78,95.15,96.72,93.14,7130200.0,,
"Oct 20, 2021",95.39,95.75,95.15,95.32,91.79,9606800.0,,
"Oct 19, 2021",95.89,95.89,95.29,95.39,91.86,5808800.0,,
"Oct 18, 2021",94.31,95.72,94.29,95.66,92.12,7867000.0,,
"Oct 15, 2021",93.66,94.54,93.52,94.5,91.01,8717400.0,,
"Oct 14, 2021",92.65,93.23,92.55,93.08,89.64,7514600.0,,
"Oct 13, 2021",91.94,92.36,91.39,92.11,88.71,10832000.0,,
"Oct 12, 2021",91.5,92.04,91.25,91.67,88.27,10281800.0,,
"Oct 11, 2021",91.28,92.0,90.94,90.94,87.58,6637000.0,,
"Oct 8, 2021",91.77,91.86,91.23,91.32,87.94,7399600.0,,
"Oct 7, 2021",91.11,92.08,91.01,91.74,88.34,7537800.0,,
"Oct 6, 2021",89.49,90.43,89.12,90.33,86.99,10272600.0,,
"Oct 5, 2021",90.0,90.88,89.79,90.04,86.71,10968600.0,,
"Oct 4, 2021",90.68,90.94,89.38,89.68,86.37,18494000.0,,
"Oct 1, 2021",90.18,90.82,89.25,90.4,87.06,15519600.0,,
"Sep 30, 2021",91.26,91.33,89.72,89.72,86.41,16489600.0,,
"Sep 29, 2021",91.46,92.16,91.03,91.25,87.87,12192200.0,,
"Sep 28, 2021",92.39,92.54,90.67,91.15,87.78,14941800.0,,
"Sep 27, 2021",92.08,93.19,92.04,92.94,89.51,9488000.0,,
"Sep 24, 2021",91.51,92.53,91.4,92.45,89.03,8033000.0,,
"Sep 23, 2021",91.57,92.5,91.57,92.11,88.7,8275000.0,,
"Sep 22, 2021",90.51,91.6,90.31,91.18,87.81,12367400.0,,
"Sep 21, 2021",90.36,90.68,89.67,89.96,86.63,12503600.0,,
"Sep 20, 2021",,,,,,,Dividend,0.1375
"Sep 20, 2021",90.18,90.64,88.69,89.82,86.5,16192000.0,,
"Sep 17, 2021",92.27,92.8,91.85,92.06,88.52,14925000.0,,
"Sep 16, 2021",91.77,92.61,91.6,92.38,88.83,12171400.0,,
"Sep 15, 2021",91.16,92.11,90.49,91.96,88.43,10294600.0,,
"Sep 14, 2021",91.85,91.97,90.99,91.37,87.86,8461800.0,,
"Sep 13, 2021",91.86,91.93,90.78,91.68,88.15,11534600.0,,
"Sep 10, 2021",92.5,92.59,91.41,91.45,87.94,9627200.0,,
"Sep 9, 2021",92.21,92.78,91.98,92.01,88.48,8714800.0,,
"Sep 8, 2021",92.0,92.36,91.38,92.14,88.59,7385600.0,,
"Sep 7, 2021",91.8,92.25,91.76,92.03,88.49,8750600.0,,
"Sep 3, 2021",91.57,91.79,91.18,91.76,88.23,6889600.0,,
"Sep 2, 2021",92.07,92.35,91.68,91.82,88.29,6715000.0,,
"Sep 1, 2021",92.14,92.31,91.75,91.82,88.29,8198400.0,,
"Aug 31, 2021",91.69,91.87,91.31,91.82,88.3,9555800.0,,
"Aug 30, 2021",91.18,91.92,91.13,91.61,88.08,7366600.0,,
"Aug 27, 2021",90.3,91.08,90.15,90.92,87.43,7964800.0,,
"Aug 26, 2021",90.63,90.68,89.92,90.1,86.64,7394200.0,,
"Aug 25, 2021",90.59,91.06,90.42,90.94,87.45,7266600.0,,
"Aug 24, 2021",90.33,90.85,90.18,90.59,87.11,5791600.0,,
"Aug 23, 2021",89.29,90.16,89.19,89.96,86.5,6890200.0,,
"Aug 20, 2021",88.11,88.91,88.03,88.81,85.4,6618400.0,,
"Aug 19, 2021",87.77,88.6,87.43,87.96,84.58,11334600.0,,
"Aug 18, 2021",88.19,89.44,88.08,88.53,85.13,9998200.0,,
"Aug 17, 2021",89.22,89.22,87.47,88.21,84.83,11065200.0,,
"Aug 16, 2021",90.25,90.43,89.4,90.36,86.89,6657600.0,,
"Aug 13, 2021",91.1,91.15,90.6,90.78,87.29,4936400.0,,
"Aug 12, 2021",90.94,91.08,90.31,91.04,87.54,5229400.0,,
"Aug 11, 2021",90.93,91.14,90.6,91.0,87.5,5500600.0,,
"Aug 10, 2021",90.48,91.07,90.28,90.74,87.25,5201000.0,,
"Aug 9, 2021",90.53,90.6,90.16,90.38,86.91,5560600.0,,
"Aug 6, 2021",91.25,91.31,90.4,90.5,87.03,5822200.0,,
"Aug 5, 2021",90.54,91.19,90.46,91.13,87.62,5401200.0,,
"Aug 4, 2021",90.95,91.09,90.26,90.26,86.79,7913000.0,,
"Aug 3, 2021",90.85,91.17,90.04,91.14,87.64,8445800.0,,
"Aug 2, 2021",90.95,91.19,90.38,90.47,87.0,7303000.0,,
"Jul 30, 2021",90.21,91.05,90.04,90.21,86.75,9327000.0,,
"Jul 29, 2021",91.5,92.35,91.43,92.11,88.57,7307400.0,,
"Jul 28, 2021",91.28,91.6,90.65,91.08,87.58,5973800.0,,
"Jul 27, 2021",92.25,92.25,90.4,91.38,87.87,7359800.0,,
"Jul 26, 2021",91.68,92.32,91.45,92.32,88.77,6895000.0,,
"Jul 23, 2021",91.14,91.79,90.92,91.64,88.11,7008600.0,,
"Jul 22, 2021",90.36,90.93,89.9,90.82,87.33,8061600.0,,
"Jul 21, 2021",89.94,90.49,89.92,90.43,86.96,8185400.0,,
"Jul 20, 2021",88.25,89.85,87.81,89.61,86.17,9838000.0,,
"Jul 19, 2021",87.57,88.0,86.89,87.99,84.6,16088400.0,,
"Jul 16, 2021",90.39,90.49,88.93,89.0,85.58,8424200.0,,
"Jul 15, 2021",90.44,90.86,89.49,90.11,86.65,6667600.0,,
"Jul 14, 2021",91.27,91.38,90.56,90.61,87.12,7484000.0,,
"Jul 13, 2021",91.69,91.84,90.69,90.77,87.28,12392400.0,,
"Jul 12, 2021",91.35,91.89,91.28,91.87,88.34,10814600.0,,
"Jul 9, 2021",90.79,91.31,90.68,91.25,87.74,5632800.0,,
"Jul 8, 2021",89.21,90.7,88.82,90.4,86.93,11283400.0,,
"Jul 7, 2021",90.92,91.14,89.99,90.63,87.14,6694200.0,,
"Jul 6, 2021",90.71,90.94,89.86,90.68,87.19,7792000.0,,
"Jul 2, 2021",90.0,90.58,89.92,90.57,87.09,5803400.0,,
"Jul 1, 2021",89.5,89.8,89.42,89.78,86.33,6210600.0,,
"Jun 30, 2021",89.11,89.68,89.11,89.28,85.84,5798600.0,,
"Jun 29, 2021",89.04,89.39,88.94,89.21,85.78,4629200.0,,
"Jun 28, 2021",88.97,89.07,88.51,88.99,85.57,5584200.0,,
"Jun 25, 2021",89.32,89.38,88.78,88.96,85.55,9949200.0,,
"Jun 24, 2021",88.78,88.97,88.23,88.4,85.01,7959000.0,,
"Jun 23, 2021",87.6,88.28,87.56,88.11,84.72,5317800.0,,
"Jun 22, 2021",86.68,87.78,86.62,87.43,84.07,6740400.0,,
"Jun 21, 2021",,,,,,,Dividend,0.1275
"Jun 21, 2021",86.23,86.83,86.0,86.61,83.29,9607400.0,,
"Jun 18, 2021",85.9,86.42,85.69,86.08,82.65,13991200.0,,
"Jun 17, 2021",86.0,86.85,85.8,86.54,83.09,9267000.0,,
"Jun 16, 2021",86.25,86.42,85.46,86.21,82.77,9414200.0,,
"Jun 15, 2021",86.64,86.64,85.87,86.17,82.74,5659600.0,,
"Jun 14, 2021",86.61,86.79,86.13,86.63,83.18,5770000.0,,
"Jun 11, 2021",86.28,86.61,86.14,86.61,83.15,5468400.0,,
"Jun 10, 2021",85.89,86.29,85.63,86.14,82.7,5225000.0,,
"Jun 9, 2021",86.44,86.5,85.69,85.73,82.31,7131600.0,,
"Jun 8, 2021",86.08,86.48,85.62,86.21,82.77,6124800.0,,
"Jun 7, 2021",85.45,85.57,84.86,85.51,82.11,6389800.0,,
"Jun 4, 2021",85.31,85.59,85.07,85.51,82.11,6433200.0,,
"Jun 4, 2021",85.31,85.59,85.07,85.51,82.11,6433200.0,,
"Jun 3, 2021",85.31,85.54,84.69,84.83,81.45,8702800.0,,
"Jun 2, 2021",86.33,86.35,85.54,85.86,82.43,7063200.0,,
"Jun 1, 2021",86.93,87.0,86.1,86.25,82.82,9361200.0,,
"May 28, 2021",86.9,86.9,86.21,86.42,82.98,6451200.0,,
"May 27, 2021",86.51,86.74,86.25,86.54,83.09,7783600.0,,
"May 26, 2021",85.79,86.56,85.7,86.19,82.76,7473600.0,,
"May 25, 2021",85.5,85.77,84.85,85.38,81.98,7133800.0,,
"May 24, 2021",84.73,85.51,84.44,85.11,81.72,6726800.0,,
"May 21, 2021",85.26,85.26,84.24,84.28,80.92,7770600.0,,
"May 20, 2021",84.25,84.89,84.14,84.7,81.32,9068000.0,,
"May 19, 2021",83.17,83.89,82.75,83.84,80.5,14120400.0,,
"May 18, 2021",85.4,85.79,84.54,84.55,81.18,7756800.0,,
"May 17, 2021",85.11,85.42,84.46,85.21,81.82,10445000.0,,
"May 14, 2021",84.71,85.56,84.47,85.37,81.97,8211800.0,,
"May 13, 2021",83.9,84.72,83.01,83.92,80.57,14082400.0,,
"May 12, 2021",85.26,85.67,83.14,83.32,80.0,14124000.0,,
"May 11, 2021",85.76,86.57,84.9,86.25,82.81,14220800.0,,
"May 10, 2021",88.84,88.84,87.22,87.23,83.75,6976000.0,,
"May 7, 2021",88.36,89.05,87.9,88.81,85.27,6750200.0,,
"May 6, 2021",88.02,88.15,87.18,88.02,84.51,7850600.0,,
"May 5, 2021",88.72,88.72,87.68,87.83,84.33,6325000.0,,
"May 4, 2021",88.37,88.51,87.0,88.11,84.59,9207200.0,,
"May 3, 2021",89.94,89.99,88.92,89.04,85.49,7371400.0,,
"Apr 30, 2021",89.01,89.75,88.94,89.46,85.89,5651000.0,,
"Apr 29, 2021",89.65,89.71,88.32,89.11,85.56,6444600.0,,
"Apr 28, 2021",89.08,89.57,88.89,89.09,85.54,4761400.0,,
"Apr 27, 2021",89.35,89.56,89.0,89.19,85.64,4438600.0,,
"Apr 26, 2021",89.21,89.58,88.72,89.3,85.74,4460600.0,,
"Apr 23, 2021",88.28,89.28,87.99,88.91,85.37,3823800.0,,
"Apr 22, 2021",89.08,89.21,87.67,87.99,84.48,5960000.0,,
"Apr 21, 2021",87.47,89.07,87.3,88.97,85.43,5540000.0,,
"Apr 20, 2021",88.61,88.82,87.15,87.81,84.31,8462000.0,,
"Apr 19, 2021",89.44,89.53,88.64,88.93,85.38,7030800.0,,
"Apr 16, 2021",89.46,90.06,89.22,89.93,86.35,5276000.0,,
"Apr 15, 2021",89.23,89.3,88.75,89.25,85.69,5031200.0,,
"Apr 14, 2021",89.69,90.08,88.43,88.61,85.08,6676400.0,,
"Apr 13, 2021",88.71,89.67,88.58,89.49,85.92,5351200.0,,
"Apr 12, 2021",87.99,88.64,87.91,88.56,85.03,6285600.0,,
"Apr 9, 2021",87.08,88.01,86.99,87.99,84.48,6093800.0,,
"Apr 8, 2021",87.24,87.36,86.6,87.16,83.69,6424800.0,,
"Apr 7, 2021",86.96,87.27,86.6,86.75,83.29,5049400.0,,
"Apr 6, 2021",86.56,87.35,86.5,87.01,83.54,6301400.0,,
"Apr 5, 2021",86.06,86.96,85.9,86.64,83.18,8628400.0,,
"Apr 1, 2021",84.79,84.85,84.43,84.71,81.33,8140000.0,,
"Mar 31, 2021",83.74,84.49,83.51,84.04,80.69,7937800.0,,
"Mar 30, 2021",82.21,83.51,81.89,83.39,80.06,7321800.0,,
"Mar 29, 2021",82.82,83.24,81.97,82.57,79.28,9358200.0,,
"Mar 26, 2021",82.67,83.09,81.58,83.03,79.72,8542600.0,,
"Mar 25, 2021",80.85,82.62,80.68,82.35,79.06,11319800.0,,
"Mar 24, 2021",83.24,83.68,81.63,81.63,78.38,9352000.0,,
"Mar 23, 2021",83.64,84.0,82.64,82.86,79.55,7990200.0,,
"Mar 22, 2021",,,,,,,Dividend,0.132
"Mar 22, 2021",83.68,84.36,83.33,83.64,80.31,7224200.0,,
"Mar 19, 2021",82.64,83.4,81.77,83.22,79.78,12121000.0,,
"Mar 18, 2021",84.01,84.38,82.59,82.73,79.31,10151400.0,,
"Mar 17, 2021",83.0,85.1,82.92,84.81,81.3,8711400.0,,
"Mar 16, 2021",84.5,84.67,83.25,83.63,80.17,6873600.0,,
"Mar 15, 2021",83.5,84.53,83.21,84.5,81.01,8857000.0,,
"Mar 12, 2021",82.26,83.39,82.03,83.39,79.93,8343400.0,,
"Mar 11, 2021",83.0,83.46,82.51,83.14,79.7,8458400.0,,
"Mar 10, 2021",82.54,83.0,81.31,81.89,78.5,14245800.0,,
"Mar 9, 2021",80.07,82.0,79.65,81.47,78.1,18614400.0,,
"Mar 8, 2021",78.72,80.11,78.37,78.5,75.26,12536200.0,,
"Mar 5, 2021",78.5,78.64,74.82,78.41,75.17,20626800.0,,
"Mar 4, 2021",79.63,80.15,76.42,77.92,74.69,18469600.0,,
"Mar 3, 2021",81.36,81.68,79.6,79.6,76.31,11125600.0,,
"Mar 2, 2021",82.58,82.76,81.47,81.51,78.14,6622400.0,,
"Mar 1, 2021",81.57,82.61,81.42,82.46,79.05,8697600.0,,
"Feb 26, 2021",81.27,81.64,79.5,80.57,77.24,12255200.0,,
"Feb 25, 2021",82.75,83.21,79.84,80.24,76.92,14641800.0,,
"Feb 24, 2021",82.37,83.45,81.49,83.34,79.89,7973600.0,,
"Feb 23, 2021",81.55,82.89,79.53,82.47,79.06,10768600.0,,
"Feb 22, 2021",84.0,84.29,82.94,83.02,79.58,5694000.0,,
"Feb 19, 2021",85.69,85.69,84.69,84.81,81.3,5022800.0,,
"Feb 18, 2021",84.39,85.58,84.32,85.31,81.78,5160000.0,,
"Feb 17, 2021",84.28,85.36,83.85,85.28,81.75,6441200.0,,
"Feb 16, 2021",85.32,85.43,84.56,84.79,81.28,4516200.0,,
"Feb 12, 2021",84.67,85.2,84.43,85.16,81.64,3994400.0,,
"Feb 11, 2021",85.5,85.79,84.63,85.04,81.52,3911600.0,,
"Feb 10, 2021",86.4,86.4,84.63,85.28,81.75,4883200.0,,
"Feb 9, 2021",86.33,86.54,86.02,86.13,82.56,3615400.0,,
"Feb 8, 2021",86.68,86.73,86.07,86.61,83.02,4720400.0,,
"Feb 5, 2021",85.6,86.4,85.43,86.11,82.55,4464200.0,,
"Feb 4, 2021",84.79,85.3,84.53,85.3,81.77,5142400.0,,
"Feb 3, 2021",85.15,85.24,84.34,84.4,80.91,4062800.0,,
"Feb 2, 2021",83.75,85.43,83.75,84.88,81.36,5401200.0,,
"Feb 1, 2021",81.94,83.2,81.44,83.11,79.67,6502600.0,,
"Jan 29, 2021",82.46,82.64,80.54,81.0,77.65,10833000.0,,
"Jan 28, 2021",82.29,83.76,81.81,82.94,79.51,7843200.0,,
"Jan 27, 2021",84.35,84.39,82.26,82.68,79.26,11241400.0,,
"Jan 26, 2021",85.66,85.74,84.99,85.31,81.78,7458000.0,,
"Jan 25, 2021",85.27,85.98,83.67,85.36,81.83,11760600.0,,
"Jan 22, 2021",84.89,85.21,84.56,85.05,81.53,4456400.0,,
"Jan 21, 2021",85.39,85.89,85.25,85.34,81.81,6688000.0,,
"Jan 20, 2021",84.15,85.18,83.89,84.94,81.43,6868600.0,,
"Jan 19, 2021",83.61,83.74,83.04,83.37,79.92,6348600.0,,
"Jan 15, 2021",83.41,83.67,82.57,82.9,79.47,7271400.0,,
"Jan 14, 2021",84.18,84.58,83.44,83.54,80.09,6029800.0,,
"Jan 13, 2021",84.18,84.4,83.66,84.08,80.6,5654400.0,,
"Jan 13, 2021",84.18,84.4,83.66,84.08,80.6,5654400.0,,
"Jan 12, 2021",83.25,84.4,83.15,84.08,80.61,11395200.0,,
"Jan 11, 2021",83.41,83.75,82.6,82.82,79.39,7421000.0,,
"Jan 8, 2021",83.67,84.48,83.14,84.39,80.9,9283800.0,,
"Jan 7, 2021",81.86,83.01,81.83,82.69,79.27,6725600.0,,
"Jan 6, 2021",80.39,82.0,80.07,81.13,77.77,8832000.0,,
"Jan 5, 2021",79.25,80.53,79.22,80.31,76.98,6262400.0,,
"Jan 4, 2021",80.89,80.94,78.72,79.71,76.41,18120400.0,,
"Dec 31, 2020",80.36,80.49,79.96,80.39,77.06,5859200.0,,
"Dec 30, 2020",80.15,80.46,80.07,80.35,77.02,4881400.0,,
"Dec 29, 2020",80.12,80.26,79.49,79.86,76.56,4862400.0,,
"Dec 28, 2020",79.71,80.16,79.3,79.84,76.54,5824800.0,,
"Dec 24, 2020",78.85,79.06,78.61,78.94,75.67,2097600.0,,
"Dec 23, 2020",78.62,79.03,78.29,78.78,75.52,4346000.0,,
"Dec 22, 2020",78.82,78.85,77.92,78.61,75.35,7453200.0,,
"Dec 21, 2020",,,,,,,Dividend,0.148
"Dec 21, 2020",78.7,79.4,78.14,78.94,75.68,7904400.0,,
"Dec 18, 2020",80.52,80.57,79.64,80.0,76.54,9892800.0,,
"Dec 17, 2020",80.25,80.4,80.02,80.39,76.92,3977400.0,,
"Dec 16, 2020",79.46,80.04,79.43,79.84,76.39,4443000.0,,
"Dec 15, 2020",78.96,79.33,78.6,79.32,75.9,4651800.0,,
"Dec 14, 2020",78.86,79.31,78.24,78.26,74.89,6815000.0,,
"Dec 11, 2020",78.24,78.51,77.61,78.15,74.78,4134200.0,,
"Dec 10, 2020",78.29,78.86,77.96,78.53,75.14,5806000.0,,
"Dec 9, 2020",79.18,79.22,78.26,78.6,75.2,12060800.0,,
"Dec 8, 2020",78.46,78.72,78.06,78.67,75.28,4956800.0,,
"Dec 7, 2020",78.84,78.88,78.43,78.83,75.43,8430600.0,,
"Dec 4, 2020",79.1,79.21,78.86,79.01,75.61,4178200.0,,
"Dec 3, 2020",78.74,79.38,78.74,78.94,75.53,6011400.0,,
"Dec 2, 2020",78.9,78.9,78.39,78.72,75.32,4308800.0,,
"Dec 1, 2020",79.25,79.58,78.75,79.21,75.8,8737400.0,,
"Nov 30, 2020",78.99,79.03,77.61,78.63,75.24,6576000.0,,
"Nov 27, 2020",79.3,79.39,78.87,79.11,75.7,2216600.0,,
"Nov 25, 2020",78.79,79.07,78.57,78.94,75.53,4624400.0,,
"Nov 24, 2020",78.43,79.11,78.2,78.85,75.44,5465600.0,,
"Nov 23, 2020",77.27,77.89,77.07,77.69,74.34,4611200.0,,
"Nov 20, 2020",77.32,77.38,76.82,76.85,73.53,4132800.0,,
"Nov 19, 2020",76.86,77.32,76.69,77.25,73.92,4214400.0,,
"Nov 18, 2020",77.36,77.98,76.85,76.87,73.55,5415000.0,,
"Nov 17, 2020",77.46,77.75,76.82,77.4,74.06,5839600.0,,
"Nov 16, 2020",77.5,77.75,76.92,77.73,74.38,7864600.0,,
"Nov 13, 2020",75.93,76.86,75.82,76.72,73.41,4463000.0,,
"Nov 12, 2020",76.53,76.54,75.07,75.5,72.24,5929800.0,,
"Nov 11, 2020",76.35,76.89,76.06,76.53,73.22,7406800.0,,
"Nov 10, 2020",76.06,76.24,75.06,75.86,72.59,17765200.0,,
"Nov 9, 2020",79.02,79.02,76.04,76.13,72.85,9782200.0,,
"Nov 6, 2020",76.39,76.51,75.73,76.38,73.08,4847000.0,,
"Nov 5, 2020",76.46,77.07,76.13,76.61,73.3,6480000.0,,
"Nov 4, 2020",74.45,76.04,74.3,75.14,71.9,8541200.0,,
"Nov 3, 2020",72.76,74.0,72.39,73.58,70.41,5675400.0,,
"Nov 2, 2020",72.42,72.68,71.21,72.0,68.89,7981800.0,,
"Oct 30, 2020",72.51,72.78,70.87,71.49,68.4,9983200.0,,
"Oct 29, 2020",72.83,73.92,72.31,73.08,69.93,6067800.0,,
"Oct 28, 2020",73.64,74.01,72.54,72.62,69.49,9172600.0,,
"Oct 27, 2020",75.22,75.45,74.78,74.99,71.75,6241000.0,,
"Oct 26, 2020",75.71,76.03,73.96,75.03,71.79,6300000.0,,
"Oct 23, 2020",76.14,76.5,75.56,76.5,73.19,3915000.0,,
"Oct 22, 2020",75.67,75.92,74.85,75.83,72.56,4135600.0,,
"Oct 21, 2020",76.0,76.54,75.45,75.68,72.41,5539800.0,,
"Oct 20, 2020",75.93,77.03,75.72,76.09,72.81,8514200.0,,
"Oct 19, 2020",76.93,77.23,75.3,75.49,72.23,5154000.0,,
"Oct 16, 2020",77.47,77.84,76.19,76.43,73.13,4211000.0,,
"Oct 15, 2020",75.85,77.27,75.63,77.13,73.8,4758000.0,,
"Oct 14, 2020",77.86,77.94,76.5,76.84,73.52,7610800.0,,
"Oct 13, 2020",77.56,78.05,77.29,77.7,74.35,6826200.0,,
"Oct 12, 2020",77.23,78.07,77.12,77.71,74.36,6394400.0,,
"Oct 9, 2020",76.3,76.88,76.21,76.69,73.39,7362600.0,,
"Oct 8, 2020",75.9,75.96,75.35,75.9,72.63,5065800.0,,
"Oct 7, 2020",74.62,75.59,74.62,75.41,72.16,5005800.0,,
"Oct 6, 2020",75.18,75.53,73.61,73.72,70.54,7954400.0,,
"Oct 5, 2020",74.53,75.2,74.46,75.11,71.87,4640800.0,,
"Oct 2, 2020",73.06,74.39,73.03,74.14,70.94,8181600.0,,
"Oct 1, 2020",74.21,74.51,73.75,74.45,71.24,7758800.0,,
"Sep 30, 2020",73.11,74.36,73.03,73.49,70.32,8948800.0,,
"Sep 29, 2020",73.43,73.48,72.85,72.89,69.75,6055400.0,,
"Sep 28, 2020",72.9,73.64,72.61,73.46,70.3,5324800.0,,
"Sep 25, 2020",71.01,72.21,70.52,71.96,68.85,5028000.0,,
"Sep 24, 2020",70.74,72.03,70.2,71.04,67.97,8997000.0,,
"Sep 23, 2020",73.0,73.14,70.92,71.07,68.0,7930600.0,,
"Sep 22, 2020",71.19,72.32,70.96,72.25,69.13,7638000.0,,
"Sep 21, 2020",,,,,,,Dividend,0.153
"Sep 21, 2020",70.64,70.83,69.51,70.75,67.7,8435800.0,,
"Sep 18, 2020",73.19,73.22,71.35,71.94,68.69,10847200.0,,
"Sep 17, 2020",72.92,73.43,72.35,72.96,69.66,8849200.0,,
"Sep 16, 2020",74.72,75.01,73.96,74.0,70.66,5215800.0,,
"Sep 15, 2020",74.28,74.67,74.03,74.42,71.05,5412000.0,,
"Sep 14, 2020",73.85,74.38,73.52,73.81,70.47,5556600.0,,
"Sep 11, 2020",73.42,73.75,72.35,73.04,69.73,7596400.0,,
"Sep 10, 2020",74.36,75.14,72.68,72.93,69.63,12553800.0,,
"Sep 9, 2020",73.29,74.54,72.87,73.99,70.64,7425800.0,,
"Sep 8, 2020",72.37,73.64,72.03,72.61,69.33,15212600.0,,
"Sep 4, 2020",74.68,75.11,71.81,73.58,70.26,13339800.0,,
"Sep 3, 2020",76.66,76.71,73.72,74.44,71.08,15142000.0,,
"Sep 2, 2020",76.36,77.07,75.92,76.88,73.41,8154200.0,,
"Sep 1, 2020",75.11,75.88,75.01,75.83,72.4,9904400.0,,
"Aug 31, 2020",75.25,75.48,74.94,75.04,71.65,7025000.0,,
"Aug 28, 2020",75.16,75.4,74.87,75.26,71.86,4275600.0,,
"Aug 27, 2020",75.46,75.51,74.5,74.78,71.4,6170800.0,,
"Aug 26, 2020",74.45,75.3,74.38,75.18,71.78,5583800.0,,
"Aug 25, 2020",74.38,74.45,73.84,74.44,71.08,5197800.0,,
"Aug 25, 2020",74.38,74.45,73.84,74.44,71.08,5197800.0,,
"Aug 24, 2020",73.59,74.23,73.58,74.2,70.85,5284400.0,,
"Aug 21, 2020",72.64,73.13,72.63,73.09,69.79,3647600.0,,
"Aug 20, 2020",72.39,72.93,72.2,72.71,69.43,3326600.0,,
"Aug 19, 2020",73.46,73.47,72.72,72.82,69.53,5310400.0,,
"Aug 18, 2020",73.0,73.33,72.46,73.17,69.86,5175400.0,,
"Aug 17, 2020",72.39,72.81,72.07,72.72,69.43,3218000.0,,
"Aug 14, 2020",71.8,71.96,71.49,71.79,68.55,3374000.0,,
"Aug 13, 2020",71.76,72.23,71.65,71.8,68.56,4742800.0,,
"Aug 12, 2020",71.59,71.98,71.32,71.83,68.58,7630800.0,,
"Aug 11, 2020",71.43,71.83,70.72,70.89,67.69,7093600.0,,
"Aug 10, 2020",70.44,71.11,70.33,71.03,67.82,4560400.0,,
"Aug 7, 2020",70.09,70.4,69.68,70.19,67.02,5953000.0,,
"Aug 6, 2020",69.5,70.24,69.39,70.08,66.92,4312200.0,,
"Aug 5, 2020",69.18,69.78,69.07,69.75,66.59,6536800.0,,
"Aug 4, 2020",68.22,68.93,68.21,68.9,65.79,5340200.0,,
"Aug 3, 2020",68.72,68.74,68.27,68.36,65.27,5588800.0,,
"Jul 31, 2020",68.99,69.11,67.75,68.5,65.4,7671000.0,,
"Jul 30, 2020",67.71,68.47,67.32,68.14,65.07,7940800.0,,
"Jul 29, 2020",67.96,68.35,67.86,68.2,65.12,4495000.0,,
"Jul 28, 2020",68.06,68.33,67.42,67.51,64.46,5119600.0,,
"Jul 27, 2020",68.06,68.35,67.7,68.19,65.11,4899400.0,,
"Jul 24, 2020",67.27,68.07,66.93,67.77,64.71,6287200.0,,
"Jul 23, 2020",68.75,68.75,67.18,67.65,64.59,6867600.0,,
"Jul 22, 2020",67.98,68.72,67.92,68.68,65.58,5321000.0,,
"Jul 21, 2020",68.52,68.61,67.85,68.1,65.02,5315800.0,,
"Jul 20, 2020",66.97,68.17,66.81,67.99,64.92,5471600.0,,
"Jul 17, 2020",67.5,67.5,66.68,66.92,63.9,6189200.0,,
"Jul 16, 2020",66.87,67.43,66.64,67.24,64.2,6049400.0,,
"Jul 15, 2020",67.4,67.61,66.46,67.42,64.37,7505800.0,,
"Jul 14, 2020",65.49,66.5,64.71,66.46,63.46,11473800.0,,
"Jul 13, 2020",67.25,68.25,65.63,65.81,62.84,13282600.0,,
"Jul 10, 2020",65.91,66.71,65.47,66.65,63.64,12912400.0,,
"Jul 9, 2020",66.18,66.22,64.81,65.87,62.89,6224800.0,,
"Jul 8, 2020",65.36,65.96,65.06,65.94,62.97,5479800.0,,
"Jul 7, 2020",65.98,66.19,65.14,65.25,62.3,6893200.0,,
"Jul 6, 2020",65.72,66.32,65.56,66.29,63.29,7115800.0,,
"Jul 2, 2020",65.47,65.82,64.59,64.75,61.83,7328600.0,,
"Jul 1, 2020",63.94,64.76,63.9,64.5,61.59,11172600.0,,
"Jun 30, 2020",63.0,64.14,62.81,63.85,60.97,6729800.0,,
"Jun 29, 2020",62.15,63.1,61.47,63.05,60.2,7822600.0,,
"Jun 26, 2020",63.34,63.47,61.77,61.88,59.08,11496400.0,,
"Jun 25, 2020",63.01,63.43,62.38,63.36,60.5,9769200.0,,
"Jun 24, 2020",64.32,64.54,62.49,63.28,60.42,11962600.0,,
"Jun 23, 2020",64.89,65.11,64.5,64.7,61.78,7347200.0,,
"Jun 22, 2020",,,,,,,Dividend,0.148
"Jun 22, 2020",63.44,64.25,63.15,64.19,61.29,5675800.0,,
"Jun 19, 2020",65.0,65.12,63.49,63.69,60.67,13384000.0,,
"Jun 18, 2020",64.18,64.54,63.9,64.19,61.15,5533600.0,,
"Jun 17, 2020",64.86,65.08,64.26,64.43,61.37,6349800.0,,
"Jun 16, 2020",65.19,65.27,63.29,64.6,61.53,10166800.0,,
"Jun 15, 2020",61.29,63.47,60.96,63.26,60.27,9993000.0,,
"Jun 12, 2020",63.72,63.94,61.4,62.67,59.7,11989400.0,,
"Jun 11, 2020",63.38,64.33,61.9,62.06,59.11,13735200.0,,
"Jun 10, 2020",66.36,66.38,65.42,65.49,62.38,7783800.0,,
"Jun 9, 2020",66.04,66.47,65.62,66.11,62.97,8689600.0,,
"Jun 8, 2020",66.0,66.65,66.0,66.63,63.47,7005000.0,,
"Jun 5, 2020",65.61,66.0,65.29,65.63,62.51,11689200.0,,
"Jun 4, 2020",64.26,64.65,63.75,64.09,61.05,9971400.0,,
"Jun 3, 2020",63.53,64.61,63.53,64.42,61.36,11061600.0,,
"Jun 2, 2020",62.97,63.22,62.64,63.22,60.22,8453400.0,,
"Jun 1, 2020",62.17,62.91,62.12,62.69,59.71,6662600.0,,
"May 29, 2020",61.85,62.32,61.38,62.1,59.15,13016000.0,,
"May 28, 2020",62.81,63.04,61.71,61.87,58.94,7293200.0,,
"May 27, 2020",62.31,62.64,61.05,62.63,59.66,11531200.0,,
"May 26, 2020",62.22,62.38,61.49,61.58,58.66,9128400.0,,
"May 22, 2020",60.68,60.78,60.15,60.62,57.74,7642000.0,,
"May 21, 2020",60.64,61.03,59.97,60.71,57.83,9117200.0,,
"May 20, 2020",60.69,60.71,60.12,60.49,57.62,7708200.0,,
"May 19, 2020",59.79,60.71,59.56,59.71,56.88,10513600.0,,
"May 18, 2020",59.32,60.2,59.26,59.92,57.08,10233600.0,,
"May 15, 2020",56.61,57.75,56.42,57.74,55.0,12556600.0,,
"May 14, 2020",55.54,57.1,55.03,57.08,54.37,11436400.0,,
"May 13, 2020",57.13,57.46,55.67,56.24,53.57,13362200.0,,
"May 12, 2020",58.75,58.88,57.19,57.22,54.51,11944800.0,,
"May 11, 2020",58.12,58.98,58.04,58.5,55.73,8086600.0,,
"May 8, 2020",58.24,58.69,57.92,58.63,55.85,7872400.0,,
"May 7, 2020",57.33,57.79,57.3,57.51,54.78,10667200.0,,
"May 6, 2020",57.0,57.24,56.54,56.62,53.94,7810000.0,,
"May 5, 2020",57.17,57.35,56.51,56.63,53.95,9093600.0,,
"May 4, 2020",55.38,56.45,55.06,56.42,53.75,9213600.0,,
"May 1, 2020",56.51,56.97,55.69,56.12,53.46,12553200.0,,
"Apr 30, 2020",58.24,58.65,57.7,58.3,55.54,10106400.0,,
"Apr 29, 2020",58.51,59.1,58.19,58.67,55.88,9997600.0,,
"Apr 28, 2020",58.24,58.45,57.11,57.4,54.68,9458800.0,,
"Apr 27, 2020",56.7,57.54,56.65,57.17,54.46,8239400.0,,
"Apr 24, 2020",55.76,56.38,55.25,56.13,53.46,5829000.0,,
"Apr 23, 2020",55.48,56.01,54.99,55.19,52.57,8259200.0,,
"Apr 22, 2020",55.04,55.59,54.74,55.21,52.59,6771200.0,,
"Apr 21, 2020",54.56,54.92,53.62,54.04,51.48,8655800.0,,
"Apr 20, 2020",55.85,56.6,55.38,55.48,52.85,6826200.0,,
"Apr 17, 2020",56.18,56.6,55.49,56.47,53.79,8767000.0,,
"Apr 16, 2020",54.42,55.5,53.9,54.85,52.25,9218400.0,,
"Apr 15, 2020",54.03,54.57,53.54,54.19,51.63,7617600.0,,
"Apr 14, 2020",54.44,55.51,54.19,55.41,52.78,11489200.0,,
"Apr 13, 2020",53.13,53.53,52.33,53.33,50.8,6823400.0,,
"Apr 9, 2020",53.15,54.22,52.83,53.34,50.81,10645800.0,,
"Apr 8, 2020",51.42,52.6,51.04,52.4,49.91,8331000.0,,
"Apr 7, 2020",52.37,52.76,50.69,50.79,48.39,14018200.0,,
"Apr 6, 2020",47.9,50.31,47.9,50.05,47.68,10607800.0,,
"Apr 6, 2020",47.9,50.31,47.9,50.05,47.68,10607800.0,,
"Apr 3, 2020",46.74,46.97,45.62,46.21,44.01,10359400.0,,
"Apr 2, 2020",46.58,47.74,45.99,47.03,44.8,11997600.0,,
"Apr 1, 2020",47.17,47.97,46.44,46.85,44.63,13516400.0,,
"Mar 31, 2020",49.62,50.35,48.91,49.04,46.72,10304400.0,,
"Mar 30, 2020",49.32,50.24,48.47,50.05,47.68,13320600.0,,
"Mar 27, 2020",49.18,50.32,48.44,49.03,46.7,10262200.0,,
"Mar 26, 2020",49.24,51.05,49.01,50.72,48.32,12991000.0,,
"Mar 25, 2020",48.72,50.53,47.51,48.71,46.4,19997800.0,,
"Mar 24, 2020",46.17,47.95,45.97,47.87,45.6,20747400.0,,
"Mar 23, 2020",,,,,,,Dividend,0.212
"Mar 23, 2020",43.43,44.65,42.33,43.76,41.69,15308400.0,,
"Mar 20, 2020",45.78,47.24,43.83,43.9,41.62,25783200.0,,
"Mar 19, 2020",43.54,46.53,42.1,45.25,42.9,14884200.0,,
"Mar 18, 2020",43.41,44.56,40.87,43.72,41.45,27657600.0,,
"Mar 17, 2020",45.67,47.37,43.13,46.39,43.98,27134000.0,,
"Mar 16, 2020",45.53,47.92,44.32,44.67,42.35,16817800.0,,
"Mar 13, 2020",50.8,51.19,47.99,51.15,48.49,16073800.0,,
"Mar 12, 2020",49.53,51.33,47.63,48.17,45.67,19961600.0,,
"Mar 11, 2020",55.13,55.41,53.07,53.58,50.8,15254600.0,,
"Mar 10, 2020",55.6,56.69,53.69,56.69,53.74,21939200.0,,
"Mar 9, 2020",53.04,55.35,51.75,53.72,50.92,16829800.0,,
"Mar 6, 2020",56.44,57.63,56.08,57.33,54.34,16655000.0,,
"Mar 5, 2020",59.03,59.42,57.77,58.22,55.19,14599600.0,,
"Mar 4, 2020",59.37,60.53,58.72,60.47,57.33,14684400.0,,
"Mar 3, 2020",60.08,60.87,57.9,58.46,55.42,29548600.0,,
"Mar 2, 2020",58.09,59.91,57.28,59.9,56.79,19022400.0,,
"Feb 28, 2020",56.4,58.0,56.26,57.92,54.9,41232200.0,,
"Feb 27, 2020",59.5,60.74,58.26,58.29,55.26,35433800.0,,
"Feb 26, 2020",61.6,62.17,60.59,60.74,57.59,24720800.0,,
"Feb 25, 2020",63.46,63.6,61.08,61.23,58.05,29219600.0,,
"Feb 24, 2020",62.94,63.52,62.6,62.91,59.64,17507200.0,,
"Feb 21, 2020",65.87,65.94,64.98,65.15,61.76,12322600.0,,
"Feb 20, 2020",66.08,66.34,65.35,66.16,62.72,10832800.0,,
"Feb 19, 2020",66.07,66.36,66.04,66.14,62.7,4636200.0,,
"Feb 18, 2020",65.75,66.06,65.47,65.84,62.42,6740200.0,,
"Feb 14, 2020",66.07,66.15,65.67,65.85,62.42,4959600.0,,
"Feb 13, 2020",65.8,66.19,65.61,65.94,62.52,7106800.0,,
"Feb 12, 2020",65.71,66.1,65.71,66.06,62.62,7810600.0,,
"Feb 11, 2020",65.14,65.67,64.99,65.39,61.99,11015800.0,,
"Feb 10, 2020",64.11,64.89,64.11,64.88,61.51,5867200.0,,
"Feb 7, 2020",64.14,64.46,63.9,64.15,60.82,7267600.0,,
"Feb 6, 2020",64.72,64.74,64.43,64.43,61.08,11039800.0,,
"Feb 5, 2020",64.68,64.76,64.13,64.58,61.22,13354000.0,,
"Feb 4, 2020",64.03,64.47,63.88,64.25,60.91,16697200.0,,
"Feb 3, 2020",63.01,63.88,63.01,63.1,59.82,16019000.0,,
"Jan 31, 2020",63.78,63.87,62.53,62.66,59.4,16844000.0,,
"Jan 30, 2020",62.12,62.56,61.99,62.5,59.25,10461000.0,,
"Jan 29, 2020",62.85,63.09,62.56,62.6,59.35,5860000.0,,
"Jan 28, 2020",62.33,62.88,62.1,62.64,59.38,11815400.0,,
"Jan 27, 2020",61.62,62.35,61.49,62.03,58.81,15754200.0,,
"Jan 24, 2020",63.99,64.03,62.7,62.97,59.7,11381800.0,,
"Jan 23, 2020",63.44,63.94,63.12,63.87,60.54,7991800.0,,
"Jan 22, 2020",64.04,64.26,63.72,63.77,60.45,7930200.0,,
"Jan 21, 2020",63.67,63.9,63.46,63.8,60.48,8003800.0,,
"Jan 17, 2020",63.94,64.08,63.87,63.99,60.67,13473200.0,,
"Jan 16, 2020",63.57,63.78,63.51,63.77,60.45,8699000.0,,
"Jan 15, 2020",63.17,63.42,63.05,63.21,59.92,6523800.0,,
"Jan 14, 2020",63.27,63.56,63.17,63.35,60.06,8681200.0,,
"Jan 13, 2020",63.3,63.47,63.12,63.37,60.07,6449200.0,,
"Jan 10, 2020",63.6,63.6,63.1,63.17,59.88,7407000.0,,
"Jan 9, 2020",63.51,63.74,63.35,63.51,60.21,7643000.0,,
"Jan 8, 2020",62.94,63.53,62.88,63.18,59.89,9451800.0,,
"Jan 7, 2020",63.05,63.13,62.72,62.99,59.71,18301600.0,,
"Jan 6, 2020",62.46,63.1,62.38,63.09,59.81,12823200.0,,
"Jan 3, 2020",62.65,63.1,62.61,62.92,59.64,11192800.0,,
"Jan 2, 2020",63.1,63.46,62.86,63.46,60.16,12591000.0,,
"Dec 31, 2019",62.51,62.74,62.42,62.71,59.45,3567400.0,,
"Dec 30, 2019",63.08,63.15,62.49,62.62,59.36,6677400.0,,
"Dec 27, 2019",63.24,63.37,62.94,63.03,59.75,5917400.0,,
"Dec 26, 2019",62.46,63.03,62.39,63.03,59.75,5035800.0,,
"Dec 24, 2019",62.22,62.35,62.13,62.27,59.03,3296200.0,,
"Dec 23, 2019",62.41,62.42,62.13,62.13,58.9,6328400.0,,
"Dec 20, 2019",,,,,,,Dividend,0.205
"Dec 20, 2019",62.42,62.42,62.2,62.28,59.04,6673600.0,,
"Dec 19, 2019",62.15,62.44,62.06,62.38,58.95,6493000.0,,
"Dec 18, 2019",62.3,62.35,62.08,62.19,58.76,5278200.0,,
"Dec 17, 2019",61.96,62.21,61.94,62.13,58.71,6819000.0,,
"Dec 16, 2019",61.9,62.0,61.76,61.85,58.45,7293600.0,,
"Dec 13, 2019",61.53,61.69,61.27,61.58,58.19,7124800.0,,
"Dec 12, 2019",61.1,61.68,61.03,61.53,58.14,9226200.0,,
"Dec 11, 2019",60.79,61.03,60.68,60.99,57.63,4099400.0,,
"Dec 10, 2019",60.97,61.08,60.76,60.84,57.49,4360000.0,,
"Dec 9, 2019",60.83,61.17,60.75,60.94,57.59,3577600.0,,
"Dec 6, 2019",60.83,61.02,60.83,60.87,57.51,5031000.0,,
"Dec 5, 2019",60.67,60.67,60.26,60.38,57.06,4704600.0,,
"Dec 4, 2019",60.35,60.66,60.31,60.44,57.11,5658200.0,,
"Dec 3, 2019",60.18,60.21,59.78,60.11,56.8,8946200.0,,
"Dec 2, 2019",61.27,61.33,60.6,60.72,57.37,7083400.0,,
"Nov 29, 2019",61.67,61.69,61.16,61.22,57.85,3510200.0,,
"Nov 27, 2019",61.29,61.65,61.22,61.63,58.23,8426000.0,,
"Nov 26, 2019",60.67,61.14,60.62,61.1,57.73,7252200.0,,
"Nov 25, 2019",60.43,60.69,60.38,60.69,57.34,7334000.0,,
"Nov 22, 2019",59.98,60.17,59.86,60.15,56.84,4476000.0,,
"Nov 21, 2019",60.13,60.24,59.72,59.74,56.45,4877400.0,,
"Nov 20, 2019",60.39,60.49,59.8,60.08,56.77,8562600.0,,
"Nov 19, 2019",60.68,60.72,60.08,60.22,56.91,6033800.0,,
"Nov 18, 2019",60.7,60.9,60.53,60.9,57.54,4687400.0,,
"Nov 15, 2019",60.87,60.92,60.55,60.69,57.34,4240000.0,,
"Nov 14, 2019",60.36,60.67,60.28,60.58,57.24,3960200.0,,
"Nov 14, 2019",60.36,60.67,60.28,60.58,57.24,3960200.0,,
"Nov 13, 2019",60.35,60.46,60.16,60.31,56.99,4692600.0,,
"Nov 12, 2019",60.59,60.81,60.38,60.51,57.17,4389000.0,,
"Nov 11, 2019",60.4,60.56,60.33,60.54,57.21,3725400.0,,
"Nov 8, 2019",60.75,60.77,60.43,60.67,57.33,4146000.0,,
"Nov 7, 2019",61.15,61.22,60.58,60.65,57.3,7665400.0,,
"Nov 6, 2019",61.01,61.03,60.73,61.01,57.65,7188600.0,,
"Nov 5, 2019",60.91,61.08,60.7,60.94,57.59,4309000.0,,
"Nov 4, 2019",61.01,61.08,60.75,60.85,57.5,9531800.0,,
"Nov 1, 2019",60.74,60.85,60.6,60.83,57.47,6429600.0,,
"Oct 31, 2019",60.74,60.83,60.15,60.42,57.09,6074000.0,,
"Oct 30, 2019",60.34,60.76,60.09,60.75,57.4,5615400.0,,
"Oct 29, 2019",60.73,60.76,60.35,60.38,57.05,4341400.0,,
"Oct 28, 2019",60.69,60.88,60.6,60.72,57.37,3823400.0,,
"Oct 25, 2019",59.86,60.72,59.72,60.53,57.19,5472600.0,,
"Oct 24, 2019",60.74,60.79,60.43,60.6,57.26,4405200.0,,
"Oct 23, 2019",60.84,60.84,60.18,60.63,57.29,3773800.0,,
"Oct 22, 2019",61.24,61.25,60.88,60.91,57.55,5203600.0,,
"Oct 21, 2019",61.4,61.58,61.13,61.3,57.92,4506200.0,,
"Oct 18, 2019",61.05,61.28,60.83,61.08,57.72,4069600.0,,
"Oct 17, 2019",61.37,61.46,61.09,61.21,57.83,4612000.0,,
"Oct 16, 2019",60.81,61.1,60.78,61.04,57.68,6145600.0,,
"Oct 15, 2019",60.46,60.94,60.42,60.79,57.44,5111000.0,,
"Oct 14, 2019",60.23,60.38,60.1,60.26,56.94,3151000.0,,
"Oct 11, 2019",60.24,60.82,60.22,60.29,56.97,10630800.0,,
"Oct 10, 2019",59.28,59.83,59.24,59.62,56.33,6548600.0,,
"Oct 9, 2019",59.14,59.44,58.97,59.22,55.96,6094600.0,,
"Oct 8, 2019",58.9,59.37,58.72,58.72,55.49,5886200.0,,
"Oct 7, 2019",59.44,59.73,59.19,59.35,56.08,5521200.0,,
"Oct 4, 2019",59.19,59.65,59.13,59.61,56.32,6374000.0,,
"Oct 3, 2019",58.69,59.06,57.98,59.06,55.8,14463200.0,,
"Oct 2, 2019",59.5,59.5,58.47,58.77,55.53,11009000.0,,
"Oct 1, 2019",60.49,60.72,59.83,59.85,56.55,7271600.0,,
"Sep 30, 2019",59.96,60.43,59.94,60.35,57.02,4988400.0,,
"Sep 27, 2019",60.24,60.28,59.51,59.83,56.54,7114000.0,,
"Sep 26, 2019",60.3,60.44,59.77,60.04,56.74,6040800.0,,
"Sep 25, 2019",60.0,60.4,59.53,60.31,56.98,6508800.0,,
"Sep 24, 2019",60.72,60.89,59.62,59.76,56.47,10708800.0,,
"Sep 23, 2019",60.03,60.58,59.96,60.4,57.08,4475000.0,,
"Sep 20, 2019",,,,,,,Dividend,0.202
"Sep 20, 2019",61.01,61.17,60.19,60.19,56.88,7540600.0,,
"Sep 19, 2019",61.39,61.47,61.07,61.1,57.54,4519200.0,,
"Sep 18, 2019",61.19,61.34,60.67,61.26,57.69,5939200.0,,
"Sep 17, 2019",60.81,61.31,60.65,61.29,57.72,4488400.0,,
"Sep 16, 2019",61.31,61.35,60.85,60.92,57.37,6802600.0,,
"Sep 13, 2019",61.99,62.08,61.66,61.71,58.12,4029400.0,,
"Sep 12, 2019",61.83,62.19,61.69,61.83,58.23,6686400.0,,
"Sep 11, 2019",61.41,61.67,61.14,61.54,57.96,6817800.0,,
"Sep 10, 2019",61.4,61.47,60.81,61.42,57.85,7301200.0,,
"Sep 9, 2019",61.65,61.83,61.44,61.67,58.08,6518600.0,,
"Sep 6, 2019",61.36,61.59,61.23,61.44,57.86,6986800.0,,
"Sep 5, 2019",60.7,61.35,60.7,61.28,57.72,7343200.0,,
"Sep 4, 2019",59.85,60.19,59.59,60.13,56.63,8345000.0,,
"Sep 3, 2019",59.51,59.92,59.29,59.54,56.08,8645000.0,,
"Aug 30, 2019",60.28,60.4,59.66,59.79,56.31,6814800.0,,
"Aug 29, 2019",59.94,60.27,59.76,60.15,56.65,5874600.0,,
"Aug 28, 2019",58.45,59.31,58.3,59.26,55.81,7782400.0,,
"Aug 27, 2019",59.05,59.13,58.44,58.53,55.12,6696200.0,,
"Aug 26, 2019",58.69,58.83,58.26,58.82,55.39,6904800.0,,
"Aug 23, 2019",59.38,59.67,58.0,58.24,54.85,15269800.0,,
"Aug 22, 2019",59.97,60.13,59.42,59.83,56.35,5904200.0,,
"Aug 21, 2019",59.67,59.82,59.53,59.82,56.34,9338000.0,,
"Aug 20, 2019",58.67,59.06,58.56,58.69,55.27,6534200.0,,
"Aug 19, 2019",58.74,58.89,58.49,58.67,55.26,6224400.0,,
"Aug 16, 2019",57.71,58.06,57.54,57.94,54.57,7960600.0,,
"Aug 15, 2019",57.74,57.83,56.81,57.29,53.96,10104000.0,,
"Aug 14, 2019",58.23,58.33,57.36,57.39,54.05,12812400.0,,
"Aug 13, 2019",58.2,59.75,58.01,59.24,55.79,9262600.0,,
"Aug 12, 2019",58.74,58.78,58.04,58.28,54.89,6402600.0,,
"Aug 9, 2019",59.53,59.66,58.81,59.15,55.7,7952800.0,,
"Aug 8, 2019",58.96,59.72,58.9,59.71,56.23,9338400.0,,
"Aug 7, 2019",57.73,58.65,57.42,58.58,55.16,11689800.0,,
"Aug 6, 2019",57.86,58.42,57.53,58.34,54.94,8895600.0,,
"Aug 5, 2019",58.05,58.06,57.04,57.47,54.12,13781600.0,,
"Aug 2, 2019",59.33,59.42,58.82,59.05,55.61,11100400.0,,
"Aug 1, 2019",60.47,61.07,59.33,59.54,56.07,13263600.0,,
"Jul 31, 2019",61.04,61.07,59.81,60.36,56.84,8603400.0,,
"Jul 30, 2019",61.06,61.24,60.96,61.06,57.5,4329000.0,,
"Jul 29, 2019",61.62,61.72,61.26,61.47,57.89,4410800.0,,
"Jul 26, 2019",61.58,61.83,61.38,61.78,58.18,4280400.0,,
"Jul 25, 2019",61.64,61.82,61.4,61.49,57.91,4799000.0,,
"Jul 24, 2019",61.27,61.85,61.26,61.84,58.24,4233400.0,,
"Jul 23, 2019",61.47,61.53,61.02,61.53,57.95,4858200.0,,
"Jul 22, 2019",61.19,61.28,60.88,61.12,57.56,4034000.0,,
"Jul 19, 2019",61.67,61.76,61.04,61.08,57.52,4128200.0,,
"Jul 18, 2019",61.44,61.6,61.08,61.49,57.9,4634400.0,,
"Jul 17, 2019",62.08,62.17,61.56,61.56,57.98,4599200.0,,
"Jul 16, 2019",62.15,62.3,61.97,62.16,58.54,4103400.0,,
"Jul 15, 2019",62.17,62.27,61.92,62.24,58.62,3993200.0,,
"Jul 12, 2019",61.51,62.06,61.51,62.04,58.43,4975200.0,,
"Jul 11, 2019",61.42,61.53,61.2,61.33,57.76,3952400.0,,
"Jul 10, 2019",61.26,61.3,60.88,61.21,57.65,4770000.0,,
"Jul 9, 2019",60.69,61.07,60.63,60.99,57.44,3866600.0,,
"Jul 8, 2019",60.66,60.97,60.6,60.92,57.38,10149200.0,,
"Jul 5, 2019",60.49,60.9,60.33,60.85,57.31,6755000.0,,
"Jul 3, 2019",60.44,60.78,60.32,60.78,57.24,3619200.0,,
"Jul 2, 2019",60.05,60.28,59.81,60.26,56.75,18017000.0,,
"Jul 1, 2019",60.35,60.63,59.87,60.13,56.62,8289400.0,,
"Jun 28, 2019",59.52,59.72,59.5,59.6,56.13,13327400.0,,
"Jun 27, 2019",59.26,59.49,59.17,59.43,55.97,3909000.0,,
"Jun 27, 2019",59.26,59.49,59.17,59.43,55.97,3909000.0,,
"Jun 26, 2019",59.08,59.29,58.99,59.06,55.62,4876200.0,,
"Jun 25, 2019",59.56,59.65,58.78,58.87,55.44,6394200.0,,
"Jun 24, 2019",59.78,59.86,59.42,59.44,55.98,5780400.0,,
"Jun 21, 2019",,,,,,,Dividend,0.207
"Jun 21, 2019",59.97,60.13,59.76,59.76,56.28,10442400.0,,
"Jun 20, 2019",60.32,60.4,59.78,60.24,56.54,8377200.0,,
"Jun 19, 2019",59.78,59.94,59.38,59.83,56.15,6130600.0,,
"Jun 18, 2019",59.69,60.11,59.53,59.72,56.05,8797600.0,,
"Jun 17, 2019",59.35,59.47,59.2,59.27,55.63,5364800.0,,
"Jun 14, 2019",59.1,59.37,58.99,59.24,55.6,5094400.0,,
"Jun 13, 2019",58.81,59.2,58.77,59.12,55.48,7692400.0,,
"Jun 12, 2019",58.58,58.81,58.46,58.59,54.99,5585800.0,,
"Jun 11, 2019",58.85,59.11,58.36,58.6,55.0,10059000.0,,
"Jun 10, 2019",58.26,58.9,58.22,58.38,54.79,7459800.0,,
"Jun 7, 2019",57.31,58.06,57.22,57.89,54.33,8089800.0,,
"Jun 6, 2019",56.78,57.21,56.54,57.06,53.56,7319600.0,,
"Jun 5, 2019",56.82,56.89,56.22,56.78,53.28,10517200.0,,
"Jun 4, 2019",55.5,56.51,55.02,56.49,53.02,11479000.0,,
"Jun 3, 2019",55.33,55.53,54.72,55.01,51.62,16131200.0,,
"May 31, 2019",55.51,55.74,55.31,55.47,52.06,8504400.0,,
"May 30, 2019",56.03,56.4,56.01,56.21,52.75,7795200.0,,
"May 29, 2019",56.03,56.08,55.47,55.84,52.41,9537400.0,,
"May 28, 2019",56.88,57.19,56.31,56.34,52.88,8236000.0,,
"May 24, 2019",56.95,57.04,56.48,56.72,53.23,5265000.0,,
"May 23, 2019",56.9,56.93,56.37,56.64,53.16,9913000.0,,
"May 22, 2019",57.49,57.94,57.29,57.35,53.82,7890800.0,,
"May 21, 2019",57.72,58.1,57.51,57.94,54.38,7320600.0,,
"May 20, 2019",57.74,57.74,57.36,57.54,54.01,7076800.0,,
"May 17, 2019",57.9,58.69,57.9,57.96,54.39,7349000.0,,
"May 16, 2019",58.1,58.74,58.01,58.4,54.81,7231800.0,,
"May 15, 2019",57.12,57.98,57.01,57.87,54.31,8313600.0,,
"May 14, 2019",57.17,57.76,56.89,57.47,53.94,9191800.0,,
"May 13, 2019",57.46,57.59,56.72,56.9,53.4,15284200.0,,
"May 10, 2019",58.42,58.9,57.56,58.65,55.04,13641600.0,,
"May 9, 2019",58.35,58.76,57.89,58.56,54.96,12766000.0,,
"May 8, 2019",58.69,59.15,58.51,58.8,55.19,14305400.0,,
"May 7, 2019",59.32,59.44,58.35,58.78,55.17,13157000.0,,
"May 6, 2019",59.01,59.78,58.97,59.69,56.02,7628000.0,,
"May 3, 2019",59.91,60.17,59.73,60.05,56.36,7005800.0,,
"May 2, 2019",59.33,59.59,58.92,59.35,55.7,20816600.0,,
"May 1, 2019",60.13,60.14,59.31,59.31,55.66,9123000.0,,
"Apr 30, 2019",60.06,60.08,59.58,60.03,56.34,8679600.0,,
"Apr 29, 2019",60.36,60.37,60.03,60.13,56.43,7400000.0,,
"Apr 26, 2019",60.09,60.33,59.71,60.33,56.63,8473800.0,,
"Apr 25, 2019",60.13,60.15,59.61,59.86,56.18,5640200.0,,
"Apr 24, 2019",60.13,60.45,60.13,60.17,56.48,4362800.0,,
"Apr 23, 2019",59.6,60.24,59.55,60.12,56.42,8199400.0,,
"Apr 22, 2019",59.42,59.61,59.22,59.41,55.76,5529600.0,,
"Apr 18, 2019",59.78,59.79,59.46,59.63,55.97,6142600.0,,
"Apr 17, 2019",59.71,59.88,59.62,59.65,55.99,5562200.0,,
"Apr 16, 2019",59.46,59.63,59.42,59.54,55.88,6029000.0,,
"Apr 15, 2019",59.19,59.31,58.92,59.28,55.64,4865400.0,,
"Apr 12, 2019",59.0,59.26,58.9,59.16,55.52,9077600.0,,
"Apr 11, 2019",58.78,58.82,58.63,58.79,55.18,4330800.0,,
"Apr 10, 2019",58.58,58.72,58.31,58.72,55.11,6813600.0,,
"Apr 9, 2019",58.77,58.77,58.34,58.44,54.85,8912800.0,,
"Apr 8, 2019",58.65,58.99,58.58,58.97,55.34,6462800.0,,
"Apr 5, 2019",58.56,58.81,58.41,58.76,55.15,5893400.0,,
"Apr 4, 2019",57.99,58.42,57.99,58.42,54.82,6147800.0,,
"Apr 3, 2019",57.88,58.16,57.7,57.94,54.38,8422600.0,,
"Apr 2, 2019",57.54,57.59,57.35,57.54,54.0,7263600.0,,
"Apr 1, 2019",57.38,57.57,57.21,57.55,54.01,9955400.0,,
"Mar 29, 2019",56.92,57.03,56.78,56.92,53.43,9199800.0,,
"Mar 28, 2019",56.49,56.87,56.33,56.63,53.15,13856600.0,,
"Mar 27, 2019",56.45,56.71,55.96,56.29,52.83,8855400.0,,
"Mar 26, 2019",56.49,56.78,56.1,56.4,52.94,10881400.0,,
"Mar 25, 2019",55.72,56.42,55.66,56.17,52.71,14923200.0,,
"Mar 22, 2019",56.61,56.82,55.82,55.83,52.4,17517800.0,,
"Mar 21, 2019",56.12,57.01,56.12,56.97,53.46,11463000.0,,
"Mar 20, 2019",56.08,56.47,55.66,56.19,52.74,19898800.0,,
"Mar 19, 2019",56.03,56.58,55.89,56.12,52.67,14033400.0,,
"Mar 18, 2019",55.33,55.88,55.33,55.83,52.4,10971000.0,,
"Mar 15, 2019",,,,,,,Dividend,0.1875
"Mar 15, 2019",55.22,55.35,54.92,55.3,51.9,10856000.0,,
"Mar 14, 2019",55.22,55.26,55.01,55.13,51.57,9803400.0,,
"Mar 13, 2019",55.26,55.63,55.2,55.3,51.72,9703800.0,,
"Mar 12, 2019",55.03,55.19,54.81,55.1,51.54,17268000.0,,
"Mar 11, 2019",54.39,55.0,54.37,54.95,51.4,9124400.0,,
"Mar 8, 2019",54.24,54.24,53.83,54.21,50.7,11613600.0,,
"Mar 7, 2019",55.13,55.21,54.41,54.58,51.06,14152600.0,,
"Mar 6, 2019",55.57,55.81,55.23,55.26,51.68,7539200.0,,
"Mar 5, 2019",55.57,55.75,55.43,55.51,51.92,10298600.0,,
"Mar 4, 2019",55.79,55.88,54.97,55.38,51.79,11317600.0,,
"Mar 1, 2019",55.56,55.78,55.19,55.55,51.96,9712000.0,,
"Feb 28, 2019",55.21,55.26,54.85,55.1,51.54,8106800.0,,
"Feb 27, 2019",55.38,55.56,55.03,55.4,51.82,6204400.0,,
"Feb 26, 2019",55.15,55.53,55.11,55.44,51.86,14350400.0,,
"Feb 25, 2019",55.88,55.96,55.34,55.37,51.79,7982800.0,,
"Feb 22, 2019",55.39,55.58,55.31,55.56,51.96,14216600.0,,
"Feb 21, 2019",55.24,55.42,55.04,55.26,51.68,5986800.0,,
"Feb 20, 2019",55.29,55.49,54.81,55.37,51.78,13203400.0,,
"Feb 19, 2019",54.86,55.42,54.86,55.26,51.68,9838800.0,,
"Feb 15, 2019",54.99,55.15,54.85,55.03,51.47,7221000.0,,
"Feb 14, 2019",54.42,54.95,54.15,54.65,51.12,8334600.0,,
"Feb 13, 2019",54.71,54.97,54.58,54.85,51.31,6961200.0,,
"Feb 12, 2019",54.01,54.54,53.91,54.49,50.96,7753400.0,,
"Feb 11, 2019",53.74,53.88,53.58,53.66,50.19,6115800.0,,
"Feb 8, 2019",53.44,53.57,53.18,53.56,50.1,6646600.0,,
"Feb 7, 2019",53.84,53.97,53.33,53.78,50.3,9042400.0,,
"Feb 7, 2019",53.84,53.97,53.33,53.78,50.3,9042400.0,,
"Feb 6, 2019",54.47,54.6,54.01,54.22,50.72,5831800.0,,
"Feb 5, 2019",54.11,54.54,54.11,54.45,50.93,8324600.0,,
"Feb 4, 2019",53.52,53.97,53.44,53.94,50.46,7209600.0,,
"Feb 1, 2019",53.92,54.13,53.48,53.6,50.13,11272800.0,,
"Jan 31, 2019",53.98,54.58,53.74,54.39,50.87,11198000.0,,
"Jan 30, 2019",53.28,54.06,53.24,53.9,50.41,11800400.0,,
"Jan 29, 2019",53.06,53.15,52.53,52.86,49.44,5764600.0,,
"Jan 28, 2019",52.99,53.21,52.69,53.21,49.76,11802000.0,,
"Jan 25, 2019",53.47,53.71,53.38,53.51,50.05,8785600.0,,
"Jan 24, 2019",52.74,52.99,52.6,52.93,49.51,7930400.0,,
"Jan 23, 2019",52.83,53.03,52.11,52.71,49.3,12208600.0,,
"Jan 22, 2019",53.17,53.29,52.17,52.6,49.2,18487400.0,,
"Jan 18, 2019",53.2,53.63,53.02,53.4,49.95,11596200.0,,
"Jan 17, 2019",52.06,52.83,51.97,52.67,49.27,8792000.0,,
"Jan 16, 2019",52.46,52.74,52.29,52.32,48.94,8987800.0,,
"Jan 15, 2019",51.98,52.54,51.9,52.44,49.05,7533600.0,,
"Jan 14, 2019",51.88,52.35,51.62,51.97,48.61,5896200.0,,
"Jan 11, 2019",52.07,52.46,51.97,52.29,48.91,6065200.0,,
"Jan 10, 2019",51.74,52.31,51.53,52.24,48.86,9520000.0,,
"Jan 9, 2019",52.25,52.62,51.92,52.39,49.0,10325200.0,,
"Jan 8, 2019",52.09,52.4,51.38,52.13,48.75,18782000.0,,
"Jan 7, 2019",50.65,51.88,50.63,51.56,48.22,12526200.0,,
"Jan 4, 2019",49.46,50.78,49.36,50.42,47.15,14538200.0,,
"Jan 3, 2019",49.5,49.62,48.72,48.8,45.64,12692000.0,,
"Jan 2, 2019",48.66,50.16,48.4,49.88,46.65,13681600.0,,
"Dec 31, 2018",49.39,49.71,49.03,49.51,46.3,12430600.0,,
"Dec 28, 2018",49.2,49.74,48.55,48.98,45.81,16656400.0,,
"Dec 27, 2018",48.06,48.97,47.03,48.97,45.81,21520000.0,,
"Dec 26, 2018",46.38,48.73,46.29,48.72,45.56,23489800.0,,
"Dec 24, 2018",46.45,47.08,45.87,45.99,43.02,16878000.0,,
"Dec 21, 2018",,,,,,,Dividend,0.188
"Dec 21, 2018",48.17,48.89,46.77,46.88,43.85,26736200.0,,
"Dec 20, 2018",48.97,49.19,47.51,48.15,44.87,35375200.0,,
"Dec 19, 2018",50.28,51.17,48.99,49.26,45.89,28061600.0,,
"Dec 18, 2018",50.17,50.76,49.9,50.26,46.82,17377800.0,,
"Dec 17, 2018",50.8,51.03,49.49,49.87,46.46,23857400.0,,
"Dec 14, 2018",51.49,52.06,51.0,51.17,47.67,12277200.0,,
"Dec 13, 2018",52.5,52.64,51.76,52.03,48.48,12216600.0,,
"Dec 12, 2018",52.3,52.92,52.19,52.29,48.72,14373400.0,,
"Dec 11, 2018",52.49,52.63,51.37,51.74,48.21,15930000.0,,
"Dec 10, 2018",51.63,51.99,50.67,51.72,48.19,19796400.0,,
"Dec 7, 2018",53.04,53.58,51.56,51.69,48.15,18691400.0,,
"Dec 6, 2018",52.06,53.28,51.76,53.28,49.64,22323800.0,,
"Dec 4, 2018",54.84,55.03,52.88,53.03,49.4,19417400.0,,
"Dec 3, 2018",55.1,55.3,54.65,55.01,51.25,11989000.0,,
"Nov 30, 2018",53.58,54.05,53.44,53.99,50.31,11343000.0,,
"Nov 29, 2018",53.79,53.94,53.29,53.6,49.94,9949800.0,,
"Nov 28, 2018",52.6,53.87,52.33,53.85,50.18,12683000.0,,
"Nov 27, 2018",51.97,52.37,51.81,52.31,48.74,12052400.0,,
"Nov 26, 2018",51.65,52.24,51.57,52.15,48.59,11708000.0,,
"Nov 23, 2018",50.97,51.33,50.97,51.01,47.52,5456000.0,,
"Nov 21, 2018",51.21,51.67,51.11,51.24,47.74,17474600.0,,
"Nov 20, 2018",50.28,51.9,50.15,50.71,47.25,23986000.0,,
"Nov 19, 2018",53.06,53.22,51.74,51.88,48.34,13359400.0,,
"Nov 16, 2018",52.88,53.33,52.61,53.19,49.55,11461800.0,,
"Nov 15, 2018",53.03,53.53,52.1,53.4,49.75,21697000.0,,
"Nov 14, 2018",54.4,54.74,53.33,53.47,49.82,16583000.0,,
"Nov 13, 2018",53.99,54.41,53.65,53.88,50.2,15826000.0,,
"Nov 12, 2018",54.89,55.06,53.79,53.9,50.22,12046800.0,,
"Nov 9, 2018",55.55,55.63,54.74,55.01,51.25,10515800.0,,
"Nov 8, 2018",55.54,56.08,55.38,55.78,51.97,8754000.0,,
"Nov 7, 2018",54.85,55.79,54.62,55.77,51.96,12817600.0,,
"Nov 6, 2018",53.99,54.42,53.93,54.3,50.59,9558800.0,,
"Nov 5, 2018",54.03,54.16,53.46,54.06,50.37,9395600.0,,
"Nov 2, 2018",54.25,54.65,53.42,53.99,50.3,15825200.0,,
"Nov 1, 2018",52.9,53.83,52.65,53.76,50.09,13811600.0,,
"Oct 31, 2018",52.74,53.24,52.56,52.69,49.09,18208600.0,,
"Oct 30, 2018",51.1,52.08,50.94,52.02,48.47,28886600.0,,
"Oct 29, 2018",52.25,52.76,50.49,51.25,47.75,28612600.0,,
"Oct 26, 2018",52.02,52.5,51.15,51.71,48.17,36563600.0,,
"Oct 25, 2018",52.31,53.65,52.2,53.37,49.72,20865600.0,,
"Oct 24, 2018",53.38,53.69,51.72,51.8,48.26,23591000.0,,
"Oct 23, 2018",52.56,53.6,52.24,53.4,49.75,21024000.0,,
"Oct 22, 2018",53.42,53.66,53.1,53.38,49.74,13837600.0,,
"Oct 19, 2018",53.79,53.99,52.99,53.17,49.54,17171800.0,,
"Oct 18, 2018",54.63,54.69,53.53,53.69,50.03,24972600.0,,
"Oct 17, 2018",55.2,55.2,54.19,54.74,51.0,20077400.0,,
"Oct 16, 2018",54.46,55.31,54.17,55.2,51.43,14863200.0,,
"Oct 15, 2018",54.23,54.57,53.86,54.12,50.42,15614600.0,,
"Oct 12, 2018",54.47,54.61,53.57,54.24,50.53,30356400.0,,
"Oct 11, 2018",53.87,54.62,52.78,53.26,49.62,57205800.0,,
"Oct 10, 2018",56.08,56.08,54.13,54.21,50.51,27433200.0,,
"Oct 9, 2018",56.19,56.83,56.06,56.1,52.27,11788200.0,,
"Oct 8, 2018",55.91,56.49,55.63,56.26,52.42,14513000.0,,
"Oct 5, 2018",56.58,56.79,55.67,56.12,52.29,14858600.0,,
"Oct 4, 2018",57.33,57.4,56.35,56.54,52.68,25919800.0,,
"Oct 3, 2018",57.92,57.97,57.42,57.44,53.52,18323200.0,,
"Oct 2, 2018",58.44,58.45,57.63,57.64,53.7,18354000.0,,
"Oct 1, 2018",58.96,59.06,58.43,58.43,54.44,15697800.0,,
"Sep 28, 2018",58.55,58.87,58.54,58.61,54.61,7007800.0,,
"Sep 27, 2018",58.47,58.81,58.38,58.66,54.65,10619200.0,,
"Sep 26, 2018",58.31,58.89,58.24,58.46,54.47,13460200.0,,
"Sep 25, 2018",58.22,58.37,58.09,58.33,54.34,8213600.0,,
"Sep 24, 2018",58.26,58.26,57.87,58.08,54.11,9682800.0,,
"Sep 21, 2018",,,,,,,Dividend,0.1755
"Sep 21, 2018",59.0,59.04,58.44,58.46,54.47,16075000.0,,
"Sep 20, 2018",58.76,58.99,58.65,58.9,54.71,9669600.0,,
"Sep 19, 2018",58.54,58.63,58.25,58.49,54.34,6347400.0,,
"Sep 18, 2018",57.78,58.53,57.78,58.47,54.31,7336400.0,,
"Sep 18, 2018",57.78,58.53,57.78,58.47,54.31,7336400.0,,
"Sep 17, 2018",58.38,58.38,57.69,57.74,53.63,10358400.0,,
"Sep 14, 2018",58.68,58.79,58.22,58.46,54.3,6206400.0,,
"Sep 13, 2018",58.8,58.87,58.56,58.68,54.51,9428800.0,,
"Sep 12, 2018",58.48,58.62,58.09,58.58,54.42,9145600.0,,
"Sep 11, 2018",57.88,58.51,57.78,58.47,54.31,9776000.0,,
"Sep 10, 2018",58.19,58.22,57.85,58.01,53.88,8109800.0,,
"Sep 7, 2018",57.53,58.15,57.4,57.79,53.68,8921600.0,,
"Sep 6, 2018",58.11,58.29,57.54,57.79,53.69,11185000.0,,
"Sep 5, 2018",58.54,58.55,57.92,57.96,53.83,14229800.0,,
"Sep 4, 2018",58.42,58.72,58.18,58.58,54.42,8907000.0,,
"Aug 31, 2018",58.21,58.59,58.21,58.47,54.32,8208600.0,,
"Aug 30, 2018",58.49,58.58,58.04,58.24,54.1,8843600.0,,
"Aug 29, 2018",58.08,58.62,57.97,58.58,54.42,16623600.0,,
"Aug 28, 2018",57.97,58.01,57.72,57.93,53.81,7619400.0,,
"Aug 27, 2018",57.73,57.9,57.67,57.81,53.7,6032000.0,,
"Aug 24, 2018",57.22,57.51,57.13,57.44,53.36,10518600.0,,
"Aug 23, 2018",57.21,57.42,57.01,57.11,53.05,7989000.0,,
"Aug 22, 2018",57.11,57.44,57.1,57.17,53.1,5514800.0,,
"Aug 21, 2018",56.82,57.29,56.79,57.1,53.05,8342600.0,,
"Aug 20, 2018",56.44,56.69,56.29,56.65,52.63,13138600.0,,
"Aug 17, 2018",56.15,56.35,55.88,56.26,52.26,6022400.0,,
"Aug 16, 2018",56.31,56.48,56.15,56.21,52.21,7680200.0,,
"Aug 15, 2018",56.33,56.33,55.6,55.93,51.95,12503600.0,,
"Aug 14, 2018",56.4,56.7,56.22,56.62,52.59,8380600.0,,
"Aug 13, 2018",56.52,56.57,56.06,56.08,52.09,11969400.0,,
"Aug 10, 2018",56.52,56.63,56.22,56.36,52.35,9892400.0,,
"Aug 9, 2018",56.6,57.03,56.5,56.83,52.79,11075000.0,,
"Aug 8, 2018",56.54,56.72,56.43,56.63,52.6,5458000.0,,
"Aug 7, 2018",55.97,56.65,55.97,56.56,52.54,6441000.0,,
"Aug 6, 2018",55.97,56.37,55.81,56.31,52.3,7250600.0,,
"Aug 3, 2018",55.85,56.01,55.74,55.93,51.95,6571800.0,,
"Aug 2, 2018",55.1,55.78,55.01,55.74,51.78,8723000.0,,
"Aug 1, 2018",55.69,55.74,55.12,55.36,51.42,10437200.0,,
"Jul 31, 2018",55.53,55.87,55.24,55.63,51.68,12309400.0,,
"Jul 30, 2018",55.83,55.92,55.22,55.38,51.44,13132400.0,,
"Jul 27, 2018",56.71,56.78,55.57,55.82,51.85,13097600.0,,
"Jul 26, 2018",56.2,56.4,55.85,55.97,51.99,11604000.0,,
"Jul 25, 2018",55.69,56.28,55.53,56.26,52.26,12540000.0,,
"Jul 24, 2018",56.35,56.44,55.72,55.85,51.88,9651200.0,,
"Jul 23, 2018",56.06,56.13,55.71,56.01,52.03,6738400.0,,
"Jul 20, 2018",56.33,56.42,56.06,56.08,52.09,6661000.0,,
"Jul 19, 2018",56.33,56.65,56.28,56.33,52.32,7219400.0,,
"Jul 18, 2018",56.46,56.65,56.28,56.46,52.44,12812200.0,,
"Jul 17, 2018",55.85,56.62,55.74,56.49,52.47,8143800.0,,
"Jul 16, 2018",56.44,56.53,56.22,56.44,52.42,6192600.0,,
"Jul 13, 2018",56.21,56.38,56.12,56.29,52.29,11044000.0,,
"Jul 12, 2018",56.01,56.22,55.76,56.17,52.18,5828400.0,,
"Jul 11, 2018",55.58,55.92,55.53,55.8,51.83,8864400.0,,
"Jul 10, 2018",55.92,55.99,55.67,55.93,51.95,6359200.0,,
"Jul 9, 2018",55.49,55.82,55.38,55.81,51.84,7461400.0,,
"Jul 6, 2018",54.74,55.23,54.61,55.15,51.23,10370000.0,,
"Jul 5, 2018",54.76,54.81,54.28,54.72,50.83,7576600.0,,
"Jul 3, 2018",54.98,54.98,54.36,54.45,50.58,5818600.0,,
"Jul 2, 2018",54.26,54.74,54.11,54.72,50.83,13797400.0,,
"Jun 29, 2018",54.95,55.17,54.64,54.65,50.76,11481400.0,,
"Jun 28, 2018",54.19,54.68,53.9,54.56,50.68,11947800.0,,
"Jun 27, 2018",55.06,55.26,54.12,54.13,50.28,13700800.0,,
"Jun 26, 2018",54.65,55.01,54.5,54.84,50.94,9260000.0,,
"Jun 25, 2018",55.43,55.43,54.13,54.45,50.58,24133600.0,,
"Jun 22, 2018",56.0,56.08,55.62,55.66,51.7,11135800.0,,
"Jun 21, 2018",56.24,56.31,55.66,55.76,51.79,13700800.0,,
"Jun 20, 2018",56.18,56.3,55.96,56.15,52.16,7886000.0,,
"Jun 19, 2018",55.47,55.9,55.37,55.89,51.92,12339200.0,,
"Jun 18, 2018",55.69,56.08,55.58,55.96,51.98,8047400.0,,
"Jun 15, 2018",,,,,,,Dividend,0.147
"Jun 15, 2018",55.71,56.1,55.67,56.06,52.07,18213400.0,,
"Jun 14, 2018",55.71,56.12,55.69,56.11,51.98,8383200.0,,
"Jun 13, 2018",55.49,55.82,55.43,55.53,51.45,10105000.0,,
"Jun 12, 2018",55.28,55.54,55.24,55.44,51.37,6976400.0,,
"Jun 11, 2018",54.97,55.3,54.97,55.18,51.12,6369200.0,,
"Jun 8, 2018",54.65,55.14,54.6,54.96,50.92,7687000.0,,
"Jun 7, 2018",54.82,55.04,54.67,54.85,50.81,10699800.0,,
"Jun 6, 2018",54.33,54.72,54.08,54.69,50.66,10920800.0,,
"Jun 5, 2018",53.9,54.23,53.79,54.18,50.2,9162000.0,,
"Jun 4, 2018",53.43,53.88,53.4,53.87,49.9,9414800.0,,
"Jun 1, 2018",53.11,53.33,53.06,53.27,49.35,10437400.0,,
"May 31, 2018",53.15,53.17,52.7,52.88,48.99,12867000.0,,
"May 30, 2018",52.9,53.2,52.78,53.13,49.23,9843200.0,,
"May 29, 2018",52.81,53.03,52.45,52.65,48.78,11808200.0,,
"May 25, 2018",52.96,53.27,52.9,53.06,49.16,7681800.0,,
"May 24, 2018",52.81,53.08,52.56,52.99,49.09,10967000.0,,
"May 23, 2018",52.3,52.88,52.24,52.87,48.98,9254400.0,,
"May 22, 2018",52.92,53.03,52.46,52.49,48.63,5990200.0,,
"May 21, 2018",52.69,52.86,52.55,52.72,48.85,17494600.0,,
"May 18, 2018",52.42,52.58,52.32,52.44,48.58,8217800.0,,
"May 17, 2018",52.56,52.88,52.37,52.5,48.64,12729000.0,,
"May 16, 2018",52.31,52.78,52.31,52.67,48.8,6478400.0,,
"May 15, 2018",52.26,52.33,51.99,52.24,48.4,9116000.0,,
"May 14, 2018",52.53,52.72,52.47,52.54,48.68,6649800.0,,
"May 11, 2018",52.34,52.51,52.27,52.44,48.59,8848200.0,,
"May 10, 2018",52.13,52.38,52.06,52.33,48.49,5861600.0,,
"May 9, 2018",52.04,52.18,51.72,52.15,48.31,8049600.0,,
"May 8, 2018",52.05,52.17,51.69,51.97,48.14,12194800.0,,
"May 7, 2018",52.28,52.33,51.99,52.19,48.35,6900000.0,,
"May 4, 2018",51.1,52.13,51.03,52.01,48.19,7979200.0,,
"May 3, 2018",51.35,51.47,50.68,51.33,47.56,14015400.0,,
"May 2, 2018",51.78,52.04,51.51,51.56,47.77,9553400.0,,
"May 1, 2018",51.68,51.94,51.28,51.92,48.1,11210800.0,,
"Apr 30, 2018",52.29,52.56,51.85,51.85,48.04,10006200.0,,
"Apr 30, 2018",52.29,52.56,51.85,51.85,48.04,10006200.0,,
"Apr 27, 2018",52.51,52.63,51.93,52.06,48.23,8851200.0,,
"Apr 26, 2018",51.3,51.92,51.19,51.82,48.01,12969400.0,,
"Apr 25, 2018",50.69,51.12,50.26,50.99,47.25,18794600.0,,
"Apr 24, 2018",51.89,51.99,50.51,50.78,47.05,13404000.0,,
"Apr 23, 2018",51.58,51.94,51.29,51.6,47.81,14082000.0,,
"Apr 20, 2018",52.06,52.13,51.28,51.49,47.7,12510200.0,,
"Apr 19, 2018",52.19,52.31,51.77,52.02,48.19,16129000.0,,
"Apr 18, 2018",52.12,52.44,52.08,52.19,48.35,6596600.0,,
"Apr 17, 2018",51.49,52.04,51.49,51.94,48.12,8151000.0,,
"Apr 16, 2018",50.92,51.19,50.69,50.99,47.24,8481000.0,,
"Apr 13, 2018",51.17,51.26,50.42,50.61,46.89,8868400.0,,
"Apr 12, 2018",50.99,51.19,50.72,50.9,47.15,6114800.0,,
"Apr 11, 2018",50.62,51.13,50.5,50.67,46.95,9580200.0,,
"Apr 10, 2018",50.87,50.97,50.38,50.83,47.09,12824400.0,,
"Apr 9, 2018",50.69,50.99,50.17,50.22,46.53,8520200.0,,
"Apr 6, 2018",50.94,51.4,50.01,50.34,46.64,17529800.0,,
"Apr 5, 2018",51.19,51.6,50.9,51.44,47.65,8463000.0,,
"Apr 4, 2018",49.08,50.85,49.03,50.76,47.02,14885600.0,,
"Apr 3, 2018",49.51,50.11,49.13,49.84,46.18,14615800.0,,
"Apr 2, 2018",50.34,50.41,48.74,49.22,45.6,23776600.0,,
"Mar 29, 2018",50.0,50.9,49.64,50.65,46.92,15285000.0,,
"Mar 28, 2018",50.27,50.6,49.59,49.94,46.27,25948800.0,,
"Mar 27, 2018",51.78,51.89,50.24,50.56,46.84,12512600.0,,
"Mar 26, 2018",50.9,51.62,50.4,51.57,47.78,14560600.0,,
"Mar 23, 2018",51.24,51.38,50.08,50.09,46.41,17889200.0,,
"Mar 22, 2018",51.8,51.93,51.07,51.1,47.34,13813600.0,,
"Mar 21, 2018",52.31,52.6,52.04,52.21,48.37,10539400.0,,
"Mar 20, 2018",52.03,52.32,52.01,52.24,48.4,7413400.0,,
"Mar 19, 2018",52.4,52.42,51.56,51.94,48.12,11454800.0,,
"Mar 16, 2018",,,,,,,Dividend,0.155
"Mar 16, 2018",52.66,52.94,52.58,52.59,48.72,6693600.0,,
"Mar 15, 2018",52.96,53.08,52.71,52.8,48.77,7679600.0,,
"Mar 14, 2018",53.19,53.26,52.72,52.85,48.82,10245400.0,,
"Mar 13, 2018",53.59,53.7,52.83,52.92,48.88,11325800.0,,
"Mar 12, 2018",53.29,53.51,53.17,53.29,49.23,8513200.0,,
"Mar 9, 2018",52.67,53.13,52.52,53.12,49.07,7249400.0,,
"Mar 8, 2018",52.35,52.4,52.15,52.31,48.32,8073000.0,,
"Mar 7, 2018",51.98,52.27,51.72,52.15,48.17,10527400.0,,
"Mar 6, 2018",52.38,52.53,52.03,52.5,48.5,15151800.0,,
"Mar 5, 2018",51.33,52.25,51.21,52.14,48.16,9988000.0,,
"Mar 2, 2018",50.9,51.62,50.65,51.53,47.6,14530800.0,,
"Mar 1, 2018",52.09,52.34,50.96,51.47,47.55,19060600.0,,
"Feb 28, 2018",52.55,52.77,52.03,52.03,48.07,12098800.0,,
"Feb 27, 2018",53.45,53.45,52.26,52.27,48.28,12569200.0,,
"Feb 26, 2018",53.15,53.4,53.03,53.4,49.33,7796800.0,,
"Feb 23, 2018",52.53,52.96,52.28,52.96,48.92,5986000.0,,
"Feb 22, 2018",52.42,52.63,52.07,52.22,48.24,8887600.0,,
"Feb 21, 2018",52.47,53.01,52.16,52.16,48.18,9906200.0,,
"Feb 20, 2018",52.26,52.8,52.03,52.24,48.25,11751400.0,,
"Feb 16, 2018",52.49,52.81,52.28,52.4,48.4,9497200.0,,
"Feb 15, 2018",52.5,52.65,51.94,52.65,48.64,11181600.0,,
"Feb 14, 2018",51.12,52.28,51.08,52.19,48.21,13462600.0,,
"Feb 13, 2018",50.9,51.49,50.81,51.37,47.45,10301600.0,,
"Feb 12, 2018",50.9,51.38,50.38,51.1,47.2,25119000.0,,
"Feb 9, 2018",50.57,50.83,48.55,50.42,46.57,42795200.0,,
"Feb 8, 2018",52.23,52.37,50.04,50.08,46.26,31484000.0,,
"Feb 7, 2018",52.36,53.1,52.15,52.16,48.18,26274000.0,,
"Feb 6, 2018",50.0,52.42,49.87,52.32,48.33,44665000.0,,
"Feb 5, 2018",52.35,53.12,50.55,51.01,47.13,46093000.0,,
"Feb 2, 2018",53.53,53.99,52.68,52.79,48.77,21381400.0,,
"Feb 1, 2018",53.57,53.99,53.26,53.31,49.24,18706800.0,,
"Jan 31, 2018",54.33,54.52,53.79,53.9,49.79,18902200.0,,
"Jan 30, 2018",53.94,54.29,53.77,54.08,49.96,10568200.0,,
"Jan 29, 2018",54.44,54.67,54.23,54.35,50.21,12710400.0,,
"Jan 26, 2018",54.09,54.5,53.96,54.5,50.34,7832600.0,,
"Jan 25, 2018",54.29,54.33,53.74,53.97,49.85,10141600.0,,
"Jan 24, 2018",54.08,54.38,53.58,54.06,49.94,12927600.0,,
"Jan 23, 2018",53.67,53.9,53.56,53.83,49.73,8309800.0,,
"Jan 22, 2018",52.79,53.38,52.75,53.38,49.31,15504600.0,,
"Jan 19, 2018",52.6,52.81,52.44,52.8,48.77,7520800.0,,
"Jan 18, 2018",52.37,52.46,52.21,52.35,48.35,6584600.0,,
"Jan 17, 2018",52.38,52.49,52.06,52.39,48.4,13312200.0,,
"Jan 16, 2018",52.78,53.01,52.01,52.14,48.16,18503200.0,,
"Jan 12, 2018",51.94,52.53,51.88,52.51,48.51,8075600.0,,
"Jan 11, 2018",51.14,51.85,51.09,51.85,47.89,7245400.0,,
"Jan 10, 2018",50.87,51.08,50.74,51.01,47.13,5677800.0,,
"Jan 9, 2018",51.1,51.17,50.88,51.05,47.16,6321800.0,,
"Jan 8, 2018",50.92,51.03,50.85,50.95,47.07,5340000.0,,
"Jan 5, 2018",50.72,50.92,50.6,50.89,47.01,8588800.0,,
"Jan 4, 2018",50.52,50.56,50.23,50.49,46.64,6914800.0,,
"Jan 3, 2018",50.15,50.37,50.13,50.33,46.49,10638000.0,,
"Jan 2, 2018",49.56,50.1,49.56,50.1,46.28,9791200.0,,
"Dec 29, 2017",49.65,49.72,49.31,49.35,45.58,5261200.0,,
"Dec 28, 2017",49.67,49.67,49.53,49.63,45.85,8391600.0,,
"Dec 27, 2017",49.69,49.69,49.46,49.5,45.73,3733800.0,,
"Dec 26, 2017",49.43,49.65,49.43,49.6,45.82,2996000.0,,
"Dec 22, 2017",49.52,49.52,49.4,49.49,45.72,6443800.0,,
"Dec 21, 2017",49.33,49.69,49.29,49.58,45.8,4719800.0,,
"Dec 20, 2017",49.53,49.56,49.24,49.26,45.51,4929000.0,,
"Dec 19, 2017",49.48,49.54,49.28,49.36,45.6,11969400.0,,
"Dec 18, 2017",49.29,49.51,49.24,49.42,45.66,12016600.0,,
"Dec 15, 2017",,,,,,,Dividend,0.166
"Dec 15, 2017",49.0,49.12,48.87,48.99,45.25,13464200.0,,
"Dec 14, 2017",48.85,49.08,48.81,48.94,45.05,8494600.0,,
"Dec 13, 2017",48.85,48.9,48.72,48.79,44.92,6905800.0,,
"Dec 12, 2017",48.87,48.9,48.74,48.75,44.88,5518000.0,,
"Dec 11, 2017",48.67,48.74,48.56,48.73,44.86,6692800.0,,
"Dec 8, 2017",48.53,48.72,48.41,48.63,44.76,11586800.0,,
"Dec 7, 2017",48.4,48.49,48.17,48.4,44.55,7902800.0,,
"Dec 7, 2017",48.4,48.49,48.17,48.4,44.55,7902800.0,,
"Dec 6, 2017",48.52,48.62,48.24,48.27,44.44,11436000.0,,
"Dec 5, 2017",48.85,48.97,48.57,48.58,44.73,14968400.0,,
"Dec 4, 2017",48.79,49.19,48.78,48.87,44.99,13545800.0,,
"Dec 1, 2017",48.28,48.46,47.63,48.31,44.47,23560200.0,,
"Nov 30, 2017",48.16,48.53,48.04,48.33,44.49,14963400.0,,
"Nov 29, 2017",47.92,48.21,47.84,48.08,44.26,12693400.0,,
"Nov 28, 2017",47.42,47.88,47.37,47.88,44.07,11609400.0,,
"Nov 27, 2017",47.44,47.54,47.26,47.35,43.59,7848200.0,,
"Nov 24, 2017",47.31,47.33,47.24,47.31,43.56,3472400.0,,
"Nov 22, 2017",47.17,47.29,47.14,47.19,43.45,6394600.0,,
"Nov 21, 2017",46.98,47.18,46.92,47.15,43.41,10030000.0,,
"Nov 20, 2017",46.85,46.96,46.76,46.86,43.14,4895200.0,,
"Nov 17, 2017",46.67,46.85,46.63,46.77,43.06,9372800.0,,
"Nov 16, 2017",46.26,46.6,46.22,46.56,42.87,8186600.0,,
"Nov 15, 2017",46.15,46.33,45.92,46.18,42.51,6730600.0,,
"Nov 14, 2017",46.19,46.39,46.06,46.38,42.7,8378200.0,,
"Nov 13, 2017",46.04,46.44,45.95,46.34,42.66,11429400.0,,
"Nov 10, 2017",46.01,46.24,45.97,46.19,42.52,5021200.0,,
"Nov 9, 2017",45.7,46.1,45.59,46.03,42.38,6882600.0,,
"Nov 8, 2017",45.84,45.99,45.79,45.96,42.31,5451600.0,,
"Nov 7, 2017",46.13,46.28,45.85,45.91,42.27,4865600.0,,
"Nov 6, 2017",45.76,46.21,45.76,46.19,42.52,7695800.0,,
"Nov 3, 2017",45.64,45.87,45.53,45.85,42.21,7388000.0,,
"Nov 2, 2017",45.88,45.94,45.5,45.67,42.04,9183600.0,,
"Nov 1, 2017",46.15,46.29,45.99,46.01,42.36,8834400.0,,
"Oct 31, 2017",46.04,46.09,45.96,45.99,42.34,6375200.0,,
"Oct 30, 2017",45.81,46.1,45.81,45.99,42.34,8670800.0,,
"Oct 27, 2017",45.81,46.22,45.59,46.2,42.53,11891200.0,,
"Oct 26, 2017",45.31,45.63,45.26,45.47,41.86,7133000.0,,
"Oct 25, 2017",45.39,45.46,45.06,45.31,41.71,9367200.0,,
"Oct 24, 2017",45.42,45.56,45.42,45.48,41.87,7404000.0,,
"Oct 23, 2017",45.73,45.77,45.33,45.37,41.77,5821200.0,,
"Oct 20, 2017",45.75,45.79,45.63,45.68,42.05,9602800.0,,
"Oct 19, 2017",45.38,45.58,45.27,45.57,41.95,9002000.0,,
"Oct 18, 2017",45.74,45.76,45.56,45.57,41.95,9051200.0,,
"Oct 17, 2017",45.66,45.77,45.58,45.69,42.07,5546400.0,,
"Oct 16, 2017",45.63,45.69,45.53,45.67,42.04,8655600.0,,
"Oct 13, 2017",45.47,45.65,45.42,45.61,41.99,5460200.0,,
"Oct 12, 2017",45.53,45.53,45.29,45.39,41.79,9168000.0,,
"Oct 11, 2017",45.69,45.74,45.58,45.69,42.07,7685600.0,,
"Oct 10, 2017",45.74,45.88,45.56,45.67,42.04,5513400.0,,
"Oct 9, 2017",45.94,45.94,45.67,45.72,42.09,8540200.0,,
"Oct 6, 2017",45.73,45.92,45.73,45.86,42.22,6266400.0,,
"Oct 5, 2017",45.62,45.82,45.56,45.81,42.17,14441000.0,,
"Oct 4, 2017",45.35,45.58,45.3,45.55,41.93,9863400.0,,
"Oct 3, 2017",45.2,45.33,45.17,45.31,41.72,9831200.0,,
"Oct 2, 2017",45.1,45.22,45.03,45.13,41.54,5859400.0,,
"Sep 29, 2017",44.88,45.09,44.85,45.04,41.46,6944000.0,,
"Sep 28, 2017",44.86,44.91,44.79,44.87,41.31,7199600.0,,
"Sep 27, 2017",44.79,45.01,44.6,44.92,41.36,10458200.0,,
"Sep 26, 2017",44.81,44.9,44.58,44.68,41.13,6145800.0,,
"Sep 25, 2017",44.76,44.85,44.53,44.67,41.13,14335200.0,,
"Sep 22, 2017",44.58,44.79,44.57,44.77,41.22,6232600.0,,
"Sep 21, 2017",44.76,44.81,44.62,44.69,41.15,8415200.0,,
"Sep 20, 2017",44.69,44.81,44.53,44.77,41.22,7419800.0,,
"Sep 19, 2017",44.67,44.74,44.46,44.62,41.08,12801000.0,,
"Sep 18, 2017",44.96,44.99,44.56,44.66,41.11,13139200.0,,
"Sep 15, 2017",,,,,,,Dividend,0.159
"Sep 15, 2017",44.85,44.99,44.79,44.81,41.26,7822200.0,,
"Sep 14, 2017",45.24,45.35,45.08,45.1,41.37,7033800.0,,
"Sep 13, 2017",44.99,45.35,44.99,45.35,41.6,6583200.0,,
"Sep 12, 2017",44.93,45.08,44.87,45.02,41.3,5440200.0,,
"Sep 11, 2017",44.74,44.87,44.71,44.82,41.12,6703200.0,,
"Sep 8, 2017",44.65,44.69,44.51,44.58,40.9,5180000.0,,
"Sep 7, 2017",45.22,45.28,44.63,44.74,41.04,10708000.0,,
"Sep 6, 2017",44.92,45.19,44.83,45.13,41.4,6009400.0,,
"Sep 5, 2017",44.91,45.1,44.59,44.85,41.14,9911000.0,,
"Sep 1, 2017",44.94,45.12,44.92,45.03,41.31,4863800.0,,
"Aug 31, 2017",44.74,44.87,44.68,44.83,41.13,7988200.0,,
"Aug 30, 2017",44.33,44.67,44.28,44.62,40.93,4512800.0,,
"Aug 29, 2017",44.06,44.35,43.99,44.3,40.64,5511200.0,,
"Aug 28, 2017",44.46,44.49,44.28,44.34,40.68,4368400.0,,
"Aug 25, 2017",44.33,44.51,44.24,44.31,40.65,6489200.0,,
"Aug 24, 2017",44.52,44.63,44.13,44.21,40.55,5531800.0,,
"Aug 23, 2017",44.38,44.46,44.22,44.3,40.64,9681600.0,,
"Aug 22, 2017",44.33,44.73,44.31,44.68,40.99,8771200.0,,
"Aug 21, 2017",44.11,44.26,43.94,44.21,40.55,21101400.0,,
"Aug 18, 2017",44.25,44.37,44.08,44.13,40.48,13575600.0,,
"Aug 17, 2017",44.95,45.0,44.35,44.35,40.68,9791400.0,,
"Aug 16, 2017",45.0,45.15,44.88,45.06,41.34,4905400.0,,
"Aug 15, 2017",45.23,45.27,44.83,44.83,41.13,6191400.0,,
"Aug 14, 2017",45.18,45.4,45.17,45.25,41.51,7508200.0,,
"Aug 11, 2017",44.59,45.03,44.59,44.93,41.22,9839200.0,,
"Aug 10, 2017",45.19,45.26,44.69,44.7,41.01,9809800.0,,
"Aug 9, 2017",45.1,45.41,45.02,45.38,41.63,9796200.0,,
"Aug 8, 2017",45.62,45.88,45.51,45.65,41.87,6050200.0,,
"Aug 7, 2017",45.6,45.69,45.53,45.62,41.85,6939400.0,,
"Aug 4, 2017",45.61,45.61,45.33,45.51,41.75,4898800.0,,
"Aug 3, 2017",45.59,45.75,45.49,45.51,41.75,7191400.0,,
"Aug 2, 2017",45.74,45.76,45.37,45.63,41.86,5776000.0,,
"Aug 1, 2017",45.81,45.85,45.62,45.76,41.98,8750800.0,,
"Jul 31, 2017",45.86,45.92,45.53,45.68,41.91,6261200.0,,
"Jul 28, 2017",45.6,45.75,45.52,45.69,41.92,7833400.0,,
"Jul 27, 2017",45.9,46.28,45.66,46.04,42.24,13275200.0,,
"Jul 26, 2017",45.81,45.81,45.66,45.71,41.93,5728800.0,,
"Jul 25, 2017",45.58,45.85,45.51,45.73,41.95,10096800.0,,
"Jul 24, 2017",45.58,45.58,45.36,45.41,41.66,4081800.0,,
"Jul 21, 2017",45.32,45.56,45.32,45.56,41.8,6633800.0,,
"Jul 20, 2017",45.67,45.71,45.38,45.53,41.77,9199000.0,,
"Jul 20, 2017",45.67,45.71,45.38,45.53,41.77,9199000.0,,
"Jul 19, 2017",45.49,45.68,45.46,45.63,41.86,5311600.0,,
"Jul 18, 2017",45.17,45.42,45.13,45.41,41.66,6980000.0,,
"Jul 17, 2017",45.1,45.28,45.1,45.21,41.47,6354400.0,,
"Jul 14, 2017",45.09,45.15,44.9,45.1,41.37,8280000.0,,
"Jul 13, 2017",45.08,45.13,44.92,44.95,41.24,6623400.0,,
"Jul 12, 2017",44.85,45.01,44.83,44.94,41.23,6067800.0,,
"Jul 11, 2017",44.65,44.67,44.36,44.6,40.92,6424600.0,,
"Jul 10, 2017",44.63,44.76,44.51,44.69,41.0,5400200.0,,
"Jul 7, 2017",44.3,44.63,44.3,44.6,40.91,5159400.0,,
"Jul 6, 2017",44.38,44.52,44.17,44.21,40.55,7244800.0,,
"Jul 5, 2017",44.76,44.78,44.45,44.66,40.97,7970200.0,,
"Jul 3, 2017",44.94,45.16,44.75,44.77,41.07,5614600.0,,
"Jun 30, 2017",44.8,45.01,44.72,44.81,41.11,9313600.0,,
"Jun 29, 2017",44.93,44.97,44.23,44.58,40.9,9803400.0,,
"Jun 28, 2017",44.69,45.06,44.67,45.01,41.3,10061600.0,,
"Jun 27, 2017",44.83,44.99,44.56,44.56,40.88,8029800.0,,
"Jun 26, 2017",44.98,45.06,44.78,44.92,41.21,9417400.0,,
"Jun 23, 2017",44.81,44.81,44.62,44.76,41.06,7845200.0,,
"Jun 22, 2017",44.92,44.99,44.81,44.81,41.11,7317800.0,,
"Jun 21, 2017",44.97,44.99,44.76,44.92,41.21,6252400.0,,
"Jun 20, 2017",45.34,45.35,44.84,44.85,41.14,6705000.0,,
"Jun 19, 2017",45.26,45.49,45.15,45.42,41.67,6839600.0,,
"Jun 16, 2017",,,,,,,Dividend,0.1375
"Jun 16, 2017",45.25,45.25,44.82,45.08,41.35,15423200.0,,
"Jun 15, 2017",45.08,45.26,44.86,45.22,41.36,7170200.0,,
"Jun 14, 2017",45.6,45.67,45.18,45.42,41.54,9618800.0,,
"Jun 13, 2017",45.26,45.51,45.25,45.44,41.56,8329600.0,,
"Jun 12, 2017",45.04,45.28,44.97,45.16,41.3,12873200.0,,
"Jun 9, 2017",45.43,45.49,44.78,45.19,41.33,21978000.0,,
"Jun 8, 2017",45.69,45.74,45.33,45.38,41.51,10397600.0,,
"Jun 7, 2017",45.67,45.76,45.58,45.68,41.78,9343000.0,,
"Jun 6, 2017",45.83,45.93,45.56,45.6,41.7,7127400.0,,
"Jun 5, 2017",46.17,46.21,45.91,45.99,42.07,10998600.0,,
"Jun 2, 2017",45.98,46.17,45.92,46.12,42.18,6268800.0,,
"Jun 1, 2017",45.64,45.96,45.51,45.96,42.03,10295000.0,,
"May 31, 2017",45.49,45.54,45.17,45.53,41.64,10207200.0,,
"May 30, 2017",45.37,45.51,45.37,45.4,41.53,5277800.0,,
"May 26, 2017",45.29,45.4,45.24,45.37,41.49,4648000.0,,
"May 25, 2017",44.99,45.38,44.99,45.24,41.37,6603800.0,,
"May 24, 2017",44.67,44.85,44.51,44.84,41.01,7648000.0,,
"May 23, 2017",44.88,44.98,44.61,44.68,40.86,4178000.0,,
"May 22, 2017",44.71,44.9,44.69,44.85,41.02,5893400.0,,
"May 19, 2017",44.4,44.77,44.35,44.63,40.81,7390000.0,,
"May 18, 2017",44.07,44.53,44.07,44.33,40.54,13043600.0,,
"May 17, 2017",44.52,44.63,44.06,44.07,40.31,16578800.0,,
"May 16, 2017",44.97,45.01,44.76,44.79,40.97,8396600.0,,
"May 15, 2017",44.95,45.14,44.9,44.95,41.11,7904400.0,,
"May 12, 2017",45.05,45.05,44.88,44.94,41.1,6461600.0,,
"May 11, 2017",45.19,45.19,44.73,45.01,41.16,8703200.0,,
"May 10, 2017",45.24,45.29,45.11,45.28,41.41,7037000.0,,
"May 9, 2017",45.27,45.47,45.19,45.43,41.55,20515600.0,,
"May 8, 2017",45.24,45.26,45.01,45.17,41.31,5012400.0,,
"May 5, 2017",44.99,45.08,44.76,45.08,41.23,6438600.0,,
"May 4, 2017",44.91,44.91,44.63,44.81,40.98,10679200.0,,
"May 3, 2017",45.1,45.22,44.74,44.88,41.04,5633400.0,,
"May 2, 2017",45.12,45.14,44.88,45.14,41.28,7921200.0,,
"May 1, 2017",45.13,45.26,45.03,45.09,41.24,11827800.0,,
"Apr 28, 2017",45.31,45.39,44.97,45.03,41.18,10119600.0,,
"Apr 27, 2017",45.2,45.28,45.08,45.21,41.35,7328000.0,,
"Apr 26, 2017",44.88,45.16,44.81,44.97,41.13,8164400.0,,
"Apr 25, 2017",44.56,44.83,44.56,44.76,40.94,10809200.0,,
"Apr 24, 2017",44.59,44.6,44.36,44.41,40.62,8486000.0,,
"Apr 21, 2017",44.17,44.21,44.01,44.13,40.36,7704800.0,,
"Apr 20, 2017",43.95,44.31,43.94,44.22,40.45,8772400.0,,
"Apr 19, 2017",43.87,44.04,43.73,43.76,40.03,7473000.0,,
"Apr 18, 2017",43.62,43.79,43.51,43.72,39.99,5108400.0,,
"Apr 17, 2017",43.38,43.72,43.38,43.72,39.99,6955200.0,,
"Apr 13, 2017",43.51,43.67,43.28,43.28,39.58,9377600.0,,
"Apr 12, 2017",43.72,43.78,43.54,43.58,39.86,4923200.0,,
"Apr 11, 2017",43.78,43.85,43.44,43.76,40.02,10938200.0,,
"Apr 10, 2017",43.65,43.94,43.63,43.79,40.05,4796200.0,,
"Apr 7, 2017",43.65,43.78,43.57,43.63,39.9,7816600.0,,
"Apr 6, 2017",43.65,43.9,43.63,43.76,40.02,5827800.0,,
"Apr 5, 2017",43.9,44.13,43.56,43.63,39.9,8701800.0,,
"Apr 4, 2017",43.67,43.79,43.63,43.73,39.99,8648800.0,,
"Apr 3, 2017",43.98,44.01,43.55,43.8,40.06,12312000.0,,
"Mar 31, 2017",43.9,44.08,43.88,43.97,40.22,4758600.0,,
"Mar 30, 2017",43.78,43.97,43.74,43.97,40.21,9365200.0,,
"Mar 29, 2017",43.6,43.88,43.55,43.85,40.11,9123400.0,,
"Mar 28, 2017",43.26,43.69,43.19,43.6,39.87,8310000.0,,
"Mar 27, 2017",43.02,43.34,42.85,43.26,39.57,9808200.0,,
"Mar 24, 2017",43.22,43.42,43.1,43.28,39.58,6622200.0,,
"Mar 23, 2017",43.15,43.4,43.05,43.17,39.49,7274000.0,,
"Mar 22, 2017",42.99,43.13,42.83,43.08,39.4,12202200.0,,
"Mar 21, 2017",43.68,43.74,42.99,43.03,39.35,9291400.0,,
"Mar 20, 2017",43.72,43.72,43.49,43.58,39.85,5278000.0,,
"Mar 17, 2017",,,,,,,Dividend,0.1305
"Mar 17, 2017",43.67,43.76,43.55,43.68,39.95,9428600.0,,
"Mar 16, 2017",43.79,43.88,43.71,43.76,39.9,12529400.0,,
"Mar 15, 2017",43.62,43.85,43.47,43.76,39.9,7473800.0,,
"Mar 14, 2017",43.49,43.6,43.38,43.53,39.69,7785600.0,,
"Mar 13, 2017",43.45,43.56,43.4,43.54,39.7,4982200.0,,
"Mar 10, 2017",43.55,43.59,43.33,43.42,39.6,7013200.0,,
"Mar 9, 2017",43.36,43.49,43.24,43.36,39.54,5493800.0,,
"Mar 8, 2017",43.28,43.48,43.27,43.4,39.57,5219000.0,,
"Mar 7, 2017",43.36,43.37,43.17,43.22,39.41,6147800.0,,
"Mar 6, 2017",43.36,43.4,43.19,43.36,39.54,5205400.0,,
"Mar 3, 2017",43.52,43.61,43.34,43.5,39.67,6563000.0,,
"Mar 2, 2017",43.65,43.72,43.53,43.56,39.72,7870800.0,,
"Mar 2, 2017",43.65,43.72,43.53,43.56,39.72,7870800.0,,
"Mar 1, 2017",43.65,43.79,43.51,43.67,39.82,17269600.0,,
"Feb 28, 2017",43.4,43.4,43.15,43.19,39.38,8179000.0,,
"Feb 27, 2017",43.47,43.54,43.33,43.51,39.67,6904800.0,,
"Feb 24, 2017",43.19,43.46,43.09,43.46,39.63,9692600.0,,
"Feb 23, 2017",43.61,43.66,43.22,43.26,39.45,6937400.0,,
"Feb 22, 2017",43.51,43.6,43.47,43.56,39.72,4491200.0,,
"Feb 21, 2017",43.49,43.65,43.39,43.56,39.72,7182800.0,,
"Feb 17, 2017",43.06,43.31,43.06,43.31,39.49,7757200.0,,
"Feb 16, 2017",43.34,43.38,43.08,43.17,39.36,6165000.0,,
"Feb 15, 2017",43.09,43.4,43.01,43.38,39.56,9509800.0,,
"Feb 14, 2017",42.9,43.16,42.88,43.16,39.36,6336200.0,,
"Feb 13, 2017",42.97,43.03,42.85,42.92,39.13,8817600.0,,
"Feb 10, 2017",42.67,42.88,42.65,42.87,39.09,7652000.0,,
"Feb 9, 2017",42.34,42.71,42.34,42.6,38.85,7058400.0,,
"Feb 8, 2017",42.08,42.39,42.08,42.34,38.61,8259800.0,,
"Feb 7, 2017",42.14,42.21,42.03,42.08,38.37,11451200.0,,
"Feb 6, 2017",42.13,42.22,42.05,42.12,38.41,7878400.0,,
"Feb 3, 2017",42.17,42.31,42.09,42.24,38.52,7304200.0,,
"Feb 2, 2017",42.27,42.49,42.22,42.3,38.57,8162000.0,,
"Feb 1, 2017",42.49,42.56,42.18,42.33,38.6,10413600.0,,
"Jan 31, 2017",42.29,42.42,42.11,42.42,38.68,9490000.0,,
"Jan 30, 2017",42.47,42.51,42.1,42.48,38.74,7579200.0,,
"Jan 27, 2017",42.69,42.75,42.38,42.53,38.78,9021600.0,,
"Jan 26, 2017",42.63,42.82,42.53,42.67,38.9,7809800.0,,
"Jan 25, 2017",42.51,42.65,42.47,42.6,38.84,7338200.0,,
"Jan 24, 2017",42.06,42.38,41.99,42.34,38.61,9594400.0,,
"Jan 23, 2017",41.78,42.01,41.74,41.99,38.29,17105800.0,,
"Jan 20, 2017",41.99,42.08,41.83,41.97,38.27,10983800.0,,
"Jan 19, 2017",42.03,42.18,41.75,41.85,38.16,8326000.0,,
"Jan 18, 2017",42.06,42.06,41.83,41.97,38.28,5820200.0,,
"Jan 17, 2017",41.86,42.19,41.85,42.05,38.34,8651800.0,,
"Jan 13, 2017",41.85,42.02,41.85,41.98,38.28,5616800.0,,
"Jan 12, 2017",41.77,41.88,41.49,41.83,38.14,8564600.0,,
"Jan 11, 2017",41.74,41.87,41.61,41.87,38.17,10777400.0,,
"Jan 10, 2017",41.62,41.93,41.55,41.78,38.09,10349600.0,,
"Jan 9, 2017",41.65,41.74,41.55,41.63,37.96,7711200.0,,
"Jan 6, 2017",41.44,41.78,41.29,41.66,37.99,13076200.0,,
"Jan 5, 2017",41.23,41.47,41.22,41.46,37.8,8793400.0,,
"Jan 4, 2017",41.12,41.53,41.08,41.49,37.83,10987600.0,,
"Jan 3, 2017",41.03,41.17,40.69,40.94,37.33,28101000.0,,
"Dec 30, 2016",41.17,41.17,40.58,40.7,37.11,9618200.0,,
"Dec 29, 2016",41.13,41.24,40.95,41.04,37.43,5132600.0,,
"Dec 28, 2016",41.47,41.51,41.09,41.1,37.48,7715400.0,,
"Dec 27, 2016",41.26,41.55,41.26,41.38,37.74,12202200.0,,
"Dec 23, 2016",41.31,41.38,41.17,41.22,37.59,5674000.0,,
"Dec 22, 2016",41.69,41.71,41.25,41.31,37.67,8922000.0,,
"Dec 21, 2016",41.78,41.81,41.67,41.76,38.08,5405600.0,,
"Dec 20, 2016",41.51,41.84,41.51,41.78,38.1,8068400.0,,
"Dec 19, 2016",41.44,41.67,41.35,41.46,37.8,7572200.0,,
"Dec 16, 2016",,,,,,,Dividend,0.246
"Dec 16, 2016",41.67,41.69,41.28,41.35,37.7,19737400.0,,
"Dec 15, 2016",41.97,42.08,41.77,41.79,37.89,12218800.0,,
"Dec 14, 2016",42.17,42.26,41.82,41.9,37.98,16914600.0,,
"Dec 13, 2016",41.96,42.34,41.83,42.18,38.24,9648400.0,,
"Dec 12, 2016",42.07,42.14,41.72,41.81,37.9,11884400.0,,
"Dec 9, 2016",42.16,42.16,41.94,42.15,38.21,9603200.0,,
"Dec 8, 2016",42.08,42.17,41.97,42.06,38.13,11211800.0,,
"Dec 7, 2016",41.28,42.08,41.23,42.06,38.13,15944200.0,,
"Dec 6, 2016",41.19,41.26,41.08,41.26,37.4,14066600.0,,
"Dec 5, 2016",40.89,41.24,40.72,41.17,37.32,16210400.0,,
"Dec 2, 2016",40.95,41.06,40.67,40.72,36.91,15315000.0,,
"Dec 1, 2016",40.89,41.15,40.81,40.94,37.12,18732200.0,,
"Nov 30, 2016",41.25,41.27,40.92,40.92,37.1,10133200.0,,
"Nov 29, 2016",41.21,41.33,41.16,41.27,37.41,8735200.0,,
"Nov 28, 2016",41.39,41.4,41.08,41.16,37.31,10293600.0,,
"Nov 25, 2016",41.46,41.53,41.39,41.49,37.61,8542600.0,,
"Nov 23, 2016",41.28,41.42,41.25,41.39,37.52,8874400.0,,
"Nov 22, 2016",40.99,41.38,40.95,41.35,37.48,11500200.0,,
"Nov 21, 2016",40.67,40.87,40.62,40.87,37.04,9526800.0,,
"Nov 18, 2016",40.7,40.79,40.55,40.6,36.8,8587200.0,,
"Nov 17, 2016",40.28,40.72,40.19,40.72,36.92,11402200.0,,
"Nov 16, 2016",39.94,40.24,39.88,40.24,36.48,7986400.0,,
"Nov 15, 2016",40.01,40.08,39.81,40.02,36.28,12020400.0,,
"Nov 14, 2016",40.04,40.17,39.81,39.87,36.14,12659400.0,,
"Nov 11, 2016",39.49,39.92,39.46,39.86,36.13,12078600.0,,
"Nov 10, 2016",39.65,40.08,39.33,39.63,35.93,33370400.0,,
"Nov 9, 2016",38.58,39.56,38.49,39.49,35.8,22851200.0,,
"Nov 8, 2016",39.25,39.58,39.15,39.41,35.72,10650400.0,,
"Nov 7, 2016",38.92,39.26,38.79,39.25,35.58,14287400.0,,
"Nov 4, 2016",38.4,38.69,38.31,38.37,34.78,17824400.0,,
"Nov 3, 2016",38.61,38.79,38.35,38.44,34.85,17801600.0,,
"Nov 2, 2016",38.67,38.85,38.44,38.54,34.94,19390400.0,,
"Nov 1, 2016",39.15,39.22,38.47,38.78,35.15,23891800.0,,
"Oct 31, 2016",39.08,39.15,38.97,39.05,35.4,11798000.0,,
"Oct 28, 2016",38.9,39.28,38.88,39.02,35.37,10012200.0,,
"Oct 27, 2016",39.54,39.6,39.04,39.11,35.45,10670400.0,,
"Oct 26, 2016",39.44,39.6,39.36,39.44,35.75,8653000.0,,
"Oct 25, 2016",39.9,39.9,39.59,39.61,35.91,9267600.0,,
"Oct 24, 2016",39.99,40.1,39.91,40.08,36.33,7136600.0,,
"Oct 21, 2016",39.29,39.85,39.29,39.79,36.07,9595400.0,,
"Oct 20, 2016",39.47,39.58,39.32,39.48,35.79,9819000.0,,
"Oct 19, 2016",39.44,39.6,39.35,39.56,35.86,6512200.0,,
"Oct 18, 2016",39.53,39.6,39.33,39.38,35.7,7900400.0,,
"Oct 17, 2016",39.43,39.44,39.11,39.12,35.46,7257200.0,,
"Oct 14, 2016",39.62,39.74,39.42,39.44,35.76,6949200.0,,
"Oct 13, 2016",39.35,39.6,39.1,39.49,35.8,8056000.0,,
"Oct 12, 2016",39.49,39.78,39.44,39.63,35.93,7596400.0,,
"Oct 11, 2016",39.97,39.97,39.37,39.45,35.76,16851800.0,,
"Oct 10, 2016",40.06,40.11,39.91,39.94,36.2,5941000.0,,
"Oct 10, 2016",40.06,40.11,39.91,39.94,36.2,5941000.0,,
"Oct 7, 2016",40.17,40.21,39.77,39.87,36.14,17384200.0,,
"Oct 6, 2016",39.97,40.13,39.81,40.05,36.3,14525000.0,,
"Oct 5, 2016",40.01,40.18,39.96,40.02,36.28,14270600.0,,
"Oct 4, 2016",40.03,40.16,39.78,39.85,36.13,17878200.0,,
"Oct 3, 2016",39.87,40.08,39.83,39.99,36.25,15452200.0,,
"Sep 30, 2016",39.88,40.14,39.8,40.02,36.28,9578800.0,,
"Sep 29, 2016",39.86,40.09,39.58,39.7,35.99,12722200.0,,
"Sep 28, 2016",39.82,39.92,39.67,39.9,36.17,8260600.0,,
"Sep 27, 2016",39.44,39.79,39.38,39.79,36.07,10275000.0,,
"Sep 26, 2016",39.72,39.72,39.35,39.4,35.71,11856600.0,,
"Sep 23, 2016",39.81,39.97,39.81,39.83,36.11,7782400.0,,
"Sep 22, 2016",39.87,40.0,39.8,39.92,36.19,9642800.0,,
"Sep 21, 2016",39.31,39.65,39.2,39.63,35.93,12031800.0,,
"Sep 20, 2016",39.38,39.44,39.15,39.26,35.58,6684400.0,,
"Sep 19, 2016",39.32,39.49,39.13,39.22,35.56,6254800.0,,
"Sep 16, 2016",,,,,,,Dividend,0.15
"Sep 16, 2016",39.21,39.29,39.08,39.26,35.58,10703000.0,,
"Sep 15, 2016",39.08,39.51,39.03,39.49,35.66,11544200.0,,
"Sep 14, 2016",39.21,39.44,39.09,39.21,35.4,14711400.0,,
"Sep 13, 2016",39.47,39.59,39.08,39.2,35.4,18474400.0,,
"Sep 12, 2016",39.06,39.87,39.01,39.76,35.91,21753200.0,,
"Sep 9, 2016",39.9,39.98,39.22,39.22,35.41,19125000.0,,
"Sep 8, 2016",40.33,40.4,40.13,40.19,36.29,8918200.0,,
"Sep 7, 2016",40.44,40.54,40.36,40.53,36.6,10728600.0,,
"Sep 6, 2016",40.44,40.51,40.24,40.51,36.59,12356000.0,,
"Sep 2, 2016",40.56,40.6,40.35,40.44,36.52,6704800.0,,
"Sep 1, 2016",40.33,40.45,40.14,40.36,36.45,10833600.0,,
"Aug 31, 2016",40.35,40.42,40.13,40.28,36.37,7001800.0,,
"Aug 30, 2016",40.57,40.62,40.32,40.38,36.47,4905800.0,,
"Aug 29, 2016",40.47,40.67,40.47,40.61,36.67,7992600.0,,
"Aug 26, 2016",40.65,40.81,40.29,40.47,36.55,12578400.0,,
"Aug 25, 2016",40.57,40.72,40.51,40.58,36.65,6061400.0,,
"Aug 24, 2016",40.88,40.97,40.64,40.72,36.77,6466200.0,,
"Aug 23, 2016",40.9,40.97,40.85,40.92,36.95,10701600.0,,
"Aug 22, 2016",40.71,40.77,40.59,40.71,36.76,5777200.0,,
"Aug 19, 2016",40.67,40.83,40.6,40.75,36.8,7447800.0,,
"Aug 18, 2016",40.78,40.82,40.65,40.72,36.78,9466000.0,,
"Aug 17, 2016",40.7,40.78,40.51,40.75,36.8,6848600.0,,
"Aug 16, 2016",40.98,41.03,40.81,40.85,36.88,4615800.0,,
"Aug 15, 2016",41.11,41.19,41.06,41.08,37.1,6141000.0,,
"Aug 12, 2016",40.94,41.1,40.71,41.0,37.02,4913200.0,,
"Aug 11, 2016",40.83,41.07,40.81,41.02,37.04,7389600.0,,
"Aug 10, 2016",40.54,40.74,40.53,40.62,36.68,6778800.0,,
"Aug 9, 2016",40.57,40.73,40.45,40.53,36.6,14728200.0,,
"Aug 8, 2016",40.81,40.88,40.62,40.65,36.71,6296800.0,,
"Aug 5, 2016",40.6,40.85,40.44,40.78,36.83,7037200.0,,
"Aug 4, 2016",40.31,40.44,40.2,40.36,36.45,4480600.0,,
"Aug 3, 2016",40.13,40.38,40.04,40.38,36.46,7744000.0,,
"Aug 2, 2016",40.9,40.9,40.19,40.26,36.36,8493400.0,,
"Aug 1, 2016",40.81,40.98,40.65,40.88,36.91,5500400.0,,
"Jul 29, 2016",40.71,40.87,40.64,40.81,36.85,7992600.0,,
"Jul 28, 2016",40.58,40.81,40.43,40.76,36.81,6317800.0,,
"Jul 27, 2016",40.94,40.95,40.53,40.69,36.74,8590200.0,,
"Jul 26, 2016",40.83,41.01,40.67,40.81,36.86,9975400.0,,
"Jul 25, 2016",40.92,40.92,40.74,40.87,36.9,6260400.0,,
"Jul 22, 2016",40.67,40.85,40.58,40.8,36.84,5059200.0,,
"Jul 21, 2016",40.74,40.81,40.51,40.63,36.69,4869400.0,,
"Jul 20, 2016",40.68,40.76,40.49,40.74,36.79,4902000.0,,
"Jul 19, 2016",40.42,40.58,40.34,40.57,36.64,5273600.0,,
"Jul 18, 2016",40.58,40.76,40.47,40.65,36.7,5550000.0,,
"Jul 15, 2016",40.87,40.88,40.46,40.49,36.56,6967400.0,,
"Jul 14, 2016",40.81,40.9,40.62,40.67,36.73,6812000.0,,
"Jul 13, 2016",40.76,40.79,40.42,40.51,36.58,7310800.0,,
"Jul 12, 2016",40.67,40.81,40.64,40.71,36.76,9772000.0,,
"Jul 11, 2016",40.53,40.65,40.42,40.54,36.61,8862000.0,,
"Jul 8, 2016",39.88,40.34,39.88,40.31,36.4,14822800.0,,
"Jul 7, 2016",39.39,39.62,39.35,39.62,35.78,18485600.0,,
"Jul 6, 2016",38.96,39.45,38.87,39.45,35.63,15561200.0,,
"Jul 5, 2016",39.19,39.27,38.87,39.12,35.32,14635200.0,,
"Jul 1, 2016",39.07,39.53,38.99,39.44,35.61,14260200.0,,
"Jun 30, 2016",38.87,39.04,38.62,39.03,35.25,13423600.0,,
"Jun 29, 2016",38.58,38.81,38.37,38.74,34.99,14107600.0,,
"Jun 28, 2016",37.82,38.13,37.71,38.13,34.43,15721200.0,,
"Jun 27, 2016",37.73,37.79,37.09,37.38,33.76,21702000.0,,
"Jun 24, 2016",38.17,38.76,37.99,38.08,34.39,30696400.0,,
"Jun 23, 2016",39.53,39.56,39.38,39.56,35.72,8882400.0,,
"Jun 22, 2016",39.26,39.47,39.14,39.17,35.37,8207200.0,,
"Jun 21, 2016",39.43,39.43,39.15,39.22,35.42,5798600.0,,
"Jun 20, 2016",39.26,39.67,39.26,39.31,35.5,7944400.0,,
"Jun 17, 2016",,,,,,,Dividend,0.1385
"Jun 17, 2016",39.08,39.1,38.9,38.97,35.19,17119400.0,,
"Jun 16, 2016",38.85,39.22,38.62,39.17,35.24,12764600.0,,
"Jun 15, 2016",38.96,39.36,38.96,39.04,35.13,11271800.0,,
"Jun 14, 2016",38.94,39.08,38.68,38.93,35.03,16195400.0,,
"Jun 13, 2016",39.17,39.46,39.0,39.03,35.12,12032600.0,,
"Jun 10, 2016",39.35,39.4,39.13,39.24,35.31,9627000.0,,
"Jun 9, 2016",39.54,39.71,39.51,39.66,35.69,13162200.0,,
"Jun 8, 2016",39.72,39.81,39.6,39.75,35.77,7903200.0,,
"Jun 7, 2016",39.65,39.88,39.65,39.71,35.73,8651400.0,,
"Jun 6, 2016",39.6,39.73,39.46,39.65,35.68,8200000.0,,
"Jun 3, 2016",39.67,39.71,39.28,39.56,35.59,11311000.0,,
"Jun 2, 2016",39.49,39.83,39.47,39.81,35.83,8115800.0,,
"Jun 1, 2016",39.44,39.62,39.35,39.6,35.63,7535600.0,,
"May 31, 2016",39.72,39.74,39.47,39.62,35.65,8326000.0,,
"May 27, 2016",39.53,39.72,39.53,39.66,35.69,6424200.0,,
"May 26, 2016",39.51,39.65,39.42,39.47,35.52,7008000.0,,
"May 25, 2016",39.21,39.48,39.21,39.4,35.45,8707800.0,,
"May 24, 2016",38.87,39.29,38.85,39.18,35.26,7983000.0,,
"May 23, 2016",38.79,38.97,38.67,38.72,34.84,8505000.0,,
"May 23, 2016",38.79,38.97,38.67,38.72,34.84,8505000.0,,
"May 20, 2016",38.64,38.97,38.61,38.85,34.96,7816200.0,,
"May 19, 2016",38.46,38.65,38.33,38.6,34.73,15667200.0,,
"May 18, 2016",38.59,38.88,38.37,38.63,34.76,22648200.0,,
"May 17, 2016",39.24,39.33,38.74,38.85,34.96,13086400.0,,
"May 16, 2016",39.03,39.42,38.97,39.3,35.36,9211400.0,,
"May 13, 2016",39.33,39.51,39.03,39.06,35.14,15204000.0,,
"May 12, 2016",39.6,39.67,39.24,39.53,35.57,11206600.0,,
"May 11, 2016",39.87,39.87,39.42,39.45,35.5,12233600.0,,
"May 10, 2016",39.87,40.27,39.86,40.26,36.23,9664600.0,,
"May 9, 2016",39.63,39.87,39.61,39.75,35.77,10433000.0,,
"May 6, 2016",39.27,39.64,39.14,39.64,35.67,10783400.0,,
"May 5, 2016",39.59,39.63,39.32,39.35,35.41,12589600.0,,
"May 4, 2016",39.46,39.78,39.42,39.6,35.64,12876400.0,,
"May 3, 2016",39.85,40.02,39.71,39.78,35.8,11558600.0,,
"May 2, 2016",39.71,40.19,39.66,40.15,36.13,13296000.0,,
"Apr 29, 2016",39.72,39.79,39.3,39.6,35.63,16799000.0,,
"Apr 28, 2016",39.63,39.99,39.31,39.4,35.45,14600800.0,,
"Apr 27, 2016",39.85,39.93,39.63,39.83,35.84,11423200.0,,
"Apr 26, 2016",39.85,40.0,39.65,39.87,35.88,7797000.0,,
"Apr 25, 2016",39.65,39.78,39.49,39.78,35.79,7794400.0,,
"Apr 22, 2016",39.83,39.96,39.49,39.73,35.75,9460000.0,,
"Apr 21, 2016",40.06,40.13,39.79,39.81,35.82,8285400.0,,
"Apr 20, 2016",40.0,40.08,39.76,39.95,35.95,9571000.0,,
"Apr 19, 2016",40.17,40.23,39.75,39.9,35.9,8545600.0,,
"Apr 18, 2016",39.74,40.12,39.63,40.12,36.1,8926000.0,,
"Apr 15, 2016",39.64,39.77,39.53,39.74,35.76,8599400.0,,
"Apr 14, 2016",39.66,39.76,39.5,39.63,35.67,6924600.0,,
"Apr 13, 2016",39.31,39.65,39.25,39.63,35.67,10081000.0,,
"Apr 12, 2016",38.8,39.15,38.63,39.08,35.17,11502600.0,,
"Apr 11, 2016",39.06,39.23,38.77,38.79,34.91,11742000.0,,
"Apr 8, 2016",39.15,39.19,38.79,38.94,35.04,10318600.0,,
"Apr 7, 2016",39.28,39.4,38.83,38.99,35.09,10346800.0,,
"Apr 6, 2016",39.12,39.47,39.02,39.44,35.49,13554200.0,,
"Apr 5, 2016",39.21,39.28,38.98,39.07,35.16,17096000.0,,
"Apr 4, 2016",39.76,39.8,39.35,39.4,35.46,18943600.0,,
"Apr 1, 2016",39.3,39.8,39.27,39.72,35.74,16283600.0,,
"Mar 31, 2016",39.53,39.69,39.49,39.55,35.59,10140800.0,,
"Mar 30, 2016",39.51,39.69,39.43,39.6,35.63,10548400.0,,
"Mar 29, 2016",38.9,39.38,38.9,39.35,35.4,10979200.0,,
"Mar 28, 2016",38.83,39.12,38.8,38.95,35.05,10265200.0,,
"Mar 24, 2016",38.41,38.78,38.3,38.78,34.89,13916200.0,,
"Mar 23, 2016",38.81,38.92,38.69,38.72,34.85,17044000.0,,
"Mar 22, 2016",38.78,39.11,38.77,39.0,35.09,8984600.0,,
"Mar 21, 2016",39.03,39.11,38.82,39.06,35.15,8098800.0,,
"Mar 18, 2016",,,,,,,Dividend,0.1605
"Mar 18, 2016",39.06,39.24,38.97,39.04,35.13,19413000.0,,
"Mar 17, 2016",39.01,39.3,38.9,39.15,35.09,12321600.0,,
"Mar 16, 2016",38.74,39.19,38.63,39.1,35.04,14508600.0,,
"Mar 15, 2016",38.55,38.8,38.55,38.78,34.76,8999200.0,,
"Mar 14, 2016",38.54,38.9,38.54,38.79,34.77,11000600.0,,
"Mar 11, 2016",38.38,38.65,38.29,38.65,34.64,11387200.0,,
"Mar 10, 2016",38.15,38.31,37.57,38.06,34.11,16120800.0,,
"Mar 9, 2016",38.04,38.07,37.72,37.97,34.03,13489400.0,,
"Mar 8, 2016",37.97,38.25,37.86,37.9,33.96,12680000.0,,
"Mar 7, 2016",38.16,38.39,37.97,38.19,34.23,14871000.0,,
"Mar 4, 2016",38.42,38.53,38.19,38.36,34.38,15493400.0,,
"Mar 3, 2016",38.1,38.4,38.01,38.4,34.41,19038800.0,,
"Mar 2, 2016",38.14,38.21,37.9,38.17,34.21,15275600.0,,
"Mar 1, 2016",37.54,38.24,37.42,38.21,34.24,18691600.0,,
"Feb 29, 2016",37.42,37.72,37.22,37.22,33.36,17485600.0,,
"Feb 26, 2016",37.69,37.69,37.34,37.42,33.53,13932600.0,,
"Feb 25, 2016",37.13,37.47,36.92,37.46,33.57,11096400.0,,
"Feb 24, 2016",36.56,37.15,36.15,37.08,33.23,21643200.0,,
"Feb 23, 2016",36.97,37.23,36.77,36.87,33.04,12913400.0,,
"Feb 22, 2016",36.69,37.13,36.67,37.08,33.23,11290000.0,,
"Feb 19, 2016",36.04,36.38,35.83,36.37,32.59,15183200.0,,
"Feb 18, 2016",36.53,36.54,36.15,36.27,32.5,13948400.0,,
"Feb 17, 2016",36.12,36.6,36.07,36.51,32.72,19549400.0,,
"Feb 16, 2016",35.41,35.75,35.2,35.74,32.03,20940800.0,,
"Feb 12, 2016",34.64,34.91,34.31,34.9,31.27,21854400.0,,
"Feb 11, 2016",33.79,34.48,33.79,34.26,30.71,27130600.0,,
"Feb 10, 2016",34.38,34.88,34.27,34.28,30.72,26574400.0,,
"Feb 9, 2016",33.96,34.74,33.9,34.35,30.78,28947400.0,,
"Feb 8, 2016",34.69,34.69,33.81,34.4,30.83,26352000.0,,
"Feb 5, 2016",36.09,36.12,34.98,35.08,31.44,25646800.0,,
"Feb 4, 2016",36.35,36.44,35.94,36.25,32.49,19875600.0,,
"Feb 3, 2016",36.9,36.92,35.76,36.46,32.67,26703600.0,,
"Feb 2, 2016",37.03,37.14,36.42,36.56,32.76,18097800.0,,
"Feb 1, 2016",36.84,37.43,36.67,37.28,33.41,16598800.0,,
"Jan 29, 2016",36.47,37.09,36.33,37.06,33.21,23052600.0,,
"Jan 28, 2016",36.65,36.76,36.01,36.65,32.85,20804400.0,,
"Jan 27, 2016",36.7,36.94,36.02,36.19,32.43,21285400.0,,
"Jan 26, 2016",36.37,36.84,36.19,36.76,32.95,15900200.0,,
"Jan 25, 2016",36.65,36.75,36.19,36.24,32.47,14296800.0,,
"Jan 22, 2016",36.61,36.79,36.43,36.65,32.85,14370200.0,,
"Jan 21, 2016",35.68,36.46,35.5,36.03,32.28,31888400.0,,
"Jan 20, 2016",35.37,35.88,34.47,35.57,31.88,42886400.0,,
"Jan 19, 2016",36.15,36.31,35.52,35.88,32.16,23245200.0,,
"Jan 15, 2016",35.55,35.99,35.33,35.75,32.04,29103000.0,,
"Jan 14, 2016",36.31,36.83,35.63,36.5,32.71,31838800.0,,
"Jan 13, 2016",37.66,37.66,36.17,36.24,32.48,29861000.0,,
"Jan 12, 2016",37.35,37.73,37.07,37.51,33.61,17474200.0,,
"Jan 11, 2016",37.03,37.24,36.56,37.1,33.24,26465400.0,,
"Jan 8, 2016",37.51,37.67,36.72,36.81,32.98,21595400.0,,
"Jan 7, 2016",37.23,37.85,37.12,37.21,33.34,25290400.0,,
"Jan 6, 2016",37.8,38.19,37.68,37.99,34.04,20230800.0,,
"Jan 5, 2016",38.44,38.58,38.08,38.36,34.38,14849800.0,,
"Jan 4, 2016",38.39,38.47,37.99,38.41,34.42,26800800.0,,
"Dec 31, 2015",39.29,39.51,39.08,39.08,35.02,13160400.0,,
"Dec 31, 2015",39.29,39.51,39.08,39.08,35.02,13160400.0,,
"Dec 30, 2015",39.76,39.78,39.47,39.47,35.38,6437800.0,,
"Dec 29, 2015",39.58,39.85,39.5,39.79,35.66,11480400.0,,
"Dec 28, 2015",39.14,39.37,39.03,39.34,35.25,8111800.0,,
"Dec 24, 2015",39.28,39.37,39.21,39.24,35.17,3823600.0,,
"Dec 23, 2015",39.25,39.39,39.18,39.35,35.26,12049600.0,,
"Dec 22, 2015",39.06,39.22,38.84,39.15,35.08,13465800.0,,
"Dec 21, 2015",38.92,39.06,38.6,38.86,34.82,14178000.0,,
"Dec 18, 2015",,,,,,,Dividend,0.1625
"Dec 18, 2015",39.22,39.22,38.64,38.67,34.65,30106000.0,,
"Dec 17, 2015",40.11,40.25,39.44,39.44,35.2,18449200.0,,
"Dec 16, 2015",39.72,40.18,39.4,40.1,35.79,24149400.0,,
"Dec 15, 2015",39.63,39.82,39.42,39.44,35.2,15957600.0,,
"Dec 14, 2015",39.06,39.31,38.63,39.23,35.01,29916000.0,,
"Dec 11, 2015",39.42,39.56,38.95,39.03,34.83,20208400.0,,
"Dec 10, 2015",39.92,40.19,39.77,39.94,35.65,9460200.0,,
"Dec 9, 2015",40.24,40.53,39.62,39.81,35.52,19471600.0,,
"Dec 8, 2015",40.1,40.52,39.99,40.32,35.98,12167000.0,,
"Dec 7, 2015",40.55,40.63,40.16,40.44,36.09,13070800.0,,
"Dec 4, 2015",39.99,40.66,39.89,40.61,36.24,14064400.0,,
"Dec 3, 2015",40.62,40.62,39.67,39.84,35.56,19657800.0,,
"Dec 2, 2015",40.87,40.88,40.37,40.45,36.1,12527000.0,,
"Dec 1, 2015",40.61,40.82,40.49,40.81,36.42,16374800.0,,
"Nov 30, 2015",40.88,40.88,40.35,40.39,36.05,17294000.0,,
"Nov 27, 2015",40.9,40.9,40.56,40.74,36.35,4565200.0,,
"Nov 25, 2015",40.76,40.95,40.74,40.88,36.49,7406400.0,,
"Nov 24, 2015",40.44,40.8,40.26,40.68,36.31,9090800.0,,
"Nov 23, 2015",40.68,40.92,40.6,40.76,36.38,8344000.0,,
"Nov 20, 2015",40.44,40.62,40.34,40.62,36.25,11129800.0,,
"Nov 19, 2015",40.12,40.28,40.03,40.13,35.82,11370400.0,,
"Nov 18, 2015",39.52,40.13,39.43,40.08,35.77,14275200.0,,
"Nov 17, 2015",39.53,39.76,39.28,39.41,35.17,14904600.0,,
"Nov 16, 2015",38.71,39.33,38.63,39.33,35.11,14766400.0,,
"Nov 13, 2015",39.66,39.72,38.82,38.87,34.69,22754400.0,,
"Nov 12, 2015",40.04,40.29,39.88,39.92,35.62,12151400.0,,
"Nov 11, 2015",40.62,40.63,40.21,40.29,35.96,14173400.0,,
"Nov 10, 2015",40.1,40.53,40.04,40.53,36.17,14662800.0,,
"Nov 9, 2015",40.52,40.65,39.87,40.15,35.83,14019200.0,,
"Nov 6, 2015",40.6,40.81,40.45,40.71,36.33,13186400.0,,
"Nov 5, 2015",40.62,40.83,40.4,40.71,36.33,13929400.0,,
"Nov 4, 2015",40.9,40.94,40.35,40.56,36.2,12531800.0,,
"Nov 3, 2015",40.63,40.93,40.6,40.83,36.44,14567000.0,,
"Nov 2, 2015",40.63,40.73,40.38,40.67,36.3,15470000.0,,
"Oct 30, 2015",40.48,40.76,40.38,40.49,36.13,15542200.0,,
"Oct 29, 2015",40.23,40.47,39.85,40.4,36.06,9449600.0,,
"Oct 28, 2015",40.06,40.28,39.76,40.28,35.95,22715800.0,,
"Oct 27, 2015",40.0,40.05,39.74,39.9,35.61,8942400.0,,
"Oct 26, 2015",39.83,40.17,39.8,40.1,35.78,12050000.0,,
"Oct 23, 2015",40.17,40.21,39.6,39.81,35.53,15790200.0,,
"Oct 22, 2015",39.35,39.69,39.28,39.62,35.36,16455000.0,,
"Oct 21, 2015",39.38,39.47,39.06,39.1,34.9,10024800.0,,
"Oct 20, 2015",39.28,39.46,39.15,39.28,35.06,10027600.0,,
"Oct 19, 2015",39.03,39.35,39.0,39.33,35.1,9857400.0,,
"Oct 16, 2015",38.92,39.16,38.9,39.15,34.94,10638400.0,,
"Oct 15, 2015",38.65,38.94,38.36,38.94,34.75,11406400.0,,
"Oct 14, 2015",38.83,38.97,38.35,38.44,34.31,14031800.0,,
"Oct 13, 2015",38.92,39.25,38.78,38.83,34.66,15163000.0,,
"Oct 12, 2015",38.88,39.15,38.88,39.04,34.85,10978000.0,,
"Oct 9, 2015",38.83,38.9,38.64,38.86,34.68,16705400.0,,
"Oct 8, 2015",38.18,38.87,38.17,38.81,34.64,12683200.0,,
"Oct 7, 2015",38.3,38.44,37.97,38.35,34.22,15588600.0,,
"Oct 6, 2015",38.38,38.63,38.03,38.22,34.11,18172000.0,,
"Oct 5, 2015",38.22,38.57,38.08,38.5,34.36,14036000.0,,
"Oct 2, 2015",36.83,37.94,36.78,37.94,33.86,16403600.0,,
"Oct 1, 2015",37.15,37.41,36.83,37.4,33.38,16725400.0,,
"Sep 30, 2015",36.69,37.17,36.52,37.13,33.14,21597200.0,,
"Sep 29, 2015",36.29,36.55,35.93,36.15,32.27,12354200.0,,
"Sep 28, 2015",37.1,37.23,36.19,36.28,32.37,24030800.0,,
"Sep 25, 2015",37.76,37.85,37.17,37.35,33.33,11708000.0,,
"Sep 24, 2015",37.24,37.41,36.84,37.35,33.34,13957400.0,,
"Sep 23, 2015",37.55,37.65,37.33,37.46,33.43,10771200.0,,
"Sep 22, 2015",37.58,37.66,37.28,37.56,33.52,15290400.0,,
"Sep 21, 2015",37.91,38.24,37.74,38.06,33.97,14036200.0,,
"Sep 18, 2015",,,,,,,Dividend,0.1445
"Sep 18, 2015",37.88,38.24,37.67,37.73,33.67,19723000.0,,
"Sep 17, 2015",38.4,39.06,38.34,38.49,34.22,21990400.0,,
"Sep 16, 2015",38.02,38.44,37.92,38.38,34.13,13231800.0,,
"Sep 15, 2015",37.57,38.06,37.38,37.96,33.75,11140800.0,,
"Sep 14, 2015",37.74,37.78,37.42,37.56,33.4,7184600.0,,
"Sep 11, 2015",37.38,37.76,37.3,37.76,33.57,9219200.0,,
"Sep 10, 2015",37.24,37.72,37.22,37.48,33.32,12412200.0,,
"Sep 9, 2015",38.13,38.19,37.29,37.38,33.23,15364200.0,,
"Sep 8, 2015",37.62,37.81,37.35,37.78,33.59,10510400.0,,
"Sep 4, 2015",36.78,37.14,36.62,36.92,32.83,14311200.0,,
"Sep 3, 2015",37.38,37.81,37.2,37.33,33.19,13201600.0,,
"Sep 2, 2015",36.9,37.32,36.71,37.31,33.17,15389200.0,,
"Sep 1, 2015",36.67,37.1,36.33,36.54,32.49,27879800.0,,
"Aug 31, 2015",37.61,37.83,37.38,37.49,33.33,20217800.0,,
"Aug 28, 2015",37.64,38.0,37.55,37.78,33.59,15289000.0,,
"Aug 27, 2015",37.47,37.87,37.01,37.76,33.58,32231200.0,,
"Aug 26, 2015",36.37,36.94,35.67,36.9,32.81,37790200.0,,
"Aug 25, 2015",36.59,36.88,35.53,35.55,31.61,24187600.0,,
"Aug 24, 2015",35.03,36.93,33.0,35.69,31.74,47634200.0,,
"Aug 21, 2015",38.03,38.15,37.15,37.18,33.06,37202600.0,,
"Aug 20, 2015",39.14,39.22,38.4,38.41,34.15,18824600.0,,
"Aug 19, 2015",39.47,39.81,39.33,39.52,35.14,11481800.0,,
"Aug 18, 2015",39.6,39.75,39.51,39.59,35.2,11699400.0,,
"Aug 17, 2015",39.04,39.58,39.01,39.56,35.17,8841000.0,,
"Aug 14, 2015",39.11,39.24,39.03,39.18,34.84,9479200.0,,
"Aug 13, 2015",38.9,39.4,38.9,39.15,34.81,8848600.0,,
"Aug 13, 2015",38.9,39.4,38.9,39.15,34.81,8848600.0,,
"Aug 12, 2015",38.98,38.99,38.29,38.93,34.61,14273800.0,,
"Aug 11, 2015",39.2,39.29,38.92,39.1,34.76,11349400.0,,
"Aug 10, 2015",39.44,39.58,39.38,39.46,35.08,7674200.0,,
"Aug 7, 2015",39.22,39.25,38.87,39.14,34.8,12905800.0,,
"Aug 6, 2015",39.85,39.85,38.74,39.17,34.83,15489400.0,,
"Aug 5, 2015",40.2,40.31,39.64,39.71,35.31,11882600.0,,
"Aug 4, 2015",40.03,40.24,39.97,40.15,35.69,11407400.0,,
"Aug 3, 2015",40.03,40.25,39.76,39.97,35.54,11514200.0,,
"Jul 31, 2015",40.08,40.26,39.97,40.11,35.66,7330400.0,,
"Jul 30, 2015",39.67,40.03,39.6,39.99,35.55,6606400.0,,
"Jul 29, 2015",39.54,39.9,39.5,39.84,35.42,11624400.0,,
"Jul 28, 2015",39.01,39.51,39.01,39.44,35.06,10897000.0,,
"Jul 27, 2015",39.28,39.45,39.03,39.13,34.79,11104600.0,,
"Jul 24, 2015",40.2,40.2,39.35,39.42,35.05,10339200.0,,
"Jul 23, 2015",39.74,39.81,39.33,39.42,35.05,7522000.0,,
"Jul 22, 2015",39.47,39.72,39.42,39.66,35.26,6419400.0,,
"Jul 21, 2015",39.78,39.78,39.36,39.47,35.09,5353800.0,,
"Jul 20, 2015",39.78,39.78,39.53,39.6,35.2,5109400.0,,
"Jul 17, 2015",39.71,39.71,39.44,39.58,35.19,6489600.0,,
"Jul 16, 2015",39.68,39.69,39.45,39.65,35.25,6554800.0,,
"Jul 15, 2015",39.47,39.51,39.31,39.4,35.04,5428600.0,,
"Jul 14, 2015",39.49,39.51,39.36,39.44,35.07,7502000.0,,
"Jul 13, 2015",39.11,39.42,39.11,39.4,35.03,12129400.0,,
"Jul 10, 2015",38.66,38.92,38.56,38.83,34.53,9316600.0,,
"Jul 9, 2015",38.5,38.67,38.24,38.28,34.04,11855200.0,,
"Jul 8, 2015",38.55,38.65,38.07,38.12,33.89,13650600.0,,
"Jul 7, 2015",38.56,38.87,38.1,38.86,34.55,13923400.0,,
"Jul 6, 2015",38.33,38.78,38.25,38.53,34.25,8099400.0,,
"Jul 2, 2015",38.79,38.91,38.49,38.6,34.32,12517800.0,,
"Jul 1, 2015",38.56,38.69,38.48,38.67,34.39,12045200.0,,
"Jun 30, 2015",38.46,38.46,38.08,38.24,34.0,14474600.0,,
"Jun 29, 2015",38.6,38.78,38.04,38.07,33.85,17959600.0,,
"Jun 26, 2015",38.96,39.07,38.82,38.95,34.63,16617200.0,,
"Jun 25, 2015",38.9,39.01,38.77,38.79,34.49,8859400.0,,
"Jun 24, 2015",38.97,39.15,38.82,38.83,34.52,11973400.0,,
"Jun 23, 2015",39.03,39.13,38.99,39.1,34.76,7023200.0,,
"Jun 22, 2015",38.92,39.08,38.92,38.94,34.62,7812000.0,,
"Jun 19, 2015",,,,,,,Dividend,0.1235
"Jun 19, 2015",38.93,38.97,38.72,38.72,34.43,11966600.0,,
"Jun 18, 2015",38.53,39.1,38.53,38.99,34.55,11583400.0,,
"Jun 17, 2015",38.42,38.61,38.24,38.52,34.14,8577200.0,,
"Jun 16, 2015",38.08,38.35,38.04,38.35,33.99,8213600.0,,
"Jun 15, 2015",38.06,38.19,37.91,38.12,33.78,9342800.0,,
"Jun 12, 2015",38.25,38.39,38.22,38.29,33.94,8135400.0,,
"Jun 11, 2015",38.44,38.6,38.4,38.47,34.1,8786600.0,,
"Jun 10, 2015",38.11,38.43,38.06,38.34,33.98,9327400.0,,
"Jun 9, 2015",38.0,38.06,37.72,37.95,33.64,9372200.0,,
"Jun 8, 2015",38.22,38.23,37.98,37.99,33.67,7392800.0,,
"Jun 5, 2015",38.26,38.35,38.08,38.26,33.91,7026000.0,,
"Jun 4, 2015",38.56,38.63,38.31,38.37,34.01,11321000.0,,
"Jun 3, 2015",38.45,38.7,38.35,38.65,34.25,8796000.0,,
"Jun 2, 2015",38.17,38.53,38.13,38.35,33.99,14261600.0,,
"Jun 1, 2015",38.19,38.4,38.07,38.26,33.91,11095000.0,,
"May 29, 2015",38.31,38.44,38.1,38.15,33.81,12333000.0,,
"May 28, 2015",38.42,38.49,38.31,38.42,34.05,6508400.0,,
"May 27, 2015",38.27,38.53,38.19,38.48,34.1,7255400.0,,
"May 26, 2015",38.44,38.56,38.13,38.19,33.85,10672000.0,,
"May 22, 2015",38.53,38.62,38.4,38.47,34.1,5927600.0,,
"May 21, 2015",38.3,38.62,38.3,38.53,34.15,5860800.0,,
"May 20, 2015",38.44,38.56,38.25,38.38,34.02,14815600.0,,
"May 19, 2015",38.54,38.63,38.39,38.43,34.06,9290800.0,,
"May 18, 2015",38.23,38.51,38.22,38.44,34.07,7923000.0,,
"May 15, 2015",38.03,38.29,37.99,38.29,33.94,14379800.0,,
"May 14, 2015",37.97,38.04,37.76,37.99,33.67,13660600.0,,
"May 13, 2015",38.08,38.21,37.79,37.82,33.52,15843200.0,,
"May 12, 2015",37.92,38.2,37.77,38.06,33.73,15020800.0,,
"May 11, 2015",38.27,38.47,38.13,38.13,33.79,13894400.0,,
"May 8, 2015",38.28,38.46,38.26,38.3,33.95,11347200.0,,
"May 7, 2015",37.7,37.97,37.6,37.9,33.59,11784800.0,,
"May 6, 2015",37.96,38.01,37.51,37.7,33.41,16596400.0,,
"May 5, 2015",38.38,38.38,37.85,37.85,33.55,15713600.0,,
"May 4, 2015",38.47,38.47,38.2,38.26,33.91,7841800.0,,
"May 1, 2015",37.85,38.19,37.79,38.17,33.83,12220400.0,,
"Apr 30, 2015",37.9,38.15,37.49,37.65,33.37,21405400.0,,
"Apr 29, 2015",38.16,38.31,37.92,38.08,33.75,14487000.0,,
"Apr 28, 2015",38.42,38.44,38.06,38.34,33.98,11132400.0,,
"Apr 27, 2015",38.91,38.94,38.44,38.47,34.1,13850600.0,,
"Apr 24, 2015",38.63,38.85,38.56,38.81,34.4,9655600.0,,
"Apr 23, 2015",38.05,38.49,38.03,38.29,33.94,8271600.0,,
"Apr 22, 2015",38.17,38.17,37.88,38.1,33.77,6926600.0,,
"Apr 21, 2015",38.18,38.21,37.94,38.07,33.74,7835000.0,,
"Apr 20, 2015",37.78,38.1,37.78,38.03,33.71,8199800.0,,
"Apr 17, 2015",37.97,37.99,37.49,37.62,33.34,17183000.0,,
"Apr 16, 2015",38.19,38.26,38.09,38.18,33.84,13719800.0,,
"Apr 15, 2015",38.2,38.32,38.08,38.1,33.77,11518600.0,,
"Apr 14, 2015",38.0,38.22,37.87,38.1,33.77,5840600.0,,
"Apr 13, 2015",38.3,38.42,38.12,38.13,33.79,6293600.0,,
"Apr 10, 2015",38.26,38.38,38.2,38.33,33.98,7944200.0,,
"Apr 9, 2015",38.17,38.32,37.93,38.21,33.86,10503200.0,,
"Apr 8, 2015",37.91,38.17,37.88,38.17,33.83,8497000.0,,
"Apr 7, 2015",38.03,38.1,37.81,37.81,33.52,6297600.0,,
"Apr 6, 2015",37.63,38.18,37.58,38.03,33.7,9978600.0,,
"Apr 2, 2015",37.47,37.9,37.44,37.85,33.54,8929600.0,,
"Apr 1, 2015",37.59,37.69,37.26,37.51,33.25,14701400.0,,
"Mar 31, 2015",37.78,38.08,37.56,37.67,33.39,16259600.0,,
"Mar 30, 2015",37.58,37.95,37.58,37.84,33.54,9186000.0,,
"Mar 27, 2015",37.21,37.53,37.21,37.46,33.2,6723800.0,,
"Mar 26, 2015",37.28,37.49,37.12,37.26,33.03,10108200.0,,
"Mar 25, 2015",38.06,38.15,37.5,37.5,33.24,11851600.0,,
"Mar 25, 2015",38.06,38.15,37.5,37.5,33.24,11851600.0,,
"Mar 24, 2015",38.31,38.38,38.11,38.12,33.79,10551200.0,,
"Mar 23, 2015",38.36,38.56,38.31,38.32,33.96,7461400.0,,
"Mar 20, 2015",,,,,,,Dividend,0.1275
"Mar 20, 2015",38.22,38.47,38.13,38.38,34.02,12486600.0,,
"Mar 19, 2015",38.16,38.46,37.95,38.09,33.65,9111000.0,,
"Mar 18, 2015",37.74,38.26,37.46,38.15,33.69,15437000.0,,
"Mar 17, 2015",37.77,37.92,37.68,37.81,33.4,9854600.0,,
"Mar 16, 2015",37.72,38.04,37.72,38.02,33.58,10901400.0,,
"Mar 13, 2015",37.83,37.87,37.38,37.58,33.2,11165600.0,,
"Mar 12, 2015",37.27,37.9,37.27,37.88,33.46,13843000.0,,
"Mar 11, 2015",37.4,37.43,37.12,37.13,32.79,9184800.0,,
"Mar 10, 2015",37.62,37.65,37.32,37.33,32.97,14292600.0,,
"Mar 9, 2015",37.74,37.97,37.71,37.92,33.5,8450000.0,,
"Mar 6, 2015",38.03,38.08,37.63,37.71,33.31,15705000.0,,
"Mar 5, 2015",38.26,38.26,38.09,38.16,33.71,15569400.0,,
"Mar 4, 2015",38.31,38.31,37.97,38.13,33.69,9332600.0,,
"Mar 3, 2015",38.37,38.38,38.07,38.33,33.86,12051000.0,,
"Mar 2, 2015",38.01,38.46,38.0,38.44,33.96,48008800.0,,
"Feb 27, 2015",38.01,38.11,37.95,37.99,33.55,7738200.0,,
"Feb 26, 2015",38.12,38.18,37.95,38.03,33.6,7009400.0,,
"Feb 25, 2015",37.9,38.26,37.85,38.15,33.7,13684200.0,,
"Feb 24, 2015",37.81,37.9,37.74,37.87,33.45,7037200.0,,
"Feb 23, 2015",37.69,37.81,37.57,37.69,33.29,6242400.0,,
"Feb 20, 2015",37.33,37.73,37.23,37.72,33.32,7861600.0,,
"Feb 19, 2015",37.38,37.54,37.38,37.46,33.09,6545000.0,,
"Feb 18, 2015",37.28,37.38,37.22,37.34,32.98,8287800.0,,
"Feb 17, 2015",37.39,37.53,37.21,37.36,33.0,8244000.0,,
"Feb 13, 2015",37.26,37.44,37.22,37.44,33.08,10664800.0,,
"Feb 12, 2015",36.94,37.24,36.84,37.22,32.88,8261600.0,,
"Feb 11, 2015",36.83,36.88,36.62,36.78,32.49,10627400.0,,
"Feb 10, 2015",36.63,36.85,36.43,36.78,32.48,11124000.0,,
"Feb 9, 2015",36.26,36.47,36.23,36.33,32.09,8735000.0,,
"Feb 6, 2015",36.58,36.65,36.35,36.47,32.22,9296600.0,,
"Feb 5, 2015",36.33,36.54,36.28,36.53,32.26,10155000.0,,
"Feb 4, 2015",36.06,36.49,36.02,36.3,32.07,18332000.0,,
"Feb 3, 2015",35.51,36.06,35.43,36.06,31.85,11228800.0,,
"Feb 2, 2015",35.08,35.33,34.53,35.31,31.19,41698800.0,,
"Jan 30, 2015",35.26,35.46,34.95,34.99,30.91,16055400.0,,
"Jan 29, 2015",35.02,35.45,34.82,35.38,31.25,17070000.0,,
"Jan 28, 2015",35.55,35.57,34.87,34.9,30.83,10395000.0,,
"Jan 27, 2015",35.24,35.6,35.13,35.37,31.24,11772400.0,,
"Jan 26, 2015",35.45,35.67,35.34,35.65,31.49,6906800.0,,
"Jan 23, 2015",35.56,35.64,35.38,35.47,31.33,9963400.0,,
"Jan 22, 2015",34.97,35.58,34.85,35.51,31.37,30350200.0,,
"Jan 21, 2015",34.62,34.97,34.51,34.86,30.79,18744000.0,,
"Jan 20, 2015",34.88,34.95,34.33,34.63,30.59,27874600.0,,
"Jan 16, 2015",34.4,34.88,34.25,34.83,30.77,19104200.0,,
"Jan 15, 2015",34.91,35.05,34.37,34.38,30.37,16102400.0,,
"Jan 14, 2015",34.78,34.97,34.43,34.83,30.77,20350000.0,,
"Jan 13, 2015",35.65,35.85,34.98,35.26,31.14,15103200.0,,
"Jan 12, 2015",35.51,35.56,35.11,35.26,31.14,12056600.0,,
"Jan 9, 2015",35.85,35.88,35.4,35.44,31.31,11258400.0,,
"Jan 8, 2015",35.63,35.91,35.46,35.86,31.68,12798200.0,,
"Jan 7, 2015",35.37,35.37,35.01,35.33,31.21,14822000.0,,
"Jan 6, 2015",35.28,35.28,34.54,34.78,30.72,14346000.0,,
"Jan 5, 2015",35.68,35.76,35.06,35.13,31.03,17165800.0,,
"Jan 2, 2015",36.26,36.33,35.57,35.81,31.64,12371000.0,,
"Dec 31, 2014",36.33,36.49,36.06,36.08,31.87,13328000.0,,
"Dec 30, 2014",36.29,36.38,36.15,36.22,31.99,12102400.0,,
"Dec 29, 2014",36.1,36.46,36.01,36.39,32.14,46027200.0,,
"Dec 26, 2014",36.02,36.19,35.97,36.12,31.9,28204600.0,,
"Dec 24, 2014",36.08,36.08,35.91,35.92,31.73,3375600.0,,
"Dec 23, 2014",35.9,36.1,35.85,35.98,31.78,14674600.0,,
"Dec 22, 2014",35.5,35.78,35.5,35.78,31.61,9902400.0,,
"Dec 19, 2014",,,,,,,Dividend,0.1465
"Dec 19, 2014",35.44,35.53,35.23,35.44,31.3,19660200.0,,
"Dec 18, 2014",35.4,35.49,35.03,35.49,31.22,37697000.0,,
"Dec 17, 2014",34.41,34.97,34.32,34.91,30.71,19427800.0,,
"Dec 16, 2014",34.67,34.93,34.22,34.26,30.13,18229600.0,,
"Dec 15, 2014",35.19,35.28,34.61,34.79,30.6,17765000.0,,
"Dec 12, 2014",35.07,35.38,34.93,35.0,30.79,24352200.0,,
"Dec 11, 2014",35.1,35.54,35.07,35.22,30.99,35139600.0,,
"Dec 10, 2014",35.35,35.4,34.9,34.94,30.74,10930400.0,,
"Dec 9, 2014",35.28,35.44,34.99,35.41,31.15,8876000.0,,
"Dec 8, 2014",35.69,35.76,35.35,35.47,31.21,8405800.0,,
"Dec 5, 2014",35.69,35.83,35.69,35.76,31.46,8961000.0,,
"Dec 4, 2014",35.67,35.76,35.51,35.69,31.39,12190200.0,,
"Dec 3, 2014",35.7,35.74,35.54,35.71,31.41,11326400.0,,
"Dec 2, 2014",35.56,35.72,35.54,35.65,31.36,10333800.0,,
"Dec 1, 2014",35.8,35.81,35.46,35.51,31.24,23771000.0,,
"Nov 28, 2014",35.63,35.97,35.63,35.9,31.59,6714400.0,,
"Nov 26, 2014",35.47,35.51,35.41,35.47,31.21,4674800.0,,
"Nov 25, 2014",35.49,35.59,35.35,35.48,31.21,8501800.0,,
"Nov 24, 2014",35.23,35.38,35.16,35.37,31.11,6685200.0,,
"Nov 21, 2014",35.29,35.33,34.96,35.04,30.83,15564400.0,,
"Nov 20, 2014",34.65,35.05,34.64,34.96,30.75,10706200.0,,
"Nov 19, 2014",34.72,34.83,34.63,34.81,30.62,10035200.0,,
"Nov 18, 2014",34.53,34.75,34.51,34.67,30.49,8964200.0,,
"Nov 17, 2014",34.53,34.71,34.51,34.6,30.44,8062200.0,,
"Nov 14, 2014",34.54,34.65,34.47,34.64,30.47,19116000.0,,
"Nov 13, 2014",34.17,34.6,34.17,34.51,30.35,21600200.0,,
"Nov 12, 2014",34.02,34.35,34.02,34.29,30.16,10533200.0,,
"Nov 11, 2014",34.03,34.13,33.93,34.13,30.02,6460800.0,,
"Nov 10, 2014",34.06,34.08,33.78,33.99,29.9,5300800.0,,
"Nov 7, 2014",33.95,34.04,33.86,34.01,29.91,7542000.0,,
"Nov 6, 2014",33.82,34.08,33.77,34.06,29.96,22500000.0,,
"Nov 5, 2014",33.92,33.94,33.58,33.78,29.71,21506800.0,,
"Nov 4, 2014",33.87,33.92,33.47,33.64,29.59,9889200.0,,
"Nov 3, 2014",34.13,34.13,33.99,34.05,29.95,31852200.0,,
"Nov 3, 2014",34.13,34.13,33.99,34.05,29.95,31852200.0,,
"Oct 31, 2014",34.17,34.21,33.96,34.05,29.95,9478800.0,,
"Oct 30, 2014",33.43,33.82,32.5,33.72,29.66,10203800.0,,
"Oct 29, 2014",33.65,33.72,33.33,33.5,29.47,9770600.0,,
"Oct 28, 2014",33.38,33.61,33.26,33.6,29.56,15389000.0,,
"Oct 27, 2014",33.13,33.31,33.03,33.24,29.24,7441600.0,,
"Oct 24, 2014",33.1,33.2,32.94,33.17,29.18,9014200.0,,
"Oct 23, 2014",33.13,33.43,33.05,33.21,29.21,10367600.0,,
"Oct 22, 2014",33.14,33.22,32.74,32.76,28.82,15529200.0,,
"Oct 21, 2014",32.56,33.08,32.53,33.04,29.07,11069000.0,,
"Oct 20, 2014",31.89,32.44,31.89,32.42,28.52,12384400.0,,
"Oct 17, 2014",31.88,32.24,31.84,31.97,28.12,17024200.0,,
"Oct 16, 2014",30.88,31.83,30.88,31.62,27.82,25364400.0,,
"Oct 15, 2014",31.4,31.75,30.84,31.58,27.78,30186400.0,,
"Oct 14, 2014",31.81,32.1,31.69,31.85,28.02,22490000.0,,
"Oct 13, 2014",32.26,32.33,31.59,31.62,27.82,42621400.0,,
"Oct 10, 2014",32.51,32.78,32.28,32.28,28.39,22018200.0,,
"Oct 9, 2014",33.29,33.29,32.56,32.56,28.64,45401600.0,,
"Oct 8, 2014",32.83,33.38,32.63,33.31,29.31,14306200.0,,
"Oct 7, 2014",33.15,33.21,32.8,32.8,28.85,12900200.0,,
"Oct 6, 2014",33.57,33.64,33.22,33.29,29.29,7781400.0,,
"Oct 3, 2014",33.26,33.58,33.19,33.47,29.45,9919600.0,,
"Oct 2, 2014",32.92,33.1,32.52,33.05,29.07,14969200.0,,
"Oct 1, 2014",33.27,33.33,32.85,32.9,28.94,13114000.0,,
"Sep 30, 2014",33.62,33.62,33.29,33.35,29.33,8856600.0,,
"Sep 29, 2014",33.42,33.67,33.38,33.53,29.5,13681200.0,,
"Sep 26, 2014",33.51,33.78,33.47,33.71,29.65,5186800.0,,
"Sep 25, 2014",33.77,33.81,33.34,33.36,29.35,9279200.0,,
"Sep 24, 2014",33.53,33.87,33.42,33.85,29.78,12686200.0,,
"Sep 23, 2014",33.65,33.77,33.47,33.47,29.45,10973400.0,,
"Sep 22, 2014",34.13,34.19,33.68,33.76,29.7,10849000.0,,
"Sep 19, 2014",,,,,,,Dividend,0.1145
"Sep 19, 2014",34.37,34.44,34.17,34.24,30.12,11847200.0,,
"Sep 18, 2014",34.3,34.38,34.23,34.35,30.11,5625200.0,,
"Sep 17, 2014",34.22,34.36,34.06,34.19,29.98,12802800.0,,
"Sep 16, 2014",33.94,34.3,33.89,34.21,29.99,5693600.0,,
"Sep 15, 2014",34.17,34.21,33.96,34.03,29.84,5822200.0,,
"Sep 12, 2014",34.24,34.29,34.05,34.17,29.96,5826800.0,,
"Sep 11, 2014",34.11,34.31,34.11,34.28,30.05,4877200.0,,
"Sep 10, 2014",34.22,34.28,34.03,34.26,30.04,5738200.0,,
"Sep 9, 2014",34.44,34.47,34.12,34.14,29.93,5116800.0,,
"Sep 8, 2014",34.54,34.58,34.34,34.49,30.23,5001600.0,,
"Sep 5, 2014",34.44,34.65,34.33,34.63,30.36,5337200.0,,
"Sep 4, 2014",34.44,34.67,34.44,34.51,30.26,7466800.0,,
"Sep 3, 2014",34.62,34.63,34.35,34.38,30.15,5213200.0,,
"Sep 2, 2014",34.42,34.58,34.31,34.47,30.23,19040400.0,,
"Aug 29, 2014",34.46,34.5,34.29,34.41,30.17,4618400.0,,
"Aug 28, 2014",34.31,34.46,34.24,34.42,30.17,4626200.0,,
"Aug 27, 2014",34.44,34.51,34.4,34.46,30.21,3597000.0,,
"Aug 26, 2014",34.44,34.51,34.38,34.42,30.18,4041600.0,,
"Aug 25, 2014",34.49,34.49,34.37,34.42,30.18,7935200.0,,
"Aug 22, 2014",34.28,34.37,34.18,34.32,30.09,6581400.0,,
"Aug 21, 2014",34.33,34.34,34.23,34.26,30.03,3998600.0,,
"Aug 20, 2014",34.03,34.34,34.03,34.28,30.06,10008000.0,,
"Aug 19, 2014",34.06,34.17,34.0,34.13,29.92,7493800.0,,
"Aug 18, 2014",33.79,33.92,33.75,33.87,29.7,9493800.0,,
"Aug 15, 2014",33.74,33.77,33.33,33.56,29.42,12865200.0,,
"Aug 14, 2014",33.42,33.63,33.37,33.63,29.48,11199200.0,,
"Aug 13, 2014",33.35,33.45,33.26,33.37,29.25,6769200.0,,
"Aug 12, 2014",33.28,33.42,33.16,33.24,29.15,6254200.0,,
"Aug 11, 2014",33.31,33.42,33.26,33.33,29.22,10065000.0,,
"Aug 8, 2014",32.67,33.21,32.67,33.18,29.09,11141800.0,,
"Aug 7, 2014",33.06,33.12,32.58,32.67,28.65,12729000.0,,
"Aug 6, 2014",32.69,33.06,32.67,32.85,28.8,21923400.0,,
"Aug 5, 2014",33.0,33.16,32.8,32.92,28.86,19794200.0,,
"Aug 4, 2014",32.91,33.25,32.88,33.15,29.06,33885200.0,,
"Aug 1, 2014",32.85,33.06,32.67,32.83,28.78,12177600.0,,
"Jul 31, 2014",33.33,33.38,32.92,32.94,28.88,12899200.0,,
"Jul 30, 2014",33.51,33.6,33.36,33.56,29.43,47735000.0,,
"Jul 29, 2014",33.53,33.71,33.38,33.38,29.27,7169400.0,,
"Jul 28, 2014",33.42,33.51,33.26,33.47,29.35,5607600.0,,
"Jul 25, 2014",33.53,33.6,33.35,33.41,29.29,7705400.0,,
"Jul 24, 2014",33.77,33.89,33.74,33.78,29.62,7953600.0,,
"Jul 23, 2014",33.74,33.74,33.6,33.71,29.56,10778600.0,,
"Jul 22, 2014",33.67,33.81,33.63,33.74,29.58,8820200.0,,
"Jul 21, 2014",33.64,33.71,33.49,33.6,29.45,7413800.0,,
"Jul 18, 2014",33.55,33.76,33.51,33.75,29.59,6909800.0,,
"Jul 17, 2014",33.68,33.83,33.38,33.44,29.32,11274800.0,,
"Jul 16, 2014",33.94,34.01,33.72,33.76,29.6,46941200.0,,
"Jul 15, 2014",33.7,33.81,33.51,33.67,29.52,8314000.0,,
"Jul 14, 2014",33.87,33.9,33.75,33.79,29.63,6845600.0,,
"Jul 11, 2014",33.64,33.72,33.57,33.69,29.54,14082200.0,,
"Jul 10, 2014",33.41,33.73,33.4,33.58,29.45,9684600.0,,
"Jul 9, 2014",33.59,33.93,33.55,33.9,29.72,37130200.0,,
"Jul 8, 2014",33.77,33.78,33.42,33.49,29.37,10200600.0,,
"Jul 7, 2014",33.92,33.99,33.79,33.83,29.66,6180800.0,,
"Jul 3, 2014",33.88,34.06,33.85,34.03,29.84,3494800.0,,
"Jul 2, 2014",33.75,33.84,33.72,33.78,29.61,3497800.0,,
"Jul 1, 2014",33.46,33.8,33.42,33.72,29.57,7661200.0,,
"Jun 30, 2014",33.36,33.44,33.31,33.37,29.26,5026600.0,,
"Jun 27, 2014",33.24,33.42,33.22,33.38,29.27,10409800.0,,
"Jun 26, 2014",33.28,33.31,33.03,33.31,29.2,6159000.0,,
"Jun 25, 2014",32.92,33.32,32.92,33.28,29.18,7891400.0,,
"Jun 24, 2014",33.0,33.28,32.96,33.0,28.93,7817400.0,,
"Jun 23, 2014",33.0,33.1,32.94,33.08,29.0,8578400.0,,
"Jun 20, 2014",,,,,,,Dividend,0.106
"Jun 20, 2014",33.26,33.29,33.0,33.04,28.97,10022200.0,,
"Jun 19, 2014",33.37,33.46,33.18,33.27,29.08,5960400.0,,
"Jun 18, 2014",33.07,33.38,33.02,33.35,29.15,11680600.0,,
"Jun 17, 2014",32.99,33.13,32.9,33.1,28.93,8035400.0,,
"Jun 17, 2014",32.99,33.13,32.9,33.1,28.93,8035400.0,,
"Jun 16, 2014",32.78,33.01,32.78,32.97,28.81,7106000.0,,
"Jun 13, 2014",32.89,32.97,32.7,32.9,28.75,9925600.0,,
"Jun 12, 2014",33.31,33.31,32.81,32.88,28.74,9099200.0,,
"Jun 11, 2014",33.31,33.38,33.19,33.31,29.11,6055800.0,,
"Jun 10, 2014",33.4,33.47,33.35,33.4,29.19,10923200.0,,
"Jun 9, 2014",33.49,33.63,33.42,33.47,29.25,5137400.0,,
"Jun 6, 2014",33.33,33.47,33.3,33.46,29.24,6407800.0,,
"Jun 5, 2014",33.1,33.31,32.94,33.26,29.07,5406800.0,,
"Jun 4, 2014",32.79,33.08,32.74,33.05,28.88,4322200.0,,
"Jun 3, 2014",32.83,32.95,32.81,32.89,28.74,4486600.0,,
"Jun 2, 2014",32.9,32.97,32.76,32.95,28.8,6097400.0,,
"May 30, 2014",32.76,32.85,32.7,32.84,28.7,6104000.0,,
"May 29, 2014",32.78,32.81,32.65,32.81,28.67,5896000.0,,
"May 28, 2014",32.72,32.76,32.51,32.67,28.56,20212400.0,,
"May 27, 2014",32.67,32.75,32.63,32.71,28.59,6805200.0,,
"May 23, 2014",32.32,32.56,32.26,32.54,28.44,3970200.0,,
"May 22, 2014",32.11,32.34,32.06,32.28,28.22,10515000.0,,
"May 21, 2014",31.82,32.14,31.82,32.12,28.07,7778000.0,,
"May 20, 2014",31.85,31.98,31.64,31.73,27.73,9698000.0,,
"May 19, 2014",31.78,32.04,31.69,32.02,27.98,5477200.0,,
"May 16, 2014",31.64,31.9,31.53,31.88,27.86,6022800.0,,
"May 15, 2014",31.75,31.81,31.32,31.64,27.65,11412400.0,,
"May 14, 2014",32.17,32.22,31.81,31.87,27.85,8571000.0,,
"May 13, 2014",32.37,32.47,32.17,32.23,28.17,9919800.0,,
"May 12, 2014",32.05,32.33,32.01,32.32,28.25,11423200.0,,
"May 9, 2014",31.73,31.94,31.56,31.92,27.9,10121600.0,,
"May 8, 2014",31.59,32.05,31.57,31.75,27.74,11520800.0,,
"May 7, 2014",31.83,31.85,31.42,31.66,27.67,8789800.0,,
"May 6, 2014",32.05,32.12,31.69,31.69,27.7,8395400.0,,
"May 5, 2014",31.97,32.18,31.84,32.15,28.1,6695800.0,,
"May 2, 2014",32.08,32.31,32.04,32.13,28.08,8223000.0,,
"May 1, 2014",31.96,32.19,31.94,32.04,28.01,8350600.0,,
"Apr 30, 2014",31.68,31.97,31.64,31.92,27.9,15589200.0,,
"Apr 29, 2014",31.74,31.83,31.51,31.78,27.78,8820400.0,,
"Apr 28, 2014",31.85,31.92,31.25,31.64,27.65,18693400.0,,
"Apr 25, 2014",32.06,32.06,31.67,31.72,27.72,9471000.0,,
"Apr 24, 2014",32.22,32.38,32.0,32.27,28.2,7367400.0,,
"Apr 23, 2014",32.21,32.33,32.06,32.1,28.05,5654000.0,,
"Apr 22, 2014",32.06,32.38,32.06,32.24,28.18,9351600.0,,
"Apr 21, 2014",31.88,32.0,31.78,31.97,27.94,21173200.0,,
"Apr 17, 2014",31.75,31.99,31.75,31.89,27.87,9907000.0,,
"Apr 16, 2014",31.81,31.85,31.54,31.84,27.83,9508600.0,,
"Apr 15, 2014",31.47,31.58,30.92,31.41,27.45,19377800.0,,
"Apr 14, 2014",31.36,31.5,31.11,31.36,27.41,9402200.0,,
"Apr 11, 2014",31.27,31.55,31.06,31.12,27.2,16892400.0,,
"Apr 10, 2014",32.31,32.36,31.53,31.56,27.58,20151000.0,,
"Apr 9, 2014",32.08,32.37,31.97,32.36,28.28,7682800.0,,
"Apr 8, 2014",31.67,32.04,31.6,32.01,27.98,9501000.0,,
"Apr 7, 2014",32.2,32.24,31.5,31.69,27.7,15177400.0,,
"Apr 4, 2014",33.08,33.08,32.26,32.33,28.25,14800200.0,,
"Apr 3, 2014",33.12,33.13,32.71,32.87,28.73,10739400.0,,
"Apr 2, 2014",32.83,33.08,32.83,33.03,28.87,10086800.0,,
"Apr 1, 2014",32.46,32.83,32.38,32.81,28.67,10149600.0,,
"Mar 31, 2014",32.33,32.46,32.31,32.36,28.28,11358000.0,,
"Mar 28, 2014",32.01,32.33,31.98,32.14,28.09,11367400.0,,
"Mar 27, 2014",32.0,32.08,31.76,31.9,27.88,12697600.0,,
"Mar 26, 2014",32.46,32.49,32.04,32.06,28.01,13913400.0,,
"Mar 25, 2014",32.59,32.71,32.15,32.31,28.24,11722400.0,,
"Mar 24, 2014",32.88,32.97,32.35,32.51,28.41,24711000.0,,
"Mar 21, 2014",,,,,,,Dividend,0.104
"Mar 21, 2014",33.26,33.27,32.81,32.84,28.7,12462200.0,,
"Mar 20, 2014",33.04,33.22,32.88,33.15,28.89,7523600.0,,
"Mar 19, 2014",33.31,33.33,32.88,33.07,28.81,12116200.0,,
"Mar 18, 2014",33.22,33.35,33.15,33.29,29.0,6445800.0,,
"Mar 17, 2014",33.07,33.24,33.06,33.15,28.88,6463000.0,,
"Mar 14, 2014",32.92,33.12,32.84,32.92,28.68,9572200.0,,
"Mar 13, 2014",33.54,33.54,32.81,32.96,28.71,22536600.0,,
"Mar 12, 2014",33.23,33.39,33.08,33.36,29.06,9573000.0,,
"Mar 11, 2014",33.74,33.74,33.31,33.41,29.11,8780400.0,,
"Mar 10, 2014",33.68,33.69,33.43,33.6,29.28,6549200.0,,
"Mar 7, 2014",33.92,33.92,33.62,33.69,29.36,8679800.0,,
"Mar 6, 2014",33.72,33.81,33.62,33.74,29.4,10510600.0,,
"Mar 5, 2014",33.59,33.66,33.53,33.66,29.33,15136200.0,,
"Mar 4, 2014",33.44,33.57,33.41,33.52,29.2,8782200.0,,
"Mar 3, 2014",33.08,33.21,32.85,33.1,28.84,17337600.0,,
"Feb 28, 2014",33.28,33.53,33.16,33.42,29.12,13988200.0,,
"Feb 27, 2014",33.13,33.31,33.03,33.28,29.0,8773600.0,,
"Feb 26, 2014",33.04,33.35,32.99,33.15,28.88,10977000.0,,
"Feb 25, 2014",32.79,33.01,32.74,32.97,28.72,9076600.0,,
"Feb 24, 2014",32.63,32.95,32.63,32.74,28.52,6431000.0,,
"Feb 21, 2014",32.65,32.71,32.54,32.6,28.4,8750400.0,,
"Feb 20, 2014",32.46,32.58,32.33,32.53,28.35,9397400.0,,
"Feb 19, 2014",32.58,32.69,32.31,32.36,28.19,12608800.0,,
"Feb 18, 2014",32.75,32.75,32.49,32.63,28.42,7156400.0,,
"Feb 14, 2014",32.38,32.71,32.34,32.58,28.39,9657000.0,,
"Feb 13, 2014",32.1,32.46,32.1,32.39,28.22,13169000.0,,
"Feb 12, 2014",32.33,32.42,32.2,32.29,28.13,8446600.0,,
"Feb 11, 2014",32.12,32.37,32.05,32.26,28.11,11294800.0,,
"Feb 10, 2014",32.09,32.09,31.88,32.03,27.9,9341200.0,,
"Feb 7, 2014",31.88,32.08,31.73,32.04,27.92,12541000.0,,
"Feb 6, 2014",31.1,31.68,31.1,31.66,27.58,16587600.0,,
"Feb 5, 2014",30.88,31.08,30.56,31.0,27.01,15495600.0,,
"Feb 4, 2014",30.82,31.02,30.71,30.96,26.97,18990400.0,,
"Feb 3, 2014",31.38,31.48,30.51,30.58,26.65,64955400.0,,
"Jan 31, 2014",31.35,31.66,31.22,31.41,27.37,13651400.0,,
"Jan 30, 2014",31.56,31.95,31.56,31.86,27.76,25474200.0,,
"Jan 29, 2014",31.57,31.68,31.28,31.33,27.3,34830200.0,,
"Jan 28, 2014",31.75,31.94,31.73,31.84,27.74,9463600.0,,
"Jan 27, 2014",31.81,31.89,31.36,31.63,27.55,14436000.0,,
"Jan 27, 2014",31.81,31.89,31.36,31.63,27.55,14436000.0,,
"Jan 24, 2014",32.17,32.22,31.74,31.75,27.66,17244600.0,,
"Jan 23, 2014",32.51,32.54,32.22,32.37,28.2,15946200.0,,
"Jan 22, 2014",32.57,32.63,32.45,32.6,28.4,9272000.0,,
"Jan 21, 2014",32.65,32.74,32.31,32.51,28.33,20878800.0,,
"Jan 17, 2014",32.67,32.74,32.49,32.54,28.35,11174000.0,,
"Jan 16, 2014",32.85,32.85,32.62,32.69,28.48,12664000.0,,
"Jan 15, 2014",32.83,32.96,32.81,32.87,28.63,11710000.0,,
"Jan 14, 2014",32.67,32.81,32.49,32.78,28.56,12181200.0,,
"Jan 13, 2014",33.15,33.15,32.46,32.51,28.32,13961400.0,,
"Jan 10, 2014",33.12,33.2,32.97,33.17,28.9,9261000.0,,
"Jan 9, 2014",33.16,33.18,32.88,33.07,28.81,10163800.0,,
"Jan 8, 2014",33.15,33.19,32.99,33.08,28.82,11579000.0,,
"Jan 7, 2014",33.26,33.26,33.0,33.17,28.89,6171400.0,,
"Jan 6, 2014",33.21,33.28,32.89,32.97,28.72,8157600.0,,
"Jan 3, 2014",33.28,33.37,33.15,33.17,28.9,7545600.0,,
"Jan 2, 2014",33.35,33.42,33.14,33.26,28.98,8663800.0,,
"Dec 31, 2013",33.37,33.42,33.28,33.42,29.11,7351600.0,,
"Dec 30, 2013",33.21,33.3,33.15,33.28,29.0,4232200.0,,
"Dec 27, 2013",33.35,33.36,33.12,33.13,28.87,6285000.0,,
"Dec 26, 2013",33.16,33.29,33.1,33.29,29.0,10062800.0,,
"Dec 24, 2013",32.95,33.07,32.95,33.04,28.79,3984000.0,,
"Dec 23, 2013",32.99,32.99,32.82,32.97,28.73,7378800.0,,
"Dec 20, 2013",,,,,,,Dividend,0.131
"Dec 20, 2013",32.78,32.92,32.73,32.83,28.6,14787000.0,,
"Dec 19, 2013",32.82,32.88,32.69,32.83,28.48,12015400.0,,
"Dec 18, 2013",32.36,32.87,32.06,32.85,28.5,19499600.0,,
"Dec 17, 2013",32.49,32.51,32.24,32.37,28.08,7383600.0,,
"Dec 16, 2013",32.36,32.55,32.35,32.45,28.16,6972400.0,,
"Dec 13, 2013",32.22,32.35,32.21,32.24,27.98,6624800.0,,
"Dec 12, 2013",32.25,32.28,32.11,32.16,27.91,7136000.0,,
"Dec 11, 2013",32.58,32.63,32.21,32.26,27.99,11420200.0,,
"Dec 10, 2013",32.51,32.64,32.49,32.56,28.25,6534600.0,,
"Dec 9, 2013",32.58,32.7,32.49,32.54,28.24,10567800.0,,
"Dec 6, 2013",32.62,32.62,32.35,32.56,28.26,7846200.0,,
"Dec 5, 2013",32.17,32.38,32.16,32.29,28.02,8178400.0,,
"Dec 4, 2013",32.19,32.46,32.03,32.26,27.99,10835600.0,,
"Dec 3, 2013",32.53,32.53,32.21,32.33,28.06,8232200.0,,
"Dec 2, 2013",32.76,32.88,32.58,32.65,28.33,8315800.0,,
"Nov 29, 2013",32.85,32.93,32.74,32.8,28.46,6998000.0,,
"Nov 27, 2013",32.83,32.85,32.61,32.77,28.44,6217600.0,,
"Nov 26, 2013",32.42,32.74,32.42,32.65,28.33,7063000.0,,
"Nov 25, 2013",32.51,32.57,32.4,32.46,28.16,6658400.0,,
"Nov 22, 2013",32.21,32.44,32.17,32.42,28.14,8830400.0,,
"Nov 21, 2013",32.01,32.28,31.97,32.24,27.98,6650800.0,,
"Nov 20, 2013",32.17,32.25,31.83,31.92,27.69,9103400.0,,
"Nov 19, 2013",32.24,32.33,32.04,32.08,27.84,12721800.0,,
"Nov 18, 2013",32.53,32.54,32.14,32.22,27.96,9786000.0,,
"Nov 15, 2013",32.44,32.49,32.31,32.47,28.18,10275600.0,,
"Nov 14, 2013",32.19,32.4,32.14,32.37,28.08,11876200.0,,
"Nov 13, 2013",31.52,32.14,31.5,32.14,27.89,13309200.0,,
"Nov 12, 2013",31.57,31.73,31.49,31.64,27.46,8892800.0,,
"Nov 11, 2013",31.67,31.76,31.56,31.69,27.5,10458400.0,,
"Nov 8, 2013",31.23,31.66,31.17,31.65,27.46,16574400.0,,
"Nov 7, 2013",31.91,31.94,31.13,31.15,27.03,19335400.0,,
"Nov 6, 2013",32.03,32.1,31.75,31.81,27.6,9047400.0,,
"Nov 5, 2013",31.8,31.95,31.6,31.89,27.67,8033000.0,,
"Nov 4, 2013",31.83,31.92,31.73,31.89,27.67,9981200.0,,
"Nov 1, 2013",31.85,31.87,31.6,31.78,27.58,8825600.0,,
"Oct 31, 2013",31.63,31.91,31.56,31.7,27.51,15281000.0,,
"Oct 30, 2013",31.88,31.9,31.44,31.63,27.44,11442200.0,,
"Oct 29, 2013",31.69,31.78,31.51,31.78,27.58,15431800.0,,
"Oct 28, 2013",31.64,31.65,31.47,31.59,27.42,9797400.0,,
"Oct 25, 2013",31.58,31.69,31.49,31.66,27.47,7765000.0,,
"Oct 24, 2013",31.25,31.44,31.17,31.42,27.26,10248400.0,,
"Oct 23, 2013",31.18,31.3,31.0,31.11,27.0,10492800.0,,
"Oct 22, 2013",31.22,31.42,31.12,31.31,27.17,13549400.0,,
"Oct 21, 2013",31.07,31.1,30.95,31.1,26.99,6316000.0,,
"Oct 18, 2013",30.93,31.08,30.83,31.02,26.92,10486600.0,,
"Oct 17, 2013",30.48,30.85,30.48,30.83,26.75,9871600.0,,
"Oct 16, 2013",30.43,30.63,30.35,30.6,26.56,11075600.0,,
"Oct 15, 2013",30.46,30.48,30.18,30.23,26.23,26736200.0,,
"Oct 14, 2013",30.22,30.52,30.16,30.52,26.48,12097600.0,,
"Oct 11, 2013",30.1,30.4,30.08,30.4,26.38,17655600.0,,
"Oct 10, 2013",29.77,30.17,29.77,30.14,26.15,12208800.0,,
"Oct 9, 2013",29.59,29.61,29.23,29.45,25.56,23215800.0,,
"Oct 8, 2013",30.1,30.1,29.56,29.58,25.67,15799000.0,,
"Oct 7, 2013",30.28,30.35,30.06,30.06,26.08,10618400.0,,
"Oct 4, 2013",30.28,30.53,30.19,30.49,26.46,7938400.0,,
"Oct 3, 2013",30.46,30.58,30.08,30.2,26.21,10398400.0,,
"Oct 2, 2013",30.44,30.56,30.27,30.55,26.51,11036600.0,,
"Oct 1, 2013",30.3,30.58,30.3,30.56,26.52,12384600.0,,
"Sep 30, 2013",30.11,30.39,30.08,30.32,26.31,10763200.0,,
"Sep 27, 2013",30.32,30.47,30.3,30.43,26.41,9906600.0,,
"Sep 26, 2013",30.14,30.43,30.14,30.42,26.4,7033600.0,,
"Sep 25, 2013",30.34,30.35,30.09,30.14,26.15,11441400.0,,
"Sep 24, 2013",30.27,30.5,30.17,30.33,26.31,7725200.0,,
"Sep 23, 2013",30.42,30.45,30.11,30.25,26.24,14314400.0,,
"Sep 20, 2013",,,,,,,Dividend,0.09
"Sep 20, 2013",30.67,30.75,30.45,30.48,26.45,15376600.0,,
"Sep 19, 2013",30.86,30.88,30.69,30.75,26.61,12677400.0,,
"Sep 18, 2013",30.37,30.87,30.27,30.76,26.62,19324400.0,,
"Sep 17, 2013",30.2,30.44,30.2,30.42,26.32,8481000.0,,
"Sep 16, 2013",30.47,30.5,30.19,30.24,26.16,12945600.0,,
"Sep 13, 2013",30.05,30.13,29.92,30.1,26.05,11258400.0,,
"Sep 12, 2013",30.05,30.14,29.9,30.02,25.97,8517400.0,,
"Sep 11, 2013",29.84,30.09,29.84,30.09,26.03,10198400.0,,
"Sep 10, 2013",29.7,29.88,29.7,29.87,25.84,8859200.0,,
"Sep 9, 2013",29.43,29.64,29.38,29.58,25.6,8730400.0,,
"Sep 6, 2013",29.51,29.55,29.03,29.33,25.37,11900600.0,,
"Sep 6, 2013",29.51,29.55,29.03,29.33,25.37,11900600.0,,
"Sep 5, 2013",29.39,29.51,29.33,29.36,25.4,10060600.0,,
"Sep 4, 2013",29.0,29.4,29.0,29.35,25.39,10841600.0,,
"Sep 3, 2013",29.17,29.31,28.93,29.05,25.13,16041200.0,,
"Aug 30, 2013",29.07,29.07,28.74,28.84,24.95,11733800.0,,
"Aug 29, 2013",28.83,29.17,28.79,29.02,25.11,10192000.0,,
"Aug 28, 2013",28.7,28.97,28.66,28.88,24.99,7105200.0,,
"Aug 27, 2013",28.9,29.05,28.7,28.73,24.85,13951000.0,,
"Aug 26, 2013",29.3,29.46,29.18,29.2,25.26,8351600.0,,
"Aug 23, 2013",29.31,29.34,29.12,29.26,25.32,5604000.0,,
"Aug 22, 2013",29.0,29.36,28.93,29.25,25.31,11581400.0,,
"Aug 21, 2013",29.14,29.22,28.87,28.97,25.06,10499200.0,,
"Aug 20, 2013",29.02,29.3,29.02,29.22,25.28,6948400.0,,
"Aug 19, 2013",29.03,29.18,28.92,28.92,25.02,6670000.0,,
"Aug 16, 2013",29.06,29.28,29.05,29.05,25.13,12909000.0,,
"Aug 15, 2013",29.45,29.49,29.05,29.15,25.22,30791600.0,,
"Aug 14, 2013",29.88,29.94,29.66,29.67,25.67,12760000.0,,
"Aug 13, 2013",30.0,30.06,29.76,30.0,25.96,7543800.0,,
"Aug 12, 2013",29.88,30.09,29.85,30.0,25.96,6998000.0,,
"Aug 9, 2013",30.13,30.22,29.94,30.04,25.99,6246200.0,,
"Aug 8, 2013",30.05,30.19,29.91,30.1,26.05,6040000.0,,
"Aug 7, 2013",30.01,30.08,29.83,29.91,25.87,7118600.0,,
"Aug 6, 2013",30.24,30.31,29.99,30.17,26.1,6338600.0,,
"Aug 5, 2013",30.31,30.34,30.23,30.3,26.21,3654600.0,,
"Aug 2, 2013",30.09,30.38,30.08,30.36,26.27,7475000.0,,
"Aug 1, 2013",29.93,30.2,29.89,30.15,26.08,8260600.0,,
"Jul 31, 2013",29.64,29.9,29.64,29.68,25.68,10498200.0,,
"Jul 30, 2013",29.73,29.73,29.5,29.53,25.55,6596000.0,,
"Jul 29, 2013",29.71,29.77,29.55,29.6,25.61,8570600.0,,
"Jul 26, 2013",29.57,29.78,29.47,29.76,25.75,6053000.0,,
"Jul 25, 2013",29.6,29.67,29.48,29.67,25.67,7441800.0,,
"Jul 24, 2013",29.86,29.9,29.56,29.63,25.63,7704600.0,,
"Jul 23, 2013",29.81,29.87,29.68,29.73,25.72,7686000.0,,
"Jul 22, 2013",29.81,29.85,29.65,29.76,25.75,8323400.0,,
"Jul 19, 2013",29.8,29.88,29.7,29.78,25.77,11149600.0,,
"Jul 18, 2013",29.69,29.91,29.69,29.81,25.79,6296200.0,,
"Jul 17, 2013",29.69,29.71,29.59,29.64,25.64,10845000.0,,
"Jul 16, 2013",29.8,29.83,29.51,29.63,25.63,9588800.0,,
"Jul 15, 2013",29.95,29.95,29.77,29.78,25.77,7216800.0,,
"Jul 12, 2013",29.69,29.88,29.67,29.86,25.84,8951200.0,,
"Jul 11, 2013",29.61,29.75,29.55,29.72,25.71,14324000.0,,
"Jul 10, 2013",29.24,29.35,29.11,29.3,25.35,19610400.0,,
"Jul 9, 2013",29.32,29.36,29.18,29.27,25.32,12694200.0,,
"Jul 8, 2013",29.08,29.2,29.03,29.16,25.23,26434600.0,,
"Jul 5, 2013",28.82,28.91,28.58,28.89,24.99,12732600.0,,
"Jul 3, 2013",28.3,28.75,28.25,28.58,24.72,5241000.0,,
"Jul 2, 2013",28.36,28.64,28.33,28.44,24.61,6061800.0,,
"Jul 1, 2013",28.38,28.59,28.33,28.4,24.57,19371200.0,,
"Jun 28, 2013",28.05,28.36,28.02,28.2,24.4,15998200.0,,
"Jun 27, 2013",28.0,28.22,28.0,28.1,24.31,7897000.0,,
"Jun 26, 2013",27.74,27.92,27.73,27.86,24.1,12385600.0,,
"Jun 25, 2013",27.52,27.61,27.36,27.51,23.81,8804000.0,,
"Jun 24, 2013",27.24,27.47,26.98,27.27,23.59,14009600.0,,
"Jun 21, 2013",,,,,,,Dividend,0.088
"Jun 21, 2013",27.67,27.71,27.24,27.52,23.81,23885400.0,,
"Jun 20, 2013",28.0,28.05,27.48,27.56,23.76,25885000.0,,
"Jun 19, 2013",28.64,28.69,28.29,28.3,24.4,17527800.0,,
"Jun 18, 2013",28.35,28.67,28.35,28.62,24.68,9319600.0,,
"Jun 17, 2013",28.33,28.5,28.17,28.33,24.43,9353600.0,,
"Jun 14, 2013",28.23,28.35,28.09,28.17,24.3,13476400.0,,
"Jun 13, 2013",27.74,28.31,27.7,28.26,24.38,12633200.0,,
"Jun 12, 2013",28.25,28.27,27.7,27.75,23.93,10609000.0,,
"Jun 11, 2013",28.03,28.31,27.97,28.06,24.2,11578600.0,,
"Jun 10, 2013",28.53,28.53,28.29,28.33,24.44,11948800.0,,
"Jun 7, 2013",28.08,28.43,28.01,28.42,24.51,9511800.0,,
"Jun 6, 2013",27.64,27.91,27.46,27.91,24.07,14849600.0,,
"Jun 5, 2013",27.96,28.04,27.57,27.62,23.82,24211400.0,,
"Jun 4, 2013",28.22,28.39,27.89,28.08,24.22,16123400.0,,
"Jun 3, 2013",28.14,28.2,27.82,28.18,24.31,15799200.0,,
"May 31, 2013",28.33,28.56,28.04,28.06,24.2,16537600.0,,
"May 30, 2013",28.48,28.61,28.35,28.38,24.48,7425200.0,,
"May 29, 2013",28.54,28.54,28.26,28.38,24.48,9013800.0,,
"May 28, 2013",28.74,28.87,28.55,28.67,24.73,13002000.0,,
"May 24, 2013",28.32,28.42,28.14,28.4,24.49,10341800.0,,
"May 23, 2013",28.23,28.53,28.19,28.49,24.57,10958200.0,,
"May 22, 2013",28.84,29.05,28.42,28.55,24.62,19137200.0,,
"May 21, 2013",28.78,28.93,28.68,28.82,24.86,7679600.0,,
"May 20, 2013",28.71,28.81,28.63,28.69,24.74,9667400.0,,
"May 17, 2013",28.58,28.8,28.57,28.77,24.82,11421400.0,,
"May 16, 2013",28.76,28.85,28.45,28.5,24.58,11949400.0,,
"May 15, 2013",28.65,28.85,28.65,28.83,24.87,9512800.0,,
"May 14, 2013",28.41,28.7,28.4,28.68,24.73,7018800.0,,
"May 13, 2013",28.35,28.41,28.25,28.39,24.48,4514400.0,,
"May 10, 2013",28.19,28.39,28.19,28.39,24.48,5932800.0,,
"May 9, 2013",28.16,28.29,28.07,28.17,24.29,13298600.0,,
"May 8, 2013",28.08,28.13,27.98,28.11,24.25,6793600.0,,
"May 7, 2013",27.94,28.09,27.81,28.09,24.23,9237000.0,,
"May 6, 2013",27.78,27.91,27.73,27.86,24.03,6391000.0,,
"May 3, 2013",27.65,27.85,27.63,27.77,23.95,13017400.0,,
"May 2, 2013",27.17,27.44,27.17,27.42,23.65,6057400.0,,
"May 1, 2013",27.26,27.38,27.13,27.16,23.42,8542800.0,,
"Apr 30, 2013",27.25,27.32,27.18,27.31,23.55,7696400.0,,
"Apr 29, 2013",27.25,27.33,27.14,27.23,23.48,6315600.0,,
"Apr 26, 2013",27.23,27.25,27.06,27.14,23.4,4946200.0,,
"Apr 25, 2013",27.08,27.34,27.08,27.25,23.51,13610400.0,,
"Apr 24, 2013",27.11,27.21,26.95,27.02,23.31,5838200.0,,
"Apr 23, 2013",26.93,27.05,26.73,27.0,23.29,10678400.0,,
"Apr 22, 2013",26.64,26.78,26.43,26.74,23.06,9122800.0,,
"Apr 19, 2013",26.3,26.64,26.28,26.62,22.96,12820200.0,,
"Apr 18, 2013",26.64,26.66,26.17,26.31,22.69,17506000.0,,
"Apr 18, 2013",26.64,26.66,26.17,26.31,22.69,17506000.0,,
"Apr 17, 2013",26.73,26.74,26.45,26.59,22.94,17940800.0,,
"Apr 16, 2013",26.69,26.87,26.6,26.87,23.17,13402600.0,,
"Apr 15, 2013",27.06,27.13,26.49,26.49,22.85,18148000.0,,
"Apr 12, 2013",27.0,27.2,26.98,27.2,23.46,15579600.0,,
"Apr 11, 2013",26.86,27.18,26.86,27.06,23.34,12533000.0,,
"Apr 10, 2013",26.61,26.87,26.56,26.83,23.14,10017200.0,,
"Apr 9, 2013",26.63,26.64,26.4,26.52,22.88,10632800.0,,
"Apr 8, 2013",26.27,26.59,26.27,26.59,22.94,8943600.0,,
"Apr 5, 2013",26.11,26.33,25.98,26.3,22.68,8173200.0,,
"Apr 4, 2013",26.25,26.47,26.25,26.42,22.79,8872800.0,,
"Apr 3, 2013",26.58,26.58,26.19,26.27,22.66,13689600.0,,
"Apr 2, 2013",26.39,26.58,26.39,26.52,22.87,9197800.0,,
"Apr 1, 2013",26.5,26.57,26.27,26.3,22.68,11949600.0,,
"Mar 28, 2013",26.42,26.52,26.37,26.5,22.85,7601200.0,,
"Mar 27, 2013",26.28,26.43,26.19,26.41,22.77,6747200.0,,
"Mar 26, 2013",26.31,26.41,26.26,26.4,22.76,6604200.0,,
"Mar 25, 2013",26.37,26.48,26.14,26.26,22.65,9097800.0,,
"Mar 22, 2013",26.13,26.32,26.11,26.31,22.69,13824000.0,,
"Mar 21, 2013",26.07,26.15,25.91,25.99,22.41,10378800.0,,
"Mar 20, 2013",26.08,26.27,26.08,26.21,22.6,8235400.0,,
"Mar 19, 2013",26.19,26.19,25.74,25.91,22.35,12501000.0,,
"Mar 18, 2013",26.06,26.2,25.97,26.09,22.51,10426400.0,,
"Mar 15, 2013",,,,,,,Dividend,0.079
"Mar 15, 2013",26.35,26.39,26.24,26.3,22.68,12098000.0,,
"Mar 14, 2013",26.49,26.5,26.38,26.48,22.77,7418400.0,,
"Mar 13, 2013",26.31,26.46,26.27,26.44,22.74,7673000.0,,
"Mar 12, 2013",26.35,26.4,26.22,26.3,22.61,7450000.0,,
"Mar 11, 2013",26.28,26.4,26.25,26.38,22.68,6414600.0,,
"Mar 8, 2013",26.18,26.35,26.08,26.31,22.62,8086000.0,,
"Mar 7, 2013",26.0,26.05,25.96,26.03,22.39,6686400.0,,
"Mar 6, 2013",26.07,26.16,25.96,25.99,22.35,7052800.0,,
"Mar 5, 2013",25.86,26.05,25.83,26.01,22.37,12488800.0,,
"Mar 4, 2013",25.42,25.75,25.42,25.75,22.14,14118200.0,,
"Mar 1, 2013",25.22,25.52,25.17,25.52,21.95,9063600.0,,
"Feb 28, 2013",25.31,25.54,25.28,25.47,21.9,11651000.0,,
"Feb 27, 2013",25.01,25.42,24.95,25.34,21.79,10202800.0,,
"Feb 26, 2013",24.82,25.0,24.74,24.96,21.46,15745000.0,,
"Feb 25, 2013",25.25,25.27,24.7,24.72,21.25,10648400.0,,
"Feb 22, 2013",25.07,25.11,24.91,25.1,21.59,10679400.0,,
"Feb 21, 2013",25.11,25.14,24.88,24.97,21.47,17507000.0,,
"Feb 20, 2013",25.56,25.61,25.17,25.17,21.65,13975000.0,,
"Feb 19, 2013",25.49,25.58,25.44,25.57,21.98,14120400.0,,
"Feb 15, 2013",25.46,25.58,25.33,25.47,21.9,24578200.0,,
"Feb 14, 2013",25.34,25.49,25.33,25.44,21.88,9375200.0,,
"Feb 13, 2013",25.53,25.59,25.35,25.43,21.87,11664800.0,,
"Feb 12, 2013",25.28,25.42,25.27,25.38,21.82,9130200.0,,
"Feb 11, 2013",25.38,25.38,25.23,25.27,21.73,4773200.0,,
"Feb 8, 2013",25.23,25.38,25.18,25.36,21.81,5852200.0,,
"Feb 7, 2013",25.23,25.25,24.92,25.17,21.64,10330800.0,,
"Feb 6, 2013",25.19,25.3,25.1,25.22,21.69,10132800.0,,
"Feb 5, 2013",25.01,25.25,24.99,25.17,21.64,11727600.0,,
"Feb 4, 2013",25.07,25.16,24.89,24.9,21.41,8217200.0,,
"Feb 1, 2013",25.24,25.31,25.16,25.21,21.68,10308600.0,,
"Jan 31, 2013",25.13,25.2,25.02,25.07,21.55,11650400.0,,
"Jan 30, 2013",25.33,25.33,25.16,25.18,21.66,8183800.0,,
"Jan 29, 2013",25.3,25.31,25.09,25.23,21.69,12552400.0,,
"Jan 28, 2013",25.49,25.49,25.3,25.33,21.78,10488200.0,,
"Jan 25, 2013",25.23,25.46,25.23,25.45,21.88,11365400.0,,
"Jan 24, 2013",25.08,25.33,25.08,25.18,21.66,8509800.0,,
"Jan 23, 2013",24.93,25.02,24.86,25.0,21.49,5234400.0,,
"Jan 22, 2013",24.89,25.0,24.84,24.98,21.48,9113200.0,,
"Jan 18, 2013",24.93,24.94,24.77,24.91,21.42,10528000.0,,
"Jan 17, 2013",24.75,24.94,24.74,24.88,21.39,9271600.0,,
"Jan 16, 2013",24.63,24.66,24.55,24.62,21.17,7482400.0,,
"Jan 15, 2013",24.42,24.69,24.39,24.67,21.22,17256600.0,,
"Jan 14, 2013",24.5,24.57,24.4,24.5,21.06,10753800.0,,
"Jan 11, 2013",24.41,24.48,24.35,24.43,21.01,6741000.0,,
"Jan 10, 2013",24.41,24.44,24.26,24.42,20.99,10270800.0,,
"Jan 9, 2013",24.26,24.4,24.25,24.27,20.87,7330400.0,,
"Jan 8, 2013",24.23,24.28,24.07,24.24,20.84,7750800.0,,
"Jan 7, 2013",24.31,24.33,24.18,24.31,20.9,7127800.0,,
"Jan 4, 2013",24.32,24.4,24.25,24.36,20.95,9975200.0,,
"Jan 3, 2013",24.28,24.42,24.22,24.27,20.87,11225000.0,,
"Jan 2, 2013",24.17,24.25,24.03,24.22,20.82,19876600.0,,
"Dec 31, 2012",23.18,23.74,23.15,23.72,20.4,24944000.0,,
"Dec 28, 2012",23.33,23.47,23.23,23.25,20.0,30771400.0,,
"Dec 27, 2012",23.45,23.52,23.12,23.44,20.16,10183200.0,,
"Dec 26, 2012",23.7,23.7,23.33,23.42,20.13,8918200.0,,
"Dec 24, 2012",23.58,23.68,23.45,23.66,20.34,5127200.0,,
"Dec 21, 2012",,,,,,,Dividend,0.153
"Dec 21, 2012",23.5,23.67,23.48,23.64,20.33,17475600.0,,
"Dec 20, 2012",23.93,24.01,23.83,24.0,20.51,8380800.0,,
"Dec 19, 2012",24.18,24.2,23.94,23.95,20.47,9162400.0,,
"Dec 18, 2012",23.92,24.19,23.88,24.13,20.61,23669200.0,,
"Dec 17, 2012",23.46,23.86,23.45,23.84,20.37,10929400.0,,
"Dec 14, 2012",23.45,23.53,23.4,23.42,20.01,10130800.0,,
"Dec 13, 2012",23.67,23.8,23.47,23.52,20.1,7271200.0,,
"Dec 12, 2012",23.75,23.83,23.64,23.68,20.23,9788600.0,,
"Dec 11, 2012",23.71,23.75,23.57,23.65,20.21,10897000.0,,
"Dec 10, 2012",23.65,23.72,23.56,23.58,20.14,15681600.0,,
"Dec 7, 2012",23.77,23.77,23.58,23.71,20.26,14323000.0,,
"Dec 6, 2012",23.48,23.66,23.44,23.62,20.18,7606400.0,,
"Dec 5, 2012",23.62,23.62,23.3,23.47,20.05,13097200.0,,
"Dec 4, 2012",23.6,23.64,23.42,23.54,20.11,11359600.0,,
"Dec 3, 2012",23.92,23.92,23.62,23.64,20.2,19672800.0,,
"Nov 30, 2012",23.67,23.81,23.61,23.76,20.3,10946600.0,,
"Nov 29, 2012",23.73,23.82,23.62,23.75,20.29,7811400.0,,
"Nov 28, 2012",23.33,23.69,23.22,23.68,20.23,23569200.0,,
"Nov 27, 2012",23.47,23.56,23.36,23.38,19.97,8545200.0,,
"Nov 27, 2012",23.47,23.56,23.36,23.38,19.97,8545200.0,,
"Nov 26, 2012",23.49,23.52,23.35,23.47,20.05,14932600.0,,
"Nov 23, 2012",23.37,23.58,23.37,23.58,20.15,3779400.0,,
"Nov 21, 2012",23.18,23.31,23.16,23.27,19.88,11909600.0,,
"Nov 20, 2012",23.07,23.27,23.0,23.19,19.81,10274200.0,,
"Nov 19, 2012",22.85,23.08,22.84,23.08,19.71,14625400.0,,
"Nov 16, 2012",22.44,22.63,22.33,22.59,19.3,21996600.0,,
"Nov 15, 2012",22.43,22.58,22.34,22.44,19.17,13401000.0,,
"Nov 14, 2012",22.9,22.91,22.4,22.45,19.19,22211400.0,,
"Nov 13, 2012",22.67,23.0,22.65,22.8,19.48,6605200.0,,
"Nov 12, 2012",22.8,22.84,22.68,22.73,19.42,7039400.0,,
"Nov 9, 2012",22.64,22.91,22.59,22.71,19.4,14761200.0,,
"Nov 8, 2012",23.2,23.27,22.82,22.82,19.5,12935200.0,,
"Nov 7, 2012",23.3,23.38,23.01,23.19,19.82,13969200.0,,
"Nov 6, 2012",23.41,23.52,23.34,23.47,20.05,9504000.0,,
"Nov 5, 2012",23.26,23.38,23.16,23.34,19.95,12630200.0,,
"Nov 2, 2012",23.56,23.63,23.27,23.28,19.89,12173800.0,,
"Nov 1, 2012",23.13,23.34,23.08,23.3,19.91,10258800.0,,
"Oct 31, 2012",23.17,23.21,22.85,23.03,19.68,18315800.0,,
"Oct 26, 2012",22.95,23.01,22.72,22.96,19.62,7577200.0,,
"Oct 25, 2012",23.07,23.16,22.78,22.89,19.55,5990800.0,,
"Oct 24, 2012",23.16,23.16,22.9,22.94,19.6,5481600.0,,
"Oct 23, 2012",22.98,23.1,22.83,23.03,19.68,9354400.0,,
"Oct 22, 2012",23.27,23.32,23.06,23.22,19.83,6554200.0,,
"Oct 19, 2012",23.63,23.64,23.2,23.29,19.9,14896400.0,,
"Oct 18, 2012",23.69,23.83,23.6,23.72,20.26,8949200.0,,
"Oct 17, 2012",23.63,23.77,23.58,23.7,20.25,9962400.0,,
"Oct 16, 2012",23.44,23.59,23.44,23.57,20.13,7666400.0,,
"Oct 15, 2012",23.22,23.39,23.08,23.35,19.95,6924200.0,,
"Oct 12, 2012",23.14,23.26,23.07,23.13,19.76,11437000.0,,
"Oct 11, 2012",23.41,23.41,23.07,23.13,19.76,11621800.0,,
"Oct 10, 2012",23.41,23.45,23.19,23.24,19.85,10855000.0,,
"Oct 9, 2012",23.74,23.74,23.37,23.38,19.98,11578000.0,,
"Oct 8, 2012",23.7,23.83,23.68,23.76,20.3,5473400.0,,
"Oct 5, 2012",23.9,23.99,23.74,23.81,20.34,10052400.0,,
"Oct 4, 2012",23.64,23.78,23.6,23.74,20.28,10827000.0,,
"Oct 3, 2012",23.42,23.6,23.34,23.52,20.1,7900600.0,,
"Oct 2, 2012",23.46,23.5,23.25,23.33,19.94,8313800.0,,
"Oct 1, 2012",23.45,23.65,23.33,23.38,19.98,5375200.0,,
"Sep 28, 2012",23.34,23.5,23.22,23.4,19.99,7286200.0,,
"Sep 27, 2012",23.35,23.58,23.31,23.5,20.07,5793600.0,,
"Sep 26, 2012",23.41,23.45,23.17,23.26,19.87,7033800.0,,
"Sep 25, 2012",23.77,23.86,23.42,23.42,20.01,5911200.0,,
"Sep 24, 2012",23.68,23.75,23.63,23.7,20.25,5377000.0,,
"Sep 21, 2012",,,,,,,Dividend,0.083
"Sep 21, 2012",23.89,23.92,23.74,23.76,20.3,9417800.0,,
"Sep 20, 2012",23.77,23.87,23.68,23.86,20.32,7068200.0,,
"Sep 19, 2012",23.73,23.97,23.68,23.9,20.34,11949600.0,,
"Sep 18, 2012",23.69,23.72,23.6,23.65,20.14,6535600.0,,
"Sep 17, 2012",23.83,23.83,23.69,23.76,20.23,5422400.0,,
"Sep 14, 2012",23.82,24.0,23.79,23.85,20.31,10467000.0,,
"Sep 13, 2012",23.45,23.82,23.39,23.76,20.23,11712200.0,,
"Sep 12, 2012",23.43,23.5,23.35,23.46,19.97,9850200.0,,
"Sep 11, 2012",23.36,23.42,23.31,23.34,19.88,6184400.0,,
"Sep 10, 2012",23.39,23.5,23.34,23.35,19.88,5881800.0,,
"Sep 7, 2012",23.33,23.42,23.3,23.39,19.91,9532000.0,,
"Sep 6, 2012",22.9,23.28,22.89,23.26,19.81,10768800.0,,
"Sep 5, 2012",22.75,22.84,22.68,22.75,19.37,12406800.0,,
"Sep 4, 2012",22.73,22.82,22.58,22.72,19.34,12437600.0,,
"Aug 31, 2012",22.81,22.88,22.65,22.77,19.39,7261600.0,,
"Aug 30, 2012",22.71,22.81,22.66,22.68,19.31,11250600.0,,
"Aug 29, 2012",22.72,22.84,22.68,22.81,19.42,8028600.0,,
"Aug 28, 2012",22.63,22.76,22.59,22.69,19.32,7244400.0,,
"Aug 27, 2012",22.75,22.75,22.59,22.65,19.28,5579600.0,,
"Aug 24, 2012",22.46,22.71,22.44,22.68,19.31,5896800.0,,
"Aug 23, 2012",22.58,22.6,22.45,22.5,19.16,7060600.0,,
"Aug 22, 2012",22.55,22.69,22.54,22.66,19.29,7563200.0,,
"Aug 21, 2012",22.66,22.77,22.55,22.59,19.23,6603600.0,,
"Aug 20, 2012",22.67,22.69,22.53,22.62,19.26,7038200.0,,
"Aug 17, 2012",22.64,22.75,22.64,22.72,19.34,9154800.0,,
"Aug 16, 2012",22.41,22.7,22.41,22.63,19.27,14047600.0,,
"Aug 15, 2012",22.34,22.47,22.34,22.44,19.11,4618400.0,,
"Aug 14, 2012",22.48,22.48,22.31,22.38,19.05,7095400.0,,
"Aug 13, 2012",22.28,22.33,22.18,22.32,19.0,4789600.0,,
"Aug 10, 2012",22.25,22.33,22.2,22.31,19.0,8928600.0,,
"Aug 9, 2012",22.32,22.4,22.27,22.33,19.01,3436600.0,,
"Aug 8, 2012",22.24,22.36,22.17,22.34,19.02,8037000.0,,
"Aug 7, 2012",22.35,22.53,22.35,22.45,19.12,12502800.0,,
"Aug 6, 2012",22.2,22.31,22.16,22.25,18.94,10836800.0,,
"Aug 3, 2012",21.98,22.2,21.96,22.17,18.87,15292400.0,,
"Aug 2, 2012",21.55,21.84,21.5,21.74,18.51,14415400.0,,
"Aug 1, 2012",21.92,21.93,21.66,21.68,18.46,15779400.0,,
"Jul 31, 2012",21.96,21.96,21.77,21.77,18.54,11804600.0,,
"Jul 30, 2012",22.14,22.2,22.0,22.06,18.78,15601400.0,,
"Jul 27, 2012",21.83,22.19,21.83,22.14,18.85,19862200.0,,
"Jul 26, 2012",21.67,21.78,21.5,21.71,18.48,10344000.0,,
"Jul 25, 2012",21.44,21.5,21.28,21.36,18.19,6431400.0,,
"Jul 24, 2012",21.57,21.6,21.27,21.41,18.23,9807400.0,,
"Jul 23, 2012",21.53,21.63,21.4,21.56,18.35,7985400.0,,
"Jul 20, 2012",22.0,22.02,21.86,21.88,18.62,11541400.0,,
"Jul 19, 2012",22.05,22.29,21.99,22.15,18.85,8381800.0,,
"Jul 18, 2012",21.8,22.06,21.77,22.0,18.73,14100800.0,,
"Jul 17, 2012",21.73,21.94,21.6,21.89,18.63,12678400.0,,
"Jul 16, 2012",21.69,21.79,21.59,21.67,18.45,8102800.0,,
"Jul 13, 2012",21.49,21.85,21.46,21.81,18.57,12118800.0,,
"Jul 12, 2012",21.39,21.55,21.23,21.46,18.27,12639600.0,,
"Jul 11, 2012",21.63,21.67,21.38,21.51,18.31,17611800.0,,
"Jul 10, 2012",21.88,21.95,21.56,21.64,18.42,12337600.0,,
"Jul 9, 2012",21.87,21.9,21.69,21.76,18.53,11543400.0,,
"Jul 6, 2012",21.81,21.96,21.76,21.89,18.63,10615400.0,,
"Jul 6, 2012",21.81,21.96,21.76,21.89,18.63,10615400.0,,
"Jul 5, 2012",21.83,22.1,21.82,21.99,18.72,11049600.0,,
"Jul 3, 2012",21.93,21.99,21.82,21.93,18.68,5544000.0,,
"Jul 2, 2012",21.91,21.99,21.79,21.95,18.69,16784400.0,,
"Jun 29, 2012",21.78,21.92,21.6,21.89,18.64,20060400.0,,
"Jun 28, 2012",21.43,21.49,21.23,21.43,18.25,13537000.0,,
"Jun 27, 2012",21.58,21.69,21.49,21.56,18.35,8129600.0,,
"Jun 26, 2012",21.41,21.66,21.34,21.58,18.38,15523600.0,,
"Jun 25, 2012",21.44,21.5,21.24,21.32,18.15,15135400.0,,
"Jun 22, 2012",21.63,21.69,21.55,21.66,18.44,7776000.0,,
"Jun 21, 2012",22.07,22.07,21.54,21.56,18.36,15924800.0,,
"Jun 20, 2012",22.1,22.14,21.86,22.04,18.77,14074400.0,,
"Jun 19, 2012",21.97,22.17,21.93,22.07,18.79,21073800.0,,
"Jun 18, 2012",21.63,21.91,21.58,21.86,18.62,10990600.0,,
"Jun 15, 2012",,,,,,,Dividend,0.076
"Jun 15, 2012",21.6,21.73,21.52,21.71,18.48,20657200.0,,
"Jun 14, 2012",21.38,21.67,21.32,21.58,18.3,24209200.0,,
"Jun 13, 2012",21.52,21.61,21.22,21.29,18.06,22783200.0,,
"Jun 12, 2012",21.45,21.64,21.33,21.6,18.33,24132600.0,,
"Jun 11, 2012",21.88,21.89,21.34,21.38,18.13,22115200.0,,
"Jun 8, 2012",21.43,21.71,21.34,21.7,18.41,12487200.0,,
"Jun 7, 2012",21.85,21.85,21.46,21.51,18.25,16325000.0,,
"Jun 6, 2012",21.24,21.53,21.22,21.51,18.25,18108200.0,,
"Jun 5, 2012",20.87,21.09,20.85,21.06,17.87,13564200.0,,
"Jun 4, 2012",20.87,21.01,20.72,20.94,17.77,21881000.0,,
"Jun 1, 2012",21.18,21.24,20.83,20.87,17.71,30107600.0,,
"May 31, 2012",21.57,21.69,21.35,21.55,18.28,19736200.0,,
"May 30, 2012",21.73,21.75,21.53,21.59,18.32,14576800.0,,
"May 29, 2012",21.82,21.98,21.72,21.94,18.61,24655000.0,,
"May 25, 2012",21.7,21.75,21.58,21.64,18.36,12193400.0,,
"May 24, 2012",21.61,21.71,21.49,21.67,18.39,15790000.0,,
"May 23, 2012",21.31,21.61,21.2,21.58,18.3,13270200.0,,
"May 22, 2012",21.45,21.63,21.32,21.46,18.21,18412000.0,,
"May 21, 2012",20.98,21.38,20.86,21.38,18.13,16673400.0,,
"May 18, 2012",21.23,21.35,20.98,21.0,17.82,18975800.0,,
"May 17, 2012",21.76,21.77,21.15,21.17,17.96,31044600.0,,
"May 16, 2012",21.83,22.0,21.74,21.74,18.44,16355800.0,,
"May 15, 2012",21.79,22.06,21.73,21.77,18.47,19657800.0,,
"May 14, 2012",21.94,22.03,21.81,21.81,18.5,23373600.0,,
"May 11, 2012",22.03,22.37,22.02,22.12,18.77,16199200.0,,
"May 10, 2012",22.22,22.3,22.08,22.17,18.81,15600000.0,,
"May 9, 2012",21.98,22.21,21.84,22.09,18.74,22291600.0,,
"May 8, 2012",22.27,22.28,21.81,22.17,18.81,24420200.0,,
"May 7, 2012",22.39,22.54,22.36,22.44,19.04,15508600.0,,
"May 4, 2012",22.8,22.8,22.43,22.45,19.05,19999800.0,,
"May 3, 2012",23.07,23.09,22.83,22.9,19.43,10054600.0,,
"May 2, 2012",22.88,23.1,22.83,23.08,19.58,19296800.0,,
"May 1, 2012",22.86,23.14,22.78,22.95,19.48,15511600.0,,
"Apr 30, 2012",22.92,22.92,22.75,22.81,19.35,13903200.0,,
"Apr 27, 2012",22.82,23.04,22.72,22.93,19.46,17906200.0,,
"Apr 26, 2012",22.34,22.7,22.34,22.66,19.22,11561400.0,,
"Apr 25, 2012",22.17,22.39,22.16,22.38,18.98,15792800.0,,
"Apr 24, 2012",22.1,22.19,21.92,22.0,18.67,17761400.0,,
"Apr 23, 2012",22.13,22.16,21.93,22.08,18.73,12324200.0,,
"Apr 20, 2012",22.38,22.49,22.31,22.32,18.94,9196200.0,,
"Apr 19, 2012",22.47,22.58,22.18,22.28,18.91,11413600.0,,
"Apr 18, 2012",22.38,22.56,22.35,22.47,19.06,8628400.0,,
"Apr 17, 2012",22.31,22.5,22.24,22.43,19.03,9396400.0,,
"Apr 16, 2012",22.33,22.39,22.09,22.19,18.83,19842600.0,,
"Apr 13, 2012",22.29,22.4,22.17,22.27,18.9,12947600.0,,
"Apr 12, 2012",22.1,22.35,22.01,22.33,18.95,14096400.0,,
"Apr 11, 2012",21.97,22.11,21.95,22.06,18.71,9042400.0,,
"Apr 10, 2012",22.22,22.3,21.71,21.75,18.46,34536400.0,,
"Apr 9, 2012",22.18,22.35,22.14,22.3,18.92,13188000.0,,
"Apr 5, 2012",22.27,22.54,22.27,22.5,19.09,11427200.0,,
"Apr 4, 2012",22.42,22.44,22.21,22.35,18.96,14964000.0,,
"Apr 3, 2012",22.58,22.7,22.48,22.56,19.14,10632600.0,,
"Apr 2, 2012",22.51,22.68,22.45,22.6,19.18,21711200.0,,
"Mar 30, 2012",22.54,22.6,22.42,22.55,19.13,8367400.0,,
"Mar 29, 2012",22.3,22.47,22.19,22.44,19.04,7817600.0,,
"Mar 28, 2012",22.66,22.66,22.35,22.45,19.05,13392000.0,,
"Mar 27, 2012",22.75,22.78,22.63,22.65,19.21,9001400.0,,
"Mar 26, 2012",22.51,22.69,22.48,22.68,19.24,11443800.0,,
"Mar 23, 2012",22.26,22.35,22.05,22.33,18.94,7054400.0,,
"Mar 22, 2012",22.25,22.35,22.2,22.3,18.92,9118600.0,,
"Mar 21, 2012",22.37,22.42,22.33,22.35,18.97,6158800.0,,
"Mar 20, 2012",22.18,22.37,22.12,22.33,18.94,9535400.0,,
"Mar 19, 2012",22.1,22.32,22.09,22.29,18.91,14249800.0,,
"Mar 16, 2012",,,,,,,Dividend,0.0685
"Mar 16, 2012",22.27,22.28,22.13,22.17,18.81,15447600.0,,
"Mar 15, 2012",22.24,22.33,22.15,22.32,18.87,10541200.0,,
"Mar 14, 2012",22.28,22.3,22.17,22.24,18.81,13957200.0,,
"Mar 13, 2012",22.01,22.27,21.98,22.27,18.84,13602600.0,,
"Mar 12, 2012",22.0,22.06,21.89,21.93,18.55,10772000.0,,
"Mar 9, 2012",21.95,22.03,21.9,21.99,18.6,9470800.0,,
"Mar 8, 2012",21.67,21.91,21.67,21.86,18.49,8756200.0,,
"Mar 7, 2012",21.48,21.67,21.47,21.65,18.31,9631800.0,,
"Mar 6, 2012",21.54,21.55,21.33,21.4,18.1,10974000.0,,
"Mar 5, 2012",21.7,21.78,21.64,21.74,18.39,6652200.0,,
"Mar 2, 2012",21.71,21.84,21.68,21.76,18.4,11599800.0,,
"Mar 1, 2012",21.66,21.81,21.65,21.77,18.42,9467200.0,,
"Feb 29, 2012",21.69,21.75,21.59,21.59,18.27,19011800.0,,
"Feb 28, 2012",21.56,21.68,21.5,21.67,18.33,12252000.0,,
"Feb 27, 2012",21.35,21.58,21.3,21.56,18.23,8870800.0,,
"Feb 24, 2012",21.45,21.52,21.4,21.43,18.13,5540200.0,,
"Feb 23, 2012",21.35,21.47,21.27,21.45,18.15,7072600.0,,
"Feb 22, 2012",21.41,21.44,21.27,21.35,18.06,9264400.0,,
"Feb 21, 2012",21.55,21.6,21.36,21.41,18.1,8236600.0,,
"Feb 17, 2012",21.35,21.51,21.35,21.48,18.17,6741400.0,,
"Feb 16, 2012",21.17,21.33,21.16,21.3,18.01,9935000.0,,
"Feb 16, 2012",21.17,21.33,21.16,21.3,18.01,9935000.0,,
"Feb 15, 2012",21.4,21.43,21.16,21.2,17.94,9940800.0,,
"Feb 14, 2012",21.22,21.32,21.14,21.3,18.02,7708200.0,,
"Feb 13, 2012",21.31,21.35,21.25,21.33,18.04,9679200.0,,
"Feb 10, 2012",21.06,21.18,21.03,21.16,17.89,6367000.0,,
"Feb 9, 2012",21.23,21.29,21.08,21.27,17.99,8258800.0,,
"Feb 8, 2012",21.24,21.33,21.1,21.24,17.96,8521800.0,,
"Feb 7, 2012",21.08,21.22,21.02,21.18,17.92,18817200.0,,
"Feb 6, 2012",21.0,21.12,20.99,21.08,17.83,5171600.0,,
"Feb 3, 2012",20.85,21.13,20.85,21.13,17.87,11123600.0,,
"Feb 2, 2012",20.72,20.75,20.6,20.7,17.51,7214200.0,,
"Feb 1, 2012",20.7,20.81,20.66,20.73,17.53,11254400.0,,
"Jan 31, 2012",20.8,20.81,20.58,20.66,17.47,6828400.0,,
"Jan 30, 2012",20.55,20.7,20.42,20.67,17.48,9903200.0,,
"Jan 27, 2012",20.62,20.76,20.58,20.73,17.53,6762800.0,,
"Jan 26, 2012",20.88,20.95,20.66,20.74,17.54,7479800.0,,
"Jan 25, 2012",20.61,20.82,20.52,20.77,17.57,8151000.0,,
"Jan 24, 2012",20.49,20.64,20.42,20.63,17.44,5635000.0,,
"Jan 23, 2012",20.58,20.71,20.42,20.57,17.39,5862400.0,,
"Jan 20, 2012",20.75,20.75,20.52,20.58,17.41,12068000.0,,
"Jan 19, 2012",20.6,20.78,20.58,20.75,17.55,7903400.0,,
"Jan 18, 2012",20.28,20.59,20.2,20.57,17.4,8930000.0,,
"Jan 17, 2012",20.31,20.38,20.22,20.25,17.12,4717400.0,,
"Jan 13, 2012",20.1,20.19,19.99,20.19,17.08,6846400.0,,
"Jan 12, 2012",20.19,20.25,20.04,20.22,17.1,4188200.0,,
"Jan 11, 2012",20.09,20.19,20.08,20.16,17.05,5221000.0,,
"Jan 10, 2012",20.17,20.17,20.06,20.13,17.02,7713000.0,,
"Jan 9, 2012",20.08,20.08,19.92,20.0,16.91,6142800.0,,
"Jan 6, 2012",20.0,20.1,19.9,20.02,16.94,6185200.0,,
"Jan 5, 2012",19.72,20.0,19.61,20.0,16.91,9152600.0,,
"Jan 4, 2012",19.64,19.88,19.64,19.83,16.77,6236600.0,,
"Jan 3, 2012",19.83,19.91,19.67,19.67,16.64,24111000.0,,
"Dec 30, 2011",19.6,19.63,19.51,19.51,16.5,3975200.0,,
"Dec 29, 2011",19.44,19.64,19.44,19.64,16.61,4639400.0,,
"Dec 28, 2011",19.7,19.7,19.38,19.43,16.44,5336000.0,,
"Dec 27, 2011",19.51,19.69,19.5,19.65,16.62,4226200.0,,
"Dec 23, 2011",19.47,19.6,19.43,19.59,16.57,3983200.0,,
"Dec 22, 2011",19.4,19.42,19.31,19.38,16.39,6843400.0,,
"Dec 21, 2011",19.28,19.37,19.14,19.32,16.34,6711000.0,,
"Dec 20, 2011",19.02,19.3,19.0,19.25,16.29,11583400.0,,
"Dec 19, 2011",19.0,19.1,18.68,18.74,15.85,10322800.0,,
"Dec 16, 2011",,,,,,,Dividend,0.11
"Dec 16, 2011",19.08,19.18,18.92,18.95,16.03,24864000.0,,
"Dec 15, 2011",19.18,19.22,19.03,19.06,16.03,14978800.0,,
"Dec 14, 2011",19.19,19.19,18.91,19.03,16.0,15993000.0,,
"Dec 13, 2011",19.71,19.74,19.15,19.23,16.17,15795600.0,,
"Dec 12, 2011",19.53,19.64,19.34,19.61,16.49,28487800.0,,
"Dec 9, 2011",19.45,19.75,19.45,19.67,16.55,13206200.0,,
"Dec 8, 2011",19.67,19.73,19.32,19.35,16.28,12827400.0,,
"Dec 7, 2011",19.58,19.86,19.48,19.77,16.63,9435800.0,,
"Dec 6, 2011",19.69,19.76,19.59,19.65,16.52,12284200.0,,
"Dec 5, 2011",19.83,19.88,19.59,19.72,16.58,9183400.0,,
"Dec 2, 2011",19.6,19.72,19.52,19.53,16.43,11458800.0,,
"Dec 1, 2011",19.34,19.77,19.31,19.39,16.3,8752000.0,,
"Nov 30, 2011",19.32,19.39,19.16,19.37,16.29,17420400.0,,
"Nov 29, 2011",18.77,18.89,18.69,18.78,15.8,9683200.0,,
"Nov 28, 2011",18.67,18.83,18.6,18.72,15.74,11134400.0,,
"Nov 25, 2011",18.19,18.39,18.17,18.17,15.28,5977400.0,,
"Nov 23, 2011",18.45,18.52,18.25,18.26,15.36,9337800.0,,
"Nov 22, 2011",18.61,18.73,18.45,18.64,15.67,7865600.0,,
"Nov 21, 2011",18.68,18.73,18.41,18.65,15.68,11704600.0,,
"Nov 18, 2011",19.03,19.07,18.83,18.94,15.93,7739800.0,,
"Nov 17, 2011",19.26,19.31,18.84,18.95,15.94,13999400.0,,
"Nov 16, 2011",19.49,19.65,19.25,19.29,16.22,9803600.0,,
"Nov 15, 2011",19.5,19.76,19.42,19.66,16.53,7796200.0,,
"Nov 14, 2011",19.65,19.76,19.51,19.59,16.47,6967600.0,,
"Nov 11, 2011",19.44,19.78,19.44,19.74,16.6,13413000.0,,
"Nov 10, 2011",19.27,19.3,19.0,19.25,16.19,13508800.0,,
"Nov 9, 2011",19.38,19.4,19.0,19.07,16.04,13776400.0,,
"Nov 8, 2011",19.68,19.81,19.39,19.77,16.63,16891400.0,,
"Nov 7, 2011",19.5,19.59,19.3,19.58,16.47,9088200.0,,
"Nov 4, 2011",19.42,19.51,19.24,19.46,16.36,9393400.0,,
"Nov 3, 2011",19.47,19.58,19.06,19.53,16.43,13476800.0,,
"Nov 2, 2011",19.41,19.41,19.12,19.28,16.22,10861400.0,,
"Nov 1, 2011",19.02,19.28,18.91,19.09,16.05,21417200.0,,
"Oct 31, 2011",19.61,19.75,19.5,19.51,16.41,12987000.0,,
"Oct 28, 2011",19.89,19.93,19.68,19.82,16.66,18144400.0,,
"Oct 27, 2011",19.96,20.08,19.61,19.97,16.79,25967200.0,,
"Oct 26, 2011",19.54,19.59,19.11,19.44,16.35,32416200.0,,
"Oct 25, 2011",19.84,19.84,19.45,19.51,16.41,22184200.0,,
"Oct 24, 2011",19.77,20.02,19.68,19.95,16.78,26215200.0,,
"Oct 21, 2011",19.4,19.67,19.37,19.66,16.53,20837200.0,,
"Oct 20, 2011",19.08,19.22,18.83,19.13,16.09,17991000.0,,
"Oct 19, 2011",19.35,19.37,18.97,19.03,16.01,14810800.0,,
"Oct 18, 2011",18.94,19.48,18.75,19.33,16.25,22580000.0,,
"Oct 17, 2011",19.24,19.32,18.93,18.94,15.93,11855600.0,,
"Oct 14, 2011",19.26,19.36,19.1,19.33,16.26,12333800.0,,
"Oct 13, 2011",18.98,19.11,18.88,19.02,16.0,17656800.0,,
"Oct 12, 2011",18.96,19.3,18.94,19.04,16.01,19556800.0,,
"Oct 11, 2011",18.73,18.9,18.68,18.87,15.87,15960000.0,,
"Oct 10, 2011",18.38,18.81,18.38,18.79,15.8,13154600.0,,
"Oct 7, 2011",18.3,18.38,18.03,18.17,15.28,23840000.0,,
"Oct 6, 2011",17.76,18.21,17.72,18.19,15.3,17806200.0,,
"Oct 5, 2011",17.53,17.83,17.33,17.77,14.95,28178600.0,,
"Oct 4, 2011",16.7,17.5,16.53,17.45,14.68,35315400.0,,
"Oct 3, 2011",17.31,17.6,16.92,16.92,14.23,44002600.0,,
"Sep 30, 2011",17.64,17.9,17.43,17.43,14.66,26451400.0,,
"Sep 29, 2011",18.42,18.43,17.58,17.94,15.09,26736800.0,,
"Sep 28, 2011",18.45,18.63,18.08,18.09,15.22,19486200.0,,
"Sep 27, 2011",18.63,18.77,18.31,18.41,15.48,25105200.0,,
"Sep 27, 2011",18.63,18.77,18.31,18.41,15.48,25105200.0,,
"Sep 26, 2011",18.03,18.28,17.7,18.28,15.38,28385600.0,,
"Sep 23, 2011",17.48,17.97,17.47,17.86,15.02,33179200.0,,
"Sep 22, 2011",17.59,17.95,17.33,17.6,14.8,56392200.0,,
"Sep 21, 2011",18.79,18.82,18.15,18.15,15.26,28418800.0,,
"Sep 20, 2011",18.93,19.11,18.74,18.75,15.77,27629400.0,,
"Sep 19, 2011",18.57,18.95,18.5,18.85,15.85,13108200.0,,
"Sep 16, 2011",,,,,,,Dividend,0.064
"Sep 16, 2011",18.75,18.91,18.68,18.89,15.88,23261600.0,,
"Sep 15, 2011",18.67,18.77,18.43,18.74,15.71,15697200.0,,
"Sep 14, 2011",18.22,18.66,17.98,18.43,15.45,20164600.0,,
"Sep 13, 2011",17.96,18.19,17.83,18.13,15.19,16629200.0,,
"Sep 12, 2011",17.42,17.92,17.42,17.92,15.02,17743200.0,,
"Sep 9, 2011",17.97,18.06,17.58,17.71,14.84,22248000.0,,
"Sep 8, 2011",18.32,18.5,18.12,18.19,15.24,14868000.0,,
"Sep 7, 2011",18.22,18.45,18.14,18.44,15.45,17093000.0,,
"Sep 6, 2011",17.5,18.0,17.5,17.98,15.06,17562000.0,,
"Sep 2, 2011",18.18,18.27,17.97,18.03,15.11,24527600.0,,
"Sep 1, 2011",18.77,18.95,18.53,18.56,15.55,19644400.0,,
"Aug 31, 2011",18.8,19.0,18.63,18.78,15.74,16813800.0,,
"Aug 30, 2011",18.54,18.8,18.38,18.67,15.65,27446000.0,,
"Aug 29, 2011",18.29,18.6,18.26,18.58,15.58,19820400.0,,
"Aug 26, 2011",17.57,18.16,17.38,18.06,15.14,21998800.0,,
"Aug 25, 2011",18.14,18.21,17.63,17.69,14.83,23207800.0,,
"Aug 24, 2011",17.67,18.06,17.64,18.05,15.13,20670400.0,,
"Aug 23, 2011",17.14,17.74,17.07,17.74,14.86,19785200.0,,
"Aug 22, 2011",17.41,17.45,17.03,17.08,14.31,21931400.0,,
"Aug 19, 2011",17.02,17.59,17.0,17.02,14.27,30236400.0,,
"Aug 18, 2011",17.65,17.67,17.1,17.27,14.48,34377200.0,,
"Aug 17, 2011",18.37,18.44,17.94,18.17,15.23,19399200.0,,
"Aug 16, 2011",18.2,18.38,18.0,18.2,15.25,18259200.0,,
"Aug 15, 2011",18.13,18.3,17.99,18.3,15.34,42941800.0,,
"Aug 12, 2011",17.99,18.15,17.78,18.03,15.11,21431200.0,,
"Aug 11, 2011",17.21,18.05,17.13,17.82,14.93,38716800.0,,
"Aug 10, 2011",17.39,17.61,17.01,17.06,14.3,46480800.0,,
"Aug 9, 2011",17.26,17.83,16.71,17.82,14.93,50522000.0,,
"Aug 8, 2011",17.71,17.9,16.95,17.03,14.27,52621400.0,,
"Aug 5, 2011",18.41,18.52,17.68,18.17,15.23,49672800.0,,
"Aug 4, 2011",18.82,18.86,18.18,18.18,15.24,46110800.0,,
"Aug 3, 2011",19.02,19.14,18.63,19.11,16.02,27995000.0,,
"Aug 2, 2011",19.56,19.64,18.98,18.98,15.9,24332400.0,,
"Aug 1, 2011",20.05,20.05,19.48,19.72,16.53,16283400.0,,
"Jul 29, 2011",19.81,20.02,19.65,19.83,16.61,18268000.0,,
"Jul 28, 2011",20.05,20.19,19.88,19.92,16.69,13346200.0,,
"Jul 27, 2011",20.35,20.36,19.99,20.02,16.78,19216800.0,,
"Jul 26, 2011",20.42,20.44,20.29,20.38,17.08,9939600.0,,
"Jul 25, 2011",20.32,20.5,20.32,20.41,17.1,7947800.0,,
"Jul 22, 2011",20.48,20.58,20.4,20.55,17.22,8209200.0,,
"Jul 21, 2011",20.33,20.58,20.32,20.47,17.15,13880200.0,,
"Jul 20, 2011",20.38,20.38,20.16,20.23,16.95,9973800.0,,
"Jul 19, 2011",20.1,20.38,20.1,20.33,17.04,16963000.0,,
"Jul 18, 2011",20.06,20.09,19.82,19.95,16.72,12047800.0,,
"Jul 15, 2011",20.24,20.24,20.0,20.15,16.88,31336000.0,,
"Jul 14, 2011",20.34,20.44,20.06,20.14,16.87,12107800.0,,
"Jul 13, 2011",20.32,20.51,20.25,20.29,17.0,12232000.0,,
"Jul 12, 2011",20.25,20.41,20.17,20.18,16.92,18989800.0,,
"Jul 11, 2011",20.38,20.53,20.2,20.28,17.0,19935600.0,,
"Jul 8, 2011",20.52,20.68,20.49,20.68,17.34,12362600.0,,
"Jul 7, 2011",20.75,20.89,20.72,20.81,17.44,15744000.0,,
"Jul 6, 2011",20.56,20.57,20.46,20.52,17.2,11121000.0,,
"Jul 5, 2011",20.48,20.68,20.44,20.6,17.26,23675600.0,,
"Jul 1, 2011",20.15,20.54,20.09,20.51,17.19,19309400.0,,
"Jun 30, 2011",20.0,20.15,19.97,20.1,16.85,18451400.0,,
"Jun 29, 2011",19.97,20.02,19.83,19.94,16.72,25746600.0,,
"Jun 28, 2011",19.61,19.85,19.57,19.85,16.64,29755200.0,,
"Jun 27, 2011",19.3,19.57,19.17,19.49,16.33,10825600.0,,
"Jun 24, 2011",19.44,19.5,19.21,19.25,16.13,19934200.0,,
"Jun 23, 2011",19.12,19.46,19.08,19.44,16.29,25104600.0,,
"Jun 22, 2011",19.49,19.56,19.36,19.37,16.23,15139200.0,,
"Jun 21, 2011",19.23,19.55,19.17,19.52,16.36,25307200.0,,
"Jun 20, 2011",18.9,19.2,18.88,19.13,16.03,10205000.0,,
"Jun 17, 2011",,,,,,,Dividend,0.0665
"Jun 17, 2011",19.0,19.11,18.92,18.98,15.9,20661800.0,,
"Jun 16, 2011",18.95,19.04,18.76,18.9,15.78,17067800.0,,
"Jun 15, 2011",19.03,19.17,18.91,18.94,15.82,39760200.0,,
"Jun 14, 2011",19.08,19.28,19.08,19.24,16.07,18593800.0,,
"Jun 13, 2011",18.95,19.07,18.8,18.91,15.79,19118400.0,,
"Jun 10, 2011",19.18,19.22,18.91,18.93,15.81,19248600.0,,
"Jun 9, 2011",19.17,19.35,19.11,19.28,16.11,11329800.0,,
"Jun 8, 2011",19.27,19.28,19.09,19.13,15.97,20040200.0,,
"Jun 7, 2011",19.39,19.49,19.27,19.27,16.1,10020200.0,,
"Jun 6, 2011",19.42,19.5,19.25,19.25,16.08,10386200.0,,
"Jun 3, 2011",19.46,19.62,19.42,19.46,16.25,14524400.0,,
"Jun 2, 2011",19.77,19.84,19.6,19.72,16.46,15816400.0,,
"Jun 1, 2011",20.15,20.18,19.75,19.76,16.5,25268600.0,,
"May 31, 2011",20.27,20.27,20.12,20.22,16.89,11977400.0,,
"May 27, 2011",20.06,20.15,20.02,20.08,16.77,8530400.0,,
"May 26, 2011",19.84,20.07,19.82,20.03,16.73,13351200.0,,
"May 25, 2011",19.78,19.93,19.72,19.85,16.58,11294800.0,,
"May 24, 2011",20.02,20.02,19.82,19.84,16.57,9649200.0,,
"May 23, 2011",19.89,20.03,19.85,19.94,16.66,10800000.0,,
"May 20, 2011",20.25,20.31,20.05,20.14,16.81,12816400.0,,
"May 19, 2011",20.33,20.34,20.2,20.33,16.98,8554200.0,,
"May 18, 2011",20.05,20.27,19.98,20.26,16.92,12817400.0,,
"May 17, 2011",19.95,20.08,19.89,20.03,16.73,32679000.0,,
"May 16, 2011",20.19,20.23,19.97,20.01,16.71,17553600.0,,
"May 13, 2011",20.45,20.48,20.23,20.28,16.94,10376800.0,,
"May 12, 2011",20.19,20.44,20.14,20.43,17.07,15400000.0,,
"May 11, 2011",20.42,20.42,20.13,20.24,16.9,9847400.0,,
"May 10, 2011",20.23,20.47,20.22,20.43,17.06,10063200.0,,
"May 10, 2011",20.23,20.47,20.22,20.43,17.06,10063200.0,,
"May 9, 2011",20.15,20.25,20.09,20.17,16.84,8551200.0,,
"May 6, 2011",20.41,20.41,20.09,20.15,16.82,11709800.0,,
"May 5, 2011",20.03,20.32,20.01,20.13,16.81,16200000.0,,
"May 4, 2011",20.25,20.33,20.02,20.18,16.86,21531400.0,,
"May 3, 2011",20.33,20.37,20.14,20.23,16.89,13279600.0,,
"May 2, 2011",20.35,20.51,20.32,20.34,16.99,18676800.0,,
"Apr 29, 2011",20.31,20.36,20.25,20.27,16.93,20800000.0,,
"Apr 28, 2011",20.17,20.33,20.17,20.29,16.94,12118200.0,,
"Apr 27, 2011",20.03,20.24,20.02,20.21,16.88,12916000.0,,
"Apr 26, 2011",19.98,20.06,19.92,19.97,16.68,14000000.0,,
"Apr 25, 2011",19.97,19.98,19.87,19.93,16.65,8422400.0,,
"Apr 21, 2011",19.92,19.98,19.83,19.95,16.66,8625200.0,,
"Apr 20, 2011",19.77,19.92,19.75,19.84,16.57,17215000.0,,
"Apr 19, 2011",19.44,19.51,19.37,19.5,16.28,8930200.0,,
"Apr 18, 2011",19.42,19.48,19.23,19.45,16.24,17991600.0,,
"Apr 15, 2011",19.56,19.68,19.5,19.63,16.39,12910200.0,,
"Apr 14, 2011",19.45,19.56,19.35,19.53,16.31,8229400.0,,
"Apr 13, 2011",19.6,19.63,19.42,19.58,16.35,16133200.0,,
"Apr 12, 2011",19.43,19.57,19.4,19.51,16.29,17972600.0,,
"Apr 11, 2011",19.55,19.65,19.46,19.53,16.31,9573400.0,,
"Apr 8, 2011",19.73,19.74,19.43,19.53,16.31,17011600.0,,
"Apr 7, 2011",19.67,19.77,19.51,19.65,16.41,19789400.0,,
"Apr 6, 2011",19.84,19.9,19.63,19.73,16.47,14635000.0,,
"Apr 5, 2011",19.63,19.86,19.63,19.76,16.5,8023200.0,,
"Apr 4, 2011",19.7,19.75,19.63,19.69,16.45,5774400.0,,
"Apr 1, 2011",19.65,19.79,19.57,19.65,16.41,12049200.0,,
"Mar 31, 2011",19.53,19.57,19.42,19.52,16.31,11099600.0,,
"Mar 30, 2011",19.51,19.63,19.45,19.59,16.36,14049400.0,,
"Mar 29, 2011",19.2,19.39,19.17,19.39,16.19,12230000.0,,
"Mar 28, 2011",19.47,19.47,19.2,19.21,16.04,19556000.0,,
"Mar 25, 2011",19.44,19.54,19.37,19.41,16.21,7081400.0,,
"Mar 24, 2011",19.18,19.43,19.17,19.38,16.18,10029200.0,,
"Mar 23, 2011",18.89,19.15,18.76,19.09,15.95,14919800.0,,
"Mar 22, 2011",19.07,19.09,18.92,18.93,15.81,13460600.0,,
"Mar 21, 2011",19.03,19.11,18.97,19.08,15.93,26727400.0,,
"Mar 18, 2011",,,,,,,Dividend,0.063
"Mar 18, 2011",19.0,19.01,18.76,18.79,15.69,35608200.0,,
"Mar 17, 2011",19.02,19.09,18.84,18.86,15.7,12396200.0,,
"Mar 16, 2011",18.99,19.1,18.69,18.78,15.63,19049600.0,,
"Mar 15, 2011",18.83,19.23,18.75,19.1,15.9,14972600.0,,
"Mar 14, 2011",19.35,19.42,19.1,19.26,16.03,13307000.0,,
"Mar 11, 2011",19.31,19.58,19.25,19.5,16.23,21319000.0,,
"Mar 10, 2011",19.39,19.54,19.3,19.39,16.13,19229000.0,,
"Mar 9, 2011",19.52,19.66,19.42,19.61,16.32,13902400.0,,
"Mar 8, 2011",19.42,19.62,19.32,19.57,16.28,10753600.0,,
"Mar 7, 2011",19.61,19.73,19.3,19.41,16.16,16608200.0,,
"Mar 4, 2011",19.72,19.76,19.44,19.6,16.32,16378400.0,,
"Mar 3, 2011",19.62,19.77,19.57,19.75,16.44,15178200.0,,
"Mar 2, 2011",19.29,19.48,19.27,19.41,16.15,14813400.0,,
"Mar 1, 2011",19.74,19.79,19.31,19.33,16.09,20081600.0,,
"Feb 28, 2011",19.59,19.7,19.55,19.7,16.4,9762800.0,,
"Feb 25, 2011",19.48,19.6,19.42,19.56,16.28,8581200.0,,
"Feb 24, 2011",19.27,19.4,19.1,19.35,16.11,18894400.0,,
"Feb 23, 2011",19.54,19.6,19.05,19.24,16.01,17915800.0,,
"Feb 22, 2011",19.78,19.83,19.47,19.52,16.25,15399400.0,,
"Feb 18, 2011",19.9,20.01,19.86,20.0,16.65,7377800.0,,
"Feb 17, 2011",19.83,19.95,19.76,19.9,16.56,6606800.0,,
"Feb 16, 2011",19.84,19.91,19.77,19.9,16.56,9252800.0,,
"Feb 15, 2011",19.64,19.75,19.59,19.74,16.43,6031600.0,,
"Feb 14, 2011",19.76,19.76,19.64,19.71,16.41,7055200.0,,
"Feb 11, 2011",19.55,19.81,19.48,19.79,16.47,10310600.0,,
"Feb 10, 2011",19.5,19.61,19.44,19.59,16.31,9016800.0,,
"Feb 9, 2011",19.43,19.62,19.43,19.57,16.28,11511600.0,,
"Feb 8, 2011",19.22,19.45,19.22,19.43,16.18,11486000.0,,
"Feb 7, 2011",19.14,19.3,19.09,19.2,15.98,8280400.0,,
"Feb 4, 2011",18.99,19.12,18.94,19.1,15.9,9752000.0,,
"Feb 3, 2011",18.82,19.0,18.79,18.98,15.79,11030800.0,,
"Feb 2, 2011",18.77,18.81,18.7,18.75,15.61,8011200.0,,
"Feb 1, 2011",18.71,18.84,18.65,18.81,15.66,9688600.0,,
"Jan 31, 2011",18.62,18.68,18.52,18.59,15.47,9879400.0,,
"Jan 28, 2011",19.05,19.07,18.51,18.55,15.44,22204600.0,,
"Jan 27, 2011",19.11,19.2,19.05,19.17,15.96,8722000.0,,
"Jan 26, 2011",19.06,19.14,18.96,19.02,15.83,9719000.0,,
"Jan 25, 2011",18.92,19.01,18.83,19.0,15.81,11426600.0,,
"Jan 24, 2011",18.91,19.01,18.82,18.99,15.8,9685000.0,,
"Jan 21, 2011",19.01,19.04,18.87,18.91,15.74,8574000.0,,
"Jan 20, 2011",18.78,18.93,18.76,18.86,15.7,13397600.0,,
"Jan 19, 2011",18.98,19.03,18.78,18.83,15.67,12632000.0,,
"Jan 18, 2011",19.01,19.05,18.96,19.01,15.83,8026800.0,,
"Jan 14, 2011",18.81,18.98,18.78,18.96,15.78,9176400.0,,
"Jan 13, 2011",18.88,18.91,18.8,18.84,15.69,9280400.0,,
"Jan 12, 2011",18.93,18.95,18.83,18.88,15.71,41989200.0,,
"Jan 11, 2011",18.97,18.97,18.77,18.83,15.67,6302800.0,,
"Jan 10, 2011",18.76,18.88,18.67,18.83,15.68,9125000.0,,
"Jan 7, 2011",18.89,18.94,18.69,18.85,15.69,10834800.0,,
"Jan 6, 2011",18.94,18.94,18.82,18.86,15.7,7382200.0,,
"Jan 5, 2011",18.74,18.99,18.74,18.98,15.79,12311200.0,,
"Jan 4, 2011",18.97,19.0,18.72,18.82,15.66,7314800.0,,
"Jan 3, 2011",18.85,19.03,18.83,18.92,15.75,8508400.0,,
"Dec 31, 2010",18.74,18.74,18.65,18.7,15.57,4425200.0,,
"Dec 30, 2010",18.75,18.8,18.71,18.75,15.6,5904400.0,,
"Dec 29, 2010",18.77,18.85,18.75,18.78,15.63,3734800.0,,
"Dec 28, 2010",18.8,18.8,18.65,18.72,15.58,6113800.0,,
"Dec 27, 2010",18.75,18.79,18.66,18.76,15.61,6736600.0,,
"Dec 23, 2010",18.9,18.91,18.76,18.82,15.66,4577800.0,,
"Dec 22, 2010",18.89,18.93,18.86,18.9,15.73,6604200.0,,
"Dec 21, 2010",18.86,18.9,18.78,18.87,15.71,8971400.0,,
"Dec 20, 2010",18.74,18.83,18.64,18.79,15.64,8601200.0,,
"Dec 17, 2010",,,,,,,Dividend,11
"Dec 17, 2010",,,,,,,Dividend,0.11
"Dec 17, 2010",18.6,18.69,18.59,18.68,15.55,9792400.0,,
"Dec 16, 2010",18.66,18.77,18.58,18.76,15.52,8970800.0,,
"Dec 15, 2010",18.66,18.76,18.58,18.63,15.41,7886800.0,,
"Dec 14, 2010",18.72,18.78,18.64,18.68,15.46,8645600.0,,
"Dec 13, 2010",18.89,18.89,18.68,18.69,15.46,9095200.0,,
"Dec 10, 2010",18.76,18.81,18.69,18.78,15.54,8656400.0,,
"Dec 9, 2010",18.82,18.85,18.67,18.72,15.49,8637600.0,,
"Dec 8, 2010",18.75,18.77,18.59,18.69,15.46,11641200.0,,
"Dec 7, 2010",18.92,18.94,18.7,18.74,15.51,14517400.0,,
"Dec 6, 2010",18.69,18.77,18.65,18.73,15.5,20307200.0,,
"Dec 3, 2010",18.63,18.75,18.56,18.71,15.48,13418200.0,,
"Dec 2, 2010",18.49,18.72,18.47,18.7,15.47,14392400.0,,
"Dec 1, 2010",18.32,18.53,18.31,18.46,15.27,17291000.0,,
"Nov 30, 2010",17.93,18.19,17.89,18.08,14.96,22782400.0,,
"Nov 29, 2010",18.1,18.17,17.91,18.11,14.99,16357400.0,,
"Nov 26, 2010",18.17,18.26,18.14,18.16,15.02,5781400.0,,
"Nov 24, 2010",18.08,18.31,18.08,18.31,15.15,18699800.0,,
"Nov 23, 2010",18.0,18.03,17.86,17.93,14.84,19872600.0,,
"Nov 22, 2010",18.07,18.22,18.0,18.2,15.06,13599800.0,,
"Nov 19, 2010",17.97,18.13,17.92,18.12,14.99,13373000.0,,
"Nov 18, 2010",18.05,18.18,18.0,18.03,14.92,20116400.0,,
"Nov 17, 2010",17.75,17.92,17.75,17.88,14.79,18684200.0,,
"Nov 16, 2010",17.83,18.04,17.66,17.73,14.67,34991200.0,,
"Nov 15, 2010",18.07,18.15,17.95,17.97,14.87,11610800.0,,
"Nov 12, 2010",18.11,18.24,17.92,18.0,14.9,19690600.0,,
"Nov 11, 2010",18.07,18.31,18.04,18.19,15.06,30785400.0,,
"Nov 10, 2010",18.09,18.22,17.98,18.22,15.08,13875400.0,,
"Nov 9, 2010",18.27,18.28,17.98,18.06,14.94,9539800.0,,
"Nov 8, 2010",18.1,18.25,18.08,18.23,15.08,6390000.0,,
"Nov 5, 2010",18.18,18.3,18.16,18.25,15.1,13729200.0,,
"Nov 4, 2010",18.08,18.18,18.08,18.17,15.03,18210200.0,,
"Nov 3, 2010",17.86,17.89,17.6,17.89,14.8,16252200.0,,
"Nov 2, 2010",17.75,17.86,17.69,17.8,14.72,14582600.0,,
"Nov 1, 2010",17.67,17.79,17.51,17.59,14.56,13170400.0,,
"Oct 29, 2010",17.64,17.68,17.56,17.63,14.59,13511000.0,,
"Oct 28, 2010",17.66,17.69,17.52,17.64,14.59,15479000.0,,
"Oct 27, 2010",17.53,17.59,17.39,17.56,14.53,12865800.0,,
"Oct 26, 2010",17.49,17.73,17.44,17.67,14.62,12431600.0,,
"Oct 25, 2010",17.59,17.75,17.57,17.59,14.55,12575800.0,,
"Oct 22, 2010",17.35,17.5,17.33,17.48,14.46,8842600.0,,
"Oct 21, 2010",17.37,17.59,17.25,17.39,14.39,21472000.0,,
"Oct 20, 2010",17.13,17.35,17.1,17.28,14.3,14070200.0,,
"Oct 19, 2010",17.18,17.25,16.97,17.07,14.12,21151200.0,,
"Oct 18, 2010",17.34,17.38,17.23,17.38,14.38,13282400.0,,
"Oct 15, 2010",17.33,17.36,17.15,17.35,14.36,15719000.0,,
"Oct 14, 2010",17.25,17.33,17.12,17.23,14.26,9326800.0,,
"Oct 13, 2010",17.31,17.39,17.22,17.25,14.27,11864200.0,,
"Oct 12, 2010",17.15,17.27,17.02,17.23,14.25,9951000.0,,
"Oct 11, 2010",17.2,17.25,17.14,17.18,14.22,8669200.0,,
"Oct 8, 2010",17.0,17.24,16.97,17.18,14.22,12956200.0,,
"Oct 7, 2010",17.02,17.03,16.83,17.0,14.07,9913000.0,,
"Oct 6, 2010",17.0,17.03,16.85,16.92,14.0,11143400.0,,
"Oct 5, 2010",16.87,17.08,16.83,17.04,14.1,17481800.0,,
"Oct 4, 2010",16.67,16.81,16.56,16.69,13.81,13933600.0,,
"Oct 1, 2010",16.79,16.88,16.65,16.73,13.84,15241800.0,,
"Sep 30, 2010",16.84,16.94,16.6,16.7,13.82,17187000.0,,
"Sep 29, 2010",16.84,16.85,16.7,16.75,13.86,9857600.0,,
"Sep 28, 2010",16.76,16.91,16.56,16.87,13.96,14090600.0,,
"Sep 27, 2010",16.87,16.87,16.74,16.74,13.85,20005000.0,,
"Sep 24, 2010",16.63,16.86,16.63,16.85,13.94,12136200.0,,
"Sep 23, 2010",16.36,16.64,16.33,16.42,13.59,20614400.0,,
"Sep 22, 2010",16.62,16.7,16.45,16.51,13.66,15219400.0,,
"Sep 21, 2010",16.69,16.75,16.55,16.62,13.75,26858400.0,,
"Sep 20, 2010",16.42,16.73,16.42,16.69,13.81,10259800.0,,
"Sep 17, 2010",,,,,,,Dividend,0.0525
"Sep 17, 2010",16.41,16.44,16.3,16.38,13.55,12389000.0,,
"Sep 16, 2010",16.34,16.41,16.26,16.39,13.51,13505000.0,,
"Sep 15, 2010",16.27,16.41,16.24,16.39,13.51,11513600.0,,
"Sep 14, 2010",16.32,16.43,16.24,16.35,13.49,12989000.0,,
"Sep 13, 2010",16.32,16.36,16.22,16.34,13.48,8309400.0,,
"Sep 10, 2010",16.02,16.18,16.02,16.15,13.32,10800000.0,,
"Sep 9, 2010",16.13,16.15,15.94,16.01,13.2,10095800.0,,
"Sep 8, 2010",15.9,16.07,15.9,15.99,13.19,8764000.0,,
"Sep 7, 2010",16.05,16.08,15.85,15.88,13.1,10168400.0,,
"Sep 3, 2010",16.08,16.2,15.95,16.14,13.31,15829600.0,,
"Sep 2, 2010",15.65,15.91,15.65,15.9,13.12,19466000.0,,
"Sep 1, 2010",15.31,15.64,15.31,15.61,12.88,16659600.0,,
"Aug 31, 2010",15.02,15.22,14.95,15.1,12.45,14879800.0,,
"Aug 30, 2010",15.31,15.36,15.07,15.07,12.43,14036000.0,,
"Aug 27, 2010",15.23,15.37,14.95,15.35,12.66,21005800.0,,
"Aug 26, 2010",15.24,15.34,15.09,15.1,12.45,12548800.0,,
"Aug 25, 2010",14.94,15.28,14.9,15.2,12.54,14923200.0,,
"Aug 24, 2010",15.14,15.22,14.93,15.05,12.41,24562000.0,,
"Aug 23, 2010",15.53,15.63,15.31,15.31,12.63,12799800.0,,
"Aug 20, 2010",15.4,15.48,15.27,15.45,12.74,12997600.0,,
"Aug 19, 2010",15.66,15.72,15.37,15.46,12.75,15809000.0,,
"Aug 18, 2010",15.59,15.86,15.52,15.77,13.0,12524000.0,,
"Aug 17, 2010",15.52,15.76,15.45,15.62,12.88,11798800.0,,
"Aug 16, 2010",15.29,15.48,15.23,15.37,12.68,10934000.0,,
"Aug 13, 2010",15.47,15.53,15.36,15.38,12.68,11725800.0,,
"Aug 12, 2010",15.35,15.59,15.35,15.55,12.83,16404400.0,,
"Aug 11, 2010",15.77,15.77,15.58,15.61,12.87,15123000.0,,
"Aug 10, 2010",16.02,16.11,15.9,16.03,13.22,16105000.0,,
"Aug 9, 2010",16.16,16.2,16.09,16.17,13.34,12502600.0,,
"Aug 6, 2010",15.91,16.06,15.77,16.01,13.21,12817200.0,,
"Aug 5, 2010",15.99,16.13,15.94,16.13,13.3,12509800.0,,
"Aug 4, 2010",15.94,16.09,15.93,16.08,13.26,14175200.0,,
"Aug 3, 2010",16.03,16.03,15.74,15.81,13.04,13878800.0,,
"Aug 2, 2010",15.94,16.07,15.85,16.06,13.24,18389600.0,,
"Aug 2, 2010",15.94,16.07,15.85,16.06,13.24,18389600.0,,
"Jul 30, 2010",15.43,15.78,15.35,15.72,12.97,15494000.0,,
"Jul 29, 2010",15.77,15.93,15.43,15.61,12.88,14975000.0,,
"Jul 28, 2010",15.78,15.87,15.63,15.69,12.95,10320200.0,,
"Jul 27, 2010",16.09,16.09,15.76,15.81,13.04,21536200.0,,
"Jul 26, 2010",15.82,16.01,15.73,16.01,13.2,18001600.0,,
"Jul 23, 2010",15.57,15.79,15.44,15.77,13.01,16531400.0,,
"Jul 22, 2010",15.26,15.63,15.26,15.55,12.83,20877200.0,,
"Jul 21, 2010",15.45,15.45,15.05,15.1,12.45,19769200.0,,
"Jul 20, 2010",14.95,15.4,14.95,15.37,12.68,21192400.0,,
"Jul 19, 2010",15.05,15.22,14.95,15.15,12.5,10422600.0,,
"Jul 16, 2010",15.47,15.5,14.98,15.01,12.38,20785000.0,,
"Jul 15, 2010",15.49,15.6,15.31,15.56,12.83,19851000.0,,
"Jul 14, 2010",15.48,15.58,15.4,15.51,12.79,16298800.0,,
"Jul 13, 2010",15.4,15.67,15.37,15.6,12.87,21130800.0,,
"Jul 12, 2010",15.13,15.27,15.07,15.23,12.56,13791400.0,,
"Jul 9, 2010",15.04,15.2,15.02,15.2,12.54,10611400.0,,
"Jul 8, 2010",15.08,15.09,14.85,15.06,12.42,15888200.0,,
"Jul 7, 2010",14.54,14.95,14.52,14.93,12.31,25911200.0,,
"Jul 6, 2010",14.66,14.84,14.38,14.52,11.98,23608600.0,,
"Jul 2, 2010",14.72,14.76,14.44,14.52,11.98,13910200.0,,
"Jul 1, 2010",14.62,14.73,14.32,14.69,12.11,31249400.0,,
"Jun 30, 2010",14.73,14.92,14.53,14.56,12.01,22985200.0,,
"Jun 29, 2010",15.1,15.1,14.65,14.74,12.16,37547600.0,,
"Jun 28, 2010",15.4,15.46,15.27,15.29,12.61,14020600.0,,
"Jun 25, 2010",15.39,15.48,15.23,15.4,12.71,24836400.0,,
"Jun 24, 2010",15.66,15.66,15.31,15.36,12.67,22128800.0,,
"Jun 23, 2010",15.75,15.86,15.59,15.73,12.98,24974600.0,,
"Jun 22, 2010",16.1,16.24,15.73,15.74,12.99,19324400.0,,
"Jun 21, 2010",16.45,16.47,16.01,16.1,13.28,17667800.0,,
"Jun 18, 2010",,,,,,,Dividend,0.0525
"Jun 18, 2010",16.31,16.41,16.22,16.24,13.39,15347200.0,,
"Jun 17, 2010",16.46,16.49,16.19,16.34,13.43,20803000.0,,
"Jun 16, 2010",16.51,16.53,16.33,16.44,13.52,14940800.0,,
"Jun 15, 2010",16.27,16.56,16.23,16.56,13.61,13892200.0,,
"Jun 14, 2010",16.33,16.42,16.15,16.17,13.29,13794600.0,,
"Jun 11, 2010",15.91,16.16,15.89,16.13,13.26,15432000.0,,
"Jun 10, 2010",15.78,16.14,15.78,16.14,13.27,20529800.0,,
"Jun 9, 2010",15.71,15.97,15.54,15.61,12.83,24687800.0,,
"Jun 8, 2010",15.51,15.63,15.27,15.59,12.82,27551800.0,,
"Jun 7, 2010",15.77,15.9,15.46,15.46,12.71,23859800.0,,
"Jun 4, 2010",16.09,16.14,15.7,15.76,12.96,30449800.0,,
"Jun 3, 2010",16.45,16.49,16.23,16.4,13.48,15779400.0,,
"Jun 2, 2010",16.0,16.34,15.96,16.34,13.43,15747800.0,,
"Jun 1, 2010",16.08,16.32,15.94,15.94,13.1,21865800.0,,
"May 28, 2010",16.39,16.46,16.09,16.18,13.31,22551200.0,,
"May 27, 2010",16.23,16.43,16.08,16.43,13.51,21461000.0,,
"May 26, 2010",16.01,16.2,15.8,15.86,13.04,26672800.0,,
"May 25, 2010",15.39,15.91,15.24,15.91,13.08,28373400.0,,
"May 24, 2010",15.85,15.98,15.73,15.76,12.95,28109600.0,,
"May 21, 2010",15.3,15.95,15.17,15.86,13.04,39212800.0,,
"May 20, 2010",15.85,15.97,15.56,15.59,12.82,37065000.0,,
"May 19, 2010",16.22,16.36,15.93,16.22,13.34,30801800.0,,
"May 18, 2010",16.75,16.8,16.25,16.32,13.42,31547000.0,,
"May 17, 2010",16.56,16.65,16.19,16.63,13.67,26881800.0,,
"May 14, 2010",16.65,16.73,16.38,16.5,13.57,28417600.0,,
"May 13, 2010",17.13,17.17,16.77,16.78,13.8,20900600.0,,
"May 12, 2010",17.03,17.19,16.92,17.17,14.12,20669200.0,,
"May 11, 2010",16.76,17.17,16.71,16.92,13.91,25128600.0,,
"May 10, 2010",16.89,16.98,16.75,16.93,13.92,32851600.0,,
"May 7, 2010",16.32,16.57,15.81,16.09,13.23,59363800.0,,
"May 6, 2010",16.87,17.03,15.52,16.39,13.47,61745800.0,,
"May 5, 2010",17.09,17.25,16.89,17.0,13.97,52681800.0,,
"May 4, 2010",17.56,17.6,17.17,17.24,14.17,31579600.0,,
"May 3, 2010",17.5,17.84,17.45,17.76,14.6,15865200.0,,
"Apr 30, 2010",17.76,17.86,17.4,17.41,14.31,21522600.0,,
"Apr 29, 2010",17.48,17.82,17.48,17.78,14.62,16949000.0,,
"Apr 28, 2010",17.51,17.56,17.27,17.4,14.3,21214200.0,,
"Apr 27, 2010",17.95,17.95,17.41,17.45,14.35,34413600.0,,
"Apr 26, 2010",17.92,18.07,17.85,17.98,14.78,15200200.0,,
"Apr 23, 2010",17.82,17.9,17.73,17.83,14.66,12308200.0,,
"Apr 22, 2010",17.43,17.83,17.35,17.82,14.65,6724400.0,,
"Apr 21, 2010",17.42,17.53,17.35,17.5,14.39,22586400.0,,
"Apr 20, 2010",17.33,17.44,17.29,17.42,14.33,18688600.0,,
"Apr 19, 2010",17.15,17.26,16.97,17.22,14.15,18600600.0,,
"Apr 16, 2010",17.36,17.41,17.08,17.18,14.13,24210800.0,,
"Apr 15, 2010",17.31,17.44,17.28,17.42,14.32,13446600.0,,
"Apr 14, 2010",17.14,17.36,17.09,17.34,14.26,10157400.0,,
"Apr 13, 2010",16.97,17.13,16.93,17.08,14.04,11748400.0,,
"Apr 12, 2010",16.99,17.03,16.97,16.99,13.96,7615000.0,,
"Apr 9, 2010",16.89,17.0,16.79,16.99,13.96,8731200.0,,
"Apr 8, 2010",16.62,16.89,16.6,16.86,13.86,17121800.0,,
"Apr 7, 2010",16.72,16.77,16.58,16.7,13.73,9535400.0,,
"Apr 6, 2010",16.7,16.79,16.65,16.76,13.78,6830600.0,,
"Apr 5, 2010",16.6,16.75,16.53,16.74,13.76,11257600.0,,
"Apr 1, 2010",16.5,16.6,16.42,16.53,13.59,11818000.0,,
"Mar 31, 2010",16.5,16.5,16.39,16.42,13.5,16472400.0,,
"Mar 30, 2010",16.57,16.62,16.47,16.54,13.6,8300400.0,,
"Mar 29, 2010",16.61,16.63,16.48,16.56,13.61,10956800.0,,
"Mar 26, 2010",16.49,16.63,16.44,16.53,13.59,12225600.0,,
"Mar 25, 2010",16.49,16.65,16.44,16.47,13.54,11089800.0,,
"Mar 24, 2010",16.34,16.42,16.3,16.37,13.46,11658400.0,,
"Mar 23, 2010",16.42,16.47,16.27,16.43,13.51,12510400.0,,
"Mar 22, 2010",16.05,16.41,16.04,16.37,13.46,10154800.0,,
"Mar 19, 2010",,,,,,,Dividend,0.031
"Mar 19, 2010",16.2,16.36,16.11,16.2,13.32,9850800.0,,
"Mar 18, 2010",16.28,16.35,16.26,16.28,13.36,12632400.0,,
"Mar 17, 2010",16.29,16.32,16.21,16.28,13.36,10701000.0,,
"Mar 16, 2010",16.08,16.22,16.08,16.2,13.3,10171000.0,,
"Mar 15, 2010",16.06,16.15,15.97,16.08,13.2,9852200.0,,
"Mar 15, 2010",16.06,16.15,15.97,16.08,13.2,9852200.0,,
"Mar 12, 2010",16.11,16.12,16.0,16.1,13.22,7273800.0,,
"Mar 11, 2010",15.89,16.06,15.86,16.06,13.18,10104200.0,,
"Mar 10, 2010",15.93,16.0,15.88,15.94,13.08,10431800.0,,
"Mar 9, 2010",15.88,15.98,15.85,15.91,13.06,11104800.0,,
"Mar 8, 2010",15.9,15.95,15.83,15.94,13.08,8996600.0,,
"Mar 5, 2010",15.72,15.94,15.66,15.9,13.04,9603200.0,,
"Mar 4, 2010",15.52,15.63,15.49,15.6,12.81,9202200.0,,
"Mar 3, 2010",15.47,15.57,15.4,15.47,12.69,10509800.0,,
"Mar 2, 2010",15.52,15.56,15.42,15.42,12.65,23871000.0,,
"Mar 1, 2010",15.34,15.51,15.29,15.5,12.72,16310200.0,,
"Feb 26, 2010",15.24,15.3,15.15,15.26,12.52,12622400.0,,
"Feb 25, 2010",14.95,15.24,14.95,15.23,12.5,11438000.0,,
"Feb 24, 2010",15.09,15.23,15.02,15.21,12.48,12672000.0,,
"Feb 23, 2010",15.07,15.16,14.97,15.02,12.32,11450600.0,,
"Feb 22, 2010",15.15,15.18,15.07,15.1,12.39,7114400.0,,
"Feb 19, 2010",15.09,15.16,15.01,15.11,12.4,11500000.0,,
"Feb 18, 2010",14.94,15.08,14.9,15.07,12.37,11835200.0,,
"Feb 17, 2010",14.93,14.98,14.84,14.98,12.29,9261600.0,,
"Feb 16, 2010",14.78,14.86,14.64,14.86,12.19,9041800.0,,
"Feb 12, 2010",14.45,14.63,14.43,14.63,12.0,12668800.0,,
"Feb 11, 2010",14.41,14.63,14.32,14.63,12.0,11655200.0,,
"Feb 10, 2010",14.53,14.53,14.33,14.45,11.86,11132600.0,,
"Feb 9, 2010",14.42,14.6,14.37,14.52,11.91,13809800.0,,
"Feb 8, 2010",14.41,14.53,14.3,14.3,11.73,12753800.0,,
"Feb 5, 2010",14.42,14.48,14.1,14.39,11.8,16607800.0,,
"Feb 4, 2010",14.73,14.77,14.42,14.43,11.84,20252400.0,,
"Feb 3, 2010",14.81,14.89,14.77,14.85,12.19,9726800.0,,
"Feb 2, 2010",14.68,14.85,14.59,14.85,12.18,10987400.0,,
"Feb 1, 2010",14.48,14.64,14.47,14.64,12.01,17754200.0,,
"Jan 29, 2010",14.58,14.74,14.44,14.45,11.86,14724400.0,,
"Jan 28, 2010",14.69,14.77,14.46,14.55,11.94,12583200.0,,
"Jan 27, 2010",14.61,14.68,14.48,14.63,12.01,14083600.0,,
"Jan 26, 2010",14.51,14.7,14.48,14.6,11.98,11013800.0,,
"Jan 25, 2010",14.6,14.65,14.49,14.59,11.97,10623200.0,,
"Jan 22, 2010",14.73,14.85,14.5,14.51,11.91,20184200.0,,
"Jan 21, 2010",14.99,15.13,14.77,14.8,12.14,13573200.0,,
"Jan 20, 2010",15.07,15.09,14.9,14.98,12.3,10056200.0,,
"Jan 19, 2010",15.06,15.19,14.93,15.19,12.46,8837000.0,,
"Jan 15, 2010",15.11,15.17,14.94,14.99,12.3,11779000.0,,
"Jan 14, 2010",15.1,15.16,15.06,15.14,12.42,11280600.0,,
"Jan 13, 2010",15.03,15.16,14.98,15.14,12.42,9231600.0,,
"Jan 12, 2010",15.07,15.11,14.91,14.97,12.28,10946800.0,,
"Jan 11, 2010",15.23,15.27,15.09,15.16,12.44,8347000.0,,
"Jan 8, 2010",15.15,15.2,15.06,15.19,12.47,12876000.0,,
"Jan 7, 2010",15.17,15.2,15.07,15.2,12.47,11473400.0,,
"Jan 6, 2010",15.05,15.11,15.01,15.07,12.37,8493800.0,,
"Jan 5, 2010",15.01,15.07,14.91,15.06,12.35,12324400.0,,
"Jan 4, 2010",14.95,15.06,14.95,15.0,12.31,10887800.0,,
"Dec 31, 2009",15.07,15.1,14.89,14.89,12.21,3240800.0,,
"Dec 30, 2009",15.1,15.11,14.99,15.02,12.33,4557000.0,,
"Dec 29, 2009",15.1,15.15,15.08,15.13,12.42,4091400.0,,
"Dec 28, 2009",15.14,15.16,15.02,15.08,12.37,5048000.0,,
"Dec 24, 2009",15.13,15.15,15.05,15.09,12.38,2310000.0,,
"Dec 23, 2009",15.03,15.08,14.91,15.08,12.37,6044200.0,,
"Dec 22, 2009",14.99,15.07,14.95,14.98,12.3,4932000.0,,
"Dec 21, 2009",14.84,15.03,14.83,14.99,12.3,11875000.0,,
"Dec 18, 2009",,,,,,,Dividend,0.0805
"Dec 18, 2009",14.84,14.84,14.61,14.81,12.15,12803200.0,,
"Dec 17, 2009",14.91,14.91,14.78,14.81,12.09,7644400.0,,
"Dec 16, 2009",14.99,15.07,14.95,14.99,12.23,10743400.0,,
"Dec 15, 2009",14.95,15.02,14.88,14.98,12.22,9295800.0,,
"Dec 14, 2009",14.98,15.02,14.86,14.99,12.24,12050800.0,,
"Dec 11, 2009",14.82,14.89,14.76,14.88,12.14,10038000.0,,
"Dec 10, 2009",14.59,14.77,14.57,14.73,12.03,12564000.0,,
"Dec 9, 2009",14.5,14.56,14.4,14.51,11.84,10619600.0,,
"Dec 8, 2009",14.55,14.57,14.4,14.51,11.84,12372600.0,,
"Dec 7, 2009",14.59,14.71,14.55,14.62,11.93,15958600.0,,
"Dec 4, 2009",14.62,14.74,14.36,14.57,11.89,20408800.0,,
"Dec 3, 2009",14.65,14.68,14.45,14.48,11.82,14958000.0,,
"Dec 2, 2009",14.52,14.66,14.48,14.58,11.9,10860000.0,,
"Dec 1, 2009",14.44,14.6,14.43,14.53,11.86,14076800.0,,
"Nov 30, 2009",14.36,14.39,14.19,14.31,11.68,17821800.0,,
"Nov 27, 2009",14.28,14.48,14.15,14.31,11.68,12747800.0,,
"Nov 25, 2009",14.51,14.6,14.45,14.6,11.91,11759600.0,,
"Nov 24, 2009",14.45,14.5,14.36,14.45,11.8,12832800.0,,
"Nov 23, 2009",14.45,14.62,14.41,14.47,11.81,19581800.0,,
"Nov 20, 2009",14.32,14.44,14.26,14.35,11.71,10892600.0,,
"Nov 19, 2009",14.52,14.57,14.27,14.42,11.77,13654000.0,,
"Nov 18, 2009",14.61,14.63,14.48,14.59,11.9,9624200.0,,
"Nov 17, 2009",14.7,14.7,14.48,14.63,11.94,13646000.0,,
"Nov 16, 2009",14.62,14.77,14.55,14.74,12.03,19988000.0,,
"Nov 13, 2009",14.3,14.52,14.3,14.51,11.84,21015800.0,,
"Nov 12, 2009",14.43,14.52,14.24,14.26,11.64,12840400.0,,
"Nov 11, 2009",14.5,14.55,14.35,14.42,11.77,16492600.0,,
"Nov 10, 2009",14.29,14.44,14.25,14.4,11.76,12973800.0,,
"Nov 9, 2009",14.15,14.36,14.1,14.35,11.72,16747200.0,,
"Nov 6, 2009",13.92,14.06,13.82,14.05,11.47,7352000.0,,
"Nov 5, 2009",13.62,13.95,13.6,13.93,11.36,16824800.0,,
"Nov 4, 2009",13.66,13.78,13.52,13.56,11.06,19444400.0,,
"Nov 3, 2009",13.4,13.6,13.37,13.55,11.06,20694200.0,,
"Nov 2, 2009",13.41,13.67,13.31,13.54,11.05,22309000.0,,
"Oct 30, 2009",13.74,13.85,13.37,13.41,10.94,26614200.0,,
"Oct 29, 2009",13.59,13.81,13.52,13.77,11.24,18201600.0,,
"Oct 28, 2009",13.73,13.79,13.39,13.41,10.94,15974400.0,,
"Oct 27, 2009",14.03,14.06,13.73,13.8,11.26,22433600.0,,
"Oct 26, 2009",14.1,14.36,13.98,14.04,11.46,16880000.0,,
"Oct 23, 2009",14.32,14.35,14.06,14.13,11.53,10802200.0,,
"Oct 22, 2009",14.0,14.27,13.93,14.18,11.57,15245600.0,,
"Oct 21, 2009",14.16,14.37,13.96,13.99,11.42,13986800.0,,
"Oct 21, 2009",14.16,14.37,13.96,13.99,11.42,13986800.0,,
"Oct 20, 2009",14.32,14.34,14.1,14.18,11.57,9744200.0,,
"Oct 19, 2009",14.2,14.39,14.14,14.32,11.69,8006000.0,,
"Oct 16, 2009",14.1,14.19,13.98,14.16,11.56,8433800.0,,
"Oct 15, 2009",14.11,14.23,14.08,14.19,11.58,7381200.0,,
"Oct 14, 2009",14.16,14.23,14.08,14.17,11.56,12479000.0,,
"Oct 13, 2009",13.92,14.05,13.89,13.99,11.42,7823400.0,,
"Oct 12, 2009",13.99,14.06,13.89,13.97,11.4,5555400.0,,
"Oct 9, 2009",13.91,13.92,13.81,13.9,11.34,6095800.0,,
"Oct 8, 2009",13.76,14.01,13.74,13.9,11.35,8780800.0,,
"Oct 7, 2009",13.65,13.76,13.6,13.69,11.17,8206000.0,,
"Oct 6, 2009",13.56,13.78,13.52,13.68,11.16,9306000.0,,
"Oct 5, 2009",13.31,13.53,13.27,13.47,10.99,10168400.0,,
"Oct 2, 2009",13.28,13.36,13.23,13.27,10.83,11790400.0,,
"Oct 1, 2009",13.7,13.7,13.38,13.44,10.96,11569400.0,,
"Sep 30, 2009",13.88,13.88,13.56,13.73,11.21,14544800.0,,
"Sep 29, 2009",13.77,13.9,13.71,13.81,11.27,12521000.0,,
"Sep 28, 2009",13.56,13.79,13.49,13.74,11.22,13848800.0,,
"Sep 25, 2009",13.53,13.61,13.43,13.49,11.01,14831200.0,,
"Sep 24, 2009",13.77,13.8,13.49,13.57,11.07,17241800.0,,
"Sep 23, 2009",13.97,13.97,13.7,13.7,11.18,14984000.0,,
"Sep 22, 2009",13.95,13.98,13.88,13.9,11.34,13856600.0,,
"Sep 21, 2009",13.87,13.92,13.72,13.85,11.3,11242000.0,,
"Sep 18, 2009",,,,,,,Dividend,0.045
"Sep 18, 2009",13.9,13.98,13.83,13.9,11.34,17290000.0,,
"Sep 17, 2009",13.9,14.05,13.78,13.9,11.3,12094400.0,,
"Sep 16, 2009",13.68,13.93,13.65,13.91,11.32,8731600.0,,
"Sep 15, 2009",13.56,13.7,13.52,13.65,11.1,11094600.0,,
"Sep 14, 2009",13.48,13.63,13.39,13.59,11.05,7237000.0,,
"Sep 11, 2009",13.62,13.62,13.47,13.54,11.01,14143400.0,,
"Sep 10, 2009",13.43,13.61,13.35,13.59,11.05,6876800.0,,
"Sep 9, 2009",13.25,13.44,13.18,13.4,10.9,9239000.0,,
"Sep 8, 2009",13.27,13.3,13.17,13.27,10.79,8408400.0,,
"Sep 4, 2009",12.95,13.15,12.9,13.15,10.7,8185200.0,,
"Sep 3, 2009",12.87,12.95,12.74,12.91,10.51,9973400.0,,
"Sep 2, 2009",12.77,12.85,12.7,12.78,10.4,8633000.0,,
"Sep 1, 2009",13.01,13.27,12.81,12.85,10.45,17803600.0,,
"Aug 31, 2009",13.18,13.27,13.03,13.08,10.64,6726400.0,,
"Aug 28, 2009",13.46,13.46,13.22,13.31,10.82,10268800.0,,
"Aug 27, 2009",13.27,13.36,13.06,13.3,10.82,7793800.0,,
"Aug 26, 2009",13.19,13.38,13.14,13.27,10.8,16410400.0,,
"Aug 25, 2009",13.09,13.35,13.09,13.2,10.74,11805800.0,,
"Aug 24, 2009",13.19,13.23,13.02,13.06,10.63,9309800.0,,
"Aug 21, 2009",12.96,13.19,12.96,13.16,10.71,7617600.0,,
"Aug 20, 2009",12.85,12.94,12.77,12.9,10.49,10610800.0,,
"Aug 19, 2009",12.61,12.84,12.51,12.8,10.41,12505200.0,,
"Aug 18, 2009",12.64,12.72,12.55,12.67,10.31,11511800.0,,
"Aug 17, 2009",12.67,12.67,12.47,12.53,10.19,17594000.0,,
"Aug 14, 2009",13.1,13.15,12.82,12.94,10.53,10754400.0,,
"Aug 13, 2009",13.19,13.19,12.91,13.12,10.67,10583200.0,,
"Aug 12, 2009",13.02,13.21,12.93,13.09,10.64,11095000.0,,
"Aug 11, 2009",13.0,13.09,12.84,12.99,10.57,9612400.0,,
"Aug 10, 2009",13.24,13.24,13.01,13.13,10.68,17104200.0,,
"Aug 7, 2009",13.0,13.32,12.95,13.25,10.78,29883000.0,,
"Aug 6, 2009",13.02,13.09,12.78,12.83,10.44,9553600.0,,
"Aug 5, 2009",12.99,12.99,12.69,12.84,10.44,11530800.0,,
"Aug 4, 2009",12.86,12.99,12.81,12.95,10.53,10036800.0,,
"Aug 3, 2009",12.79,12.93,12.69,12.9,10.49,11297800.0,,
"Jul 31, 2009",12.6,12.74,12.56,12.64,10.28,10219400.0,,
"Jul 30, 2009",12.64,12.76,12.57,12.64,10.28,25589600.0,,
"Jul 29, 2009",12.47,12.59,12.35,12.44,10.12,18623000.0,,
"Jul 28, 2009",12.46,12.56,12.39,12.51,10.17,9009600.0,,
"Jul 27, 2009",12.5,12.55,12.33,12.55,10.2,7059000.0,,
"Jul 24, 2009",12.41,12.51,12.3,12.49,10.16,9072600.0,,
"Jul 23, 2009",12.22,12.6,12.14,12.51,10.17,14239400.0,,
"Jul 22, 2009",12.05,12.3,12.03,12.22,9.94,10830000.0,,
"Jul 21, 2009",12.2,12.25,11.94,12.14,9.87,14720000.0,,
"Jul 20, 2009",11.94,12.18,11.94,12.14,9.87,12344400.0,,
"Jul 17, 2009",11.87,11.9,11.8,11.89,9.67,9454400.0,,
"Jul 16, 2009",11.73,11.91,11.63,11.86,9.65,10016200.0,,
"Jul 15, 2009",11.52,11.74,11.48,11.72,9.53,15877800.0,,
"Jul 14, 2009",11.16,11.43,11.16,11.4,9.28,14317800.0,,
"Jul 13, 2009",11.02,11.26,10.91,11.23,9.14,14854800.0,,
"Jul 10, 2009",10.9,11.16,10.9,11.05,8.99,11221600.0,,
"Jul 9, 2009",11.13,11.13,10.98,11.07,9.01,11360200.0,,
"Jul 8, 2009",10.95,11.04,10.85,10.99,8.94,21558000.0,,
"Jul 7, 2009",11.23,11.23,10.9,10.9,8.87,12929800.0,,
"Jul 6, 2009",11.06,11.28,11.05,11.2,9.11,10067400.0,,
"Jul 2, 2009",11.49,11.61,11.15,11.15,9.07,18747400.0,,
"Jul 1, 2009",11.63,11.77,11.6,11.61,9.45,17795600.0,,
"Jun 30, 2009",11.6,11.73,11.46,11.54,9.39,13065800.0,,
"Jun 29, 2009",11.51,11.68,11.44,11.63,9.46,10516600.0,,
"Jun 26, 2009",11.49,11.58,11.44,11.48,9.34,9934600.0,,
"Jun 25, 2009",11.11,11.59,11.11,11.56,9.4,18089200.0,,
"Jun 24, 2009",11.25,11.4,11.15,11.17,9.09,17863600.0,,
"Jun 23, 2009",11.23,11.31,11.1,11.1,9.03,20881800.0,,
"Jun 22, 2009",11.43,11.44,11.22,11.22,9.13,20710200.0,,
"Jun 19, 2009",,,,,,,Dividend,0.049
"Jun 19, 2009",11.52,11.66,11.48,11.56,9.41,17844800.0,,
"Jun 18, 2009",11.57,11.61,11.4,11.52,9.33,10902200.0,,
"Jun 17, 2009",11.4,11.69,11.31,11.56,9.36,33056200.0,,
"Jun 16, 2009",11.73,11.77,11.38,11.4,9.23,18397400.0,,
"Jun 15, 2009",11.84,11.84,11.6,11.69,9.47,14769800.0,,
"Jun 12, 2009",11.82,11.96,11.72,11.93,9.66,19330800.0,,
"Jun 11, 2009",12.05,12.16,11.92,11.94,9.68,19056000.0,,
"Jun 10, 2009",12.26,12.36,11.89,12.01,9.72,25089000.0,,
"Jun 9, 2009",12.17,12.24,12.05,12.19,9.87,9908800.0,,
"Jun 8, 2009",11.88,12.19,11.79,12.11,9.81,11066200.0,,
"Jun 5, 2009",12.24,12.24,11.89,12.01,9.72,13933600.0,,
"Jun 4, 2009",12.1,12.1,11.85,12.08,9.78,9926800.0,,
"Jun 4, 2009",12.1,12.1,11.85,12.08,9.78,9926800.0,,
"Jun 3, 2009",12.13,12.14,11.94,12.06,9.76,17432800.0,,
"Jun 2, 2009",12.06,12.27,12.01,12.22,9.89,14580200.0,,
"Jun 1, 2009",11.77,12.13,11.64,12.11,9.81,23066000.0,,
"May 29, 2009",11.45,11.59,11.3,11.56,9.36,8702000.0,,
"May 28, 2009",11.55,11.57,11.18,11.37,9.21,10764200.0,,
"May 27, 2009",11.63,11.74,11.36,11.41,9.25,15550200.0,,
"May 26, 2009",11.19,11.7,11.06,11.67,9.45,22097200.0,,
"May 22, 2009",11.27,11.37,11.07,11.29,9.15,14725000.0,,
"May 21, 2009",11.3,11.39,11.09,11.17,9.05,23486600.0,,
"May 20, 2009",11.63,11.85,11.4,11.44,9.27,26767200.0,,
"May 19, 2009",11.65,11.74,11.48,11.56,9.37,31602600.0,,
"May 18, 2009",11.25,11.61,11.15,11.61,9.4,12567600.0,,
"May 15, 2009",11.13,11.4,11.06,11.06,8.96,15597200.0,,
"May 14, 2009",11.16,11.37,11.06,11.15,9.03,18903600.0,,
"May 13, 2009",11.32,11.32,11.09,11.13,9.02,17772600.0,,
"May 12, 2009",11.87,11.87,11.34,11.53,9.34,25952800.0,,
"May 11, 2009",11.8,11.89,11.65,11.78,9.55,13104000.0,,
"May 8, 2009",12.03,12.12,11.75,11.99,9.72,16368400.0,,
"May 7, 2009",12.27,12.3,11.77,11.82,9.57,22189000.0,,
"May 6, 2009",12.16,12.18,11.86,12.09,9.79,15520000.0,,
"May 5, 2009",12.12,12.12,11.83,11.96,9.69,18849600.0,,
"May 4, 2009",11.73,11.99,11.65,11.97,9.69,14346800.0,,
"May 1, 2009",11.7,11.72,11.48,11.59,9.39,11795000.0,,
"Apr 30, 2009",11.79,11.94,11.62,11.65,9.43,19703400.0,,
"Apr 29, 2009",11.38,11.69,11.34,11.45,9.27,20318400.0,,
"Apr 28, 2009",11.13,11.42,11.08,11.24,9.11,18090800.0,,
"Apr 27, 2009",11.29,11.44,11.14,11.24,9.11,24423200.0,,
"Apr 24, 2009",11.25,11.56,11.18,11.4,9.23,11557400.0,,
"Apr 23, 2009",11.2,11.28,10.94,11.12,9.01,19810800.0,,
"Apr 22, 2009",10.97,11.39,10.89,11.12,9.01,13732800.0,,
"Apr 21, 2009",10.79,11.07,10.75,11.01,8.92,5932400.0,,
"Apr 20, 2009",11.19,11.19,10.75,10.83,8.77,11581000.0,,
"Apr 17, 2009",11.32,11.34,11.1,11.26,9.12,17246200.0,,
"Apr 16, 2009",10.78,11.21,10.78,11.13,9.01,15867200.0,,
"Apr 15, 2009",10.66,10.78,10.57,10.75,8.71,12670000.0,,
"Apr 14, 2009",10.88,10.88,10.65,10.72,8.68,8881800.0,,
"Apr 13, 2009",10.85,11.02,10.73,10.96,8.88,6964800.0,,
"Apr 9, 2009",10.88,11.02,10.74,10.95,8.87,17708400.0,,
"Apr 8, 2009",10.4,10.56,10.34,10.52,8.53,6695600.0,,
"Apr 7, 2009",10.42,10.44,10.22,10.23,8.29,8640200.0,,
"Apr 6, 2009",10.66,10.7,10.45,10.55,8.54,9282600.0,,
"Apr 3, 2009",10.64,10.72,10.45,10.69,8.66,9907200.0,,
"Apr 2, 2009",10.2,10.7,10.15,10.56,8.55,21994400.0,,
"Apr 1, 2009",10.01,10.15,9.56,10.01,8.1,18910600.0,,
"Mar 31, 2009",9.82,9.98,9.67,9.82,7.96,9363800.0,,
"Mar 30, 2009",9.79,9.86,9.61,9.75,7.9,13073000.0,,
"Mar 27, 2009",10.16,10.2,10.0,10.05,8.14,18545600.0,,
"Mar 26, 2009",10.06,10.34,10.02,10.32,8.36,21169600.0,,
"Mar 25, 2009",9.82,10.12,9.6,9.87,7.99,13475800.0,,
"Mar 24, 2009",9.84,9.97,9.75,9.8,7.94,20254200.0,,
"Mar 23, 2009",9.52,9.94,9.37,9.93,8.04,18763000.0,,
"Mar 20, 2009",,,,,,,Dividend,0.051
"Mar 20, 2009",9.48,9.53,9.15,9.27,7.51,13131800.0,,
"Mar 19, 2009",9.74,9.74,9.45,9.52,7.67,19638800.0,,
"Mar 18, 2009",9.35,9.78,9.27,9.62,7.75,16071000.0,,
"Mar 17, 2009",8.93,9.33,8.93,9.32,7.51,13877400.0,,
"Mar 16, 2009",9.2,9.24,8.9,8.9,7.17,9447400.0,,
"Mar 13, 2009",9.28,9.33,8.91,9.11,7.34,8764600.0,,
"Mar 12, 2009",8.61,9.06,8.56,9.01,7.26,14046600.0,,
"Mar 11, 2009",8.7,8.81,8.56,8.69,7.0,12135200.0,,
"Mar 10, 2009",8.1,8.61,8.1,8.55,6.89,15933400.0,,
"Mar 9, 2009",8.02,8.3,7.98,8.06,6.49,10268200.0,,
"Mar 6, 2009",8.34,8.34,7.93,8.16,6.57,22140800.0,,
"Mar 5, 2009",8.36,8.51,8.11,8.15,6.57,21704600.0,,
"Mar 4, 2009",8.57,8.7,8.4,8.56,6.89,17242400.0,,
"Mar 3, 2009",8.51,8.65,8.31,8.37,6.74,21032600.0,,
"Mar 2, 2009",8.7,8.73,8.4,8.44,6.8,20303400.0,,
"Feb 27, 2009",8.72,8.95,8.63,8.77,7.06,13977400.0,,
"Feb 26, 2009",9.15,9.19,8.81,8.82,7.11,13208000.0,,
"Feb 25, 2009",9.06,9.19,8.85,9.02,7.26,24086000.0,,
"Feb 24, 2009",8.74,9.18,8.74,9.1,7.33,19100400.0,,
"Feb 23, 2009",8.97,9.1,8.66,8.72,7.03,13649600.0,,
"Feb 20, 2009",8.73,9.04,8.73,8.92,7.19,26896600.0,,
"Feb 19, 2009",9.14,9.26,8.97,8.98,7.23,18207200.0,,
"Feb 18, 2009",9.14,9.19,8.96,9.07,7.31,19696000.0,,
"Feb 17, 2009",9.1,9.26,9.02,9.14,7.36,9550600.0,,
"Feb 13, 2009",9.6,9.72,9.48,9.49,7.65,14544800.0,,
"Feb 12, 2009",9.4,9.68,9.32,9.65,7.77,19116800.0,,
"Feb 11, 2009",9.65,9.72,9.5,9.64,7.76,10095000.0,,
"Feb 10, 2009",9.96,10.02,9.52,9.56,7.7,15233400.0,,
"Feb 9, 2009",10.1,10.1,9.9,10.03,8.08,7987200.0,,
"Feb 6, 2009",9.92,10.17,9.74,10.06,8.11,13637000.0,,
"Feb 5, 2009",9.56,9.86,9.49,9.78,7.88,12784000.0,,
"Feb 4, 2009",9.72,9.9,9.56,9.6,7.74,13659800.0,,
"Feb 3, 2009",9.57,9.9,9.47,9.82,7.91,12760000.0,,
"Feb 2, 2009",9.44,9.66,9.41,9.55,7.69,10403000.0,,
"Jan 30, 2009",9.97,10.02,9.57,9.64,7.77,17530600.0,,
"Jan 29, 2009",10.12,10.22,9.88,9.89,7.96,14344800.0,,
"Jan 28, 2009",10.34,10.42,10.12,10.3,8.3,15402200.0,,
"Jan 27, 2009",9.95,10.07,9.82,9.88,7.96,10045200.0,,
"Jan 26, 2009",9.78,10.12,9.77,9.91,7.98,12225200.0,,
"Jan 23, 2009",9.59,9.98,9.55,9.84,7.93,16159800.0,,
"Jan 22, 2009",9.88,10.08,9.68,9.87,7.95,17469000.0,,
"Jan 21, 2009",9.73,10.02,9.6,9.99,8.05,22873600.0,,
"Jan 20, 2009",10.31,10.34,9.66,9.7,7.81,22445600.0,,
"Jan 16, 2009",10.4,10.4,10.03,10.31,8.3,18043800.0,,
"Jan 15, 2009",9.99,10.36,9.75,10.19,8.21,24993800.0,,
"Jan 14, 2009",10.1,10.26,9.9,9.94,8.01,13930600.0,,
"Jan 13, 2009",10.46,10.6,10.26,10.35,8.33,15952800.0,,
"Jan 13, 2009",10.46,10.6,10.26,10.35,8.33,15952800.0,,
"Jan 12, 2009",10.79,10.79,10.41,10.48,8.44,10140800.0,,
"Jan 9, 2009",11.12,11.14,10.73,10.73,8.65,8215400.0,,
"Jan 8, 2009",10.98,11.1,10.83,11.07,8.92,10786000.0,,
"Jan 7, 2009",11.23,11.27,10.97,11.01,8.87,9687600.0,,
"Jan 6, 2009",11.36,11.55,11.29,11.47,9.24,14270600.0,,
"Jan 5, 2009",11.16,11.35,11.07,11.27,9.08,12900000.0,,
"Jan 2, 2009",10.81,11.32,10.74,11.32,9.12,17581000.0,,
"Dec 31, 2008",10.61,10.81,10.56,10.78,8.69,8379400.0,,
"Dec 30, 2008",10.3,10.6,10.27,10.6,8.54,5029400.0,,
"Dec 29, 2008",10.28,10.35,10.1,10.21,8.23,3640000.0,,
"Dec 26, 2008",10.4,10.44,10.3,10.41,8.39,2293800.0,,
"Dec 24, 2008",10.23,10.35,10.23,10.3,8.29,2093400.0,,
"Dec 23, 2008",10.37,10.45,10.17,10.22,8.23,7868000.0,,
"Dec 22, 2008",10.64,10.66,10.15,10.33,8.32,10919200.0,,
"Dec 19, 2008",,,,,,,Dividend,0.081
"Dec 19, 2008",10.99,10.99,10.57,10.61,8.55,23152600.0,,
"Dec 18, 2008",11.1,11.1,10.66,10.74,8.59,23598800.0,,
"Dec 17, 2008",10.9,11.15,10.74,11.05,8.84,15252400.0,,
"Dec 16, 2008",10.99,11.04,10.45,10.99,8.79,24669800.0,,
"Dec 15, 2008",10.61,10.64,10.23,10.44,8.34,12555600.0,,
"Dec 12, 2008",10.28,10.6,10.12,10.47,8.37,15333200.0,,
"Dec 11, 2008",10.73,10.88,10.42,10.51,8.4,17193800.0,,
"Dec 10, 2008",10.76,10.98,10.64,10.97,8.77,14823600.0,,
"Dec 9, 2008",10.81,11.08,10.34,10.72,8.57,21340600.0,,
"Dec 8, 2008",10.92,11.11,10.74,10.94,8.75,24899000.0,,
"Dec 5, 2008",10.1,10.6,9.78,10.55,8.43,21869200.0,,
"Dec 4, 2008",9.94,10.56,9.93,10.24,8.19,23791000.0,,
"Dec 3, 2008",9.61,10.22,9.5,10.14,8.1,20796000.0,,
"Dec 2, 2008",9.54,9.84,9.36,9.78,7.82,15381600.0,,
"Dec 1, 2008",9.99,10.07,9.35,9.35,7.48,13911800.0,,
"Nov 28, 2008",10.1,10.31,10.03,10.24,8.19,2973000.0,,
"Nov 26, 2008",9.53,10.2,9.4,10.09,8.07,14159000.0,,
"Nov 25, 2008",9.65,9.69,9.25,9.53,7.62,20835000.0,,
"Nov 24, 2008",8.97,9.62,8.76,9.41,7.52,27572000.0,,
"Nov 21, 2008",8.27,8.76,8.06,8.73,6.98,40260000.0,,
"Nov 20, 2008",8.63,8.94,8.15,8.16,6.53,32947200.0,,
"Nov 19, 2008",9.1,9.39,8.65,8.68,6.94,15549400.0,,
"Nov 18, 2008",9.19,9.48,8.98,9.27,7.41,16555400.0,,
"Nov 17, 2008",9.36,9.67,9.28,9.31,7.45,17826400.0,,
"Nov 14, 2008",9.99,10.12,9.55,9.59,7.67,20816600.0,,
"Nov 13, 2008",9.54,10.08,8.9,10.08,8.06,26487000.0,,
"Nov 12, 2008",9.91,9.91,9.35,9.35,7.48,12548000.0,,
"Nov 11, 2008",10.26,10.26,9.78,9.95,7.96,18536600.0,,
"Nov 10, 2008",10.91,10.91,10.13,10.31,8.25,9576800.0,,
"Nov 7, 2008",10.98,10.98,10.27,10.56,8.44,9203200.0,,
"Nov 6, 2008",11.45,11.45,10.28,10.38,8.3,16488000.0,,
"Nov 5, 2008",11.79,11.79,10.91,10.96,8.76,11916600.0,,
"Nov 4, 2008",11.45,11.7,11.22,11.6,9.28,13283200.0,,
"Nov 3, 2008",11.34,11.76,11.05,11.16,8.92,6656400.0,,
"Oct 31, 2008",10.89,11.56,10.53,11.49,9.19,11914400.0,,
"Oct 30, 2008",11.29,11.29,10.73,11.04,8.83,12635200.0,,
"Oct 29, 2008",10.74,11.26,10.4,10.72,8.57,22760800.0,,
"Oct 28, 2008",9.52,10.69,9.42,10.5,8.4,14785000.0,,
"Oct 27, 2008",9.43,9.92,9.26,9.56,7.65,12921400.0,,
"Oct 24, 2008",9.28,9.94,9.28,9.71,7.76,15734400.0,,
"Oct 23, 2008",10.73,10.73,9.56,10.3,8.24,19721000.0,,
"Oct 22, 2008",10.38,10.81,9.9,10.3,8.24,14148800.0,,
"Oct 21, 2008",11.11,11.28,10.75,11.06,8.84,10745800.0,,
"Oct 20, 2008",11.27,11.27,10.8,11.18,8.94,14062400.0,,
"Oct 17, 2008",10.85,11.13,10.25,11.12,8.89,19424200.0,,
"Oct 16, 2008",10.01,10.94,9.81,10.9,8.72,25807000.0,,
"Oct 15, 2008",11.37,11.37,10.23,10.23,8.18,16346000.0,,
"Oct 14, 2008",12.43,12.43,11.09,11.57,9.25,22481200.0,,
"Oct 13, 2008",11.65,11.7,10.94,11.5,9.2,13147200.0,,
"Oct 10, 2008",10.3,11.35,9.77,11.06,8.85,34014600.0,,
"Oct 9, 2008",11.74,11.8,10.76,10.84,8.66,17940000.0,,
"Oct 8, 2008",11.46,12.15,11.25,11.57,9.25,17973600.0,,
"Oct 7, 2008",12.82,12.82,11.64,11.8,9.44,18860400.0,,
"Oct 6, 2008",12.69,12.86,11.87,12.61,10.08,28086000.0,,
"Oct 3, 2008",13.63,13.67,12.95,12.98,10.37,15739000.0,,
"Oct 2, 2008",13.95,13.95,13.31,13.44,10.75,14759400.0,,
"Oct 1, 2008",14.43,14.43,13.74,13.95,11.15,18247200.0,,
"Sep 30, 2008",13.95,14.21,13.6,13.95,11.15,10450600.0,,
"Sep 29, 2008",14.57,14.57,13.4,13.65,10.91,21526800.0,,
"Sep 26, 2008",14.28,14.63,14.15,14.63,11.69,9166400.0,,
"Sep 25, 2008",14.4,14.59,14.15,14.48,11.58,12706600.0,,
"Sep 24, 2008",14.39,14.6,14.1,14.23,11.37,9308000.0,,
"Sep 23, 2008",14.43,14.7,14.21,14.27,11.41,13318800.0,,
"Sep 22, 2008",14.94,15.74,14.48,14.48,11.58,16214200.0,,
"Sep 19, 2008",,,,,,,Dividend,0.0525
"Sep 19, 2008",16.45,17.25,15.1,15.1,12.07,19103600.0,,
"Sep 18, 2008",14.72,15.22,14.18,14.95,11.91,34417400.0,,
"Sep 17, 2008",14.98,15.02,14.44,14.57,11.61,19182800.0,,
"Sep 16, 2008",14.7,15.38,14.6,15.18,12.09,20741800.0,,
"Sep 15, 2008",14.9,15.52,14.9,15.07,12.01,22456600.0,,
"Sep 12, 2008",15.48,15.63,15.32,15.6,12.43,17377800.0,,
"Sep 11, 2008",15.25,15.62,15.13,15.6,12.43,21935000.0,,
"Sep 10, 2008",15.48,15.55,15.23,15.36,12.24,15866600.0,,
"Sep 9, 2008",15.88,15.98,15.38,15.52,12.37,20146800.0,,
"Sep 8, 2008",15.59,15.82,15.43,15.82,12.61,23433800.0,,
"Sep 5, 2008",15.01,15.2,14.8,15.14,12.06,18273000.0,,
"Sep 4, 2008",15.53,15.53,15.1,15.11,12.04,15055200.0,,
"Sep 3, 2008",15.56,15.7,15.44,15.63,12.45,14276000.0,,
"Sep 2, 2008",15.57,15.9,15.44,15.55,12.39,18295400.0,,
"Aug 29, 2008",15.32,15.42,15.23,15.25,12.15,5950000.0,,
"Aug 28, 2008",15.16,15.43,15.08,15.43,12.29,7193200.0,,
"Aug 27, 2008",15.0,15.16,14.8,15.07,12.01,6467800.0,,
"Aug 26, 2008",14.93,15.06,14.81,15.03,11.98,8112400.0,,
"Aug 25, 2008",15.22,15.27,14.9,14.91,11.88,18006600.0,,
"Aug 25, 2008",15.22,15.27,14.9,14.91,11.88,18006600.0,,
"Aug 22, 2008",15.07,15.35,15.02,15.35,12.23,7246800.0,,
"Aug 21, 2008",14.8,15.03,14.7,14.99,11.95,10650400.0,,
"Aug 20, 2008",15.06,15.14,14.82,14.88,11.85,10908800.0,,
"Aug 19, 2008",15.27,15.27,14.94,15.06,12.0,15302800.0,,
"Aug 18, 2008",15.74,15.74,15.27,15.35,12.23,15741600.0,,
"Aug 15, 2008",15.48,15.72,15.48,15.61,12.44,13711600.0,,
"Aug 14, 2008",15.02,15.64,15.01,15.43,12.29,12991200.0,,
"Aug 13, 2008",15.32,15.38,14.98,15.2,12.11,19453600.0,,
"Aug 12, 2008",15.61,15.64,15.35,15.45,12.31,15590600.0,,
"Aug 11, 2008",15.29,15.97,15.14,15.65,12.47,21508600.0,,
"Aug 8, 2008",14.57,15.31,14.52,15.19,12.1,28418400.0,,
"Aug 7, 2008",14.69,14.69,14.48,14.5,11.55,16179000.0,,
"Aug 6, 2008",15.0,15.0,14.56,14.79,11.78,10079600.0,,
"Aug 5, 2008",14.56,14.88,14.42,14.86,11.84,17261400.0,,
"Aug 4, 2008",14.22,14.34,14.06,14.23,11.34,12967600.0,,
"Aug 1, 2008",14.31,14.4,13.98,14.13,11.25,17110800.0,,
"Jul 31, 2008",14.2,14.51,14.2,14.27,11.37,14305000.0,,
"Jul 30, 2008",14.44,14.59,14.16,14.36,11.44,14055800.0,,
"Jul 29, 2008",13.93,14.38,13.89,14.38,11.45,22055800.0,,
"Jul 28, 2008",14.23,14.23,13.85,13.88,11.06,11773000.0,,
"Jul 25, 2008",14.39,14.51,14.15,14.22,11.33,18753600.0,,
"Jul 24, 2008",14.75,14.75,14.26,14.44,11.51,17806600.0,,
"Jul 23, 2008",14.4,14.93,14.34,14.76,11.76,18260800.0,,
"Jul 22, 2008",14.03,14.48,13.95,14.48,11.53,13249800.0,,
"Jul 21, 2008",14.35,14.36,14.02,14.1,11.23,11701400.0,,
"Jul 18, 2008",14.3,14.42,14.09,14.35,11.44,14092600.0,,
"Jul 17, 2008",14.0,14.35,13.74,13.93,11.1,20705000.0,,
"Jul 16, 2008",13.31,13.97,13.27,13.86,11.04,14434200.0,,
"Jul 15, 2008",13.15,13.57,12.97,13.32,10.62,13447800.0,,
"Jul 14, 2008",13.45,13.59,13.27,13.32,10.62,8851600.0,,
"Jul 11, 2008",13.38,13.63,13.15,13.4,10.67,15693600.0,,
"Jul 10, 2008",13.81,13.94,13.45,13.68,10.9,9893400.0,,
"Jul 9, 2008",14.21,14.22,13.75,13.93,11.1,12791800.0,,
"Jul 8, 2008",13.77,14.23,13.77,14.23,11.33,9641200.0,,
"Jul 7, 2008",13.98,14.13,13.56,13.86,11.05,11353000.0,,
"Jul 3, 2008",13.98,14.3,13.8,14.02,11.17,6732200.0,,
"Jul 2, 2008",14.15,14.3,13.87,13.9,11.08,30600400.0,,
"Jul 1, 2008",13.99,14.38,13.84,14.06,11.2,16267400.0,,
"Jun 30, 2008",14.66,14.66,14.1,14.24,11.35,9689600.0,,
"Jun 27, 2008",14.14,14.47,14.14,14.31,11.4,19240400.0,,
"Jun 26, 2008",14.61,14.76,14.29,14.55,11.59,9166600.0,,
"Jun 25, 2008",14.89,15.14,14.73,14.9,11.87,13326800.0,,
"Jun 24, 2008",14.76,14.89,14.52,14.79,11.78,8440400.0,,
"Jun 23, 2008",15.13,15.13,14.71,14.73,11.74,9241400.0,,
"Jun 20, 2008",,,,,,,Dividend,0.056
"Jun 20, 2008",15.28,15.3,14.94,14.99,11.94,14874600.0,,
"Jun 19, 2008",15.29,15.55,15.26,15.5,12.31,7897800.0,,
"Jun 18, 2008",15.54,15.55,15.26,15.31,12.15,12854600.0,,
"Jun 17, 2008",15.95,15.95,15.61,15.65,12.42,12109200.0,,
"Jun 16, 2008",15.77,15.9,15.67,15.81,12.55,8566600.0,,
"Jun 13, 2008",15.57,16.09,15.57,15.86,12.59,5659000.0,,
"Jun 12, 2008",15.52,15.64,15.35,15.48,12.29,13871800.0,,
"Jun 11, 2008",15.65,15.66,15.35,15.35,12.19,12688800.0,,
"Jun 10, 2008",15.55,15.82,15.47,15.68,12.45,9938600.0,,
"Jun 9, 2008",15.68,15.85,15.51,15.62,12.4,11028800.0,,
"Jun 6, 2008",16.17,16.17,15.63,15.63,12.41,11326200.0,,
"Jun 5, 2008",16.15,16.32,16.1,16.32,12.96,7497200.0,,
"Jun 4, 2008",15.99,16.25,15.94,16.11,12.79,13189000.0,,
"Jun 3, 2008",16.08,16.09,15.85,16.01,12.71,8552200.0,,
"Jun 2, 2008",16.11,16.17,15.83,15.99,12.7,8423400.0,,
"May 30, 2008",16.33,16.35,16.08,16.16,12.83,5793800.0,,
"May 29, 2008",16.05,16.31,16.05,16.28,12.92,7481200.0,,
"May 28, 2008",16.05,16.32,15.97,15.97,12.68,6613200.0,,
"May 27, 2008",15.8,16.08,15.8,15.97,12.68,10312600.0,,
"May 23, 2008",16.07,16.08,15.8,15.85,12.58,7335200.0,,
"May 22, 2008",15.98,16.2,15.95,16.05,12.74,6266000.0,,
"May 21, 2008",16.45,16.45,16.01,16.11,12.79,11111800.0,,
"May 20, 2008",16.57,16.58,16.33,16.47,13.07,10777200.0,,
"May 19, 2008",16.67,16.85,16.6,16.73,13.28,7380200.0,,
"May 16, 2008",16.88,16.88,16.57,16.72,13.27,7138200.0,,
"May 15, 2008",16.58,16.86,16.51,16.83,13.37,10841200.0,,
"May 14, 2008",16.57,16.77,16.53,16.67,13.24,7376600.0,,
"May 13, 2008",16.47,16.54,16.36,16.49,13.09,4984800.0,,
"May 12, 2008",16.17,16.45,16.12,16.43,13.04,3754400.0,,
"May 9, 2008",16.1,16.23,15.97,16.1,12.78,6825200.0,,
"May 8, 2008",16.32,16.33,16.08,16.19,12.86,7423200.0,,
"May 7, 2008",16.52,16.62,16.17,16.17,12.84,9101200.0,,
"May 6, 2008",16.32,16.49,16.19,16.48,13.08,7715600.0,,
"May 5, 2008",16.5,16.53,16.35,16.41,13.03,12188800.0,,
"May 2, 2008",16.82,16.82,16.49,16.59,13.17,9153400.0,,
"May 1, 2008",16.11,16.77,16.06,16.63,13.2,13716600.0,,
"Apr 30, 2008",16.34,16.44,15.73,15.73,12.48,12424600.0,,
"Apr 29, 2008",16.18,16.31,16.14,16.29,12.93,6172800.0,,
"Apr 28, 2008",16.21,16.3,16.08,16.16,12.83,7565400.0,,
"Apr 25, 2008",16.11,16.2,15.91,16.18,12.85,11359400.0,,
"Apr 24, 2008",15.84,16.16,15.76,16.02,12.72,10415400.0,,
"Apr 23, 2008",15.81,15.94,15.68,15.8,12.54,5179000.0,,
"Apr 22, 2008",15.98,15.98,15.66,15.81,12.55,8309600.0,,
"Apr 21, 2008",15.96,16.04,15.86,16.03,12.73,6852200.0,,
"Apr 18, 2008",16.07,16.11,15.88,16.03,12.73,9719400.0,,
"Apr 17, 2008",15.61,15.74,15.56,15.73,12.49,8461400.0,,
"Apr 16, 2008",15.48,15.66,15.41,15.66,12.44,12742200.0,,
"Apr 15, 2008",15.4,15.42,15.24,15.32,12.17,5755200.0,,
"Apr 14, 2008",15.44,15.44,15.32,15.35,12.18,6600200.0,,
"Apr 11, 2008",15.62,15.65,15.38,15.45,12.27,7766400.0,,
"Apr 10, 2008",15.57,15.84,15.56,15.74,12.5,12851200.0,,
"Apr 9, 2008",15.92,15.94,15.54,15.58,12.37,13431800.0,,
"Apr 8, 2008",15.9,15.95,15.85,15.93,12.65,9169600.0,,
"Apr 7, 2008",16.09,16.13,15.94,15.97,12.67,6306800.0,,
"Apr 7, 2008",16.09,16.13,15.94,15.97,12.67,6306800.0,,
"Apr 4, 2008",16.1,16.13,15.9,16.02,12.72,6474800.0,,
"Apr 3, 2008",16.06,16.13,15.88,16.1,12.78,12730000.0,,
"Apr 2, 2008",16.1,16.3,16.05,16.05,12.74,15010400.0,,
"Apr 1, 2008",15.57,16.1,15.57,16.05,12.74,19913000.0,,
"Mar 31, 2008",15.21,15.51,15.17,15.36,12.19,10381800.0,,
"Mar 28, 2008",15.55,15.55,15.16,15.27,12.12,8459600.0,,
"Mar 27, 2008",15.92,15.92,15.56,15.56,12.36,9488400.0,,
"Mar 26, 2008",15.94,15.97,15.68,15.72,12.48,15503800.0,,
"Mar 25, 2008",16.28,16.28,15.93,16.01,12.71,14962200.0,,
"Mar 24, 2008",15.82,16.19,15.74,16.15,12.82,20680800.0,,
"Mar 20, 2008",,,,,,,Dividend,0.02
"Mar 20, 2008",15.13,15.7,15.13,15.63,12.4,12701400.0,,
"Mar 19, 2008",15.64,15.64,15.2,15.2,12.05,15525600.0,,
"Mar 18, 2008",15.1,15.47,14.97,15.4,12.21,11204200.0,,
"Mar 17, 2008",14.65,14.92,14.56,14.82,11.75,17814200.0,,
"Mar 14, 2008",15.38,15.38,14.78,15.02,11.91,17843200.0,,
"Mar 13, 2008",14.98,15.35,14.84,15.24,12.08,18028600.0,,
"Mar 12, 2008",15.44,15.52,15.2,15.23,12.07,8217200.0,,
"Mar 11, 2008",15.31,15.31,14.92,15.31,12.14,14955000.0,,
"Mar 10, 2008",15.18,15.21,14.82,14.9,11.82,13975600.0,,
"Mar 7, 2008",15.02,15.33,14.97,15.08,11.96,15683000.0,,
"Mar 6, 2008",15.44,15.65,15.18,15.23,12.07,12937200.0,,
"Mar 5, 2008",15.59,15.85,15.48,15.6,12.37,10044000.0,,
"Mar 4, 2008",15.52,15.67,15.4,15.6,12.37,14968600.0,,
"Mar 3, 2008",15.6,15.67,15.41,15.63,12.39,9788400.0,,
"Feb 29, 2008",15.89,15.9,15.5,15.66,12.42,18260200.0,,
"Feb 28, 2008",16.28,16.32,16.01,16.06,12.73,13229000.0,,
"Feb 27, 2008",16.33,16.52,16.33,16.45,13.04,8892000.0,,
"Feb 26, 2008",16.16,16.57,16.16,16.49,13.07,13546400.0,,
"Feb 25, 2008",16.03,16.33,15.88,16.33,12.94,13377800.0,,
"Feb 22, 2008",15.86,16.11,15.64,16.11,12.77,8798000.0,,
"Feb 21, 2008",16.16,16.2,15.76,15.77,12.5,12025800.0,,
"Feb 20, 2008",15.81,16.15,15.77,16.15,12.8,21552400.0,,
"Feb 19, 2008",16.19,16.19,15.88,15.93,12.63,8150600.0,,
"Feb 15, 2008",15.85,16.13,15.79,16.11,12.78,8393800.0,,
"Feb 14, 2008",16.3,16.3,15.88,16.03,12.71,9939000.0,,
"Feb 13, 2008",16.15,16.25,15.99,16.18,12.83,14072600.0,,
"Feb 12, 2008",16.0,16.21,15.89,15.98,12.67,8849800.0,,
"Feb 11, 2008",15.75,16.03,15.6,15.95,12.65,10401800.0,,
"Feb 8, 2008",15.84,15.9,15.6,15.78,12.52,10974000.0,,
"Feb 7, 2008",15.54,15.98,15.52,15.88,12.59,12868400.0,,
"Feb 6, 2008",15.85,15.98,15.51,15.57,12.35,9878200.0,,
"Feb 5, 2008",15.89,16.02,15.66,15.74,12.48,14008400.0,,
"Feb 4, 2008",16.44,16.44,16.05,16.2,12.84,12954600.0,,
"Feb 1, 2008",16.29,16.45,16.12,16.43,13.03,16413800.0,,
"Jan 31, 2008",15.44,16.33,15.33,16.29,12.92,15836000.0,,
"Jan 30, 2008",15.69,16.03,15.59,15.64,12.4,25846800.0,,
"Jan 29, 2008",15.75,15.79,15.51,15.73,12.48,9528800.0,,
"Jan 28, 2008",15.35,15.71,15.18,15.69,12.44,14947600.0,,
"Jan 25, 2008",15.9,15.9,15.33,15.43,12.23,13314000.0,,
"Jan 24, 2008",15.74,15.76,15.51,15.76,12.49,14407600.0,,
"Jan 23, 2008",14.7,15.65,14.7,15.6,12.37,24829800.0,,
"Jan 22, 2008",14.18,15.21,13.95,15.05,11.93,56795800.0,,
"Jan 18, 2008",15.03,15.18,14.72,14.76,11.7,12769600.0,,
"Jan 17, 2008",15.05,15.2,14.81,14.83,11.76,13784400.0,,
"Jan 16, 2008",14.82,15.3,14.82,15.08,11.96,13234200.0,,
"Jan 15, 2008",15.02,15.1,14.87,14.99,11.89,13000400.0,,
"Jan 14, 2008",15.14,15.29,15.07,15.27,12.11,6008600.0,,
"Jan 11, 2008",15.3,15.34,15.06,15.13,12.0,7922200.0,,
"Jan 10, 2008",15.19,15.64,15.15,15.5,12.29,12248800.0,,
"Jan 9, 2008",15.11,15.31,14.84,15.28,12.12,13422200.0,,
"Jan 8, 2008",15.52,15.65,15.15,15.18,12.03,8600400.0,,
"Jan 7, 2008",15.57,15.59,15.34,15.48,12.27,12243800.0,,
"Jan 4, 2008",15.79,15.79,15.36,15.42,12.23,11970200.0,,
"Jan 3, 2008",16.05,16.11,15.84,15.92,12.62,19174000.0,,
"Jan 2, 2008",16.5,16.5,16.06,16.1,12.77,7802000.0,,
"Dec 31, 2007",16.24,16.51,16.24,16.35,12.96,6411000.0,,
"Dec 28, 2007",16.65,16.65,16.41,16.41,13.01,1319400.0,,
"Dec 27, 2007",16.57,16.66,16.48,16.49,13.07,5326800.0,,
"Dec 26, 2007",16.61,16.73,16.59,16.72,13.26,3658800.0,,
"Dec 24, 2007",16.67,16.8,16.67,16.77,13.3,2404600.0,,
"Dec 21, 2007",,,,,,,Dividend,0.1175
"Dec 21, 2007",16.55,16.65,16.47,16.47,13.06,10097600.0,,
"Dec 20, 2007",16.48,16.59,16.37,16.56,13.03,4704800.0,,
"Dec 19, 2007",16.53,16.65,16.42,16.48,12.97,6263400.0,,
"Dec 18, 2007",16.51,16.69,16.42,16.63,13.09,7779400.0,,
"Dec 17, 2007",16.65,16.68,16.47,16.47,12.97,5943400.0,,
"Dec 14, 2007",17.09,17.09,16.63,16.63,13.09,3812200.0,,
"Dec 13, 2007",16.74,16.99,16.71,16.84,13.26,6926200.0,,
"Dec 12, 2007",17.18,17.36,16.76,16.95,13.35,7165000.0,,
"Dec 11, 2007",17.46,17.56,16.9,16.9,13.3,8841600.0,,
"Dec 10, 2007",17.37,17.5,17.34,17.46,13.75,3517400.0,,
"Dec 7, 2007",17.38,17.5,17.38,17.45,13.74,8197800.0,,
"Dec 6, 2007",17.25,17.41,17.05,17.31,13.62,5234800.0,,
"Dec 5, 2007",17.27,17.3,17.07,17.16,13.51,7529600.0,,
"Dec 4, 2007",17.27,17.29,17.11,17.18,13.52,5976000.0,,
"Dec 3, 2007",17.43,17.45,17.24,17.24,13.57,4839800.0,,
"Nov 30, 2007",17.42,17.57,17.3,17.33,13.64,6983200.0,,
"Nov 29, 2007",17.04,17.3,16.96,17.08,13.44,6007000.0,,
"Nov 28, 2007",16.75,17.25,16.75,17.25,13.58,7939000.0,,
"Nov 27, 2007",16.32,16.67,16.32,16.6,13.07,7271200.0,,
"Nov 26, 2007",16.92,16.92,16.34,16.34,12.86,16893600.0,,
"Nov 23, 2007",16.74,16.77,16.56,16.77,13.21,3247200.0,,
"Nov 21, 2007",16.42,16.65,16.35,16.49,12.98,7003400.0,,
"Nov 20, 2007",16.79,16.84,16.36,16.65,13.1,7092200.0,,
"Nov 19, 2007",16.84,16.97,16.58,16.63,13.09,10551600.0,,
"Nov 16, 2007",17.25,17.25,16.84,17.0,13.39,11178600.0,,
"Nov 15, 2007",17.02,17.2,16.94,17.01,13.39,5805800.0,,
"Nov 14, 2007",17.48,17.53,17.09,17.17,13.52,7855800.0,,
"Nov 14, 2007",17.48,17.53,17.09,17.17,13.52,7855800.0,,
"Nov 13, 2007",17.31,17.48,17.08,17.45,13.74,6772000.0,,
"Nov 12, 2007",16.95,17.26,16.83,16.98,13.37,7027400.0,,
"Nov 9, 2007",16.91,17.21,16.91,16.95,13.35,9484800.0,,
"Nov 8, 2007",17.5,17.6,17.08,17.35,13.66,11425600.0,,
"Nov 7, 2007",17.54,17.73,17.38,17.4,13.7,10409000.0,,
"Nov 6, 2007",17.55,17.78,17.54,17.76,13.99,4781200.0,,
"Nov 5, 2007",17.74,17.81,17.56,17.61,13.86,7736400.0,,
"Nov 2, 2007",18.18,18.18,17.7,17.85,14.05,8737600.0,,
"Nov 1, 2007",18.23,18.25,17.86,17.86,14.06,7494000.0,,
"Oct 31, 2007",18.32,18.43,18.16,18.33,14.43,7409800.0,,
"Oct 30, 2007",18.26,18.34,18.25,18.27,14.38,3921400.0,,
"Oct 29, 2007",18.25,18.34,18.22,18.33,14.43,4356800.0,,
"Oct 26, 2007",18.16,18.27,18.01,18.27,14.39,7117600.0,,
"Oct 25, 2007",18.18,18.29,17.9,18.07,14.22,9025400.0,,
"Oct 24, 2007",18.15,18.25,17.91,18.17,14.31,12349600.0,,
"Oct 23, 2007",18.33,18.33,18.07,18.24,14.36,10475400.0,,
"Oct 22, 2007",17.91,18.22,17.61,18.15,14.29,6265000.0,,
"Oct 19, 2007",18.38,18.55,17.99,17.99,14.16,15145400.0,,
"Oct 18, 2007",18.39,18.5,18.25,18.4,14.49,9970200.0,,
"Oct 17, 2007",18.67,18.7,18.34,18.57,14.62,9819600.0,,
"Oct 16, 2007",18.6,18.67,18.51,18.55,14.6,6700200.0,,
"Oct 15, 2007",18.5,18.95,18.5,18.61,14.65,5893000.0,,
"Oct 12, 2007",18.88,18.99,18.83,18.91,14.89,6294400.0,,
"Oct 11, 2007",18.95,19.13,18.77,18.82,14.81,10834200.0,,
"Oct 10, 2007",18.95,18.99,18.86,18.9,14.88,4303600.0,,
"Oct 9, 2007",18.93,18.99,18.81,18.98,14.94,7098600.0,,
"Oct 8, 2007",18.98,18.98,18.86,18.95,14.92,5501800.0,,
"Oct 5, 2007",18.78,19.08,18.77,19.08,15.02,11743000.0,,
"Oct 4, 2007",18.78,18.78,18.64,18.66,14.69,8029200.0,,
"Oct 3, 2007",18.61,18.84,18.6,18.75,14.76,15047200.0,,
"Oct 2, 2007",18.64,18.72,18.62,18.65,14.68,9103600.0,,
"Oct 1, 2007",18.42,18.66,18.42,18.66,14.69,6250400.0,,
"Sep 28, 2007",18.35,18.42,18.28,18.42,14.5,4967000.0,,
"Sep 27, 2007",18.43,18.43,18.33,18.33,14.43,6220600.0,,
"Sep 26, 2007",18.28,18.84,18.16,18.42,14.5,13297600.0,,
"Sep 25, 2007",18.25,18.25,18.05,18.16,14.29,16770200.0,,
"Sep 24, 2007",18.59,18.63,18.4,18.4,14.48,5671600.0,,
"Sep 21, 2007",,,,,,,Dividend,0.0365
"Sep 21, 2007",18.75,18.75,18.53,18.55,14.6,4722000.0,,
"Sep 20, 2007",18.91,18.91,18.58,18.58,14.6,5940400.0,,
"Sep 19, 2007",19.01,19.55,18.84,18.95,14.89,10952800.0,,
"Sep 18, 2007",18.35,18.92,18.3,18.92,14.87,8894800.0,,
"Sep 17, 2007",18.25,18.32,18.19,18.21,14.31,3090600.0,,
"Sep 14, 2007",18.22,18.43,18.12,18.43,14.48,7986600.0,,
"Sep 13, 2007",18.23,18.42,18.14,18.32,14.39,5622200.0,,
"Sep 12, 2007",18.03,18.16,18.02,18.07,14.19,2349800.0,,
"Sep 11, 2007",17.93,18.12,17.92,18.06,14.19,6486000.0,,
"Sep 10, 2007",18.05,18.08,17.77,17.85,14.03,11944000.0,,
"Sep 7, 2007",18.11,18.12,17.93,17.95,14.1,17765200.0,,
"Sep 6, 2007",18.41,18.47,18.27,18.39,14.45,3451200.0,,
"Sep 5, 2007",18.39,18.44,18.26,18.34,14.41,8725800.0,,
"Sep 4, 2007",18.51,18.65,18.45,18.64,14.65,6038600.0,,
"Aug 31, 2007",18.47,18.67,18.39,18.61,14.63,6452600.0,,
"Aug 30, 2007",18.18,18.39,18.15,18.32,14.39,3459000.0,,
"Aug 29, 2007",17.95,18.4,17.91,18.39,14.45,3746000.0,,
"Aug 28, 2007",18.22,18.25,17.83,17.83,14.01,5259800.0,,
"Aug 27, 2007",18.43,18.47,18.26,18.27,14.35,3659600.0,,
"Aug 24, 2007",18.23,18.52,18.22,18.52,14.55,5526400.0,,
"Aug 23, 2007",18.35,18.4,18.14,18.16,14.27,3795200.0,,
"Aug 22, 2007",18.19,18.29,18.1,18.23,14.32,8271000.0,,
"Aug 21, 2007",17.87,18.08,17.83,17.99,14.13,5679200.0,,
"Aug 20, 2007",17.93,18.01,17.78,17.87,14.04,11854400.0,,
"Aug 17, 2007",18.06,18.41,17.63,17.77,13.97,11844400.0,,
"Aug 16, 2007",17.38,17.67,17.12,17.65,13.87,14444600.0,,
"Aug 15, 2007",17.74,17.99,17.53,17.63,13.85,9235000.0,,
"Aug 14, 2007",18.25,18.25,17.8,17.82,14.0,9503200.0,,
"Aug 13, 2007",18.35,18.6,18.28,18.28,14.36,9877800.0,,
"Aug 10, 2007",18.07,18.35,17.89,18.18,14.28,11018400.0,,
"Aug 9, 2007",18.45,18.61,18.26,18.26,14.35,7957600.0,,
"Aug 8, 2007",18.67,18.85,18.52,18.79,14.76,12134600.0,,
"Aug 7, 2007",18.39,18.69,18.29,18.58,14.6,9487800.0,,
"Aug 6, 2007",18.25,18.48,18.08,18.48,14.52,9800800.0,,
"Aug 3, 2007",18.68,18.71,18.16,18.18,14.29,9537400.0,,
"Aug 2, 2007",18.63,18.76,18.51,18.76,14.74,10718400.0,,
"Aug 1, 2007",18.5,18.56,18.21,18.52,14.55,10044400.0,,
"Jul 31, 2007",18.93,19.05,18.49,18.5,14.54,6688400.0,,
"Jul 30, 2007",18.57,18.83,18.47,18.78,14.76,7006800.0,,
"Jul 27, 2007",18.78,18.9,18.52,18.52,14.55,11721200.0,,
"Jul 26, 2007",19.11,19.16,18.61,18.82,14.78,13686800.0,,
"Jul 25, 2007",19.63,19.63,19.28,19.39,15.23,9219200.0,,
"Jul 24, 2007",19.66,19.8,19.36,19.45,15.28,9405200.0,,
"Jul 23, 2007",19.94,19.94,19.73,19.76,15.53,3347000.0,,
"Jul 20, 2007",19.93,19.99,19.71,19.73,15.5,7011000.0,,
"Jul 19, 2007",19.97,20.04,19.94,19.99,15.7,2653400.0,,
"Jul 18, 2007",19.91,19.98,19.77,19.94,15.67,3318200.0,,
"Jul 17, 2007",19.98,19.99,19.92,19.97,15.69,3545600.0,,
"Jul 16, 2007",20.02,20.05,19.9,19.94,15.67,2074800.0,,
"Jul 13, 2007",19.94,20.07,19.92,20.02,15.73,3988600.0,,
"Jul 12, 2007",19.81,19.98,19.77,19.92,15.65,3846000.0,,
"Jul 11, 2007",19.56,19.77,18.76,19.77,15.53,5010000.0,,
"Jul 10, 2007",19.88,19.89,19.59,19.66,15.44,9010800.0,,
"Jul 9, 2007",20.08,20.09,19.97,20.01,15.72,2917200.0,,
"Jul 6, 2007",19.88,20.35,19.51,20.08,15.78,4295400.0,,
"Jul 5, 2007",19.85,19.94,19.7,19.91,15.64,6692600.0,,
"Jul 3, 2007",19.81,19.84,19.73,19.8,15.56,3641600.0,,
"Jul 2, 2007",19.7,19.91,19.5,19.77,15.53,2482800.0,,
"Jun 29, 2007",19.7,19.83,19.55,19.67,15.45,3892400.0,,
"Jun 28, 2007",19.69,19.8,19.64,19.64,15.43,6325600.0,,
"Jun 27, 2007",19.46,19.72,19.4,19.68,15.46,3743400.0,,
"Jun 27, 2007",19.46,19.72,19.4,19.68,15.46,3743400.0,,
"Jun 26, 2007",19.67,19.69,19.48,19.48,15.31,19500200.0,,
"Jun 25, 2007",19.69,19.79,19.54,19.61,15.41,3643400.0,,
"Jun 22, 2007",19.75,19.78,19.62,19.69,15.47,4572400.0,,
"Jun 21, 2007",19.8,19.88,19.63,19.83,15.58,5831400.0,,
"Jun 20, 2007",20.0,20.07,19.82,19.86,15.6,5319000.0,,
"Jun 19, 2007",19.81,19.91,19.73,19.9,15.63,6225200.0,,
"Jun 18, 2007",19.92,19.93,19.82,19.83,15.58,1575200.0,,
"Jun 15, 2007",,,,,,,Dividend,0.035
"Jun 15, 2007",19.97,20.0,19.88,19.92,15.65,5280400.0,,
"Jun 14, 2007",19.68,19.86,19.68,19.85,15.57,1898800.0,,
"Jun 13, 2007",19.56,19.71,19.49,19.71,15.46,2794200.0,,
"Jun 12, 2007",19.51,19.67,19.43,19.49,15.28,3262400.0,,
"Jun 11, 2007",19.61,19.72,19.58,19.65,15.41,2024400.0,,
"Jun 8, 2007",19.46,19.71,19.44,19.71,15.46,3879600.0,,
"Jun 7, 2007",19.83,19.83,19.46,19.46,15.26,7069600.0,,
"Jun 6, 2007",19.95,19.97,19.83,19.83,15.55,5718800.0,,
"Jun 5, 2007",20.11,20.14,19.98,20.08,15.75,3901400.0,,
"Jun 4, 2007",20.11,20.22,20.07,20.2,15.85,2728200.0,,
"Jun 1, 2007",20.13,20.19,20.08,20.17,15.82,3511000.0,,
"May 31, 2007",20.05,20.08,19.97,20.05,15.73,2658600.0,,
"May 30, 2007",19.73,20.0,19.69,20.0,15.69,3148000.0,,
"May 29, 2007",19.83,19.91,19.75,19.82,15.54,2917400.0,,
"May 25, 2007",19.78,19.86,19.77,19.83,15.56,3348600.0,,
"May 24, 2007",19.95,20.06,19.75,19.76,15.5,5078600.0,,
"May 23, 2007",20.04,20.11,19.92,19.92,15.63,5535000.0,,
"May 22, 2007",19.97,19.98,19.88,19.92,15.62,2270200.0,,
"May 21, 2007",19.91,20.0,19.86,19.93,15.64,6525200.0,,
"May 18, 2007",19.76,20.02,19.66,19.86,15.58,3790800.0,,
"May 17, 2007",19.61,19.73,19.61,19.68,15.44,2336200.0,,
"May 16, 2007",19.64,19.67,19.51,19.65,15.41,1969400.0,,
"May 15, 2007",19.6,19.76,19.52,19.58,15.36,6546200.0,,
"May 14, 2007",19.67,19.75,19.57,19.65,15.41,1813800.0,,
"May 11, 2007",19.62,19.65,19.55,19.65,15.41,2690800.0,,
"May 10, 2007",19.66,19.76,19.5,19.57,15.35,3558400.0,,
"May 9, 2007",19.6,19.8,19.6,19.78,15.52,4621400.0,,
"May 8, 2007",19.65,19.71,19.61,19.67,15.42,2136000.0,,
"May 7, 2007",19.73,19.78,19.71,19.75,15.49,1999000.0,,
"May 4, 2007",19.75,19.83,19.65,19.75,15.49,2310000.0,,
"May 3, 2007",19.73,19.77,19.65,19.7,15.45,4579800.0,,
"May 2, 2007",19.6,19.78,19.6,19.75,15.49,6979200.0,,
"May 1, 2007",19.44,19.55,18.92,19.52,15.31,5701400.0,,
"Apr 30, 2007",19.75,19.75,19.47,19.47,15.27,3276600.0,,
"Apr 27, 2007",19.82,19.82,19.68,19.72,15.46,5667200.0,,
"Apr 26, 2007",19.92,19.92,19.77,19.84,15.56,3765200.0,,
"Apr 25, 2007",19.77,19.89,19.7,19.88,15.59,6752400.0,,
"Apr 24, 2007",19.72,19.72,19.53,19.67,15.43,3504800.0,,
"Apr 23, 2007",19.78,19.8,19.69,19.75,15.49,1581000.0,,
"Apr 20, 2007",19.73,19.82,19.65,19.78,15.52,1360200.0,,
"Apr 19, 2007",19.54,19.63,19.51,19.56,15.34,3858400.0,,
"Apr 18, 2007",19.64,19.72,19.57,19.71,15.46,1650600.0,,
"Apr 17, 2007",19.62,19.73,19.62,19.73,15.47,1303000.0,,
"Apr 16, 2007",19.5,19.66,19.5,19.65,15.41,3262800.0,,
"Apr 13, 2007",19.45,19.47,19.33,19.45,15.25,2622000.0,,
"Apr 12, 2007",19.29,19.44,19.17,19.43,15.24,2247800.0,,
"Apr 11, 2007",19.42,19.47,19.28,19.3,15.14,1813600.0,,
"Apr 10, 2007",19.4,19.47,19.39,19.45,15.25,2728600.0,,
"Apr 9, 2007",19.47,19.47,19.36,19.41,15.22,1425400.0,,
"Apr 5, 2007",19.25,19.42,19.25,19.42,15.24,1554400.0,,
"Apr 4, 2007",19.3,19.33,19.25,19.27,15.11,3012800.0,,
"Apr 3, 2007",19.2,19.38,19.18,19.33,15.16,2689200.0,,
"Apr 2, 2007",19.05,19.09,18.95,19.08,14.96,2684800.0,,
"Mar 30, 2007",18.99,19.09,18.85,19.01,14.91,2737800.0,,
"Mar 29, 2007",19.06,19.06,18.84,18.97,14.87,6632600.0,,
"Mar 28, 2007",18.97,19.02,18.85,18.9,14.82,3322200.0,,
"Mar 27, 2007",19.16,19.17,19.07,19.11,14.99,3325800.0,,
"Mar 26, 2007",19.28,19.33,19.12,19.24,15.09,2417800.0,,
"Mar 23, 2007",19.25,19.39,19.25,19.33,15.16,2148400.0,,
"Mar 22, 2007",19.41,19.41,19.24,19.32,15.15,4584400.0,,
"Mar 21, 2007",19.07,19.4,19.01,19.38,15.2,3908400.0,,
"Mar 20, 2007",18.91,19.08,18.89,19.08,14.96,2645600.0,,
"Mar 19, 2007",18.83,18.93,18.8,18.93,14.85,2368000.0,,
"Mar 16, 2007",,,,,,,Dividend,0.034
"Mar 16, 2007",18.79,18.83,18.66,18.66,14.64,1925200.0,,
"Mar 15, 2007",18.75,18.85,18.73,18.76,14.69,1924400.0,,
"Mar 14, 2007",18.68,18.78,18.43,18.72,14.66,5315600.0,,
"Mar 13, 2007",19.0,19.03,18.71,18.75,14.68,1717800.0,,
"Mar 12, 2007",19.09,19.16,19.06,19.1,14.96,818400.0,,
"Mar 9, 2007",19.21,19.24,19.02,19.13,14.98,2513600.0,,
"Mar 8, 2007",18.97,19.22,18.96,19.09,14.95,1670200.0,,
"Mar 7, 2007",18.85,19.03,18.85,18.94,14.83,2607800.0,,
"Mar 6, 2007",18.81,19.0,18.72,18.96,14.84,2622400.0,,
"Mar 5, 2007",18.66,18.88,18.61,18.64,14.59,6012400.0,,
"Mar 2, 2007",18.96,19.07,18.88,18.89,14.79,3838600.0,,
"Mar 1, 2007",19.12,19.14,18.67,19.03,14.9,5320800.0,,
"Feb 28, 2007",19.65,19.65,18.94,19.14,14.98,10877600.0,,
"Feb 27, 2007",19.54,19.55,18.84,19.08,14.93,7062400.0,,
"Feb 26, 2007",19.92,19.94,19.69,19.75,15.47,1819200.0,,
"Feb 23, 2007",20.0,20.01,19.85,19.92,15.6,1592400.0,,
"Feb 22, 2007",20.04,20.06,19.89,19.97,15.63,2336800.0,,
"Feb 21, 2007",20.0,20.06,19.99,20.01,15.67,4133200.0,,
"Feb 20, 2007",19.92,20.1,19.88,20.09,15.73,1840200.0,,
"Feb 16, 2007",19.87,19.95,19.83,19.95,15.62,1662200.0,,
"Feb 15, 2007",19.91,19.98,19.83,19.98,15.64,2834400.0,,
"Feb 14, 2007",19.83,19.93,19.79,19.91,15.59,1983200.0,,
"Feb 13, 2007",19.68,19.81,19.66,19.81,15.5,1874000.0,,
"Feb 12, 2007",19.75,19.77,19.59,19.64,15.37,1739400.0,,
"Feb 9, 2007",19.93,20.0,19.64,19.73,15.45,2254400.0,,
"Feb 8, 2007",19.92,19.92,19.84,19.92,15.59,1925000.0,,
"Feb 7, 2007",19.88,19.98,19.84,19.95,15.62,1846000.0,,
"Feb 7, 2007",19.88,19.98,19.84,19.95,15.62,1846000.0,,
"Feb 6, 2007",19.79,19.86,19.75,19.86,15.55,2747800.0,,
"Feb 5, 2007",19.83,19.83,19.73,19.79,15.49,1529600.0,,
"Feb 2, 2007",19.82,19.87,19.79,19.85,15.54,1215400.0,,
"Feb 1, 2007",19.74,19.82,19.71,19.8,15.5,2376600.0,,
"Jan 31, 2007",19.48,19.76,19.48,19.73,15.45,2298200.0,,
"Jan 30, 2007",19.49,19.54,19.45,19.52,15.28,2538400.0,,
"Jan 29, 2007",19.42,19.55,19.41,19.47,15.24,3368000.0,,
"Jan 26, 2007",19.53,19.56,19.36,19.42,15.2,2090800.0,,
"Jan 25, 2007",19.78,19.78,19.49,19.51,15.27,1849800.0,,
"Jan 24, 2007",19.79,19.83,19.73,19.83,15.52,1950600.0,,
"Jan 23, 2007",19.73,19.84,19.69,19.75,15.46,3004400.0,,
"Jan 22, 2007",19.84,19.84,19.66,19.68,15.41,4308000.0,,
"Jan 19, 2007",19.77,19.86,19.75,19.81,15.5,1963000.0,,
"Jan 18, 2007",19.75,19.84,19.73,19.81,15.51,2024600.0,,
"Jan 17, 2007",19.69,19.76,19.68,19.7,15.42,1676400.0,,
"Jan 16, 2007",19.59,19.72,19.59,19.7,15.42,1778600.0,,
"Jan 12, 2007",19.58,19.64,19.51,19.63,15.37,1654800.0,,
"Jan 11, 2007",19.35,19.58,19.33,19.58,15.32,1412800.0,,
"Jan 10, 2007",19.21,19.37,19.16,19.36,15.16,2033000.0,,
"Jan 9, 2007",19.25,19.28,19.15,19.26,15.08,2286600.0,,
"Jan 8, 2007",19.13,19.18,19.01,19.16,15.0,6240200.0,,
"Jan 5, 2007",19.2,19.25,19.1,19.13,14.97,2029800.0,,
"Jan 4, 2007",19.23,19.32,19.15,19.25,15.07,2673200.0,,
"Jan 3, 2007",19.28,19.42,19.12,19.26,15.08,4006400.0,,
"Dec 29, 2006",19.25,19.34,19.17,19.18,15.02,1328600.0,,
"Dec 28, 2006",19.31,19.33,19.25,19.28,15.09,391000.0,,
"Dec 27, 2006",19.23,19.31,19.2,19.3,15.11,612600.0,,
"Dec 26, 2006",19.1,19.18,19.05,19.17,15.01,990000.0,,
"Dec 22, 2006",19.11,19.17,19.07,19.11,14.96,1196000.0,,
"Dec 21, 2006",19.25,19.29,19.12,19.13,14.98,5625000.0,,
"Dec 20, 2006",19.19,19.3,19.19,19.22,15.04,3561200.0,,
"Dec 19, 2006",19.12,19.25,19.06,19.22,15.05,2136600.0,,
"Dec 18, 2006",19.23,19.28,19.17,19.21,15.04,3305600.0,,
"Dec 15, 2006",,,,,,,Dividend,0.069
"Dec 15, 2006",19.31,19.39,19.21,19.23,15.05,1936400.0,,
"Dec 14, 2006",19.2,19.39,19.15,19.38,15.11,1317800.0,,
"Dec 13, 2006",19.15,19.21,19.1,19.17,14.96,3448400.0,,
"Dec 12, 2006",19.14,19.15,19.03,19.08,14.88,2017200.0,,
"Dec 11, 2006",19.1,19.2,19.07,19.18,14.96,1249000.0,,
"Dec 8, 2006",19.1,19.18,19.02,19.11,14.91,667800.0,,
"Dec 7, 2006",19.17,19.23,19.06,19.07,14.88,1197000.0,,
"Dec 6, 2006",19.15,19.21,19.14,19.16,14.95,1986600.0,,
"Dec 5, 2006",19.0,19.19,19.0,19.17,14.96,3834000.0,,
"Dec 4, 2006",18.86,19.08,18.81,19.01,14.83,3589000.0,,
"Dec 1, 2006",18.82,18.97,18.67,18.82,14.68,2886800.0,,
"Nov 30, 2006",18.81,18.91,18.68,18.84,14.7,2804800.0,,
"Nov 29, 2006",18.82,18.87,18.75,18.82,14.68,1983200.0,,
"Nov 28, 2006",18.63,18.7,18.57,18.69,14.58,3602200.0,,
"Nov 27, 2006",18.95,18.98,18.68,18.7,14.59,2921200.0,,
"Nov 24, 2006",19.05,19.05,18.92,18.98,14.8,789600.0,,
"Nov 22, 2006",19.02,19.1,18.98,19.08,14.88,3699400.0,,
"Nov 21, 2006",18.98,19.05,18.97,19.03,14.85,1922600.0,,
"Nov 20, 2006",19.04,19.08,18.98,18.98,14.81,10451800.0,,
"Nov 17, 2006",19.03,19.06,18.94,19.06,14.86,9265800.0,,
"Nov 16, 2006",19.01,19.11,18.97,19.09,14.89,1965400.0,,
"Nov 15, 2006",18.94,19.02,18.9,18.97,14.79,1675600.0,,
"Nov 14, 2006",18.75,18.91,18.6,18.9,14.74,3204600.0,,
"Nov 13, 2006",18.63,18.79,18.63,18.69,14.58,3735000.0,,
"Nov 10, 2006",18.59,18.67,18.53,18.67,14.56,1572200.0,,
"Nov 9, 2006",18.69,18.69,18.57,18.6,14.51,2199600.0,,
"Nov 8, 2006",18.55,18.69,18.49,18.67,14.56,1692200.0,,
"Nov 7, 2006",18.52,18.64,18.48,18.58,14.49,4232800.0,,
"Nov 6, 2006",18.41,18.57,18.32,18.52,14.45,3559600.0,,
"Nov 3, 2006",18.47,18.5,18.22,18.3,14.28,8386200.0,,
"Nov 2, 2006",18.35,18.46,18.3,18.44,14.38,3902800.0,,
"Nov 1, 2006",18.64,18.64,18.44,18.46,14.4,4317600.0,,
"Oct 31, 2006",18.7,18.74,18.54,18.6,14.51,1755000.0,,
"Oct 30, 2006",18.52,18.67,18.48,18.65,14.54,2921200.0,,
"Oct 27, 2006",18.67,18.67,18.5,18.53,14.46,4738400.0,,
"Oct 26, 2006",18.55,18.73,18.52,18.72,14.6,2906400.0,,
"Oct 25, 2006",18.56,18.56,18.4,18.46,14.4,1450600.0,,
"Oct 24, 2006",18.41,18.52,18.38,18.52,14.45,2467400.0,,
"Oct 23, 2006",18.18,18.45,18.17,18.45,14.4,3074000.0,,
"Oct 20, 2006",18.3,18.3,18.16,18.22,14.21,5857600.0,,
"Oct 19, 2006",18.25,18.33,18.16,18.24,14.23,3883400.0,,
"Oct 18, 2006",18.37,18.38,18.19,18.25,14.24,5154400.0,,
"Oct 17, 2006",18.19,18.24,18.11,18.24,14.22,4380200.0,,
"Oct 16, 2006",18.25,18.33,18.24,18.3,14.28,1262800.0,,
"Oct 13, 2006",18.27,18.32,18.24,18.32,14.29,2385000.0,,
"Oct 12, 2006",18.25,18.39,18.22,18.36,14.33,3796800.0,,
"Oct 11, 2006",18.1,18.17,18.02,18.13,14.14,914200.0,,
"Oct 10, 2006",18.12,18.17,18.07,18.17,14.17,5808000.0,,
"Oct 9, 2006",17.95,18.1,17.88,18.06,14.09,2211000.0,,
"Oct 6, 2006",17.95,18.0,17.87,17.93,13.99,3194600.0,,
"Oct 5, 2006",17.89,18.0,17.75,17.97,14.02,3200600.0,,
"Oct 4, 2006",17.67,17.93,17.64,17.92,13.98,5966400.0,,
"Oct 3, 2006",17.53,17.72,17.49,17.67,13.78,4671200.0,,
"Oct 2, 2006",17.47,17.64,17.45,17.51,13.66,3643200.0,,
"Sep 29, 2006",17.61,17.62,17.47,17.48,13.63,2456400.0,,
"Sep 28, 2006",17.58,17.65,17.43,17.57,13.71,2887200.0,,
"Sep 27, 2006",17.55,17.7,17.54,17.58,13.71,6056000.0,,
"Sep 26, 2006",17.42,17.61,17.39,17.6,13.73,3895000.0,,
"Sep 25, 2006",17.23,17.51,17.18,17.45,13.62,4442000.0,,
"Sep 22, 2006",17.2,17.2,17.07,17.19,13.41,5794200.0,,
"Sep 21, 2006",17.36,17.39,17.15,17.2,13.42,5654200.0,,
"Sep 20, 2006",17.23,17.34,17.23,17.3,13.5,3207800.0,,
"Sep 19, 2006",17.15,17.17,17.06,17.17,13.4,3437400.0,,
"Sep 18, 2006",17.18,17.21,17.08,17.14,13.37,3872400.0,,
"Sep 15, 2006",,,,,,,Dividend,033
"Sep 15, 2006",,,,,,,Dividend,0.033
"Sep 15, 2006",17.24,17.28,17.14,17.23,13.44,5961000.0,,
"Sep 14, 2006",17.24,17.24,17.06,17.19,13.38,2214600.0,,
"Sep 13, 2006",17.18,17.26,17.13,17.24,13.42,4447200.0,,
"Sep 12, 2006",16.77,17.19,16.77,17.17,13.36,4548200.0,,
"Sep 11, 2006",16.65,16.82,16.58,16.77,13.06,1651200.0,,
"Sep 8, 2006",16.46,16.65,16.45,16.65,12.96,706000.0,,
"Sep 7, 2006",16.36,16.58,16.36,16.5,12.84,2309600.0,,
"Sep 6, 2006",16.58,16.59,16.44,16.44,12.8,2578800.0,,
"Sep 5, 2006",16.59,16.66,16.58,16.65,12.96,1703600.0,,
"Sep 1, 2006",16.5,16.63,16.5,16.59,12.92,2298800.0,,
"Aug 31, 2006",16.43,16.48,16.38,16.46,12.82,894000.0,,
"Aug 30, 2006",16.36,16.43,16.33,16.41,12.78,1550200.0,,
"Aug 29, 2006",16.32,16.4,16.24,16.4,12.77,2389600.0,,
"Aug 28, 2006",16.11,16.34,16.11,16.28,12.68,5019400.0,,
"Aug 25, 2006",16.06,16.14,16.04,16.12,12.55,1276400.0,,
"Aug 24, 2006",16.17,16.22,16.08,16.12,12.55,561200.0,,
"Aug 23, 2006",16.3,16.35,16.16,16.2,12.62,2821600.0,,
"Aug 22, 2006",16.32,16.41,16.3,16.35,12.73,831400.0,,
"Aug 21, 2006",16.33,16.39,16.32,16.36,12.74,1106000.0,,
"Aug 18, 2006",16.6,16.6,16.43,16.55,12.88,7009600.0,,
"Aug 17, 2006",16.47,16.6,16.44,16.55,12.89,4186200.0,,
"Aug 16, 2006",16.29,16.47,16.27,16.45,12.81,5026200.0,,
"Aug 15, 2006",16.22,16.31,16.16,16.28,12.68,4862800.0,,
"Aug 14, 2006",16.17,16.22,16.04,16.06,12.5,3873800.0,,
"Aug 11, 2006",15.99,16.04,15.95,16.01,12.47,2764800.0,,
"Aug 10, 2006",15.82,16.03,15.78,16.02,12.47,5159600.0,,
"Aug 9, 2006",16.1,16.1,15.79,15.81,12.31,4976000.0,,
"Aug 8, 2006",16.25,16.25,15.98,16.02,12.48,3060600.0,,
"Aug 7, 2006",16.23,16.25,16.11,16.19,12.61,1541000.0,,
"Aug 4, 2006",16.41,16.5,16.16,16.23,12.63,4625600.0,,
"Aug 3, 2006",16.02,16.27,15.95,16.22,12.63,1043800.0,,
"Aug 2, 2006",16.03,16.15,16.02,16.12,12.55,1246800.0,,
"Aug 1, 2006",16.11,16.13,15.91,15.99,12.45,2523600.0,,
"Jul 31, 2006",16.06,16.17,16.06,16.14,12.57,845000.0,,
"Jul 28, 2006",16.0,16.16,16.0,16.13,12.56,5324800.0,,
"Jul 27, 2006",16.08,16.15,15.9,15.94,12.41,1529400.0,,
"Jul 26, 2006",16.08,16.1,15.96,15.97,12.43,4408000.0,,
"Jul 25, 2006",15.99,16.19,15.95,16.16,12.58,3181200.0,,
"Jul 24, 2006",15.74,16.03,15.74,16.01,12.47,2732800.0,,
"Jul 21, 2006",15.8,15.8,15.64,15.67,12.2,3437800.0,,
"Jul 20, 2006",15.97,16.02,15.8,15.81,12.31,1637600.0,,
"Jul 19, 2006",15.74,16.05,15.74,16.02,12.48,2757400.0,,
"Jul 18, 2006",15.78,15.78,15.56,15.71,12.23,2986400.0,,
"Jul 17, 2006",15.69,15.83,15.69,15.81,12.31,1093400.0,,
"Jul 14, 2006",15.85,15.85,15.64,15.69,12.22,3050800.0,,
"Jul 13, 2006",16.13,16.13,15.89,15.9,12.38,1182400.0,,
"Jul 12, 2006",16.48,16.48,16.17,16.19,12.61,1369200.0,,
"Jul 11, 2006",16.47,16.47,16.29,16.45,12.81,861000.0,,
"Jul 10, 2006",16.48,16.57,16.42,16.47,12.82,557000.0,,
"Jul 7, 2006",16.47,16.65,16.42,16.45,12.81,635600.0,,
"Jul 6, 2006",16.56,16.64,16.52,16.58,12.91,612000.0,,
"Jul 5, 2006",16.52,16.59,16.49,16.57,12.9,1193000.0,,
"Jul 3, 2006",16.75,16.75,16.65,16.72,13.02,574400.0,,
"Jun 30, 2006",16.74,16.75,16.67,16.69,13.0,1168600.0,,
"Jun 29, 2006",16.33,16.69,16.33,16.68,12.99,1267000.0,,
"Jun 28, 2006",16.29,16.36,16.25,16.33,12.71,757800.0,,
"Jun 27, 2006",16.52,16.53,16.3,16.32,12.7,784200.0,,
"Jun 26, 2006",16.43,16.52,16.43,16.52,12.87,595200.0,,
"Jun 23, 2006",16.42,16.54,16.38,16.44,12.8,382600.0,,
"Jun 22, 2006",16.53,16.57,16.43,16.45,12.81,1137600.0,,
"Jun 21, 2006",16.48,16.66,16.41,16.58,12.91,597600.0,,
"Jun 20, 2006",16.5,16.52,16.42,16.42,12.79,705200.0,,
"Jun 19, 2006",16.67,16.67,16.45,16.49,12.84,1101000.0,,
"Jun 16, 2006",,,,,,,Dividend,0.0355
"Jun 16, 2006",16.59,16.66,16.53,16.58,12.91,670200.0,,
"Jun 15, 2006",16.36,16.69,16.36,16.65,12.94,2283800.0,,
"Jun 14, 2006",16.23,16.32,16.2,16.3,12.66,2324800.0,,
"Jun 13, 2006",16.33,16.42,16.2,16.22,12.6,7052600.0,,
"Jun 12, 2006",16.54,16.56,16.34,16.35,12.7,1666800.0,,
"Jun 9, 2006",16.67,16.67,16.57,16.57,12.87,1102000.0,,
"Jun 8, 2006",16.53,16.65,16.35,16.61,12.9,3948200.0,,
"Jun 7, 2006",16.61,16.77,16.61,16.64,12.92,1816400.0,,
"Jun 6, 2006",16.71,16.71,16.52,16.63,12.92,5799400.0,,
"Jun 5, 2006",16.9,16.93,16.7,16.72,12.99,1536800.0,,
"Jun 2, 2006",17.08,17.08,16.83,16.99,13.2,902400.0,,
"Jun 1, 2006",16.8,17.04,16.73,17.02,13.22,2394600.0,,
"May 31, 2006",16.61,16.77,16.61,16.76,13.02,1071000.0,,
"May 30, 2006",16.71,16.74,16.58,16.58,12.88,1625800.0,,
"May 26, 2006",16.84,16.86,16.82,16.83,13.08,1078400.0,,
"May 25, 2006",16.68,16.78,16.65,16.78,13.04,2237800.0,,
"May 24, 2006",16.5,16.68,16.48,16.62,12.91,2467200.0,,
"May 23, 2006",16.76,16.78,16.59,16.59,12.89,1224400.0,,
"May 22, 2006",16.74,16.84,16.58,16.72,12.99,3256800.0,,
"May 19, 2006",16.76,16.89,16.7,16.84,13.08,1997000.0,,
"May 18, 2006",16.77,16.88,16.72,16.73,12.99,1421800.0,,
"May 17, 2006",16.91,16.91,16.72,16.74,13.0,1375800.0,,
"May 16, 2006",17.05,17.05,16.94,16.97,13.18,1280000.0,,
"May 15, 2006",17.02,17.1,16.94,17.09,13.28,2416600.0,,
"May 12, 2006",17.13,17.17,17.0,17.05,13.24,1811600.0,,
"May 11, 2006",17.34,17.35,17.18,17.22,13.37,1554000.0,,
"May 10, 2006",17.36,17.41,17.34,17.39,13.51,614600.0,,
"May 9, 2006",17.33,17.38,17.33,17.38,13.5,1222400.0,,
"May 8, 2006",17.31,17.38,17.31,17.33,13.46,1950400.0,,
"May 5, 2006",17.22,17.33,17.17,17.31,13.44,3301200.0,,
"May 4, 2006",17.02,17.11,17.02,17.1,13.29,2259800.0,,
"May 3, 2006",16.98,17.01,16.93,17.01,13.22,1262200.0,,
"May 2, 2006",16.97,17.05,16.93,16.97,13.18,3660000.0,,
"May 1, 2006",17.04,17.15,16.95,16.95,13.17,1233000.0,,
"Apr 28, 2006",17.05,17.12,17.0,17.05,13.24,1483600.0,,
"Apr 28, 2006",17.05,17.12,17.0,17.05,13.24,1483600.0,,
"Apr 27, 2006",16.9,17.12,16.84,17.06,13.25,4334000.0,,
"Apr 26, 2006",16.83,16.96,16.83,16.92,13.15,1635800.0,,
"Apr 25, 2006",16.8,16.86,16.75,16.81,13.06,1138800.0,,
"Apr 24, 2006",16.83,16.85,16.74,16.83,13.08,465800.0,,
"Apr 21, 2006",17.0,17.0,16.78,16.83,13.08,2525200.0,,
"Apr 20, 2006",16.92,17.01,16.86,16.97,13.18,1189600.0,,
"Apr 19, 2006",16.95,16.97,16.84,16.9,13.13,2808800.0,,
"Apr 18, 2006",16.75,16.97,16.74,16.96,13.18,747400.0,,
"Apr 17, 2006",16.83,16.83,16.65,16.72,12.99,1054200.0,,
"Apr 13, 2006",17.18,17.18,16.72,16.8,13.05,644400.0,,
"Apr 12, 2006",16.77,16.79,16.72,16.76,13.02,1208000.0,,
"Apr 11, 2006",16.99,16.99,16.75,16.77,13.03,1756000.0,,
"Apr 10, 2006",16.9,16.97,16.87,16.91,13.14,756600.0,,
"Apr 7, 2006",17.05,17.14,16.91,16.93,13.16,948400.0,,
"Apr 6, 2006",16.92,17.03,16.92,17.01,13.22,660400.0,,
"Apr 5, 2006",16.86,16.99,16.86,16.98,13.19,1163400.0,,
"Apr 4, 2006",16.75,16.87,16.72,16.86,13.1,2144200.0,,
"Apr 3, 2006",16.91,16.91,16.75,16.77,13.03,1430000.0,,
"Mar 31, 2006",16.89,16.91,16.8,16.83,13.08,734400.0,,
"Mar 30, 2006",16.94,17.0,16.83,16.88,13.11,1177000.0,,
"Mar 29, 2006",16.9,16.96,16.8,16.95,13.17,1277200.0,,
"Mar 28, 2006",16.84,16.96,16.79,16.8,13.05,3976400.0,,
"Mar 27, 2006",16.83,16.93,16.83,16.89,13.12,1775600.0,,
"Mar 24, 2006",16.91,16.93,16.83,16.9,13.13,530200.0,,
"Mar 23, 2006",16.86,16.93,16.85,16.92,13.15,609000.0,,
"Mar 22, 2006",16.85,16.94,16.84,16.93,13.15,755800.0,,
"Mar 21, 2006",16.89,17.0,16.84,16.88,13.11,1032400.0,,
"Mar 20, 2006",17.0,17.05,16.94,16.97,13.18,642200.0,,
"Mar 17, 2006",,,,,,,Dividend,0.0035
"Mar 17, 2006",16.96,17.05,16.96,17.01,13.22,3307400.0,,
"Mar 16, 2006",16.96,17.03,16.95,16.99,13.19,1574400.0,,
"Mar 15, 2006",16.86,16.95,16.81,16.95,13.17,3434600.0,,
"Mar 14, 2006",16.66,16.86,16.63,16.85,13.09,743600.0,,
"Mar 13, 2006",16.69,16.75,16.64,16.67,12.95,881000.0,,
"Mar 10, 2006",16.56,16.69,16.54,16.68,12.96,1587800.0,,
"Mar 9, 2006",16.59,16.66,16.5,16.52,12.84,1013800.0,,
"Mar 8, 2006",16.51,16.64,16.51,16.59,12.89,1037000.0,,
"Mar 7, 2006",16.58,16.62,16.52,16.56,12.86,5432400.0,,
"Mar 6, 2006",16.7,16.75,16.61,16.64,12.92,814000.0,,
"Mar 3, 2006",16.7,16.84,16.66,16.74,13.0,1759400.0,,
"Mar 2, 2006",16.76,16.78,16.68,16.75,13.01,1945600.0,,
"Mar 1, 2006",16.76,16.86,16.68,16.86,13.1,3806600.0,,
"Feb 28, 2006",16.85,16.85,16.71,16.74,13.0,1397000.0,,
"Feb 27, 2006",16.79,16.92,16.79,16.88,13.11,1466000.0,,
"Feb 24, 2006",16.74,16.75,16.63,16.73,12.99,793800.0,,
"Feb 23, 2006",16.77,16.89,16.75,16.75,13.01,1051400.0,,
"Feb 22, 2006",16.74,16.86,16.74,16.84,13.08,583600.0,,
"Feb 21, 2006",16.86,16.9,16.68,16.72,12.99,620400.0,,
"Feb 17, 2006",16.87,16.88,16.81,16.81,13.06,1476600.0,,
"Feb 16, 2006",16.84,16.92,16.83,16.91,13.14,1427000.0,,
"Feb 15, 2006",16.76,16.86,16.7,16.85,13.09,1203000.0,,
"Feb 14, 2006",16.6,16.78,16.56,16.78,13.03,869800.0,,
"Feb 13, 2006",16.63,16.63,16.52,16.59,12.89,598800.0,,
"Feb 10, 2006",16.56,16.67,16.51,16.64,12.92,907400.0,,
"Feb 9, 2006",16.58,16.67,16.57,16.58,12.88,958000.0,,
"Feb 8, 2006",16.44,16.6,16.44,16.58,12.88,1179600.0,,
"Feb 7, 2006",16.52,16.59,16.42,16.47,12.79,3758200.0,,
"Feb 6, 2006",16.56,16.58,16.5,16.57,12.87,1594200.0,,
"Feb 3, 2006",16.56,16.61,16.51,16.57,12.87,1234200.0,,
"Feb 2, 2006",16.64,16.72,16.58,16.65,12.93,1506000.0,,
"Feb 1, 2006",16.58,16.69,16.58,16.67,12.95,1677800.0,,
"Jan 31, 2006",16.63,16.67,16.57,16.61,12.91,1842800.0,,
"Jan 30, 2006",16.51,16.77,16.51,16.67,12.95,1155000.0,,
"Jan 27, 2006",16.65,16.8,16.64,16.72,12.98,582600.0,,
"Jan 26, 2006",16.64,16.67,16.58,16.64,12.93,684000.0,,
"Jan 25, 2006",16.63,16.67,16.5,16.57,12.87,2520200.0,,
"Jan 24, 2006",16.55,16.64,16.52,16.63,12.92,1427000.0,,
"Jan 23, 2006",16.5,16.53,16.43,16.47,12.79,1580800.0,,
"Jan 20, 2006",16.76,16.76,16.45,16.48,12.8,1931600.0,,
"Jan 19, 2006",16.7,16.83,16.68,16.76,13.02,1305400.0,,
"Jan 18, 2006",16.58,16.74,16.57,16.64,12.92,2426200.0,,
"Jan 17, 2006",16.72,16.75,16.65,16.69,12.96,487800.0,,
"Jan 13, 2006",16.81,16.82,16.73,16.78,13.03,841600.0,,
"Jan 12, 2006",16.89,16.89,16.76,16.77,13.03,637400.0,,
"Jan 11, 2006",17.0,17.07,16.83,16.92,13.15,1810800.0,,
"Jan 10, 2006",16.78,16.88,16.76,16.84,13.08,1055000.0,,
"Jan 9, 2006",16.68,16.83,16.67,16.83,13.08,1304400.0,,
"Jan 6, 2006",16.6,16.68,16.53,16.67,12.94,644200.0,,
"Jan 5, 2006",16.55,16.58,16.48,16.53,12.84,1272600.0,,
"Jan 4, 2006",16.5,16.52,16.41,16.51,12.83,6706800.0,,
"Jan 3, 2006",16.25,16.52,16.13,16.5,12.82,3390600.0,,
"Dec 30, 2005",16.33,16.44,16.32,16.33,12.68,1643800.0,,
"Dec 29, 2005",16.45,16.5,16.42,16.42,12.76,1050400.0,,
"Dec 28, 2005",16.45,16.48,16.42,16.43,12.76,1280600.0,,
"Dec 27, 2005",16.62,16.62,16.4,16.4,12.74,1263800.0,,
"Dec 23, 2005",16.55,16.57,16.5,16.54,12.85,2263400.0,,
"Dec 22, 2005",16.46,16.51,16.43,16.51,12.82,1469400.0,,
"Dec 21, 2005",16.94,16.94,16.44,16.5,12.82,4973400.0,,
"Dec 20, 2005",16.52,16.52,16.39,16.49,12.81,1893800.0,,
"Dec 19, 2005",16.67,16.73,16.49,16.52,12.84,791000.0,,
"Dec 16, 2005",,,,,,,Dividend,0.0855
"Dec 16, 2005",16.8,16.8,16.67,16.7,12.98,1284600.0,,
"Dec 15, 2005",16.85,16.93,16.77,16.83,13.01,938600.0,,
"Dec 14, 2005",16.78,16.92,16.78,16.86,13.03,2103200.0,,
"Dec 13, 2005",16.67,16.83,16.62,16.78,12.97,1619800.0,,
"Dec 12, 2005",16.72,16.78,16.69,16.7,12.91,1043400.0,,
"Dec 9, 2005",16.66,16.71,16.57,16.68,12.89,1424800.0,,
"Dec 8, 2005",16.7,16.75,16.58,16.66,12.88,1047600.0,,
"Dec 7, 2005",16.77,16.8,16.66,16.73,12.93,2025200.0,,
"Dec 7, 2005",16.77,16.8,16.66,16.73,12.93,2025200.0,,
"Dec 6, 2005",16.76,16.86,16.74,16.75,12.94,1379400.0,,
"Dec 5, 2005",16.73,16.75,16.63,16.69,12.9,8981200.0,,
"Dec 2, 2005",16.71,16.83,16.71,16.8,12.98,2030400.0,,
"Dec 1, 2005",16.63,16.75,16.61,16.74,12.94,2295400.0,,
"Nov 30, 2005",16.63,16.7,16.54,16.55,12.79,3407600.0,,
"Nov 29, 2005",16.67,16.8,16.63,16.66,12.88,1621200.0,,
"Nov 28, 2005",17.14,17.14,16.67,16.68,12.89,982600.0,,
"Nov 25, 2005",16.89,16.89,16.78,16.84,13.01,163600.0,,
"Nov 23, 2005",16.75,16.9,16.75,16.84,13.01,1616000.0,,
"Nov 22, 2005",16.63,16.74,16.57,16.72,12.92,1177000.0,,
"Nov 21, 2005",16.55,16.68,16.17,16.65,12.86,1563800.0,,
"Nov 18, 2005",16.93,16.93,16.48,16.58,12.82,1674000.0,,
"Nov 17, 2005",16.3,16.5,16.3,16.48,12.73,1882000.0,,
"Nov 16, 2005",16.27,16.32,16.19,16.26,12.57,2085000.0,,
"Nov 15, 2005",16.55,16.58,16.25,16.27,12.57,2862400.0,,
"Nov 14, 2005",16.6,16.6,16.49,16.51,12.76,2326800.0,,
"Nov 11, 2005",16.45,16.53,16.45,16.5,12.76,1682400.0,,
"Nov 10, 2005",16.17,16.49,16.17,16.45,12.72,1672000.0,,
"Nov 9, 2005",16.2,16.27,16.17,16.21,12.53,2485000.0,,
"Nov 8, 2005",16.4,16.4,16.18,16.22,12.53,2753400.0,,
"Nov 7, 2005",16.33,16.42,16.27,16.4,12.67,6092200.0,,
"Nov 4, 2005",16.3,16.3,16.17,16.27,12.57,1793600.0,,
"Nov 3, 2005",16.33,16.36,16.14,16.21,12.53,6520800.0,,
"Nov 2, 2005",15.94,16.23,15.94,16.2,12.52,2417400.0,,
"Nov 1, 2005",15.94,15.98,15.88,15.93,12.31,2513000.0,,
"Oct 31, 2005",15.85,15.99,15.84,15.91,12.3,3836400.0,,
"Oct 28, 2005",15.5,15.68,15.47,15.65,12.1,1877200.0,,
"Oct 27, 2005",15.74,15.74,15.37,15.39,11.89,4210000.0,,
"Oct 26, 2005",15.73,15.85,15.7,15.7,12.13,2617800.0,,
"Oct 25, 2005",15.94,15.94,15.71,15.8,12.21,2121400.0,,
"Oct 24, 2005",15.7,15.91,15.66,15.91,12.3,2881000.0,,
"Oct 21, 2005",15.82,15.82,15.58,15.64,12.09,3304600.0,,
"Oct 20, 2005",15.9,15.93,15.59,15.66,12.1,3083800.0,,
"Oct 19, 2005",15.48,15.85,15.41,15.85,12.25,4007600.0,,
"Oct 18, 2005",15.75,15.75,15.52,15.56,12.03,3990400.0,,
"Oct 17, 2005",15.76,15.77,15.61,15.73,12.15,3444000.0,,
"Oct 14, 2005",15.57,15.7,15.52,15.69,12.13,5346800.0,,
"Oct 13, 2005",15.38,15.57,15.38,15.54,12.01,3636000.0,,
"Oct 12, 2005",15.65,15.71,15.43,15.49,11.97,4074600.0,,
"Oct 11, 2005",15.7,15.83,15.64,15.67,12.11,3681400.0,,
"Oct 10, 2005",15.9,15.9,15.7,15.73,12.16,2495400.0,,
"Oct 7, 2005",15.9,15.94,15.81,15.85,12.25,3912600.0,,
"Oct 6, 2005",15.85,16.01,15.7,15.84,12.24,2597800.0,,
"Oct 5, 2005",16.1,16.1,15.81,15.82,12.23,2793400.0,,
"Oct 4, 2005",16.23,16.27,16.07,16.09,12.43,1184800.0,,
"Oct 3, 2005",16.3,16.33,16.18,16.2,12.52,937800.0,,
"Sep 30, 2005",16.15,16.26,16.12,16.25,12.55,3487800.0,,
"Sep 29, 2005",16.0,16.15,15.88,16.14,12.47,3989800.0,,
"Sep 28, 2005",16.11,16.16,15.95,15.98,12.35,4200400.0,,
"Sep 27, 2005",16.13,16.17,16.03,16.12,12.46,1507400.0,,
"Sep 26, 2005",16.27,16.34,16.06,16.13,12.46,1394600.0,,
"Sep 23, 2005",16.1,16.22,16.02,16.15,12.48,888000.0,,
"Sep 22, 2005",15.81,16.13,15.8,16.08,12.43,7693800.0,,
"Sep 21, 2005",16.0,16.02,15.82,15.83,12.23,8556800.0,,
"Sep 20, 2005",16.35,16.4,16.06,16.08,12.43,7039000.0,,
"Sep 19, 2005",16.55,16.6,16.3,16.37,12.65,2626200.0,,
"Sep 16, 2005",,,,,,,Dividend,0.0295
"Sep 16, 2005",16.58,16.64,16.52,16.57,12.81,1943200.0,,
"Sep 15, 2005",16.58,16.64,16.52,16.58,12.79,1929000.0,,
"Sep 14, 2005",16.73,16.75,16.53,16.56,12.77,3661000.0,,
"Sep 13, 2005",16.9,16.9,16.71,16.71,12.89,1865400.0,,
"Sep 12, 2005",16.88,16.98,16.85,16.95,13.08,2633600.0,,
"Sep 9, 2005",16.77,16.93,16.77,16.91,13.05,3657400.0,,
"Sep 8, 2005",16.77,16.83,16.75,16.77,12.94,7672800.0,,
"Sep 7, 2005",16.85,16.95,16.77,16.93,13.06,4411000.0,,
"Sep 6, 2005",16.48,16.81,16.48,16.81,12.97,2708200.0,,
"Sep 2, 2005",16.6,16.65,16.48,16.52,12.75,3259200.0,,
"Sep 1, 2005",16.77,16.77,16.53,16.58,12.79,4040800.0,,
"Aug 31, 2005",16.61,16.75,16.53,16.75,12.92,2887400.0,,
"Aug 30, 2005",16.7,16.7,16.5,16.6,12.81,3321600.0,,
"Aug 29, 2005",16.56,16.79,16.56,16.77,12.94,1277200.0,,
"Aug 26, 2005",16.75,16.77,16.68,16.73,12.9,369000.0,,
"Aug 25, 2005",16.73,16.83,16.73,16.8,12.96,1162400.0,,
"Aug 24, 2005",16.86,16.95,16.74,16.75,12.92,735400.0,,
"Aug 23, 2005",16.88,16.93,16.81,16.87,13.01,867000.0,,
"Aug 22, 2005",17.0,17.05,16.81,16.92,13.06,1322200.0,,
"Aug 19, 2005",17.1,17.1,16.93,16.93,13.06,1311200.0,,
"Aug 18, 2005",17.02,17.08,16.96,17.02,13.13,3631800.0,,
"Aug 17, 2005",17.0,17.15,16.98,17.09,13.18,1123200.0,,
"Aug 16, 2005",17.34,17.34,16.99,16.99,13.11,2064400.0,,
"Aug 15, 2005",17.2,17.36,17.16,17.35,13.38,1009200.0,,
"Aug 12, 2005",17.2,17.27,17.02,17.23,13.29,3755200.0,,
"Aug 11, 2005",17.23,17.3,17.14,17.27,13.32,622800.0,,
"Aug 10, 2005",17.28,17.4,17.16,17.19,13.27,894400.0,,
"Aug 9, 2005",17.1,17.25,17.05,17.2,13.27,987800.0,,
"Aug 8, 2005",17.03,17.13,16.99,17.01,13.13,1964000.0,,
"Aug 5, 2005",17.13,17.16,17.0,17.06,13.16,3844200.0,,
"Aug 4, 2005",17.26,17.35,17.11,17.18,13.26,1392600.0,,
"Aug 3, 2005",17.4,17.4,17.31,17.33,13.37,1343200.0,,
"Aug 2, 2005",17.35,17.41,17.33,17.41,13.43,422800.0,,
"Aug 1, 2005",17.35,17.4,17.3,17.33,13.37,529600.0,,
"Jul 29, 2005",17.5,17.51,17.32,17.32,13.36,932200.0,,
"Jul 28, 2005",17.37,17.51,17.37,17.51,13.51,875000.0,,
"Jul 27, 2005",17.33,17.33,17.19,17.33,13.37,504200.0,,
"Jul 26, 2005",17.25,17.3,17.19,17.29,13.34,463200.0,,
"Jul 25, 2005",17.27,17.36,17.15,17.15,13.23,595800.0,,
"Jul 22, 2005",17.2,17.31,17.17,17.28,13.33,297200.0,,
"Jul 21, 2005",17.25,17.3,17.14,17.2,13.27,471800.0,,
"Jul 20, 2005",17.14,17.25,17.03,17.24,13.3,1537600.0,,
"Jul 20, 2005",17.14,17.25,17.03,17.24,13.3,1537600.0,,
"Jul 19, 2005",17.13,17.18,17.08,17.17,13.25,2206400.0,,
"Jul 18, 2005",17.0,17.11,16.95,17.07,13.17,653600.0,,
"Jul 15, 2005",16.99,17.09,16.95,17.06,13.16,391200.0,,
"Jul 14, 2005",17.02,17.09,16.94,16.99,13.1,488000.0,,
"Jul 13, 2005",17.01,17.01,16.86,16.9,13.03,350400.0,,
"Jul 12, 2005",16.87,16.98,16.8,16.94,13.07,1113800.0,,
"Jul 11, 2005",16.74,16.86,16.74,16.83,12.98,638400.0,,
"Jul 8, 2005",16.52,16.75,16.49,16.74,12.91,2035800.0,,
"Jul 7, 2005",16.3,16.5,16.23,16.49,12.72,821600.0,,
"Jul 6, 2005",16.52,16.58,16.42,16.43,12.68,434200.0,,
"Jul 5, 2005",16.48,16.6,16.39,16.58,12.79,515400.0,,
"Jul 1, 2005",16.48,16.48,16.38,16.43,12.68,1095800.0,,
"Jun 30, 2005",16.52,16.58,16.39,16.39,12.64,616400.0,,
"Jun 29, 2005",16.58,16.58,16.47,16.48,12.71,913000.0,,
"Jun 28, 2005",16.38,16.59,16.38,16.58,12.79,344400.0,,
"Jun 27, 2005",16.38,16.44,16.34,16.34,12.61,533000.0,,
"Jun 24, 2005",16.55,16.55,16.41,16.42,12.67,1249200.0,,
"Jun 23, 2005",16.83,16.86,16.57,16.57,12.78,428800.0,,
"Jun 22, 2005",16.88,16.94,16.78,16.86,13.01,955200.0,,
"Jun 21, 2005",16.92,16.92,16.79,16.86,13.01,772000.0,,
"Jun 20, 2005",16.75,16.88,16.74,16.85,13.0,406800.0,,
"Jun 17, 2005",,,,,,,Dividend,0.0245
"Jun 17, 2005",16.83,16.92,16.81,16.84,13.0,307600.0,,
"Jun 16, 2005",16.75,16.84,16.75,16.8,12.94,237000.0,,
"Jun 15, 2005",16.81,16.85,16.67,16.76,12.91,528400.0,,
"Jun 14, 2005",16.56,16.81,16.56,16.76,12.91,628200.0,,
"Jun 13, 2005",16.58,16.68,16.5,16.59,12.78,710600.0,,
"Jun 10, 2005",16.56,16.6,16.48,16.57,12.76,902200.0,,
"Jun 9, 2005",16.48,16.6,16.42,16.57,12.76,852000.0,,
"Jun 8, 2005",16.63,16.64,16.49,16.5,12.71,798800.0,,
"Jun 7, 2005",16.51,16.74,16.51,16.57,12.76,403000.0,,
"Jun 6, 2005",16.55,16.58,16.5,16.55,12.75,742800.0,,
"Jun 3, 2005",16.59,16.68,16.49,16.52,12.73,473200.0,,
"Jun 2, 2005",16.49,16.67,16.49,16.64,12.82,356200.0,,
"Jun 1, 2005",16.55,16.63,16.44,16.56,12.75,1338600.0,,
"May 31, 2005",16.52,16.53,16.44,16.49,12.7,2169600.0,,
"May 27, 2005",16.58,16.58,16.51,16.55,12.75,987800.0,,
"May 26, 2005",16.5,16.57,16.47,16.55,12.75,674800.0,,
"May 25, 2005",16.45,16.5,16.39,16.46,12.68,575000.0,,
"May 24, 2005",16.53,16.53,16.45,16.51,12.72,1025400.0,,
"May 23, 2005",16.4,16.59,16.4,16.54,12.74,612200.0,,
"May 20, 2005",16.07,16.47,16.07,16.43,12.66,357600.0,,
"May 19, 2005",16.37,16.5,16.34,16.48,12.7,431800.0,,
"May 18, 2005",16.17,16.39,16.11,16.35,12.59,367200.0,,
"May 17, 2005",15.93,16.06,15.91,16.03,12.35,843800.0,,
"May 16, 2005",15.7,15.9,15.7,15.9,12.25,510800.0,,
"May 13, 2005",15.7,15.84,15.61,15.7,12.1,1206200.0,,
"May 12, 2005",15.8,15.9,15.71,15.72,12.11,819400.0,,
"May 11, 2005",15.8,15.85,15.65,15.8,12.17,1267200.0,,
"May 10, 2005",15.88,15.92,15.77,15.8,12.17,425600.0,,
"May 9, 2005",15.94,15.99,15.89,15.99,12.32,394800.0,,
"May 6, 2005",16.08,16.08,15.88,15.9,12.25,555200.0,,
"May 5, 2005",15.98,16.08,15.86,15.9,12.25,778400.0,,
"May 4, 2005",15.8,16.0,15.74,16.0,12.33,2406000.0,,
"May 3, 2005",15.58,15.74,15.55,15.66,12.07,1134200.0,,
"May 2, 2005",15.96,15.96,15.52,15.6,12.02,521200.0,,
"Apr 29, 2005",15.55,15.6,15.31,15.52,11.96,1585400.0,,
"Apr 28, 2005",15.6,15.7,15.48,15.49,11.93,639000.0,,
"Apr 27, 2005",15.73,15.79,15.57,15.72,12.11,2197000.0,,
"Apr 26, 2005",15.73,15.86,15.7,15.7,12.09,933000.0,,
"Apr 25, 2005",15.78,15.83,15.7,15.81,12.18,1005800.0,,
"Apr 22, 2005",15.95,15.95,15.56,15.67,12.07,697200.0,,
"Apr 21, 2005",15.77,15.92,15.68,15.91,12.26,567600.0,,
"Apr 20, 2005",15.73,15.77,15.51,15.52,11.96,365200.0,,
"Apr 19, 2005",15.77,15.92,15.73,15.78,12.16,1231800.0,,
"Apr 18, 2005",15.7,15.79,15.66,15.77,12.14,3322400.0,,
"Apr 15, 2005",16.0,16.0,15.72,15.73,12.12,3507800.0,,
"Apr 14, 2005",16.25,16.28,16.05,16.06,12.37,589400.0,,
"Apr 13, 2005",16.45,16.5,16.25,16.28,12.54,589600.0,,
"Apr 12, 2005",16.42,16.57,16.26,16.53,12.74,2762800.0,,
"Apr 11, 2005",16.52,16.52,16.38,16.38,12.62,431800.0,,
"Apr 8, 2005",16.59,16.64,16.45,16.47,12.69,929400.0,,
"Apr 7, 2005",16.5,16.62,16.46,16.6,12.79,413800.0,,
"Apr 6, 2005",16.7,16.7,16.5,16.52,12.73,1143000.0,,
"Apr 5, 2005",16.52,16.63,16.52,16.59,12.78,536600.0,,
"Apr 4, 2005",16.42,16.54,16.34,16.5,12.71,700600.0,,
"Apr 1, 2005",16.65,16.74,16.41,16.45,12.67,858800.0,,
"Mar 31, 2005",16.55,16.67,16.55,16.58,12.77,2103600.0,,
"Mar 30, 2005",16.38,16.63,16.38,16.63,12.81,1405600.0,,
"Mar 29, 2005",16.5,16.57,16.35,16.36,12.61,539200.0,,
"Mar 28, 2005",16.49,16.63,16.48,16.58,12.77,1010600.0,,
"Mar 24, 2005",16.42,16.57,16.42,16.46,12.68,642600.0,,
"Mar 23, 2005",16.45,16.51,16.41,16.43,12.66,653000.0,,
"Mar 22, 2005",16.73,16.73,16.48,16.49,12.7,535000.0,,
"Mar 21, 2005",16.73,16.73,16.52,16.63,12.81,1261600.0,,
"Mar 18, 2005",,,,,,,Dividend,0.024
"Mar 18, 2005",16.83,16.83,16.64,16.71,12.87,1790800.0,,
"Mar 17, 2005",16.83,16.89,16.81,16.83,12.95,1960600.0,,
"Mar 16, 2005",16.88,16.88,16.74,16.82,12.93,539600.0,,
"Mar 15, 2005",17.0,17.07,16.92,16.92,13.01,2135600.0,,
"Mar 14, 2005",16.86,16.92,16.82,16.9,13.0,757400.0,,
"Mar 11, 2005",16.95,16.98,16.82,16.87,12.98,346000.0,,
"Mar 10, 2005",16.85,16.94,16.81,16.89,12.99,957800.0,,
"Mar 9, 2005",17.02,17.02,16.83,16.86,12.97,1033000.0,,
"Mar 8, 2005",17.15,17.16,17.03,17.05,13.12,1412400.0,,
"Mar 7, 2005",17.13,17.2,17.11,17.14,13.18,304800.0,,
"Mar 4, 2005",17.0,17.14,17.0,17.13,13.17,372600.0,,
"Mar 3, 2005",17.1,17.1,16.92,16.98,13.06,207600.0,,
"Mar 2, 2005",16.92,17.09,16.92,17.0,13.08,662200.0,,
"Mar 2, 2005",16.92,17.09,16.92,17.0,13.08,662200.0,,
"Mar 1, 2005",16.8,17.01,16.8,16.99,13.07,719600.0,,
"Feb 28, 2005",16.87,16.89,16.72,16.8,12.92,922200.0,,
"Feb 25, 2005",16.78,16.89,16.75,16.87,12.98,543800.0,,
"Feb 24, 2005",16.8,16.81,16.67,16.79,12.92,739000.0,,
"Feb 23, 2005",16.72,16.81,16.68,16.77,12.9,723200.0,,
"Feb 22, 2005",16.86,16.91,16.67,16.67,12.82,1011600.0,,
"Feb 18, 2005",17.02,17.03,16.98,17.0,13.08,389400.0,,
"Feb 17, 2005",17.18,17.18,17.04,17.04,13.11,621200.0,,
"Feb 16, 2005",17.08,17.16,17.07,17.13,13.17,312800.0,,
"Feb 15, 2005",17.1,17.17,17.06,17.16,13.2,204200.0,,
"Feb 14, 2005",17.1,17.1,17.0,17.02,13.09,324600.0,,
"Feb 11, 2005",16.88,17.11,16.86,17.05,13.11,926200.0,,
"Feb 10, 2005",16.98,16.99,16.86,16.96,13.05,1518400.0,,
"Feb 9, 2005",17.13,17.13,16.88,16.89,12.99,276600.0,,
"Feb 8, 2005",17.13,17.13,17.04,17.08,13.14,111400.0,,
"Feb 7, 2005",17.09,17.16,17.05,17.12,13.17,405600.0,,
"Feb 4, 2005",16.95,17.08,16.92,17.08,13.13,313000.0,,
"Feb 3, 2005",16.92,16.92,16.85,16.92,13.02,955000.0,,
"Feb 2, 2005",16.91,17.0,16.89,16.95,13.04,599600.0,,
"Feb 1, 2005",16.91,16.95,16.85,16.91,13.0,729200.0,,
"Jan 31, 2005",16.71,16.92,16.71,16.89,12.99,769400.0,,
"Jan 28, 2005",16.75,16.77,16.61,16.71,12.85,512600.0,,
"Jan 27, 2005",16.83,16.88,16.75,16.79,12.92,95800.0,,
"Jan 26, 2005",16.81,16.84,16.72,16.83,12.94,539800.0,,
"Jan 25, 2005",16.8,16.83,16.72,16.74,12.87,539800.0,,
"Jan 24, 2005",16.86,16.9,16.69,16.69,12.84,681800.0,,
"Jan 21, 2005",16.92,16.98,16.83,16.85,12.97,669000.0,,
"Jan 20, 2005",17.1,17.1,16.91,16.92,13.01,771400.0,,
"Jan 19, 2005",17.42,17.42,17.23,17.23,13.25,350800.0,,
"Jan 18, 2005",17.2,17.4,17.17,17.4,13.38,386800.0,,
"Jan 14, 2005",17.13,17.26,17.1,17.25,13.27,228200.0,,
"Jan 13, 2005",17.22,17.23,17.08,17.09,13.15,775200.0,,
"Jan 12, 2005",17.1,17.24,17.01,17.22,13.25,498600.0,,
"Jan 11, 2005",17.13,17.18,17.1,17.12,13.17,368000.0,,
"Jan 10, 2005",17.1,17.31,17.1,17.23,13.25,244400.0,,
"Jan 7, 2005",17.25,17.25,17.09,17.17,13.2,430000.0,,
"Jan 6, 2005",17.24,17.27,17.17,17.17,13.21,258400.0,,
"Jan 5, 2005",17.4,17.4,17.26,17.26,13.28,260600.0,,
"Jan 4, 2005",17.53,17.6,17.3,17.33,13.33,1690200.0,,
"Jan 3, 2005",17.73,17.77,17.52,17.53,13.48,858400.0,,
"Dec 31, 2004",17.7,17.73,17.65,17.65,13.57,211000.0,,
"Dec 30, 2004",17.67,17.73,17.65,17.71,13.62,923400.0,,
"Dec 29, 2004",17.64,17.67,17.6,17.66,13.58,235200.0,,
"Dec 28, 2004",17.48,17.65,17.48,17.65,13.57,515600.0,,
"Dec 27, 2004",17.48,17.52,17.42,17.44,13.42,57200.0,,
"Dec 23, 2004",17.48,17.48,17.42,17.43,13.41,210200.0,,
"Dec 22, 2004",17.27,17.49,17.27,17.46,13.43,2401000.0,,
"Dec 21, 2004",17.25,17.37,17.23,17.34,13.34,2356400.0,,
"Dec 20, 2004",17.3,17.36,17.22,17.25,13.27,378200.0,,
"Dec 17, 2004",,,,,,,Dividend,0.054
"Dec 17, 2004",17.4,17.4,17.23,17.26,13.28,1465600.0,,
"Dec 16, 2004",17.42,17.46,17.33,17.4,13.34,320400.0,,
"Dec 15, 2004",17.4,17.48,17.34,17.42,13.36,1128600.0,,
"Dec 14, 2004",17.2,17.39,17.2,17.35,13.3,1159400.0,,
"Dec 13, 2004",17.25,17.27,17.16,17.26,13.24,502000.0,,
"Dec 10, 2004",17.27,17.27,17.17,17.2,13.19,387000.0,,
"Dec 9, 2004",17.09,17.24,17.0,17.22,13.21,761800.0,,
"Dec 8, 2004",17.0,17.1,16.97,17.09,13.11,170600.0,,
"Dec 7, 2004",17.11,17.15,16.99,16.99,13.03,433200.0,,
"Dec 6, 2004",17.08,17.14,17.03,17.11,13.12,512600.0,,
"Dec 3, 2004",17.15,17.2,17.05,17.14,13.14,961600.0,,
"Dec 2, 2004",17.15,17.3,17.03,17.19,13.19,934400.0,,
"Dec 1, 2004",16.98,17.18,16.98,17.17,13.17,1664000.0,,
"Nov 30, 2004",17.09,17.09,16.9,16.91,12.97,1373200.0,,
"Nov 29, 2004",17.23,17.25,16.97,17.09,13.11,1806400.0,,
"Nov 26, 2004",17.1,17.25,17.1,17.21,13.2,208200.0,,
"Nov 24, 2004",17.17,17.2,17.11,17.19,13.18,4434400.0,,
"Nov 23, 2004",17.02,17.13,16.97,17.08,13.09,229200.0,,
"Nov 22, 2004",16.83,17.0,16.81,16.98,13.02,3088000.0,,
"Nov 19, 2004",17.12,17.12,16.85,16.88,12.94,1323600.0,,
"Nov 18, 2004",17.02,17.1,16.98,17.09,13.11,886400.0,,
"Nov 17, 2004",17.02,17.16,16.99,17.01,13.04,1458800.0,,
"Nov 16, 2004",17.17,17.17,16.96,17.0,13.03,1051800.0,,
"Nov 15, 2004",17.1,17.2,17.08,17.16,13.16,713800.0,,
"Nov 12, 2004",17.02,17.14,16.95,17.1,13.12,240600.0,,
"Nov 11, 2004",16.88,17.0,16.81,17.0,13.03,2411800.0,,
"Nov 10, 2004",16.88,16.93,16.82,16.84,12.91,715400.0,,
"Nov 9, 2004",16.79,16.89,16.78,16.84,12.91,412200.0,,
"Nov 8, 2004",16.81,16.89,16.78,16.83,12.9,193800.0,,
"Nov 5, 2004",16.77,16.92,16.76,16.82,12.89,714000.0,,
"Nov 4, 2004",16.42,16.77,16.42,16.75,12.85,615400.0,,
"Nov 3, 2004",16.58,16.58,16.33,16.4,12.57,663600.0,,
"Nov 2, 2004",16.27,16.48,16.27,16.35,12.54,1362600.0,,
"Nov 1, 2004",16.24,16.34,16.19,16.3,12.5,806400.0,,
"Oct 29, 2004",16.25,16.29,16.18,16.23,12.45,2578000.0,,
"Oct 28, 2004",16.2,16.3,16.13,16.25,12.46,892400.0,,
"Oct 27, 2004",15.85,16.17,15.83,16.16,12.39,808400.0,,
"Oct 26, 2004",15.6,15.89,15.6,15.89,12.19,898000.0,,
"Oct 25, 2004",15.65,15.65,15.53,15.63,11.99,281800.0,,
"Oct 22, 2004",15.8,15.85,15.65,15.65,12.0,410000.0,,
"Oct 21, 2004",15.64,15.82,15.64,15.78,12.1,431000.0,,
"Oct 20, 2004",15.69,15.69,15.59,15.64,11.99,831200.0,,
"Oct 19, 2004",15.88,15.95,15.73,15.73,12.06,1927800.0,,
"Oct 18, 2004",15.63,15.85,15.63,15.82,12.14,1781600.0,,
"Oct 15, 2004",15.69,15.77,15.63,15.72,12.05,2989000.0,,
"Oct 14, 2004",15.78,15.78,15.59,15.6,11.97,270600.0,,
"Oct 13, 2004",15.8,15.91,15.7,15.74,12.07,358000.0,,
"Oct 12, 2004",15.7,15.82,15.7,15.79,12.11,986200.0,,
"Oct 11, 2004",15.82,15.86,15.8,15.83,12.14,254800.0,,
"Oct 11, 2004",15.82,15.86,15.8,15.83,12.14,254800.0,,
"Oct 8, 2004",15.82,15.97,15.73,15.77,12.09,566400.0,,
"Oct 7, 2004",16.0,16.06,15.9,15.9,12.19,140000.0,,
"Oct 6, 2004",15.93,16.02,15.85,16.01,12.28,748800.0,,
"Oct 5, 2004",15.95,15.95,15.85,15.93,12.21,490200.0,,
"Oct 4, 2004",15.9,16.0,15.9,15.94,12.23,2138200.0,,
"Oct 1, 2004",15.6,15.83,15.6,15.8,12.11,1160200.0,,
"Sep 30, 2004",15.5,15.65,15.5,15.6,11.96,2451800.0,,
"Sep 29, 2004",15.55,15.55,15.41,15.53,11.91,2223600.0,,
"Sep 28, 2004",15.52,15.52,15.39,15.48,11.87,592400.0,,
"Sep 27, 2004",15.6,15.6,15.49,15.49,11.88,341600.0,,
"Sep 24, 2004",15.57,15.67,15.55,15.6,11.96,667000.0,,
"Sep 23, 2004",15.55,15.6,15.48,15.56,11.93,2774200.0,,
"Sep 22, 2004",15.6,15.61,15.49,15.5,11.89,1146800.0,,
"Sep 21, 2004",15.65,15.74,15.6,15.71,12.05,527000.0,,
"Sep 20, 2004",15.68,15.68,15.55,15.59,11.96,261800.0,,
"Sep 17, 2004",,,,,,,Dividend,0.023
"Sep 17, 2004",15.7,15.77,15.67,15.71,12.05,471600.0,,
"Sep 16, 2004",15.6,15.77,15.6,15.7,12.02,4354400.0,,
"Sep 15, 2004",15.64,15.67,15.6,15.6,11.95,150400.0,,
"Sep 14, 2004",15.6,15.7,15.6,15.69,12.02,397800.0,,
"Sep 13, 2004",15.57,15.69,15.57,15.63,11.96,617800.0,,
"Sep 10, 2004",15.41,15.6,15.39,15.57,11.93,187400.0,,
"Sep 9, 2004",15.5,15.53,15.39,15.44,11.82,1653600.0,,
"Sep 8, 2004",15.6,15.68,15.52,15.52,11.88,534600.0,,
"Sep 7, 2004",15.55,15.62,15.49,15.56,11.92,1193200.0,,
"Sep 3, 2004",15.48,15.54,15.43,15.46,11.84,171600.0,,
"Sep 2, 2004",15.15,15.48,15.15,15.48,11.85,1361800.0,,
"Sep 1, 2004",15.15,15.24,15.15,15.23,11.67,708200.0,,
"Aug 31, 2004",15.18,15.24,15.06,15.19,11.63,991400.0,,
"Aug 30, 2004",15.3,15.3,15.18,15.19,11.64,1266600.0,,
"Aug 27, 2004",15.3,15.35,15.27,15.31,11.73,440600.0,,
"Aug 26, 2004",15.23,15.34,15.23,15.31,11.73,1054400.0,,
"Aug 25, 2004",15.15,15.32,15.11,15.32,11.73,161200.0,,
"Aug 24, 2004",15.18,15.29,15.15,15.2,11.64,537600.0,,
"Aug 23, 2004",15.24,15.25,15.16,15.16,11.61,2054200.0,,
"Aug 20, 2004",15.15,15.27,15.07,15.24,11.67,320600.0,,
"Aug 19, 2004",15.07,15.19,15.06,15.11,11.57,1175600.0,,
"Aug 18, 2004",14.98,15.18,14.94,15.18,11.62,1257600.0,,
"Aug 17, 2004",14.86,15.09,14.86,15.05,11.52,1072600.0,,
"Aug 16, 2004",14.52,14.88,14.52,14.86,11.38,703800.0,,
"Aug 13, 2004",14.45,14.59,14.45,14.52,11.11,417400.0,,
"Aug 12, 2004",14.68,14.68,14.47,14.48,11.09,487800.0,,
"Aug 11, 2004",14.63,14.69,14.56,14.68,11.24,377600.0,,
"Aug 10, 2004",14.6,14.78,14.6,14.78,11.32,92800.0,,
"Aug 9, 2004",14.57,14.69,14.56,14.57,11.16,238800.0,,
"Aug 6, 2004",14.63,14.72,14.56,14.59,11.17,725200.0,,
"Aug 5, 2004",15.11,15.11,14.79,14.81,11.34,1309000.0,,
"Aug 4, 2004",15.02,15.14,14.98,15.07,11.54,397000.0,,
"Aug 3, 2004",15.24,15.27,15.15,15.15,11.6,145200.0,,
"Aug 2, 2004",15.22,15.34,15.14,15.31,11.72,437000.0,,
"Jul 30, 2004",15.2,15.23,15.13,15.22,11.65,263000.0,,
"Jul 29, 2004",15.23,15.29,15.15,15.2,11.64,529600.0,,
"Jul 28, 2004",15.15,15.19,14.95,15.13,11.58,181600.0,,
"Jul 27, 2004",14.93,15.22,14.93,15.19,11.63,366400.0,,
"Jul 26, 2004",15.05,15.06,14.87,14.94,11.44,445000.0,,
"Jul 23, 2004",15.1,15.14,14.98,15.06,11.54,262600.0,,
"Jul 22, 2004",15.02,15.18,14.94,15.15,11.6,184600.0,,
"Jul 21, 2004",15.27,15.39,15.13,15.13,11.59,425400.0,,
"Jul 20, 2004",15.1,15.28,15.1,15.27,11.69,1975400.0,,
"Jul 19, 2004",15.15,15.22,15.03,15.1,11.56,328400.0,,
"Jul 16, 2004",15.39,15.39,15.15,15.15,11.6,434400.0,,
"Jul 15, 2004",15.42,15.44,15.32,15.32,11.73,302200.0,,
"Jul 14, 2004",15.4,15.56,15.36,15.4,11.79,210400.0,,
"Jul 13, 2004",15.38,15.5,15.38,15.47,11.84,117400.0,,
"Jul 12, 2004",15.3,15.43,15.27,15.4,11.8,422600.0,,
"Jul 9, 2004",15.38,15.38,15.29,15.36,11.77,1161800.0,,
"Jul 8, 2004",15.4,15.43,15.28,15.28,11.7,309200.0,,
"Jul 7, 2004",15.5,15.56,15.47,15.49,11.86,318000.0,,
"Jul 6, 2004",15.55,15.6,15.48,15.53,11.9,1114200.0,,
"Jul 2, 2004",15.75,15.75,15.62,15.64,11.97,372800.0,,
"Jul 1, 2004",15.85,15.85,15.64,15.72,12.04,1212200.0,,
"Jun 30, 2004",15.77,15.86,15.71,15.81,12.11,880000.0,,
"Jun 29, 2004",15.85,15.85,15.77,15.78,12.09,346800.0,,
"Jun 28, 2004",16.05,16.07,15.89,15.9,12.18,1451200.0,,
"Jun 25, 2004",15.93,16.05,15.9,15.94,12.2,593000.0,,
"Jun 24, 2004",15.9,16.03,15.9,15.95,12.21,181800.0,,
"Jun 23, 2004",15.77,15.94,15.77,15.94,12.21,135600.0,,
"Jun 22, 2004",15.87,15.87,15.7,15.82,12.11,175400.0,,
"Jun 21, 2004",16.0,16.0,15.88,15.89,12.17,209800.0,,
"Jun 18, 2004",,,,,,,Dividend,0.021
"Jun 18, 2004",15.89,16.01,15.89,15.94,12.21,100000.0,,
"Jun 17, 2004",15.91,15.98,15.86,15.97,12.21,86400.0,,
"Jun 16, 2004",15.98,15.98,15.89,15.93,12.18,142400.0,,
"Jun 15, 2004",15.93,16.01,15.89,15.91,12.17,523600.0,,
"Jun 14, 2004",16.02,16.02,15.78,15.82,12.1,2766600.0,,
"Jun 10, 2004",15.95,16.06,15.95,16.02,12.25,290200.0,,
"Jun 9, 2004",16.0,16.09,15.95,15.96,12.2,238000.0,,
"Jun 8, 2004",15.98,16.08,15.94,16.08,12.3,929000.0,,
"Jun 7, 2004",15.9,16.02,15.85,16.02,12.25,488600.0,,
"Jun 4, 2004",15.87,15.89,15.76,15.81,12.09,921600.0,,
"Jun 3, 2004",15.82,15.89,15.73,15.74,12.04,578400.0,,
"Jun 2, 2004",15.85,15.85,15.72,15.84,12.11,408800.0,,
"Jun 1, 2004",15.73,15.8,15.66,15.78,12.07,484400.0,,
"May 28, 2004",15.8,15.81,15.75,15.8,12.08,631800.0,,
"May 27, 2004",15.7,15.89,15.7,15.8,12.08,129000.0,,
"May 26, 2004",15.68,15.74,15.64,15.73,12.03,684800.0,,
"May 25, 2004",15.35,15.72,15.3,15.72,12.02,221200.0,,
"May 24, 2004",15.4,15.44,15.28,15.4,11.78,316600.0,,
"May 21, 2004",15.17,15.33,15.15,15.24,11.66,228400.0,,
"May 21, 2004",15.17,15.33,15.15,15.24,11.66,228400.0,,
"May 20, 2004",15.13,15.2,15.07,15.17,11.6,161000.0,,
"May 19, 2004",15.31,15.42,15.14,15.14,11.57,455200.0,,
"May 18, 2004",15.15,15.23,15.0,15.2,11.62,2336400.0,,
"May 17, 2004",15.15,15.15,14.86,14.97,11.44,903000.0,,
"May 14, 2004",15.25,15.28,15.07,15.2,11.63,765800.0,,
"May 13, 2004",15.18,15.23,15.09,15.2,11.62,989000.0,,
"May 12, 2004",15.2,15.25,14.9,15.25,11.66,1909600.0,,
"May 11, 2004",15.1,15.23,15.1,15.2,11.62,1137400.0,,
"May 10, 2004",14.97,15.12,14.9,14.98,11.46,812000.0,,
"May 7, 2004",15.4,15.53,15.17,15.17,11.6,823800.0,,
"May 6, 2004",15.59,15.65,15.41,15.55,11.89,1364600.0,,
"May 5, 2004",15.7,15.79,15.68,15.78,12.07,434200.0,,
"May 4, 2004",15.73,15.85,15.65,15.74,12.04,945000.0,,
"May 3, 2004",15.68,15.8,15.65,15.77,12.06,2623800.0,,
"Apr 30, 2004",15.86,15.9,15.64,15.69,12.0,230200.0,,
"Apr 29, 2004",15.92,16.07,15.71,15.81,12.09,270600.0,,
"Apr 28, 2004",16.1,16.1,15.91,15.92,12.17,2324400.0,,
"Apr 27, 2004",16.15,16.22,16.08,16.11,12.32,737000.0,,
"Apr 26, 2004",16.15,16.19,15.95,16.0,12.24,185000.0,,
"Apr 23, 2004",16.17,16.17,16.02,16.13,12.33,115400.0,,
"Apr 22, 2004",15.98,16.21,15.93,16.19,12.38,124200.0,,
"Apr 21, 2004",15.75,15.91,15.73,15.88,12.14,293800.0,,
"Apr 20, 2004",16.05,16.09,15.85,15.85,12.12,351000.0,,
"Apr 19, 2004",15.89,15.98,15.85,15.95,12.2,210400.0,,
"Apr 16, 2004",15.8,15.97,15.8,15.94,12.19,265800.0,,
"Apr 15, 2004",15.82,15.89,15.73,15.8,12.08,328800.0,,
"Apr 14, 2004",15.7,15.86,15.7,15.81,12.09,835600.0,,
"Apr 13, 2004",16.2,16.2,15.8,15.84,12.11,227800.0,,
"Apr 12, 2004",16.08,16.18,16.07,16.14,12.34,245000.0,,
"Apr 8, 2004",16.25,16.25,15.94,16.0,12.24,242200.0,,
"Apr 7, 2004",16.2,16.2,16.04,16.1,12.31,671200.0,,
"Apr 6, 2004",16.15,16.27,16.14,16.22,12.4,154800.0,,
"Apr 5, 2004",16.03,16.25,16.03,16.25,12.43,185200.0,,
"Apr 2, 2004",16.17,16.17,16.0,16.09,12.3,930400.0,,
"Apr 1, 2004",15.94,15.99,15.85,15.94,12.19,949000.0,,
"Mar 31, 2004",15.9,15.98,15.84,15.88,12.14,155800.0,,
"Mar 30, 2004",15.8,15.9,15.78,15.9,12.16,274200.0,,
"Mar 29, 2004",15.75,15.85,15.73,15.77,12.06,276600.0,,
"Mar 26, 2004",15.65,15.73,15.57,15.63,11.95,233400.0,,
"Mar 25, 2004",15.48,15.68,15.42,15.65,11.96,808400.0,,
"Mar 24, 2004",15.3,15.42,15.27,15.38,11.76,212800.0,,
"Mar 23, 2004",15.33,15.44,15.27,15.3,11.7,1097400.0,,
"Mar 22, 2004",15.43,15.45,15.3,15.33,11.72,1265400.0,,
"Mar 19, 2004",,,,,,,Dividend,0.021
"Mar 19, 2004",15.63,15.73,15.56,15.57,11.91,585000.0,,
"Mar 18, 2004",15.65,15.75,15.54,15.68,11.97,502200.0,,
"Mar 17, 2004",15.55,15.73,15.55,15.72,12.01,1561400.0,,
"Mar 16, 2004",15.54,15.54,15.37,15.5,11.84,833200.0,,
"Mar 15, 2004",15.65,15.65,15.36,15.36,11.73,181200.0,,
"Mar 12, 2004",15.51,15.69,15.51,15.68,11.97,145200.0,,
"Mar 11, 2004",15.7,15.73,15.43,15.43,11.78,136000.0,,
"Mar 10, 2004",15.94,15.94,15.65,15.72,12.01,262600.0,,
"Mar 9, 2004",16.08,16.08,15.88,15.91,12.15,327000.0,,
"Mar 8, 2004",16.15,16.25,16.02,16.02,12.23,459400.0,,
"Mar 5, 2004",16.06,16.29,16.06,16.25,12.41,251400.0,,
"Mar 4, 2004",16.15,16.17,16.06,16.13,12.32,275800.0,,
"Mar 3, 2004",16.07,16.1,15.94,16.07,12.27,232800.0,,
"Mar 2, 2004",16.15,16.15,16.01,16.05,12.26,298400.0,,
"Mar 1, 2004",16.04,16.15,16.01,16.09,12.29,247600.0,,
"Feb 27, 2004",16.0,16.08,15.91,15.99,12.22,144000.0,,
"Feb 26, 2004",15.8,15.99,15.79,15.97,12.2,295800.0,,
"Feb 25, 2004",15.82,15.88,15.75,15.87,12.12,128600.0,,
"Feb 24, 2004",15.7,15.84,15.68,15.78,12.05,169000.0,,
"Feb 23, 2004",15.95,15.95,15.73,15.76,12.03,580200.0,,
"Feb 20, 2004",15.99,15.99,15.78,15.87,12.12,440800.0,,
"Feb 19, 2004",16.04,16.16,15.99,15.99,12.21,209600.0,,
"Feb 18, 2004",16.06,16.06,15.94,15.98,12.2,124200.0,,
"Feb 17, 2004",15.93,16.09,15.93,16.07,12.27,596800.0,,
"Feb 13, 2004",15.98,16.03,15.81,15.86,12.12,676000.0,,
"Feb 12, 2004",16.13,16.14,15.99,16.02,12.24,148200.0,,
"Feb 11, 2004",15.94,16.17,15.9,16.1,12.3,450000.0,,
"Feb 10, 2004",15.8,15.97,15.8,15.94,12.18,101000.0,,
"Feb 9, 2004",15.8,15.93,15.8,15.81,12.07,234000.0,,
"Feb 6, 2004",15.68,15.81,15.63,15.79,12.06,178000.0,,
"Feb 5, 2004",15.57,15.65,15.55,15.63,11.93,323000.0,,
"Feb 4, 2004",15.52,15.6,15.44,15.51,11.84,111200.0,,
"Feb 3, 2004",15.63,15.65,15.52,15.52,11.86,116000.0,,
"Feb 2, 2004",15.65,15.73,15.5,15.61,11.92,480600.0,,
"Jan 30, 2004",15.68,15.7,15.56,15.65,11.96,388600.0,,
"Jan 29, 2004",15.52,15.7,15.48,15.66,11.96,523800.0,,
"Jan 28, 2004",15.98,15.98,15.55,15.56,11.89,259600.0,,
"Jan 27, 2004",16.1,16.12,15.91,15.94,12.18,128800.0,,
"Jan 26, 2004",16.05,16.09,15.91,16.06,12.26,120200.0,,
"Jan 23, 2004",16.13,16.17,15.95,16.02,12.24,123600.0,,
"Jan 22, 2004",16.0,16.1,16.0,16.08,12.28,281200.0,,
"Jan 21, 2004",15.85,15.99,15.74,15.95,12.18,284200.0,,
"Jan 20, 2004",15.94,15.94,15.73,15.76,12.03,367400.0,,
"Jan 16, 2004",15.95,15.95,15.83,15.87,12.12,97200.0,,
"Jan 15, 2004",15.82,15.94,15.73,15.87,12.12,184600.0,,
"Jan 14, 2004",15.85,15.87,15.76,15.82,12.09,563200.0,,
"Jan 13, 2004",15.77,15.8,15.65,15.7,11.99,194200.0,,
"Jan 12, 2004",15.75,15.77,15.64,15.73,12.01,118800.0,,
"Jan 9, 2004",15.7,15.9,15.7,15.76,12.04,374400.0,,
"Jan 8, 2004",15.86,15.93,15.77,15.82,12.09,338400.0,,
"Jan 7, 2004",15.75,15.89,15.68,15.88,12.12,142400.0,,
"Jan 6, 2004",15.74,15.82,15.7,15.81,12.07,169600.0,,
"Jan 5, 2004",15.7,15.77,15.6,15.74,12.02,356400.0,,
"Jan 2, 2004",15.81,15.89,15.57,15.61,11.92,127600.0,,
"Dec 31, 2003",15.71,15.78,15.64,15.74,12.02,289000.0,,
"Dec 31, 2003",15.71,15.78,15.64,15.74,12.02,289000.0,,
"Dec 30, 2003",15.7,15.7,15.6,15.63,11.94,78400.0,,
"Dec 29, 2003",15.63,15.68,15.53,15.68,11.97,244000.0,,
"Dec 26, 2003",15.5,15.59,15.5,15.54,11.87,23600.0,,
"Dec 24, 2003",15.49,15.51,15.43,15.47,11.81,70800.0,,
"Dec 23, 2003",15.5,15.59,15.47,15.53,11.86,314000.0,,
"Dec 22, 2003",15.43,15.52,15.39,15.48,11.82,584000.0,,
"Dec 19, 2003",,,,,,,Dividend,0.042
"Dec 19, 2003",15.45,15.45,15.31,15.43,11.78,158400.0,,
"Dec 18, 2003",15.27,15.44,15.2,15.43,11.75,129800.0,,
"Dec 17, 2003",15.13,15.23,15.05,15.23,11.6,96400.0,,
"Dec 16, 2003",15.13,15.13,14.98,15.09,11.49,508600.0,,
"Dec 15, 2003",15.43,15.43,15.11,15.13,11.52,427200.0,,
"Dec 12, 2003",15.2,15.21,15.1,15.19,11.57,171200.0,,
"Dec 11, 2003",14.86,15.19,14.86,15.11,11.51,259400.0,,
"Dec 10, 2003",14.9,15.01,14.82,14.88,11.33,268600.0,,
"Dec 9, 2003",15.07,15.1,14.95,14.95,11.39,404800.0,,
"Dec 8, 2003",14.98,15.02,14.89,15.02,11.44,141800.0,,
"Dec 5, 2003",15.05,15.06,14.9,14.96,11.39,90200.0,,
"Dec 4, 2003",15.2,15.2,14.92,15.11,11.51,131600.0,,
"Dec 3, 2003",15.27,15.32,15.15,15.15,11.54,201000.0,,
"Dec 2, 2003",15.27,15.3,15.19,15.21,11.58,501400.0,,
"Dec 1, 2003",15.3,15.33,15.18,15.32,11.67,122600.0,,
"Nov 28, 2003",15.23,15.23,15.18,15.18,11.56,63600.0,,
"Nov 26, 2003",15.25,15.25,15.02,15.19,11.57,490400.0,,
"Nov 25, 2003",14.98,15.21,14.98,15.19,11.57,175800.0,,
"Nov 24, 2003",14.88,15.05,14.86,15.05,11.46,323600.0,,
"Nov 21, 2003",14.72,14.77,14.64,14.75,11.23,69800.0,,
"Nov 20, 2003",14.66,14.84,14.63,14.69,11.18,245200.0,,
"Nov 19, 2003",14.57,14.73,14.55,14.7,11.2,355800.0,,
"Nov 18, 2003",14.86,14.89,14.6,14.6,11.12,347800.0,,
"Nov 17, 2003",14.84,14.88,14.68,14.8,11.27,510400.0,,
"Nov 14, 2003",15.13,15.17,14.93,14.93,11.37,907800.0,,
"Nov 13, 2003",15.1,15.1,15.02,15.1,11.5,157600.0,,
"Nov 12, 2003",15.07,15.16,15.03,15.15,11.54,593200.0,,
"Nov 11, 2003",15.07,15.07,14.98,15.0,11.42,239200.0,,
"Nov 10, 2003",15.13,15.16,15.02,15.02,11.44,204000.0,,
"Nov 7, 2003",15.24,15.31,15.18,15.2,11.58,130600.0,,
"Nov 6, 2003",15.05,15.16,14.98,15.16,11.55,53200.0,,
"Nov 5, 2003",15.07,15.08,14.93,15.06,11.47,301000.0,,
"Nov 4, 2003",15.1,15.16,15.05,15.07,11.48,117600.0,,
"Nov 3, 2003",15.15,15.22,15.1,15.16,11.55,129800.0,,
"Oct 31, 2003",15.09,15.09,14.98,15.05,11.46,341600.0,,
"Oct 30, 2003",15.13,15.15,14.93,15.06,11.47,190800.0,,
"Oct 29, 2003",15.0,15.06,14.94,15.01,11.43,141400.0,,
"Oct 28, 2003",14.85,15.03,14.77,15.03,11.45,163400.0,,
"Oct 27, 2003",14.61,14.74,14.61,14.7,11.2,696400.0,,
"Oct 24, 2003",14.45,14.55,14.34,14.55,11.08,378000.0,,
"Oct 23, 2003",14.48,14.57,14.44,14.53,11.07,197800.0,,
"Oct 22, 2003",14.57,14.6,14.48,14.53,11.07,528600.0,,
"Oct 21, 2003",14.73,14.78,14.66,14.73,11.22,210800.0,,
"Oct 20, 2003",14.7,14.73,14.63,14.69,11.19,58600.0,,
"Oct 17, 2003",14.91,14.93,14.68,14.7,11.2,747000.0,,
"Oct 16, 2003",14.8,14.95,14.8,14.91,11.36,121400.0,,
"Oct 15, 2003",14.95,14.95,14.76,14.85,11.31,380800.0,,
"Oct 14, 2003",14.84,14.91,14.76,14.91,11.36,102200.0,,
"Oct 13, 2003",14.7,14.89,14.7,14.83,11.29,804200.0,,
"Oct 10, 2003",14.7,14.75,14.63,14.68,11.18,230800.0,,
"Oct 9, 2003",14.69,14.81,14.61,14.65,11.16,488800.0,,
"Oct 8, 2003",14.59,14.59,14.44,14.47,11.02,46400.0,,
"Oct 7, 2003",14.39,14.58,14.37,14.57,11.1,694600.0,,
"Oct 6, 2003",14.47,14.56,14.38,14.51,11.05,312400.0,,
"Oct 3, 2003",14.46,14.56,14.38,14.4,10.97,943400.0,,
"Oct 2, 2003",14.13,14.25,14.1,14.24,10.85,376800.0,,
"Oct 1, 2003",13.91,14.2,13.91,14.17,10.79,3804600.0,,
"Sep 30, 2003",13.85,13.91,13.7,13.79,10.5,231200.0,,
"Sep 29, 2003",13.93,13.93,13.69,13.85,10.54,239400.0,,
"Sep 26, 2003",13.98,13.98,13.83,13.86,10.56,913600.0,,
"Sep 25, 2003",14.07,14.23,14.02,14.02,10.68,513400.0,,
"Sep 24, 2003",14.4,14.4,14.07,14.07,10.72,405200.0,,
"Sep 23, 2003",14.25,14.4,14.25,14.35,10.93,121200.0,,
"Sep 22, 2003",14.27,14.28,14.15,14.23,10.83,171600.0,,
"Sep 19, 2003",,,,,,,Dividend,0.019
"Sep 19, 2003",14.5,14.5,14.39,14.44,11.0,62800.0,,
"Sep 18, 2003",14.4,14.55,14.38,14.55,11.07,49200.0,,
"Sep 17, 2003",14.48,14.52,14.4,14.45,10.99,223400.0,,
"Sep 16, 2003",14.32,14.48,14.3,14.46,11.0,60200.0,,
"Sep 15, 2003",14.27,14.32,14.23,14.25,10.84,85400.0,,
"Sep 12, 2003",14.2,14.24,14.04,14.2,10.8,183400.0,,
"Sep 11, 2003",14.18,14.3,14.16,14.25,10.84,129200.0,,
"Sep 10, 2003",14.3,14.3,14.1,14.14,10.75,194200.0,,
"Sep 9, 2003",14.5,14.51,14.3,14.31,10.89,170600.0,,
"Sep 8, 2003",14.59,14.61,14.51,14.6,11.1,208000.0,,
"Sep 5, 2003",14.63,14.69,14.52,14.6,11.1,328800.0,,
"Sep 4, 2003",14.71,14.76,14.63,14.74,11.21,168400.0,,
"Sep 3, 2003",14.7,14.73,14.63,14.69,11.18,225000.0,,
"Sep 2, 2003",14.63,14.71,14.46,14.7,11.18,772000.0,,
"Aug 29, 2003",14.33,14.55,14.32,14.5,11.03,261000.0,,
"Aug 28, 2003",14.3,14.36,14.2,14.36,10.93,401400.0,,
"Aug 27, 2003",14.23,14.28,14.16,14.27,10.85,172400.0,,
"Aug 26, 2003",14.15,14.26,14.04,14.24,10.83,278000.0,,
"Aug 25, 2003",14.19,14.22,14.1,14.15,10.76,169200.0,,
"Aug 22, 2003",14.48,14.49,14.19,14.19,10.8,1186000.0,,
"Aug 21, 2003",14.32,14.42,14.3,14.39,10.95,546600.0,,
"Aug 20, 2003",14.24,14.31,14.18,14.28,10.86,2352200.0,,
"Aug 19, 2003",14.2,14.27,14.16,14.19,10.8,277000.0,,
"Aug 18, 2003",14.13,14.2,14.1,14.18,10.79,725400.0,,
"Aug 15, 2003",14.05,14.1,14.0,14.1,10.72,56800.0,,
"Aug 14, 2003",13.94,14.03,13.83,14.0,10.65,117200.0,,
"Aug 13, 2003",14.05,14.05,13.88,13.94,10.6,272200.0,,
"Aug 13, 2003",14.05,14.05,13.88,13.94,10.6,272200.0,,
"Aug 12, 2003",13.85,13.98,13.77,13.98,10.64,152200.0,,
"Aug 11, 2003",13.73,13.82,13.72,13.8,10.5,90000.0,,
"Aug 8, 2003",13.7,13.77,13.68,13.74,10.45,150800.0,,
"Aug 7, 2003",13.57,13.64,13.49,13.61,10.35,144400.0,,
"Aug 6, 2003",13.4,13.6,13.4,13.49,10.26,236000.0,,
"Aug 5, 2003",13.65,13.65,13.41,13.45,10.23,873600.0,,
"Aug 4, 2003",13.65,13.73,13.5,13.68,10.4,101800.0,,
"Aug 1, 2003",13.82,13.82,13.7,13.78,10.48,367600.0,,
"Jul 31, 2003",13.85,14.0,13.77,13.8,10.49,433200.0,,
"Jul 30, 2003",13.85,13.85,13.73,13.77,10.47,41200.0,,
"Jul 29, 2003",13.98,14.01,13.8,13.85,10.54,372600.0,,
"Jul 28, 2003",13.93,13.97,13.85,13.94,10.61,163000.0,,
"Jul 25, 2003",13.65,13.9,13.63,13.88,10.55,603400.0,,
"Jul 24, 2003",13.75,13.9,13.69,13.69,10.42,95800.0,,
"Jul 23, 2003",13.8,13.8,13.57,13.71,10.43,151800.0,,
"Jul 22, 2003",13.75,13.79,13.55,13.77,10.47,101800.0,,
"Jul 21, 2003",13.77,13.8,13.62,13.67,10.4,45800.0,,
"Jul 18, 2003",13.86,13.9,13.77,13.82,10.52,42400.0,,
"Jul 17, 2003",13.9,13.95,13.73,13.73,10.45,50200.0,,
"Jul 16, 2003",14.02,14.03,13.84,13.9,10.57,66200.0,,
"Jul 15, 2003",14.0,14.13,13.9,13.94,10.6,1633600.0,,
"Jul 14, 2003",14.05,14.22,14.02,14.02,10.66,144800.0,,
"Jul 11, 2003",13.82,13.94,13.8,13.94,10.61,147200.0,,
"Jul 10, 2003",13.82,13.85,13.63,13.74,10.45,92000.0,,
"Jul 9, 2003",14.0,14.08,13.9,13.92,10.59,214400.0,,
"Jul 8, 2003",13.97,14.1,13.92,14.1,10.72,534600.0,,
"Jul 7, 2003",13.77,13.97,13.77,13.9,10.57,524000.0,,
"Jul 3, 2003",13.52,13.75,13.52,13.63,10.36,99200.0,,
"Jul 2, 2003",13.52,13.67,13.52,13.64,10.37,94400.0,,
"Jul 1, 2003",13.43,13.56,13.28,13.52,10.28,1054800.0,,
"Jun 30, 2003",13.56,13.64,13.49,13.55,10.3,128400.0,,
"Jun 27, 2003",13.52,13.64,13.41,13.46,10.24,71400.0,,
"Jun 26, 2003",13.5,13.56,13.4,13.54,10.3,1409400.0,,
"Jun 25, 2003",13.5,13.63,13.4,13.44,10.22,73000.0,,
"Jun 24, 2003",13.55,13.64,13.47,13.52,10.28,577600.0,,
"Jun 23, 2003",13.57,13.64,13.41,13.52,10.28,165800.0,,
"Jun 20, 2003",,,,,,,Dividend,0.019
"Jun 20, 2003",13.76,13.76,13.63,13.69,10.41,195400.0,,
"Jun 19, 2003",13.88,13.95,13.65,13.69,10.4,195200.0,,
"Jun 18, 2003",14.05,14.05,13.85,13.92,10.57,1842200.0,,
"Jun 17, 2003",14.1,14.13,13.98,14.05,10.67,342400.0,,
"Jun 16, 2003",13.88,14.05,13.85,14.05,10.67,342800.0,,
"Jun 13, 2003",13.93,13.93,13.69,13.73,10.43,39800.0,,
"Jun 12, 2003",13.93,13.93,13.76,13.88,10.54,147800.0,,
"Jun 11, 2003",13.57,13.82,13.57,13.8,10.48,314000.0,,
"Jun 10, 2003",13.52,13.65,13.52,13.65,10.36,791000.0,,
"Jun 9, 2003",13.65,13.66,13.43,13.49,10.25,917000.0,,
"Jun 6, 2003",13.93,14.01,13.66,13.69,10.4,272200.0,,
"Jun 5, 2003",13.72,13.82,13.56,13.76,10.45,350800.0,,
"Jun 4, 2003",13.5,13.72,13.48,13.69,10.39,813800.0,,
"Jun 3, 2003",13.52,13.53,13.34,13.48,10.24,1612000.0,,
"Jun 2, 2003",13.52,13.69,13.47,13.49,10.25,2050600.0,,
"May 30, 2003",13.26,13.39,13.24,13.37,10.16,615400.0,,
"May 29, 2003",13.15,13.31,13.09,13.09,9.94,379000.0,,
"May 28, 2003",13.15,13.22,13.09,13.1,9.95,377000.0,,
"May 27, 2003",12.7,13.1,12.7,13.1,9.95,247800.0,,
"May 23, 2003",12.77,12.84,12.74,12.81,9.73,131000.0,,
"May 22, 2003",12.68,12.91,12.65,12.85,9.76,175600.0,,
"May 21, 2003",12.6,12.65,12.49,12.64,9.6,66200.0,,
"May 20, 2003",12.68,12.8,12.48,12.58,9.56,524200.0,,
"May 19, 2003",12.98,12.98,12.54,12.57,9.55,426400.0,,
"May 16, 2003",12.94,12.97,12.81,12.97,9.85,1839800.0,,
"May 15, 2003",13.0,13.0,12.78,12.94,9.83,357800.0,,
"May 14, 2003",13.05,13.05,12.85,12.91,9.81,113400.0,,
"May 13, 2003",12.98,13.12,12.96,13.02,9.89,638200.0,,
"May 12, 2003",12.78,13.1,12.74,13.03,9.9,216200.0,,
"May 9, 2003",12.75,12.84,12.64,12.84,9.75,92400.0,,
"May 8, 2003",12.65,12.82,12.65,12.69,9.64,84000.0,,
"May 7, 2003",12.68,12.9,12.68,12.81,9.73,211400.0,,
"May 6, 2003",12.66,12.9,12.64,12.82,9.74,1781600.0,,
"May 5, 2003",12.7,12.7,12.56,12.65,9.61,252800.0,,
"May 2, 2003",12.53,12.73,12.53,12.7,9.65,252400.0,,
"May 1, 2003",12.69,12.69,12.42,12.58,9.56,74800.0,,
"Apr 30, 2003",12.65,12.76,12.63,12.69,9.64,148000.0,,
"Apr 29, 2003",12.7,12.82,12.65,12.75,9.68,70800.0,,
"Apr 28, 2003",12.47,12.69,12.47,12.65,9.6,41800.0,,
"Apr 25, 2003",12.55,12.55,12.35,12.36,9.39,671200.0,,
"Apr 24, 2003",12.6,12.64,12.5,12.55,9.53,362800.0,,
"Apr 23, 2003",12.72,12.76,12.59,12.75,9.68,951200.0,,
"Apr 22, 2003",12.3,12.66,12.27,12.62,9.59,137800.0,,
"Apr 21, 2003",12.38,12.4,12.25,12.37,9.4,82000.0,,
"Apr 17, 2003",12.14,12.38,12.1,12.36,9.39,162200.0,,
"Apr 16, 2003",12.43,12.43,11.68,12.14,9.22,322200.0,,
"Apr 15, 2003",12.2,12.32,12.18,12.31,9.35,850600.0,,
"Apr 14, 2003",11.9,12.22,11.9,12.22,9.28,294200.0,,
"Apr 11, 2003",12.2,12.2,11.91,11.91,9.05,666600.0,,
"Apr 10, 2003",11.82,12.04,11.81,12.03,9.14,89200.0,,
"Apr 9, 2003",12.05,12.11,11.9,11.9,9.04,555200.0,,
"Apr 8, 2003",12.0,12.1,11.93,12.06,9.16,133600.0,,
"Apr 7, 2003",12.23,12.32,12.05,12.05,9.15,130600.0,,
"Apr 4, 2003",11.93,11.94,11.81,11.94,9.07,260600.0,,
"Apr 3, 2003",11.95,11.96,11.83,11.86,9.01,2709600.0,,
"Apr 2, 2003",11.68,11.89,11.67,11.8,8.96,1336600.0,,
"Apr 1, 2003",11.36,11.52,11.31,11.5,8.73,2010200.0,,
"Mar 31, 2003",11.42,11.55,11.27,11.36,8.63,1762200.0,,
"Mar 28, 2003",11.63,11.7,11.53,11.6,8.81,126400.0,,
"Mar 27, 2003",11.6,11.77,11.56,11.73,8.91,65600.0,,
"Mar 26, 2003",11.65,11.81,11.65,11.77,8.94,410600.0,,
"Mar 25, 2003",11.6,11.84,11.55,11.76,8.93,68000.0,,
"Mar 25, 2003",11.6,11.84,11.55,11.76,8.93,68000.0,,
"Mar 24, 2003",11.77,11.79,11.55,11.59,8.8,111000.0,,
"Mar 21, 2003",,,,,,,Dividend,0.017
"Mar 21, 2003",11.88,12.14,11.77,12.14,9.22,434800.0,,
"Mar 20, 2003",11.61,11.8,11.44,11.79,8.94,1154800.0,,
"Mar 19, 2003",11.6,11.7,11.44,11.7,8.87,275600.0,,
"Mar 18, 2003",11.63,11.64,11.43,11.48,8.71,115200.0,,
"Mar 17, 2003",11.01,11.6,11.0,11.56,8.76,2078400.0,,
"Mar 14, 2003",11.09,11.18,10.99,11.02,8.36,575200.0,,
"Mar 13, 2003",10.71,11.04,10.66,11.01,8.35,553200.0,,
"Mar 12, 2003",10.4,10.49,10.32,10.45,7.93,2699800.0,,
"Mar 11, 2003",10.63,10.7,10.47,10.47,7.94,2966000.0,,
"Mar 10, 2003",10.73,10.78,10.56,10.56,8.01,202400.0,,
"Mar 7, 2003",10.5,10.84,10.5,10.81,8.2,127600.0,,
"Mar 6, 2003",10.64,10.84,10.63,10.65,8.08,125200.0,,
"Mar 5, 2003",10.66,10.78,10.59,10.78,8.18,177200.0,,
"Mar 4, 2003",11.0,11.0,10.65,10.65,8.07,102800.0,,
"Mar 3, 2003",11.2,11.2,10.94,10.95,8.31,96400.0,,
"Feb 28, 2003",11.03,11.15,11.03,11.12,8.43,98000.0,,
"Feb 27, 2003",10.88,11.03,10.83,10.99,8.34,153000.0,,
"Feb 26, 2003",10.95,10.97,10.81,10.84,8.22,168200.0,,
"Feb 25, 2003",10.63,11.0,10.57,10.99,8.34,197200.0,,
"Feb 24, 2003",11.1,11.1,10.77,10.77,8.17,73600.0,,
"Feb 21, 2003",11.03,11.11,10.91,11.08,8.4,155200.0,,
"Feb 20, 2003",11.1,11.1,10.86,10.91,8.28,56400.0,,
"Feb 19, 2003",11.11,11.15,10.95,11.02,8.36,66000.0,,
"Feb 18, 2003",11.02,11.19,11.02,11.18,8.48,87000.0,,
"Feb 14, 2003",10.63,10.91,10.6,10.88,8.25,69000.0,,
"Feb 13, 2003",10.7,10.72,10.48,10.65,8.07,104800.0,,
"Feb 12, 2003",10.8,10.84,10.72,10.78,8.18,86200.0,,
"Feb 11, 2003",10.85,11.03,10.77,10.87,8.24,60000.0,,
"Feb 10, 2003",10.82,10.9,10.68,10.83,8.21,438400.0,,
"Feb 7, 2003",11.1,11.1,10.76,10.82,8.21,66600.0,,
"Feb 6, 2003",10.98,11.04,10.84,10.91,8.27,101400.0,,
"Feb 5, 2003",10.93,11.19,10.9,10.95,8.31,252800.0,,
"Feb 4, 2003",10.99,11.02,10.9,10.98,8.33,502800.0,,
"Feb 3, 2003",11.18,11.33,11.17,11.21,8.5,61200.0,,
"Jan 31, 2003",11.0,11.23,11.0,11.17,8.47,1405000.0,,
"Jan 30, 2003",11.34,11.35,11.03,11.07,8.4,258400.0,,
"Jan 29, 2003",11.05,11.41,11.05,11.4,8.65,113600.0,,
"Jan 28, 2003",11.15,11.3,11.14,11.3,8.57,128200.0,,
"Jan 27, 2003",11.2,11.34,11.09,11.14,8.45,76600.0,,
"Jan 24, 2003",11.6,11.6,11.26,11.31,8.58,391600.0,,
"Jan 23, 2003",11.45,11.65,11.35,11.64,8.83,26200.0,,
"Jan 22, 2003",11.55,11.6,11.36,11.38,8.63,161000.0,,
"Jan 21, 2003",11.86,11.86,11.52,11.54,8.75,54800.0,,
"Jan 17, 2003",11.9,11.98,11.81,11.88,9.01,364200.0,,
"Jan 16, 2003",12.02,12.12,11.91,11.99,9.1,195200.0,,
"Jan 15, 2003",12.1,12.14,11.99,12.04,9.13,22200.0,,
"Jan 14, 2003",12.18,12.19,12.08,12.19,9.24,92000.0,,
"Jan 13, 2003",12.2,12.31,12.08,12.17,9.23,94800.0,,
"Jan 10, 2003",12.02,12.23,12.0,12.11,9.18,55400.0,,
"Jan 9, 2003",11.85,12.14,11.85,12.08,9.16,98800.0,,
"Jan 8, 2003",11.8,11.95,11.74,11.76,8.92,106200.0,,
"Jan 7, 2003",11.93,12.0,11.86,11.86,9.0,62000.0,,
"Jan 6, 2003",11.8,11.96,11.78,11.93,9.05,546800.0,,
"Jan 3, 2003",11.91,11.91,11.66,11.72,8.89,454600.0,,
"Jan 2, 2003",11.66,11.99,11.63,11.99,9.09,162200.0,,
"Dec 31, 2002",11.48,11.6,11.38,11.56,8.76,119800.0,,
"Dec 30, 2002",11.42,11.53,11.28,11.48,8.71,2021200.0,,
"Dec 27, 2002",11.52,11.54,11.32,11.38,8.63,70000.0,,
"Dec 26, 2002",11.63,11.75,11.59,11.65,8.83,240000.0,,
"Dec 24, 2002",11.5,11.57,11.48,11.52,8.73,246800.0,,
"Dec 23, 2002",11.68,11.72,11.55,11.57,8.78,846600.0,,
"Dec 20, 2002",,,,,,,Dividend,0.0265
"Dec 20, 2002",11.7,11.76,11.64,11.74,8.9,627000.0,,
"Dec 19, 2002",11.62,11.85,11.56,11.62,8.79,1729400.0,,
"Dec 18, 2002",11.77,11.77,11.61,11.73,8.87,71200.0,,
"Dec 17, 2002",11.93,11.98,11.84,11.88,8.99,88600.0,,
"Dec 16, 2002",11.77,12.05,11.73,12.05,9.12,1255400.0,,
"Dec 13, 2002",11.85,11.94,11.73,11.76,8.9,113400.0,,
"Dec 12, 2002",12.02,12.09,11.91,11.98,9.06,64200.0,,
"Dec 11, 2002",11.9,12.07,11.9,12.05,9.12,97000.0,,
"Dec 10, 2002",11.93,12.06,11.78,12.06,9.13,100600.0,,
"Dec 9, 2002",12.1,12.1,11.85,11.85,8.97,262400.0,,
"Dec 6, 2002",12.02,12.27,12.02,12.25,9.27,76600.0,,
"Dec 5, 2002",12.19,12.33,12.15,12.27,9.28,31600.0,,
"Dec 4, 2002",12.19,12.42,12.11,12.35,9.35,157600.0,,
"Dec 3, 2002",12.63,12.63,12.3,12.35,9.35,510200.0,,
"Dec 2, 2002",13.02,13.14,12.65,12.75,9.65,1775400.0,,
"Nov 29, 2002",12.8,12.82,12.66,12.66,9.58,53400.0,,
"Nov 27, 2002",12.42,12.8,12.42,12.78,9.67,98800.0,,
"Nov 26, 2002",12.48,12.54,12.26,12.27,9.29,553200.0,,
"Nov 25, 2002",12.49,12.64,12.45,12.61,9.55,71200.0,,
"Nov 22, 2002",12.45,12.64,12.4,12.53,9.49,1692000.0,,
"Nov 21, 2002",12.32,12.5,12.27,12.5,9.46,126000.0,,
"Nov 20, 2002",12.07,12.23,12.0,12.18,9.22,38400.0,,
"Nov 19, 2002",12.24,12.24,12.02,12.06,9.13,34000.0,,
"Nov 18, 2002",12.56,12.56,12.27,12.32,9.32,20400.0,,
"Nov 15, 2002",12.36,13.49,12.34,12.52,9.48,389000.0,,
"Nov 14, 2002",12.25,12.43,12.23,12.43,9.4,82200.0,,
"Nov 13, 2002",12.02,12.15,11.85,12.09,9.15,38200.0,,
"Nov 12, 2002",11.9,12.14,11.86,12.05,9.12,55200.0,,
"Nov 11, 2002",11.93,12.01,11.81,11.87,8.98,98600.0,,
"Nov 8, 2002",12.15,12.31,12.03,12.06,9.13,309000.0,,
"Nov 7, 2002",12.3,12.44,12.15,12.23,9.25,35800.0,,
"Nov 6, 2002",12.45,12.56,12.3,12.53,9.48,2162600.0,,
"Nov 5, 2002",12.27,12.4,12.23,12.39,9.38,52200.0,,
"Nov 4, 2002",12.42,12.5,12.23,12.23,9.25,156000.0,,
"Nov 1, 2002",12.0,12.3,11.98,12.28,9.29,282400.0,,
"Nov 1, 2002",12.0,12.3,11.98,12.28,9.29,282400.0,,
"Oct 31, 2002",12.15,12.23,12.04,12.1,9.16,51000.0,,
"Oct 30, 2002",12.25,12.32,12.08,12.14,9.18,105000.0,,
"Oct 29, 2002",12.3,12.4,12.05,12.35,9.35,532600.0,,
"Oct 28, 2002",12.65,12.7,12.35,12.36,9.36,2043400.0,,
"Oct 25, 2002",12.31,12.58,12.31,12.56,9.51,62800.0,,
"Oct 24, 2002",12.57,12.65,12.31,12.31,9.32,130600.0,,
"Oct 23, 2002",12.35,12.52,12.23,12.47,9.44,233600.0,,
"Oct 22, 2002",12.27,12.5,12.18,12.33,9.33,177400.0,,
"Oct 21, 2002",12.0,12.41,11.97,12.4,9.38,66200.0,,
"Oct 18, 2002",11.82,12.16,11.82,12.13,9.18,88000.0,,
"Oct 17, 2002",12.15,12.15,11.97,11.97,9.05,828600.0,,
"Oct 16, 2002",12.05,12.07,11.75,11.84,8.96,192400.0,,
"Oct 15, 2002",11.95,12.1,11.91,12.05,9.12,1993400.0,,
"Oct 14, 2002",11.38,11.61,11.38,11.48,8.69,229600.0,,
"Oct 11, 2002",11.2,11.55,11.15,11.39,8.62,117800.0,,
"Oct 10, 2002",10.48,10.95,10.34,10.86,8.22,184600.0,,
"Oct 9, 2002",10.7,10.85,10.63,10.68,8.08,87600.0,,
"Oct 8, 2002",10.93,11.14,10.68,11.07,8.38,375600.0,,
"Oct 7, 2002",11.23,11.23,10.71,10.76,8.14,233400.0,,
"Oct 4, 2002",11.37,11.4,10.94,11.19,8.47,113200.0,,
"Oct 3, 2002",11.38,11.53,11.27,11.34,8.58,81600.0,,
"Oct 2, 2002",11.57,11.75,11.39,11.39,8.62,35400.0,,
"Oct 1, 2002",11.32,11.65,11.11,11.65,8.82,167000.0,,
"Sep 30, 2002",11.4,11.45,11.18,11.34,8.58,267200.0,,
"Sep 27, 2002",12.07,12.15,11.75,11.76,8.9,130800.0,,
"Sep 26, 2002",11.88,12.18,11.88,12.11,9.17,327800.0,,
"Sep 25, 2002",11.8,11.92,11.53,11.83,8.95,40800.0,,
"Sep 24, 2002",11.57,11.69,11.53,11.6,8.78,243200.0,,
"Sep 23, 2002",12.0,12.0,11.7,11.78,8.92,88800.0,,
"Sep 20, 2002",,,,,,,Dividend,0.015
"Sep 20, 2002",12.05,12.16,12.0,12.16,9.21,41000.0,,
"Sep 19, 2002",12.27,12.35,11.99,12.0,9.07,843600.0,,
"Sep 18, 2002",12.25,12.44,12.15,12.44,9.4,126400.0,,
"Sep 17, 2002",12.77,12.77,12.27,12.42,9.39,130000.0,,
"Sep 16, 2002",12.55,12.64,12.47,12.56,9.49,226600.0,,
"Sep 13, 2002",12.32,12.58,12.26,12.52,9.47,176200.0,,
"Sep 12, 2002",12.59,12.59,12.36,12.4,9.37,46400.0,,
"Sep 11, 2002",12.95,12.95,12.7,12.72,9.61,74800.0,,
"Sep 10, 2002",12.52,12.74,12.52,12.71,9.61,213600.0,,
"Sep 9, 2002",12.27,12.57,12.24,12.56,9.49,23800.0,,
"Sep 6, 2002",12.29,12.5,12.26,12.39,9.36,224400.0,,
"Sep 5, 2002",11.9,12.15,11.84,12.02,9.08,94800.0,,
"Sep 4, 2002",11.98,12.26,11.95,12.24,9.25,146800.0,,
"Sep 3, 2002",12.21,12.3,11.98,12.02,9.08,116600.0,,
"Aug 30, 2002",12.35,12.58,12.35,12.46,9.42,99400.0,,
"Aug 29, 2002",12.25,12.48,12.19,12.45,9.41,165600.0,,
"Aug 28, 2002",12.4,12.45,12.3,12.34,9.33,109400.0,,
"Aug 27, 2002",12.77,12.77,12.47,12.48,9.44,131200.0,,
"Aug 26, 2002",12.65,12.74,12.44,12.74,9.63,90800.0,,
"Aug 23, 2002",12.85,12.85,12.6,12.67,9.58,68200.0,,
"Aug 22, 2002",12.85,13.04,12.77,13.03,9.85,77400.0,,
"Aug 21, 2002",12.85,12.9,12.63,12.84,9.7,323800.0,,
"Aug 20, 2002",12.62,12.73,12.51,12.63,9.54,60800.0,,
"Aug 19, 2002",12.35,12.72,12.35,12.72,9.61,58800.0,,
"Aug 16, 2002",12.35,12.47,12.16,12.43,9.39,71800.0,,
"Aug 15, 2002",12.13,12.44,12.08,12.44,9.4,132000.0,,
"Aug 14, 2002",11.33,11.95,11.31,11.95,9.03,476800.0,,
"Aug 13, 2002",11.4,11.7,11.33,11.33,8.56,476600.0,,
"Aug 12, 2002",11.3,11.47,11.3,11.46,8.66,94200.0,,
"Aug 9, 2002",11.38,11.64,11.38,11.63,8.79,74200.0,,
"Aug 8, 2002",11.4,11.58,11.15,11.58,8.75,230000.0,,
"Aug 7, 2002",11.52,11.52,11.2,11.43,8.64,639600.0,,
"Aug 6, 2002",11.13,11.48,11.13,11.27,8.52,83000.0,,
"Aug 5, 2002",11.27,11.27,10.94,10.94,8.27,53800.0,,
"Aug 2, 2002",11.5,11.53,11.11,11.2,8.47,56600.0,,
"Aug 1, 2002",12.07,12.07,11.71,11.73,8.86,90200.0,,
"Jul 31, 2002",12.07,12.13,11.86,12.1,9.14,168000.0,,
"Jul 30, 2002",12.07,12.33,11.94,12.15,9.19,131800.0,,
"Jul 29, 2002",11.8,12.24,11.77,12.2,9.22,285000.0,,
"Jul 26, 2002",11.37,11.6,11.35,11.56,8.74,204000.0,,
"Jul 25, 2002",11.57,11.69,11.02,11.43,8.64,105600.0,,
"Jul 24, 2002",10.6,11.62,10.6,11.62,8.78,201000.0,,
"Jul 23, 2002",11.18,11.35,10.94,10.98,8.29,249200.0,,
"Jul 22, 2002",11.45,11.55,10.95,11.15,8.43,246200.0,,
"Jul 19, 2002",11.65,11.75,11.34,11.34,8.57,129400.0,,
"Jul 18, 2002",12.15,12.22,11.91,11.92,9.01,48000.0,,
"Jul 17, 2002",12.5,12.53,11.91,12.12,9.16,99600.0,,
"Jul 16, 2002",12.57,12.57,12.18,12.19,9.21,265000.0,,
"Jul 15, 2002",12.4,12.52,12.1,12.52,9.47,250800.0,,
"Jul 12, 2002",12.77,12.86,12.56,12.72,9.61,1023800.0,,
"Jul 11, 2002",12.85,12.91,12.51,12.89,9.74,221800.0,,
"Jul 10, 2002",13.34,13.41,12.86,12.9,9.75,146400.0,,
"Jul 9, 2002",13.65,13.72,13.31,13.33,10.07,63400.0,,
"Jul 8, 2002",13.88,13.88,13.61,13.64,10.31,26400.0,,
"Jul 5, 2002",13.48,13.83,13.48,13.83,10.45,54600.0,,
"Jul 3, 2002",13.02,13.35,12.91,13.31,10.06,177600.0,,
"Jul 2, 2002",13.25,13.3,12.99,13.14,9.93,212600.0,,
"Jul 1, 2002",13.73,13.81,13.32,13.32,10.07,62000.0,,
"Jun 28, 2002",13.7,13.92,13.7,13.73,10.38,1016000.0,,
"Jun 27, 2002",13.7,13.7,13.31,13.68,10.34,311000.0,,
"Jun 26, 2002",13.46,13.69,13.35,13.6,10.28,2870000.0,,
"Jun 25, 2002",14.0,14.15,13.73,13.73,10.37,73000.0,,
"Jun 24, 2002",13.9,14.06,13.56,13.96,10.55,999600.0,,
"Jun 21, 2002",,,,,,,Dividend,0.0255
"Jun 21, 2002",13.88,14.01,13.81,13.81,10.44,1067200.0,,
"Jun 20, 2002",14.2,14.23,14.06,14.06,10.6,285600.0,,
"Jun 19, 2002",14.25,14.39,14.23,14.27,10.76,885200.0,,
"Jun 18, 2002",14.25,14.36,14.25,14.32,10.81,247400.0,,
"Jun 17, 2002",14.05,14.38,14.05,14.37,10.84,1251800.0,,
"Jun 17, 2002",14.05,14.38,14.05,14.37,10.84,1251800.0,,
"Jun 14, 2002",13.95,14.0,13.7,14.0,10.56,4805800.0,,
"Jun 13, 2002",14.27,14.33,14.08,14.09,10.63,914000.0,,
"Jun 12, 2002",14.31,14.42,14.21,14.42,10.88,213000.0,,
"Jun 11, 2002",14.55,14.69,14.3,14.3,10.79,1136400.0,,
"Jun 10, 2002",14.23,14.48,14.23,14.38,10.84,1219200.0,,
"Jun 7, 2002",14.01,14.24,14.01,14.14,10.67,2689400.0,,
"Jun 6, 2002",14.3,14.3,14.07,14.13,10.66,979600.0,,
"Jun 5, 2002",14.15,14.36,14.15,14.35,10.83,290800.0,,
"Jun 4, 2002",14.14,14.14,13.88,14.06,10.61,1436200.0,,
"Jun 3, 2002",14.5,14.52,14.14,14.14,10.67,77200.0,,
"May 31, 2002",14.4,14.65,14.38,14.52,10.96,415800.0,,
"May 30, 2002",14.33,14.37,14.2,14.27,10.77,241800.0,,
"May 29, 2002",14.44,14.51,14.4,14.4,10.86,53000.0,,
"May 28, 2002",14.6,14.63,14.33,14.43,10.89,1580800.0,,
"May 24, 2002",14.82,14.9,14.65,14.66,11.06,43800.0,,
"May 23, 2002",14.73,14.78,14.62,14.77,11.15,110600.0,,
"May 22, 2002",14.6,14.69,14.52,14.64,11.04,653600.0,,
"May 21, 2002",15.07,15.07,14.7,14.7,11.09,325800.0,,
"May 20, 2002",15.19,15.2,15.05,15.07,11.37,941000.0,,
"May 17, 2002",15.1,15.16,15.05,15.13,11.41,415000.0,,
"May 16, 2002",15.0,15.08,14.95,15.0,11.32,264400.0,,
"May 15, 2002",14.94,15.1,14.89,14.89,11.23,811200.0,,
"May 14, 2002",14.89,14.98,14.82,14.98,11.3,518800.0,,
"May 13, 2002",14.41,14.52,14.41,14.47,10.91,20200.0,,
"May 10, 2002",14.6,14.63,14.31,14.31,10.8,1064000.0,,
"May 9, 2002",14.65,14.66,14.49,14.55,10.98,699800.0,,
"May 8, 2002",14.78,14.81,14.64,14.77,11.15,37000.0,,
"May 7, 2002",14.52,14.62,14.45,14.56,10.98,357400.0,,
"May 6, 2002",14.6,14.77,14.35,14.35,10.83,119600.0,,
"May 3, 2002",14.8,14.8,14.59,14.61,11.03,175400.0,,
"May 2, 2002",14.77,14.85,14.74,14.81,11.18,256200.0,,
"May 1, 2002",14.63,14.73,14.35,14.68,11.07,199600.0,,
"Apr 30, 2002",14.52,14.65,14.52,14.6,11.01,349000.0,,
"Apr 29, 2002",14.69,14.79,14.56,14.56,10.99,2029600.0,,
"Apr 26, 2002",14.91,14.97,14.69,14.73,11.11,249200.0,,
"Apr 25, 2002",14.69,14.82,14.66,14.81,11.18,697200.0,,
"Apr 24, 2002",14.96,15.04,14.74,14.77,11.15,106600.0,,
"Apr 23, 2002",14.81,15.01,14.81,14.9,11.24,88200.0,,
"Apr 22, 2002",15.05,15.05,14.82,14.88,11.23,90000.0,,
"Apr 19, 2002",15.05,15.07,14.99,15.02,11.34,114200.0,,
"Apr 18, 2002",15.04,15.1,14.79,14.96,11.29,1417600.0,,
"Apr 17, 2002",15.25,15.25,15.01,15.06,11.36,42400.0,,
"Apr 16, 2002",15.05,15.22,15.05,15.22,11.48,60600.0,,
"Apr 15, 2002",15.23,15.23,14.94,14.99,11.31,270800.0,,
"Apr 12, 2002",15.0,15.24,15.0,15.23,11.49,120800.0,,
"Apr 11, 2002",15.25,15.27,14.92,14.92,11.26,63600.0,,
"Apr 10, 2002",15.06,15.22,15.05,15.15,11.43,2166800.0,,
"Apr 9, 2002",14.89,15.02,14.89,14.98,11.3,2571000.0,,
"Apr 8, 2002",14.53,14.89,14.53,14.87,11.22,476400.0,,
"Apr 5, 2002",14.68,14.77,14.61,14.65,11.05,382800.0,,
"Apr 4, 2002",14.38,14.63,14.38,14.56,10.98,534800.0,,
"Apr 3, 2002",14.52,14.66,13.96,14.36,10.84,208800.0,,
"Apr 2, 2002",14.65,14.65,14.45,14.48,10.92,583000.0,,
"Apr 1, 2002",14.68,14.8,14.55,14.74,11.12,108600.0,,
"Mar 28, 2002",15.0,15.1,14.98,15.02,11.33,493400.0,,
"Mar 27, 2002",14.93,15.08,14.89,15.05,11.35,330200.0,,
"Mar 26, 2002",14.8,15.06,14.8,14.95,11.28,766800.0,,
"Mar 25, 2002",15.02,15.07,14.75,14.75,11.13,1123800.0,,
"Mar 22, 2002",14.93,15.15,14.88,15.02,11.34,499400.0,,
"Mar 21, 2002",15.27,15.27,14.95,15.1,11.39,372400.0,,
"Mar 20, 2002",15.25,15.37,15.21,15.28,11.53,173600.0,,
"Mar 19, 2002",15.35,15.41,15.23,15.35,11.58,574000.0,,
"Mar 18, 2002",15.38,15.38,15.1,15.28,11.53,59600.0,,
"Mar 15, 2002",,,,,,,Dividend,0.019
"Mar 15, 2002",15.18,15.32,15.15,15.27,11.52,116600.0,,
"Mar 14, 2002",15.15,15.21,15.07,15.1,11.38,152200.0,,
"Mar 13, 2002",15.13,15.15,15.0,15.1,11.38,1204600.0,,
"Mar 12, 2002",15.01,15.22,14.95,15.14,11.4,609000.0,,
"Mar 11, 2002",15.07,15.19,14.95,15.1,11.38,1034600.0,,
"Mar 8, 2002",15.27,15.3,15.07,15.18,11.43,472600.0,,
"Mar 7, 2002",15.18,15.18,14.95,15.09,11.37,1053200.0,,
"Mar 6, 2002",14.73,14.99,14.73,14.98,11.28,227000.0,,
"Mar 5, 2002",15.1,15.1,14.68,14.77,11.13,502400.0,,
"Mar 4, 2002",15.02,15.23,14.95,15.22,11.46,318600.0,,
"Mar 1, 2002",14.85,15.0,14.85,14.99,11.29,433200.0,,
"Feb 28, 2002",14.94,15.02,14.78,14.85,11.19,752800.0,,
"Feb 27, 2002",15.13,15.13,14.85,14.98,11.28,796600.0,,
"Feb 26, 2002",14.95,15.1,14.77,15.0,11.3,412000.0,,
"Feb 25, 2002",14.7,14.85,14.7,14.84,11.18,56000.0,,
"Feb 22, 2002",14.45,14.6,14.3,14.6,11.0,34200.0,,
"Feb 21, 2002",14.7,14.88,14.57,14.57,10.98,1492400.0,,
"Feb 20, 2002",14.55,14.73,14.44,14.72,11.09,317000.0,,
"Feb 19, 2002",14.55,14.69,14.41,14.43,10.87,482800.0,,
"Feb 15, 2002",14.8,14.8,14.57,14.6,11.0,1214400.0,,
"Feb 14, 2002",14.75,14.85,14.65,14.77,11.13,550800.0,,
"Feb 13, 2002",14.74,14.8,14.65,14.72,11.09,86200.0,,
"Feb 12, 2002",14.57,14.63,14.45,14.5,10.93,1445000.0,,
"Feb 11, 2002",14.3,14.63,14.3,14.63,11.02,1770200.0,,
"Feb 8, 2002",14.13,14.27,14.07,14.2,10.7,31200.0,,
"Feb 7, 2002",14.23,14.43,14.07,14.07,10.61,1919800.0,,
"Feb 6, 2002",14.35,14.39,14.2,14.24,10.73,128400.0,,
"Feb 5, 2002",14.4,14.5,14.32,14.36,10.82,3022000.0,,
"Feb 4, 2002",14.63,14.67,14.38,14.38,10.83,1677000.0,,
"Feb 1, 2002",14.73,14.75,14.55,14.62,11.02,1064000.0,,
"Jan 31, 2002",14.6,14.77,14.55,14.77,11.13,413600.0,,
"Jan 30, 2002",14.15,14.6,14.15,14.55,10.96,333400.0,,
"Jan 29, 2002",14.57,14.63,14.19,14.19,10.69,52000.0,,
"Jan 28, 2002",14.38,14.5,14.38,14.49,10.92,75400.0,,
"Jan 25, 2002",14.35,14.4,14.23,14.25,10.74,61600.0,,
"Jan 25, 2002",14.35,14.4,14.23,14.25,10.74,61600.0,,
"Jan 24, 2002",14.35,14.47,14.35,14.4,10.85,8100600.0,,
"Jan 23, 2002",14.13,14.4,14.13,14.4,10.85,44000.0,,
"Jan 22, 2002",14.18,14.27,14.07,14.09,10.62,63800.0,,
"Jan 18, 2002",13.99,14.06,13.95,14.0,10.55,733400.0,,
"Jan 17, 2002",13.93,14.05,13.82,14.04,10.58,99800.0,,
"Jan 16, 2002",14.02,14.05,13.88,13.88,10.45,97000.0,,
"Jan 15, 2002",14.0,14.15,14.0,14.11,10.64,90800.0,,
"Jan 14, 2002",14.05,14.15,14.02,14.02,10.57,1125000.0,,
"Jan 11, 2002",14.27,14.37,14.1,14.13,10.65,55400.0,,
"Jan 10, 2002",14.35,14.45,14.3,14.4,10.85,709800.0,,
"Jan 9, 2002",14.5,14.6,14.3,14.3,10.77,1712400.0,,
"Jan 8, 2002",14.5,14.65,14.48,14.5,10.93,75200.0,,
"Jan 7, 2002",14.66,14.73,14.45,14.45,10.89,88800.0,,
"Jan 4, 2002",14.5,14.63,14.45,14.53,10.95,105600.0,,
"Jan 3, 2002",14.38,14.43,14.26,14.3,10.77,166800.0,,
"Jan 2, 2002",14.43,14.43,14.13,14.35,10.81,2402600.0,,
"Dec 31, 2001",14.45,14.57,14.3,14.3,10.77,61200.0,,
"Dec 28, 2001",14.48,14.55,14.43,14.52,10.94,35400.0,,
"Dec 27, 2001",14.38,14.5,14.35,14.41,10.86,35200.0,,
"Dec 26, 2001",14.27,14.48,14.27,14.4,10.85,237200.0,,
"Dec 24, 2001",14.25,14.32,14.2,14.27,10.75,32800.0,,
"Dec 21, 2001",,,,,,,Dividend,0.022
"Dec 21, 2001",14.13,14.23,14.07,14.22,10.71,26200.0,,
"Dec 20, 2001",14.15,14.2,14.03,14.03,10.56,2120600.0,,
"Dec 19, 2001",13.95,14.12,13.9,14.12,10.62,411000.0,,
"Dec 18, 2001",14.15,14.15,13.93,14.05,10.57,268400.0,,
"Dec 17, 2001",13.75,13.94,13.73,13.9,10.46,256200.0,,
"Dec 14, 2001",13.63,13.83,13.6,13.76,10.35,143200.0,,
"Dec 13, 2001",13.57,13.73,13.57,13.65,10.26,2265400.0,,
"Dec 12, 2001",13.8,13.82,13.67,13.8,10.38,59800.0,,
"Dec 11, 2001",13.8,13.8,13.63,13.77,10.36,957600.0,,
"Dec 10, 2001",13.98,14.07,13.83,13.87,10.43,36000.0,,
"Dec 7, 2001",14.0,14.15,14.0,14.06,10.57,912800.0,,
"Dec 6, 2001",14.2,14.22,14.05,14.05,10.57,1002600.0,,
"Dec 5, 2001",13.85,14.27,13.78,14.21,10.69,1249200.0,,
"Dec 4, 2001",13.57,13.8,13.52,13.8,10.38,212200.0,,
"Dec 3, 2001",13.57,13.73,13.5,13.5,10.16,45000.0,,
"Nov 30, 2001",13.73,13.85,13.63,13.7,10.31,77400.0,,
"Nov 29, 2001",13.51,13.6,13.43,13.6,10.23,33000.0,,
"Nov 28, 2001",13.45,13.65,13.4,13.5,10.16,43800.0,,
"Nov 27, 2001",13.7,13.72,13.55,13.59,10.22,1774800.0,,
"Nov 26, 2001",13.85,13.85,13.68,13.84,10.41,1647000.0,,
"Nov 23, 2001",13.6,13.8,13.53,13.73,10.33,205000.0,,
"Nov 21, 2001",13.51,13.6,13.45,13.57,10.21,48000.0,,
"Nov 20, 2001",13.68,13.74,13.63,13.7,10.31,244200.0,,
"Nov 19, 2001",13.51,13.87,13.51,13.87,10.43,510800.0,,
"Nov 16, 2001",13.75,13.75,13.43,13.43,10.1,249400.0,,
"Nov 15, 2001",13.63,13.75,13.51,13.57,10.21,177000.0,,
"Nov 14, 2001",13.57,13.58,13.42,13.57,10.21,232800.0,,
"Nov 13, 2001",13.05,13.3,13.05,13.27,9.99,211800.0,,
"Nov 12, 2001",12.82,12.98,12.65,12.94,9.74,240200.0,,
"Nov 9, 2001",12.88,12.99,12.88,12.9,9.7,24800.0,,
"Nov 8, 2001",13.07,13.21,12.93,12.97,9.76,284200.0,,
"Nov 7, 2001",12.95,13.03,12.82,12.86,9.67,54600.0,,
"Nov 6, 2001",12.73,13.0,12.7,12.95,9.74,84600.0,,
"Nov 5, 2001",12.68,12.85,12.65,12.8,9.63,201200.0,,
"Nov 2, 2001",12.4,12.58,12.4,12.5,9.4,70200.0,,
"Nov 1, 2001",12.04,12.36,12.04,12.31,9.26,338600.0,,
"Oct 31, 2001",11.95,12.19,11.95,12.09,9.1,730000.0,,
"Oct 30, 2001",11.95,12.0,11.75,11.85,8.92,682000.0,,
"Oct 29, 2001",12.39,12.39,12.09,12.09,9.09,24800.0,,
"Oct 26, 2001",12.35,12.55,12.32,12.52,9.42,21200.0,,
"Oct 25, 2001",12.17,12.39,12.1,12.39,9.32,43000.0,,
"Oct 24, 2001",12.38,12.45,12.27,12.27,9.23,20800.0,,
"Oct 23, 2001",12.38,12.6,12.32,12.32,9.27,42600.0,,
"Oct 22, 2001",12.32,12.32,12.14,12.3,9.25,9000.0,,
"Oct 19, 2001",12.14,12.14,12.03,12.03,9.05,51800.0,,
"Oct 18, 2001",12.2,12.25,12.1,12.2,9.18,33600.0,,
"Oct 17, 2001",12.68,12.68,12.2,12.2,9.18,36600.0,,
"Oct 16, 2001",12.6,12.6,12.35,12.52,9.41,38600.0,,
"Oct 15, 2001",12.26,12.45,12.25,12.39,9.32,37800.0,,
"Oct 12, 2001",12.55,12.55,12.18,12.43,9.35,91200.0,,
"Oct 11, 2001",12.5,12.72,12.5,12.7,9.55,274000.0,,
"Oct 10, 2001",11.88,12.31,11.88,12.31,9.26,139200.0,,
"Oct 9, 2001",11.75,11.82,11.71,11.81,8.89,56600.0,,
"Oct 8, 2001",11.84,11.96,11.81,11.81,8.88,223000.0,,
"Oct 5, 2001",12.05,12.05,11.8,12.05,9.07,230800.0,,
"Oct 4, 2001",12.27,12.27,11.95,11.95,8.99,45000.0,,
"Oct 3, 2001",11.82,12.27,11.81,12.21,9.19,159800.0,,
"Oct 2, 2001",11.63,11.8,11.53,11.8,8.87,148200.0,,
"Oct 1, 2001",11.5,11.52,11.23,11.48,8.63,193400.0,,
"Sep 28, 2001",11.39,11.58,11.31,11.48,8.64,361600.0,,
"Sep 27, 2001",11.2,11.22,10.91,11.2,8.43,208200.0,,
"Sep 26, 2001",11.39,11.39,11.08,11.17,8.4,102600.0,,
"Sep 25, 2001",11.19,11.37,11.09,11.14,8.38,564200.0,,
"Sep 24, 2001",10.82,11.21,10.82,11.1,8.35,624200.0,,
"Sep 21, 2001",,,,,,,Dividend,0.0315
"Sep 21, 2001",10.06,10.68,10.0,10.52,7.92,285800.0,,
"Sep 20, 2001",10.7,10.79,10.51,10.51,7.88,166000.0,,
"Sep 19, 2001",11.27,11.31,10.63,10.89,8.16,170400.0,,
"Sep 18, 2001",11.07,11.43,11.02,11.14,8.36,168800.0,,
"Sep 17, 2001",11.13,11.43,11.0,11.07,8.31,1586800.0,,
"Sep 10, 2001",12.1,12.35,12.06,12.21,9.16,439600.0,,
"Sep 7, 2001",12.5,12.65,12.2,12.31,9.24,1081800.0,,
"Sep 6, 2001",13.2,13.2,12.78,12.78,9.59,348200.0,,
"Sep 5, 2001",13.23,13.27,13.01,13.26,9.95,356200.0,,
"Sep 4, 2001",13.22,13.59,13.22,13.26,9.94,162000.0,,
"Aug 31, 2001",13.07,13.28,13.05,13.19,9.89,116400.0,,
"Aug 30, 2001",13.32,13.36,12.97,12.99,9.74,178600.0,,
"Aug 30, 2001",13.32,13.36,12.97,12.99,9.74,178600.0,,
"Aug 29, 2001",13.4,13.49,13.26,13.26,9.95,58800.0,,
"Aug 28, 2001",13.5,13.51,13.38,13.51,10.13,130400.0,,
"Aug 27, 2001",13.63,13.7,13.55,13.63,10.22,46600.0,,
"Aug 24, 2001",13.4,13.72,13.4,13.64,10.23,46800.0,,
"Aug 23, 2001",13.43,13.47,13.34,13.39,10.04,143200.0,,
"Aug 22, 2001",13.43,13.55,13.32,13.45,10.09,339600.0,,
"Aug 21, 2001",13.75,13.75,13.38,13.42,10.07,625600.0,,
"Aug 20, 2001",13.77,13.77,13.63,13.76,10.32,70400.0,,
"Aug 17, 2001",13.85,13.85,13.58,13.59,10.19,1094400.0,,
"Aug 16, 2001",13.85,13.95,13.76,13.95,10.47,824600.0,,
"Aug 15, 2001",14.0,14.08,13.85,13.85,10.39,31200.0,,
"Aug 14, 2001",13.95,14.05,13.94,13.97,10.48,321600.0,,
"Aug 13, 2001",14.0,14.0,13.8,13.93,10.45,32600.0,,
"Aug 10, 2001",13.85,14.11,13.85,14.09,10.57,86200.0,,
"Aug 9, 2001",14.15,14.17,13.96,14.1,10.58,543200.0,,
"Aug 8, 2001",14.35,14.47,14.09,14.15,10.61,12400.0,,
"Aug 7, 2001",14.25,14.36,14.17,14.33,10.75,108600.0,,
"Aug 6, 2001",14.4,14.4,14.17,14.17,10.63,20600.0,,
"Aug 3, 2001",14.43,14.43,14.38,14.43,10.82,21200.0,,
"Aug 2, 2001",14.55,14.56,14.43,14.52,10.89,175200.0,,
"Aug 1, 2001",14.4,14.59,14.36,14.44,10.83,52800.0,,
"Jul 31, 2001",14.4,14.63,14.4,14.45,10.84,78600.0,,
"Jul 30, 2001",14.45,14.45,14.28,14.44,10.83,59200.0,,
"Jul 27, 2001",14.38,14.45,14.27,14.35,10.76,113200.0,,
"Jul 26, 2001",14.32,14.43,14.17,14.39,10.79,59600.0,,
"Jul 25, 2001",13.98,14.38,13.93,14.38,10.78,90600.0,,
"Jul 24, 2001",14.3,14.3,14.01,14.1,10.58,96400.0,,
"Jul 23, 2001",14.56,14.6,14.31,14.31,10.73,40800.0,,
"Jul 20, 2001",14.53,14.67,14.53,14.57,10.93,70600.0,,
"Jul 19, 2001",14.55,14.68,14.45,14.56,10.92,297200.0,,
"Jul 18, 2001",14.38,14.46,14.3,14.46,10.85,587600.0,,
"Jul 17, 2001",14.31,14.45,14.28,14.45,10.84,18000.0,,
"Jul 16, 2001",14.35,14.46,14.3,14.37,10.78,94600.0,,
"Jul 13, 2001",14.04,14.36,13.96,14.33,10.75,59200.0,,
"Jul 12, 2001",13.75,14.17,13.75,14.1,10.58,25800.0,,
"Jul 11, 2001",13.43,13.61,13.34,13.52,10.14,334200.0,,
"Jul 10, 2001",13.55,13.58,13.37,13.37,10.03,101000.0,,
"Jul 9, 2001",13.31,13.48,13.31,13.43,10.07,145200.0,,
"Jul 6, 2001",13.63,13.65,13.3,13.34,10.0,180000.0,,
"Jul 5, 2001",13.75,13.82,13.66,13.66,10.25,69000.0,,
"Jul 3, 2001",13.82,13.95,13.82,13.94,10.46,67200.0,,
"Jul 2, 2001",13.82,13.98,13.82,13.97,10.48,66000.0,,
"Jun 29, 2001",13.85,13.98,13.76,13.84,10.38,110800.0,,
"Jun 28, 2001",13.71,13.94,13.71,13.77,10.33,32000.0,,
"Jun 27, 2001",13.63,13.75,13.52,13.56,10.17,65400.0,,
"Jun 26, 2001",13.59,13.72,13.53,13.63,10.22,375600.0,,
"Jun 25, 2001",13.98,13.98,13.66,13.81,10.36,56800.0,,
"Jun 22, 2001",14.11,14.11,13.92,13.99,10.49,52400.0,,
"Jun 21, 2001",13.8,14.24,13.8,14.13,10.6,145600.0,,
"Jun 20, 2001",13.79,13.9,13.74,13.88,10.41,42000.0,,
"Jun 19, 2001",13.85,13.85,13.65,13.68,10.26,83400.0,,
"Jun 18, 2001",13.63,13.77,13.63,13.64,10.23,70000.0,,
"Jun 15, 2001",,,,,,,Dividend,0.0295
"Jun 15, 2001",13.57,13.63,13.42,13.49,10.12,40800.0,,
"Jun 14, 2001",13.85,13.85,13.64,13.65,10.22,83200.0,,
"Jun 13, 2001",13.9,13.94,13.8,13.8,10.33,45800.0,,
"Jun 12, 2001",13.75,13.95,13.7,13.95,10.44,88800.0,,
"Jun 11, 2001",13.99,14.04,13.85,13.85,10.36,28000.0,,
"Jun 8, 2001",14.05,14.06,13.98,14.06,10.52,21000.0,,
"Jun 7, 2001",13.8,14.07,13.8,14.01,10.48,23200.0,,
"Jun 6, 2001",14.05,14.05,13.9,13.9,10.4,20200.0,,
"Jun 5, 2001",13.88,14.05,13.88,14.05,10.51,16800.0,,
"Jun 4, 2001",13.88,13.88,13.72,13.88,10.39,23000.0,,
"Jun 1, 2001",13.85,13.94,13.79,13.93,10.42,427000.0,,
"May 31, 2001",13.93,13.98,13.77,13.98,10.46,8000.0,,
"May 30, 2001",13.94,13.97,13.76,13.76,10.29,762800.0,,
"May 29, 2001",14.13,14.13,13.93,14.01,10.49,44200.0,,
"May 25, 2001",14.16,14.2,14.1,14.12,10.57,736600.0,,
"May 24, 2001",14.24,14.3,14.13,14.19,10.62,119800.0,,
"May 23, 2001",14.43,14.43,14.13,14.24,10.66,255200.0,,
"May 22, 2001",14.55,14.55,14.41,14.5,10.85,596600.0,,
"May 21, 2001",14.25,14.48,14.13,14.45,10.81,102400.0,,
"May 18, 2001",14.26,14.29,14.11,14.29,10.69,180400.0,,
"May 17, 2001",14.2,14.32,14.17,14.3,10.7,422200.0,,
"May 16, 2001",13.81,14.15,13.77,14.09,10.54,665200.0,,
"May 15, 2001",14.08,14.1,13.89,13.91,10.41,96400.0,,
"May 14, 2001",14.01,14.02,13.92,13.97,10.45,9000.0,,
"May 11, 2001",14.11,14.11,13.92,14.0,10.48,85400.0,,
"May 10, 2001",13.99,14.09,13.92,13.94,10.43,68600.0,,
"May 9, 2001",13.7,13.73,13.55,13.55,10.14,42400.0,,
"May 8, 2001",13.75,13.76,13.61,13.76,10.3,49000.0,,
"May 7, 2001",13.77,13.83,13.69,13.77,10.31,587400.0,,
"May 4, 2001",13.48,13.88,13.48,13.88,10.38,38400.0,,
"May 3, 2001",13.74,13.81,13.65,13.75,10.29,212200.0,,
"May 2, 2001",13.77,13.91,13.75,13.91,10.41,78000.0,,
"May 1, 2001",13.7,13.84,13.61,13.8,10.33,225000.0,,
"Apr 30, 2001",13.91,13.95,13.55,13.65,10.22,196400.0,,
"Apr 27, 2001",13.73,13.9,13.7,13.9,10.4,189200.0,,
"Apr 26, 2001",13.34,13.63,13.34,13.57,10.16,26800.0,,
"Apr 25, 2001",13.22,13.34,13.17,13.24,9.91,255200.0,,
"Apr 24, 2001",13.13,13.26,13.13,13.23,9.9,12800.0,,
"Apr 23, 2001",13.56,13.64,13.4,13.47,10.08,193000.0,,
"Apr 20, 2001",13.63,13.66,13.48,13.56,10.14,21600.0,,
"Apr 19, 2001",13.57,13.72,13.54,13.7,10.25,39400.0,,
"Apr 18, 2001",12.97,13.81,12.95,13.66,10.22,315400.0,,
"Apr 17, 2001",12.73,12.9,12.73,12.87,9.63,252600.0,,
"Apr 16, 2001",12.9,12.94,12.69,12.69,9.5,50200.0,,
"Apr 12, 2001",12.71,12.77,12.5,12.64,9.46,412400.0,,
"Apr 11, 2001",13.04,13.04,12.7,12.85,9.62,386600.0,,
"Apr 11, 2001",13.04,13.04,12.7,12.85,9.62,386600.0,,
"Apr 10, 2001",12.99,13.15,12.99,13.0,9.73,204400.0,,
"Apr 9, 2001",12.93,13.04,12.82,12.87,9.63,128000.0,,
"Apr 6, 2001",12.9,13.04,12.74,12.99,9.72,277000.0,,
"Apr 5, 2001",13.0,13.05,12.9,13.03,9.75,87400.0,,
"Apr 4, 2001",12.75,12.85,12.63,12.74,9.54,178400.0,,
"Apr 3, 2001",13.13,13.13,12.6,12.61,9.44,428200.0,,
"Apr 2, 2001",12.92,13.12,12.91,13.05,9.77,123000.0,,
"Mar 30, 2001",12.96,13.05,12.88,13.05,9.76,45000.0,,
"Mar 29, 2001",12.75,13.01,12.75,13.0,9.73,331200.0,,
"Mar 28, 2001",12.82,12.93,12.73,12.88,9.64,372400.0,,
"Mar 27, 2001",12.81,13.09,12.78,13.09,9.8,154400.0,,
"Mar 26, 2001",12.85,12.9,12.75,12.81,9.59,193200.0,,
"Mar 23, 2001",12.36,12.59,12.18,12.59,9.42,240200.0,,
"Mar 22, 2001",12.56,12.56,12.1,12.45,9.32,494400.0,,
"Mar 21, 2001",12.85,13.03,12.75,12.85,9.62,381600.0,,
"Mar 20, 2001",13.0,13.31,12.93,12.93,9.68,269200.0,,
"Mar 19, 2001",12.8,12.98,12.7,12.9,9.65,242400.0,,
"Mar 16, 2001",,,,,,,Dividend,0.0265
"Mar 16, 2001",12.96,12.96,12.69,12.75,9.54,134400.0,,
"Mar 15, 2001",12.94,13.05,12.82,13.04,9.74,84000.0,,
"Mar 14, 2001",12.82,13.0,12.77,12.9,9.63,362000.0,,
"Mar 13, 2001",13.17,13.19,12.9,13.18,9.84,484200.0,,
"Mar 12, 2001",13.5,13.59,13.2,13.24,9.89,529600.0,,
"Mar 9, 2001",13.68,13.78,13.65,13.75,10.27,119200.0,,
"Mar 8, 2001",13.68,13.9,13.68,13.89,10.37,542600.0,,
"Mar 7, 2001",13.47,13.67,13.47,13.67,10.21,152600.0,,
"Mar 6, 2001",13.35,13.4,13.22,13.34,9.96,229600.0,,
"Mar 5, 2001",13.07,13.25,13.01,13.01,9.72,8600.0,,
"Mar 2, 2001",12.83,13.18,12.82,13.15,9.82,487800.0,,
"Mar 1, 2001",13.26,13.26,12.93,13.05,9.75,255200.0,,
"Feb 28, 2001",13.58,13.58,13.2,13.27,9.91,159800.0,,
"Feb 27, 2001",13.55,13.67,13.41,13.55,10.12,187600.0,,
"Feb 26, 2001",13.45,13.62,13.35,13.62,10.17,181000.0,,
"Feb 23, 2001",13.06,13.23,12.85,13.22,9.87,189200.0,,
"Feb 22, 2001",13.16,13.24,12.92,13.0,9.71,71200.0,,
"Feb 21, 2001",13.69,13.69,13.18,13.2,9.86,263600.0,,
"Feb 20, 2001",13.85,14.0,13.73,13.8,10.31,149800.0,,
"Feb 16, 2001",13.65,13.86,13.62,13.62,10.17,18600.0,,
"Feb 15, 2001",13.87,13.89,13.73,13.8,10.3,29000.0,,
"Feb 14, 2001",13.99,13.99,13.79,13.8,10.31,187600.0,,
"Feb 13, 2001",13.82,14.02,13.72,13.94,10.41,57000.0,,
"Feb 12, 2001",13.41,13.75,13.41,13.75,10.27,6844000.0,,
"Feb 9, 2001",13.75,13.75,13.28,13.38,9.99,3275600.0,,
"Feb 8, 2001",13.82,13.82,13.49,13.55,10.12,423400.0,,
"Feb 7, 2001",14.01,14.04,13.88,13.96,10.43,192800.0,,
"Feb 6, 2001",13.99,14.12,13.93,13.93,10.4,38800.0,,
"Feb 5, 2001",14.08,14.08,13.88,13.91,10.39,44400.0,,
"Feb 2, 2001",14.27,14.31,13.96,13.99,10.45,277600.0,,
"Feb 1, 2001",14.25,14.27,14.09,14.27,10.65,87600.0,,
"Jan 31, 2001",13.98,14.31,13.98,14.28,10.67,235000.0,,
"Jan 30, 2001",13.8,13.9,13.63,13.84,10.34,1441200.0,,
"Jan 29, 2001",13.67,13.81,13.59,13.8,10.31,717400.0,,
"Jan 26, 2001",13.66,13.69,13.5,13.53,10.11,864000.0,,
"Jan 25, 2001",13.53,13.81,13.41,13.68,10.22,11587400.0,,
"Jan 24, 2001",13.44,13.48,13.34,13.47,10.06,785600.0,,
"Jan 23, 2001",13.34,13.45,13.25,13.45,10.05,114800.0,,
"Jan 22, 2001",13.16,13.34,13.06,13.3,9.93,181600.0,,
"Jan 19, 2001",13.02,13.05,12.81,12.81,9.57,446200.0,,
"Jan 18, 2001",13.55,13.56,13.34,13.34,9.97,14400.0,,
"Jan 17, 2001",13.73,13.75,13.45,13.55,10.12,341600.0,,
"Jan 16, 2001",13.41,13.75,13.41,13.73,10.26,39800.0,,
"Jan 12, 2001",13.28,13.5,13.28,13.42,10.02,143400.0,,
"Jan 11, 2001",13.3,13.5,13.11,13.43,10.03,87600.0,,
"Jan 10, 2001",13.11,13.31,12.97,13.31,9.94,261800.0,,
"Jan 9, 2001",13.45,13.45,13.22,13.23,9.88,193000.0,,
"Jan 8, 2001",13.39,13.47,13.19,13.34,9.96,55200.0,,
"Jan 5, 2001",13.84,13.84,13.38,13.52,10.09,182600.0,,
"Jan 4, 2001",13.7,14.16,13.7,13.98,10.44,519800.0,,
"Jan 3, 2001",12.66,13.78,12.66,13.78,10.29,2068800.0,,
"Jan 2, 2001",12.89,12.97,12.72,12.77,9.54,334200.0,,
"Dec 29, 2000",12.8,13.03,12.73,12.8,9.56,27800.0,,
"Dec 28, 2000",12.67,12.75,12.59,12.75,9.52,60400.0,,
"Dec 27, 2000",12.09,12.66,12.09,12.59,9.41,158800.0,,
"Dec 26, 2000",12.14,12.21,12.0,12.02,8.97,146800.0,,
"Dec 22, 2000",12.09,12.31,12.09,12.25,9.15,54400.0,,
"Dec 21, 2000",11.67,12.13,11.67,12.05,9.0,194200.0,,
"Dec 20, 2000",11.45,11.75,11.41,11.69,8.73,63000.0,,
"Dec 19, 2000",12.15,12.15,11.81,11.83,8.83,194400.0,,
"Dec 18, 2000",11.97,12.14,11.97,12.12,9.05,145600.0,,
"Dec 15, 2000",,,,,,,Dividend,0.0305
"Dec 15, 2000",11.95,12.02,11.78,11.86,8.86,17800.0,,
"Dec 14, 2000",12.2,12.28,12.09,12.21,9.1,230600.0,,
"Dec 13, 2000",12.48,12.53,12.25,12.25,9.13,107400.0,,
"Dec 12, 2000",12.33,12.58,12.25,12.5,9.31,31000.0,,
"Dec 11, 2000",12.5,12.5,12.33,12.48,9.3,27000.0,,
"Dec 8, 2000",12.69,12.75,12.59,12.63,9.41,13000.0,,
"Dec 7, 2000",12.73,12.73,12.48,12.5,9.31,34400.0,,
"Dec 6, 2000",12.88,12.88,12.63,12.67,9.44,53400.0,,
"Dec 5, 2000",12.41,12.86,12.41,12.75,9.5,361800.0,,
"Dec 4, 2000",12.23,12.45,12.2,12.45,9.28,8200.0,,
"Dec 1, 2000",12.08,12.19,11.92,12.0,8.94,103200.0,,
"Nov 30, 2000",12.09,12.09,11.75,11.98,8.93,87400.0,,
"Nov 29, 2000",12.11,12.22,12.09,12.22,9.1,57400.0,,
"Nov 28, 2000",12.0,12.11,11.86,12.05,8.98,74200.0,,
"Nov 27, 2000",12.0,12.13,11.97,12.09,9.01,5600.0,,
"Nov 24, 2000",11.53,11.67,11.53,11.67,8.7,1400.0,,
"Nov 22, 2000",11.64,11.73,11.53,11.59,8.64,129600.0,,
"Nov 21, 2000",11.85,11.85,11.72,11.72,8.73,179400.0,,
"Nov 20, 2000",11.99,12.0,11.8,11.81,8.8,129200.0,,
"Nov 20, 2000",11.99,12.0,11.8,11.81,8.8,129200.0,,
"Nov 17, 2000",12.03,12.14,11.95,12.11,9.02,8400.0,,
"Nov 16, 2000",12.2,12.2,12.06,12.12,9.03,20400.0,,
"Nov 15, 2000",12.0,12.25,12.0,12.25,9.13,29000.0,,
"Nov 14, 2000",12.09,12.14,12.05,12.13,9.04,121200.0,,
"Nov 13, 2000",11.44,11.78,11.41,11.78,8.78,44600.0,,
"Nov 10, 2000",11.58,11.64,11.46,11.46,8.54,61000.0,,
"Nov 9, 2000",12.09,12.14,11.83,12.02,8.95,29600.0,,
"Nov 8, 2000",12.55,12.66,12.5,12.5,9.31,46200.0,,
"Nov 7, 2000",12.39,12.47,12.33,12.36,9.21,33400.0,,
"Nov 6, 2000",12.28,12.52,12.28,12.48,9.3,4400.0,,
"Nov 3, 2000",12.52,12.52,12.16,12.32,9.18,27800.0,,
"Nov 2, 2000",12.3,12.5,12.22,12.5,9.31,15000.0,,
"Nov 1, 2000",12.38,12.47,12.28,12.39,9.23,322600.0,,
"Oct 31, 2000",12.03,12.32,12.0,12.29,9.16,300400.0,,
"Oct 30, 2000",11.42,11.92,11.42,11.77,8.77,97400.0,,
"Oct 27, 2000",11.25,11.5,11.25,11.48,8.55,11400.0,,
"Oct 26, 2000",11.41,11.42,11.27,11.37,8.47,6800.0,,
"Oct 25, 2000",11.63,11.63,11.41,11.41,8.5,283600.0,,
"Oct 24, 2000",11.58,11.75,11.58,11.58,8.63,33600.0,,
"Oct 23, 2000",11.53,11.59,11.5,11.57,8.62,8600.0,,
"Oct 20, 2000",11.48,11.58,11.39,11.5,8.57,4200.0,,
"Oct 19, 2000",11.27,11.73,11.27,11.71,8.72,59200.0,,
"Oct 18, 2000",10.91,11.27,10.91,11.25,8.38,8800.0,,
"Oct 17, 2000",11.52,11.52,11.04,11.04,8.22,12800.0,,
"Oct 16, 2000",11.28,11.43,11.28,11.35,8.46,8800.0,,
"Oct 13, 2000",10.97,11.19,10.88,11.16,8.31,175200.0,,
"Oct 12, 2000",11.12,11.12,10.78,10.93,8.14,91200.0,,
"Oct 11, 2000",12.0,12.0,11.67,11.75,8.75,236800.0,,
"Oct 10, 2000",12.16,12.16,12.03,12.09,9.01,9200.0,,
"Oct 9, 2000",12.08,12.19,12.08,12.09,9.0,8800.0,,
"Oct 6, 2000",12.28,12.28,12.01,12.01,8.95,24000.0,,
"Oct 5, 2000",12.55,12.55,12.4,12.4,9.24,10800.0,,
"Oct 4, 2000",12.34,12.73,12.34,12.56,9.36,4025200.0,,
"Oct 3, 2000",12.27,12.41,12.25,12.34,9.2,20800.0,,
"Oct 2, 2000",12.44,12.5,12.25,12.25,9.13,2016000.0,,
"Sep 29, 2000",12.56,12.63,12.45,12.45,9.27,20200.0,,
"Sep 28, 2000",12.45,12.7,12.44,12.66,9.43,8600.0,,
"Sep 27, 2000",12.42,12.48,12.38,12.46,9.28,6600.0,,
"Sep 26, 2000",12.63,12.63,12.23,12.34,9.2,15600.0,,
"Sep 25, 2000",12.8,12.8,12.61,12.63,9.41,6019400.0,,
"Sep 22, 2000",12.78,12.84,12.78,12.82,9.55,2800.0,,
"Sep 21, 2000",12.74,12.91,12.7,12.91,9.62,7600.0,,
"Sep 20, 2000",12.75,12.75,12.42,12.45,9.27,27600.0,,
"Sep 19, 2000",12.81,12.84,12.66,12.7,9.46,6108600.0,,
"Sep 18, 2000",13.01,13.06,12.91,12.91,9.62,32600.0,,
"Sep 15, 2000",,,,,,,Dividend,0.033
"Sep 15, 2000",13.23,13.23,13.1,13.18,9.82,87800.0,,
"Sep 14, 2000",13.38,13.42,13.27,13.33,9.91,34000.0,,
"Sep 13, 2000",13.48,13.48,13.35,13.41,9.96,175600.0,,
"Sep 12, 2000",13.38,13.5,13.26,13.41,9.96,2242200.0,,
"Sep 11, 2000",13.23,13.44,13.23,13.41,9.96,5248400.0,,
"Sep 8, 2000",13.0,13.24,13.0,13.16,9.78,11740200.0,,
"Sep 7, 2000",13.09,13.09,12.92,12.92,9.6,229600.0,,
"Sep 6, 2000",13.03,13.12,13.0,13.03,9.68,61000.0,,
"Sep 5, 2000",12.78,12.94,12.75,12.84,9.55,2447000.0,,
"Sep 1, 2000",12.41,12.71,12.41,12.71,9.45,325000.0,,
"Aug 31, 2000",12.56,12.56,12.36,12.46,9.26,30200.0,,
"Aug 30, 2000",12.75,12.75,12.64,12.64,9.39,9200.0,,
"Aug 29, 2000",12.91,12.91,12.75,12.79,9.5,17000.0,,
"Aug 28, 2000",12.98,13.04,12.84,12.84,9.55,52600.0,,
"Aug 25, 2000",13.03,13.05,12.94,13.05,9.7,2000.0,,
"Aug 24, 2000",13.03,13.03,12.91,12.94,9.61,8400.0,,
"Aug 23, 2000",13.01,13.08,12.94,12.94,9.61,64200.0,,
"Aug 22, 2000",12.89,13.16,12.89,13.02,9.67,28200.0,,
"Aug 21, 2000",13.02,13.02,12.75,12.77,9.49,22400.0,,
"Aug 18, 2000",12.96,13.09,12.95,13.08,9.72,6400.0,,
"Aug 17, 2000",12.95,12.95,12.8,12.91,9.59,53000.0,,
"Aug 16, 2000",12.89,12.97,12.81,12.9,9.59,20800.0,,
"Aug 15, 2000",13.5,13.5,13.16,13.16,9.78,7800.0,,
"Aug 14, 2000",13.5,13.61,13.5,13.55,10.07,800.0,,
"Aug 11, 2000",13.2,13.47,13.2,13.38,9.94,45000.0,,
"Aug 10, 2000",13.36,13.36,13.19,13.19,9.8,9000.0,,
"Aug 9, 2000",13.66,13.66,13.5,13.58,10.09,168200.0,,
"Aug 8, 2000",13.55,13.92,13.55,13.82,10.27,9000.0,,
"Aug 7, 2000",13.03,13.47,13.03,13.42,9.97,11200.0,,
"Aug 4, 2000",13.13,13.13,13.01,13.07,9.71,16800.0,,
"Aug 3, 2000",13.17,13.28,13.08,13.13,9.75,31400.0,,
"Aug 2, 2000",13.06,13.25,13.05,13.19,9.8,226600.0,,
"Aug 1, 2000",13.06,13.19,12.95,13.19,9.8,172000.0,,
"Jul 31, 2000",13.39,13.39,13.0,13.0,9.66,31400.0,,
"Jul 28, 2000",13.56,13.56,13.27,13.27,9.86,16600.0,,
"Jul 27, 2000",13.55,13.69,13.53,13.69,10.17,7000.0,,
"Jul 26, 2000",13.53,13.69,13.45,13.58,10.09,166800.0,,
"Jul 25, 2000",13.53,13.63,13.42,13.63,10.13,34800.0,,
"Jul 24, 2000",13.8,13.8,13.5,13.59,10.1,27800.0,,
"Jul 21, 2000",13.84,13.91,13.75,13.81,10.27,220000.0,,
"Jul 20, 2000",13.94,14.03,13.84,13.84,10.29,98600.0,,
"Jul 19, 2000",13.98,14.02,13.86,13.88,10.32,137200.0,,
"Jul 18, 2000",13.98,14.08,13.95,14.06,10.45,461400.0,,
"Jul 17, 2000",14.06,14.11,13.94,14.03,10.43,199000.0,,
"Jul 14, 2000",14.0,14.13,13.88,14.11,10.49,15000.0,,
"Jul 13, 2000",14.16,14.16,13.94,13.94,10.36,53200.0,,
"Jul 12, 2000",14.23,14.23,14.05,14.2,10.56,17200.0,,
"Jul 11, 2000",14.08,14.28,14.08,14.16,10.53,128200.0,,
"Jul 10, 2000",13.73,14.14,13.73,14.06,10.45,247800.0,,
"Jul 7, 2000",13.28,13.88,13.28,13.86,10.3,355000.0,,
"Jul 6, 2000",13.13,13.3,13.11,13.22,9.82,15400.0,,
"Jul 5, 2000",13.08,13.19,13.03,13.13,9.75,112000.0,,
"Jul 3, 2000",12.84,12.97,12.8,12.97,9.64,86600.0,,
"Jul 3, 2000",12.84,12.97,12.8,12.97,9.64,86600.0,,
"Jun 30, 2000",12.73,12.89,12.67,12.8,9.51,65400.0,,
"Jun 29, 2000",12.75,12.8,12.58,12.66,9.41,309800.0,,
"Jun 28, 2000",12.88,12.94,12.81,12.88,9.57,65800.0,,
"Jun 27, 2000",12.59,13.0,12.59,12.92,9.6,264600.0,,
"Jun 26, 2000",12.64,12.7,12.06,12.56,9.34,26400.0,,
"Jun 23, 2000",12.45,12.56,12.41,12.56,9.34,81800.0,,
"Jun 22, 2000",12.47,12.94,12.38,12.48,9.28,513800.0,,
"Jun 21, 2000",12.63,12.63,12.51,12.54,9.32,324600.0,,
"Jun 20, 2000",12.84,12.84,12.59,12.63,9.38,28200.0,,
"Jun 19, 2000",12.8,12.94,12.75,12.91,9.59,44600.0,,
"Jun 16, 2000",,,,,,,Dividend,0.025
"Jun 16, 2000",13.02,13.02,12.88,12.92,9.6,37200.0,,
"Jun 15, 2000",13.2,13.23,13.09,13.09,9.71,271600.0,,
"Jun 14, 2000",13.09,13.28,13.09,13.13,9.74,89200.0,,
"Jun 13, 2000",12.8,13.22,12.8,13.08,9.7,230800.0,,
"Jun 12, 2000",12.86,12.92,12.8,12.83,9.52,24800.0,,
"Jun 9, 2000",13.41,13.5,13.14,13.16,9.76,135400.0,,
"Jun 8, 2000",13.52,13.52,13.3,13.38,9.92,31600.0,,
"Jun 7, 2000",13.47,13.69,13.45,13.51,10.02,42200.0,,
"Jun 6, 2000",13.83,13.83,13.47,13.51,10.02,11200.0,,
"Jun 5, 2000",13.88,14.06,13.88,13.95,10.35,2400.0,,
"Jun 2, 2000",13.89,14.03,13.88,14.03,10.41,47400.0,,
"Jun 1, 2000",13.5,13.66,13.5,13.66,10.13,3000.0,,
"May 31, 2000",13.25,13.56,13.25,13.55,10.05,56000.0,,
"May 30, 2000",13.16,13.25,13.07,13.24,9.82,184000.0,,
"May 26, 2000",13.4,13.4,13.14,13.14,9.75,80600.0,,
"May 25, 2000",13.59,13.64,13.42,13.42,9.96,42000.0,,
"May 24, 2000",13.67,13.67,13.31,13.55,10.05,7800.0,,
"May 23, 2000",13.84,14.03,13.8,13.8,10.23,40000.0,,
"May 22, 2000",13.95,13.95,13.77,13.86,10.28,17000.0,,
"May 19, 2000",14.16,14.31,14.06,14.07,10.44,3800.0,,
"May 18, 2000",14.16,14.44,14.16,14.44,10.71,3200.0,,
"May 17, 2000",14.22,14.24,14.13,14.16,10.5,19000.0,,
"May 16, 2000",14.63,14.63,14.38,14.5,10.76,15400.0,,
"May 15, 2000",14.22,14.48,14.16,14.39,10.67,53400.0,,
"May 12, 2000",14.3,14.34,14.22,14.34,10.64,6000.0,,
"May 11, 2000",14.22,14.25,14.14,14.14,10.49,36200.0,,
"May 10, 2000",13.95,14.05,13.89,14.02,10.4,126000.0,,
"May 9, 2000",14.09,14.19,14.02,14.02,10.4,35800.0,,
"May 8, 2000",13.78,13.92,13.69,13.88,10.29,109200.0,,
"May 5, 2000",13.77,13.94,13.77,13.91,10.32,30200.0,,
"May 4, 2000",13.91,13.91,13.67,13.74,10.19,45600.0,,
"May 3, 2000",14.08,14.2,13.89,13.97,10.36,334600.0,,
"May 2, 2000",14.55,14.72,14.55,14.66,10.88,130600.0,,
"May 1, 2000",14.39,14.77,14.39,14.77,10.95,13400.0,,
"Apr 28, 2000",14.59,14.69,14.33,14.33,10.63,8600.0,,
"Apr 27, 2000",14.66,14.7,14.53,14.7,10.91,6600.0,,
"Apr 26, 2000",14.97,15.08,14.97,15.02,11.14,23800.0,,
"Apr 25, 2000",14.86,15.06,14.86,15.03,11.15,51200.0,,
"Apr 24, 2000",14.61,15.03,14.61,14.77,10.95,24600.0,,
"Apr 20, 2000",14.41,14.61,14.41,14.61,10.84,28600.0,,
"Apr 19, 2000",14.2,14.48,14.2,14.42,10.7,16800.0,,
"Apr 18, 2000",13.94,14.36,13.86,14.31,10.62,104200.0,,
"Apr 17, 2000",14.19,14.19,13.69,14.02,10.4,281200.0,,
"Apr 14, 2000",14.69,14.72,14.0,14.0,10.38,235200.0,,
"Apr 13, 2000",15.47,15.47,15.19,15.2,11.28,74800.0,,
"Apr 12, 2000",15.65,15.97,15.49,15.49,11.49,214000.0,,
"Apr 11, 2000",15.26,15.54,15.26,15.52,11.51,92200.0,,
"Apr 10, 2000",15.17,15.43,15.13,15.41,11.43,31600.0,,
"Apr 7, 2000",15.16,15.25,15.06,15.06,11.17,111400.0,,
"Apr 6, 2000",14.83,15.16,14.83,15.06,11.17,27200.0,,
"Apr 5, 2000",14.8,14.97,14.75,14.91,11.06,24000.0,,
"Apr 4, 2000",15.32,15.38,14.3,14.88,11.04,142000.0,,
"Apr 3, 2000",14.83,15.15,14.83,15.07,11.18,82000.0,,
"Mar 31, 2000",14.66,14.85,14.59,14.63,10.85,749200.0,,
"Mar 30, 2000",14.77,14.95,14.69,14.79,10.97,45000.0,,
"Mar 29, 2000",14.31,14.52,14.31,14.47,10.73,24600.0,,
"Mar 28, 2000",14.06,14.34,14.06,14.19,10.52,41600.0,,
"Mar 27, 2000",14.18,14.28,14.11,14.14,10.49,28000.0,,
"Mar 24, 2000",14.25,14.42,14.18,14.18,10.52,39200.0,,
"Mar 23, 2000",13.89,14.2,13.89,14.13,10.48,18000.0,,
"Mar 22, 2000",14.03,14.16,13.88,14.09,10.45,266600.0,,
"Mar 21, 2000",13.97,14.19,13.88,14.16,10.5,314400.0,,
"Mar 20, 2000",14.14,14.14,13.84,14.0,10.38,162200.0,,
"Mar 17, 2000",,,,,,,Dividend,0.0275
"Mar 17, 2000",14.13,14.25,14.03,14.13,10.48,48600.0,,
"Mar 16, 2000",13.42,14.16,13.36,14.13,10.46,302800.0,,
"Mar 15, 2000",12.41,13.25,12.28,13.16,9.74,1443600.0,,
"Mar 14, 2000",12.41,12.52,12.3,12.41,9.18,458600.0,,
"Mar 13, 2000",12.12,12.47,12.12,12.38,9.17,885800.0,,
"Mar 10, 2000",12.55,12.65,12.44,12.48,9.24,880600.0,,
"Mar 9, 2000",12.26,12.67,12.14,12.66,9.37,612800.0,,
"Mar 8, 2000",12.05,12.45,12.02,12.41,9.18,344400.0,,
"Mar 7, 2000",12.56,12.56,12.16,12.26,9.07,12600.0,,
"Mar 6, 2000",12.79,12.81,12.5,12.61,9.33,1200400.0,,
"Mar 3, 2000",12.88,13.0,12.82,12.91,9.56,416000.0,,
"Mar 2, 2000",12.83,12.84,12.66,12.68,9.39,417200.0,,
"Mar 1, 2000",12.85,12.85,12.59,12.7,9.4,691400.0,,
"Feb 29, 2000",12.72,12.92,12.72,12.84,9.51,35200.0,,
"Feb 28, 2000",12.34,12.61,12.26,12.58,9.31,519400.0,,
"Feb 25, 2000",12.09,12.33,12.09,12.14,8.99,62600.0,,
"Feb 24, 2000",12.39,12.39,11.95,12.09,8.95,217800.0,,
"Feb 23, 2000",12.66,12.66,12.42,12.49,9.25,686000.0,,
"Feb 22, 2000",12.67,12.69,12.39,12.53,9.28,141400.0,,
"Feb 18, 2000",12.62,12.66,12.41,12.5,9.25,15000.0,,
"Feb 17, 2000",13.16,13.16,12.63,12.69,9.39,134000.0,,
"Feb 16, 2000",13.5,13.5,13.06,13.06,9.67,36000.0,,
"Feb 15, 2000",13.58,13.59,13.38,13.59,10.06,15800.0,,
"Feb 14, 2000",13.48,13.66,13.48,13.56,10.04,5600.0,,
"Feb 14, 2000",13.48,13.66,13.48,13.56,10.04,5600.0,,
"Feb 11, 2000",13.77,13.77,13.38,13.49,9.99,66000.0,,
"Feb 10, 2000",13.84,13.84,13.64,13.69,10.13,20200.0,,
"Feb 9, 2000",14.09,14.09,13.79,13.81,10.23,57200.0,,
"Feb 8, 2000",13.84,14.13,13.84,14.05,10.4,411400.0,,
"Feb 7, 2000",13.94,13.94,13.73,13.73,10.17,41600.0,,
"Feb 4, 2000",14.18,14.18,14.0,14.03,10.39,46200.0,,
"Feb 3, 2000",14.14,14.14,14.02,14.05,10.4,52400.0,,
"Feb 2, 2000",14.13,14.14,14.0,14.0,10.36,10600.0,,
"Feb 1, 2000",13.72,14.09,13.72,14.09,10.43,259800.0,,
"Jan 31, 2000",13.44,13.6,13.44,13.6,10.07,21600.0,,
"Jan 28, 2000",13.83,13.88,13.45,13.5,9.99,24800.0,,
"Jan 27, 2000",14.2,14.2,13.83,14.05,10.4,238200.0,,
"Jan 26, 2000",13.86,14.1,13.86,14.09,10.43,76200.0,,
"Jan 25, 2000",13.95,14.03,13.81,13.99,10.36,126000.0,,
"Jan 24, 2000",14.55,14.56,13.91,13.91,10.3,10200.0,,
"Jan 21, 2000",14.77,14.77,14.45,14.45,10.69,340400.0,,
"Jan 20, 2000",15.03,15.03,14.67,14.75,10.92,322800.0,,
"Jan 19, 2000",14.98,15.13,14.95,14.95,11.07,227600.0,,
"Jan 18, 2000",15.0,15.06,14.83,14.98,11.09,107600.0,,
"Jan 14, 2000",15.13,15.16,15.07,15.07,11.16,205200.0,,
"Jan 13, 2000",15.11,15.16,14.98,15.11,11.19,141200.0,,
"Jan 12, 2000",15.16,15.16,14.97,15.03,11.13,106200.0,,
"Jan 11, 2000",15.25,15.31,15.05,15.12,11.19,59200.0,,
"Jan 10, 2000",15.27,15.3,15.08,15.2,11.26,83800.0,,
"Jan 7, 2000",14.75,15.28,14.75,15.28,11.31,140000.0,,
"Jan 6, 2000",14.52,14.7,14.5,14.59,10.8,271600.0,,
"Jan 5, 2000",14.67,14.67,14.36,14.43,10.68,249200.0,,
"Jan 4, 2000",14.84,14.91,14.52,14.61,10.82,354400.0,,
"Jan 3, 2000",15.5,15.5,14.93,15.06,11.15,425800.0,,
"Dec 31, 1999",15.48,15.55,15.41,15.53,11.5,38200.0,,
"Dec 30, 1999",15.27,15.48,15.27,15.36,11.37,4000.0,,
"Dec 29, 1999",15.3,15.41,15.3,15.41,11.41,2800.0,,
"Dec 28, 1999",15.11,15.42,15.11,15.34,11.36,21200.0,,
"Dec 27, 1999",15.27,15.28,15.16,15.19,11.24,2777600.0,,
"Dec 23, 1999",14.8,15.09,14.8,15.04,11.13,355200.0,,
"Dec 22, 1999",14.73,14.76,14.64,14.75,10.92,1107000.0,,
"Dec 21, 1999",14.66,14.75,14.64,14.72,10.9,1297000.0,,
"Dec 20, 1999",15.02,15.07,14.62,14.66,10.85,1760000.0,,
"Dec 17, 1999",,,,,,,Dividend,0.019
"Dec 17, 1999",15.17,15.2,15.05,15.09,11.17,1715600.0,,
"Dec 16, 1999",14.97,15.19,14.93,15.19,11.23,17800.0,,
"Dec 15, 1999",14.69,14.87,14.69,14.86,10.99,1600.0,,
"Dec 14, 1999",14.95,15.0,14.78,14.79,10.93,41800.0,,
"Dec 13, 1999",14.69,14.98,14.69,14.98,11.08,8800.0,,
"Dec 10, 1999",14.47,14.55,14.45,14.55,10.76,32200.0,,
"Dec 9, 1999",14.62,14.62,14.11,14.16,10.47,36400.0,,
"Dec 8, 1999",14.22,14.34,14.13,14.18,10.48,22000.0,,
"Dec 7, 1999",14.39,14.45,14.26,14.26,10.54,12800.0,,
"Dec 6, 1999",14.48,14.61,14.38,14.5,10.72,23800.0,,
"Dec 3, 1999",14.45,14.59,14.44,14.48,10.7,17600.0,,
"Dec 2, 1999",14.31,14.31,14.2,14.31,10.58,314200.0,,
"Dec 1, 1999",14.38,14.43,14.34,14.38,10.63,17600.0,,
"Nov 30, 1999",14.43,14.48,14.2,14.2,10.5,13800.0,,
"Nov 29, 1999",14.23,14.44,14.23,14.41,10.65,17800.0,,
"Nov 26, 1999",14.11,14.28,14.11,14.28,10.56,13400.0,,
"Nov 24, 1999",14.0,14.14,13.98,14.11,10.43,8400.0,,
"Nov 23, 1999",14.05,14.06,13.95,14.03,10.37,20200.0,,
"Nov 22, 1999",14.06,14.11,14.05,14.09,10.42,4200.0,,
"Nov 19, 1999",14.34,14.36,14.23,14.25,10.54,29400.0,,
"Nov 18, 1999",14.41,14.41,14.3,14.38,10.63,4400.0,,
"Nov 17, 1999",14.48,14.55,14.31,14.32,10.59,27000.0,,
"Nov 16, 1999",14.44,14.56,14.34,14.45,10.68,10200.0,,
"Nov 15, 1999",14.23,14.52,14.23,14.38,10.63,12400.0,,
"Nov 12, 1999",14.28,14.36,14.11,14.36,10.62,15800.0,,
"Nov 11, 1999",14.03,14.11,14.02,14.03,10.37,11400.0,,
"Nov 10, 1999",14.04,14.1,14.0,14.0,10.35,15000.0,,
"Nov 9, 1999",14.03,14.03,13.89,13.95,10.31,23800.0,,
"Nov 8, 1999",14.11,14.19,14.09,14.09,10.42,5000.0,,
"Nov 5, 1999",14.18,14.25,14.1,14.14,10.46,14000.0,,
"Nov 4, 1999",13.97,14.06,13.97,14.05,10.39,37200.0,,
"Nov 3, 1999",14.03,14.05,13.88,13.88,10.26,6200.0,,
"Nov 2, 1999",14.02,14.27,13.99,13.99,10.35,6600.0,,
"Nov 1, 1999",14.25,14.31,14.09,14.09,10.42,25400.0,,
"Oct 29, 1999",14.31,14.53,14.2,14.2,10.5,24600.0,,
"Oct 28, 1999",13.56,13.88,13.56,13.81,10.21,22400.0,,
"Oct 27, 1999",13.25,13.31,13.11,13.31,9.84,30400.0,,
"Oct 26, 1999",13.66,13.66,13.15,13.27,9.81,38200.0,,
"Oct 25, 1999",13.58,13.73,13.58,13.61,10.06,5000.0,,
"Oct 22, 1999",13.66,13.9,13.64,13.85,10.24,9200.0,,
"Oct 21, 1999",13.39,13.5,13.37,13.5,9.98,3000.0,,
"Oct 20, 1999",13.37,13.62,13.35,13.62,10.07,95200.0,,
"Oct 19, 1999",13.42,13.58,13.34,13.38,9.9,10400.0,,
"Oct 18, 1999",13.15,13.25,12.95,13.25,9.8,17400.0,,
"Oct 15, 1999",13.25,13.33,13.16,13.16,9.73,11000.0,,
"Oct 14, 1999",13.38,13.55,13.31,13.51,9.99,14800.0,,
"Oct 13, 1999",13.81,13.88,13.7,13.7,10.13,10400.0,,
"Oct 12, 1999",14.0,14.0,13.87,13.87,10.25,29600.0,,
"Oct 11, 1999",13.63,14.2,13.63,14.16,10.47,213400.0,,
"Oct 8, 1999",13.95,14.05,13.89,14.05,10.39,156800.0,,
"Oct 7, 1999",13.75,13.8,13.66,13.66,10.1,7800.0,,
"Oct 6, 1999",13.59,13.8,13.48,13.7,10.13,17200.0,,
"Oct 5, 1999",13.67,13.8,13.43,13.55,10.02,15800.0,,
"Oct 4, 1999",13.28,13.54,13.28,13.53,10.0,12200.0,,
"Oct 1, 1999",13.11,13.17,13.02,13.11,9.69,3200.0,,
"Sep 30, 1999",12.89,13.16,12.89,13.04,9.64,151800.0,,
"Sep 29, 1999",12.87,12.91,12.85,12.85,9.5,3400.0,,
"Sep 28, 1999",12.9,12.95,12.67,12.95,9.57,17000.0,,
"Sep 27, 1999",12.98,13.01,12.92,12.98,9.6,8200.0,,
"Sep 24, 1999",12.8,12.91,12.77,12.77,9.44,13800.0,,
"Sep 24, 1999",12.8,12.91,12.77,12.77,9.44,13800.0,,
"Sep 23, 1999",13.01,13.04,12.91,13.03,9.64,12000.0,,
"Sep 22, 1999",12.9,12.97,12.88,12.97,9.59,26600.0,,
"Sep 21, 1999",12.95,12.95,12.83,12.83,9.49,13800.0,,
"Sep 20, 1999",13.1,13.15,13.06,13.13,9.7,19600.0,,
"Sep 17, 1999",,,,,,,Dividend,0.0185
"Sep 17, 1999",13.03,13.17,13.03,13.14,9.72,4000.0,,
"Sep 16, 1999",13.04,13.04,12.84,12.98,9.58,22800.0,,
"Sep 15, 1999",13.42,13.47,13.26,13.26,9.79,5600.0,,
"Sep 14, 1999",13.34,13.43,13.34,13.38,9.88,3200.0,,
"Sep 13, 1999",13.42,13.45,13.38,13.45,9.93,2400.0,,
"Sep 10, 1999",13.45,13.52,13.4,13.48,9.96,37400.0,,
"Sep 9, 1999",13.31,13.31,13.19,13.23,9.77,11200.0,,
"Sep 8, 1999",13.12,13.27,13.12,13.19,9.74,13000.0,,
"Sep 7, 1999",13.31,13.41,13.24,13.26,9.79,65400.0,,
"Sep 3, 1999",13.42,13.47,13.33,13.47,9.94,10000.0,,
"Sep 2, 1999",13.0,13.13,13.0,13.11,9.68,44400.0,,
"Sep 1, 1999",13.32,13.34,13.27,13.27,9.79,2200.0,,
"Aug 31, 1999",13.22,13.25,13.05,13.25,9.78,8600.0,,
"Aug 30, 1999",13.59,13.6,13.41,13.41,9.9,12400.0,,
"Aug 27, 1999",13.77,13.77,13.59,13.7,10.12,7600.0,,
"Aug 26, 1999",14.0,14.0,13.73,13.76,10.16,40200.0,,
"Aug 25, 1999",13.81,14.03,13.75,14.03,10.36,6000.0,,
"Aug 24, 1999",13.94,13.98,13.8,13.89,10.26,17200.0,,
"Aug 23, 1999",13.87,13.92,13.84,13.91,10.27,18200.0,,
"Aug 20, 1999",13.67,13.69,13.63,13.69,10.11,4400.0,,
"Aug 19, 1999",13.58,13.58,13.43,13.54,10.0,10800.0,,
"Aug 18, 1999",13.69,13.8,13.66,13.66,10.08,7800.0,,
"Aug 17, 1999",13.84,13.84,13.63,13.7,10.12,48200.0,,
"Aug 16, 1999",13.53,13.73,13.48,13.73,10.14,23800.0,,
"Aug 13, 1999",13.44,13.55,13.44,13.55,10.0,16400.0,,
"Aug 12, 1999",13.28,13.39,13.28,13.28,9.81,10400.0,,
"Aug 11, 1999",13.06,13.14,13.05,13.13,9.69,6000.0,,
"Aug 10, 1999",12.77,12.88,12.58,12.84,9.48,13600.0,,
"Aug 9, 1999",13.06,13.06,12.78,12.84,9.48,3400.0,,
"Aug 6, 1999",13.03,13.13,12.92,13.02,9.61,26000.0,,
"Aug 5, 1999",13.14,13.14,12.91,13.12,9.68,98800.0,,
"Aug 4, 1999",13.55,13.55,13.23,13.23,9.77,7600.0,,
"Aug 3, 1999",13.78,13.78,13.5,13.51,9.97,21400.0,,
"Aug 2, 1999",13.83,13.92,13.68,13.68,10.1,315600.0,,
"Jul 30, 1999",13.92,13.92,13.72,13.78,10.18,30400.0,,
"Jul 29, 1999",14.16,14.16,13.84,14.05,10.37,14200.0,,
"Jul 28, 1999",14.22,14.33,14.16,14.27,10.53,4800.0,,
"Jul 27, 1999",14.38,14.38,14.2,14.31,10.57,52000.0,,
"Jul 26, 1999",14.08,14.33,14.08,14.23,10.51,60400.0,,
"Jul 23, 1999",14.27,14.27,14.16,14.16,10.45,3000.0,,
"Jul 22, 1999",14.44,14.5,14.22,14.27,10.53,21400.0,,
"Jul 21, 1999",14.69,14.7,14.45,14.45,10.67,17600.0,,
"Jul 20, 1999",14.88,14.91,14.59,14.59,10.78,45400.0,,
"Jul 19, 1999",15.03,15.03,14.91,14.98,11.06,12200.0,,
"Jul 16, 1999",14.97,15.02,14.91,15.02,11.09,5600.0,,
"Jul 15, 1999",14.92,14.98,14.86,14.93,11.02,216800.0,,
"Jul 14, 1999",14.75,14.81,14.7,14.73,10.88,41800.0,,
"Jul 13, 1999",14.8,14.81,14.67,14.7,10.86,62400.0,,
"Jul 12, 1999",14.92,14.92,14.8,14.81,10.94,9200.0,,
"Jul 9, 1999",14.92,15.0,14.91,14.91,11.01,33600.0,,
"Jul 8, 1999",14.86,15.06,14.86,14.91,11.01,8400.0,,
"Jul 7, 1999",15.11,15.13,15.03,15.03,11.1,40000.0,,
"Jul 6, 1999",15.09,15.29,15.08,15.17,11.2,34000.0,,
"Jul 2, 1999",14.91,15.13,14.91,15.05,11.11,21800.0,,
"Jul 1, 1999",14.78,14.97,14.78,14.97,11.05,5800.0,,
"Jun 30, 1999",14.48,14.89,14.48,14.89,10.99,22600.0,,
"Jun 29, 1999",14.43,14.61,14.43,14.61,10.79,16400.0,,
"Jun 28, 1999",14.14,14.41,14.14,14.37,10.61,4600.0,,
"Jun 25, 1999",14.19,14.19,14.08,14.09,10.41,2400.0,,
"Jun 24, 1999",14.13,14.14,13.94,14.14,10.44,11800.0,,
"Jun 23, 1999",14.28,14.28,14.08,14.17,10.46,10400.0,,
"Jun 22, 1999",14.41,14.44,14.33,14.38,10.61,5600.0,,
"Jun 21, 1999",14.3,14.47,14.3,14.47,10.68,9400.0,,
"Jun 18, 1999",,,,,,,Dividend,0.019
"Jun 18, 1999",14.09,14.23,14.08,14.22,10.5,10200.0,,
"Jun 17, 1999",14.17,14.2,14.13,14.13,10.42,6400.0,,
"Jun 16, 1999",14.09,14.23,14.08,14.2,10.47,39600.0,,
"Jun 15, 1999",13.94,13.94,13.81,13.83,10.2,9800.0,,
"Jun 14, 1999",14.03,14.06,13.92,13.92,10.27,2600.0,,
"Jun 11, 1999",14.05,14.13,13.88,13.91,10.25,5200.0,,
"Jun 10, 1999",14.11,14.11,13.95,13.98,10.31,15600.0,,
"Jun 9, 1999",14.27,14.3,14.18,14.18,10.46,9800.0,,
"Jun 8, 1999",14.48,14.5,14.32,14.32,10.56,8400.0,,
"Jun 7, 1999",14.44,14.56,14.44,14.54,10.72,5800.0,,
"Jun 4, 1999",14.58,14.58,14.44,14.5,10.69,9800.0,,
"Jun 3, 1999",14.42,14.44,14.33,14.39,10.61,8400.0,,
"Jun 2, 1999",14.25,14.27,14.06,14.06,10.37,12800.0,,
"Jun 1, 1999",14.03,14.09,13.88,14.09,10.39,59200.0,,
"May 28, 1999",13.92,14.09,13.92,14.01,10.33,2200.0,,
"May 27, 1999",14.0,14.02,13.81,13.81,10.18,23800.0,,
"May 26, 1999",14.08,14.09,13.91,14.09,10.39,10200.0,,
"May 25, 1999",14.28,14.3,13.94,13.94,10.28,14000.0,,
"May 24, 1999",14.36,14.44,14.08,14.08,10.38,7200.0,,
"May 21, 1999",14.47,14.47,14.38,14.39,10.61,10200.0,,
"May 20, 1999",14.56,14.59,14.48,14.48,10.68,15000.0,,
"May 19, 1999",14.67,14.67,14.36,14.36,10.59,1400.0,,
"May 18, 1999",14.55,14.77,14.53,14.53,10.71,10200.0,,
"May 17, 1999",14.5,14.58,14.28,14.44,10.65,20800.0,,
"May 14, 1999",14.69,14.81,14.67,14.73,10.86,20400.0,,
"May 13, 1999",15.2,15.2,14.94,15.03,11.08,27200.0,,
"May 12, 1999",15.03,15.11,14.84,15.11,11.14,25000.0,,
"May 11, 1999",14.86,15.11,14.86,15.02,11.07,62200.0,,
"May 10, 1999",14.78,14.95,14.63,14.72,10.85,38400.0,,
"May 7, 1999",14.58,14.73,14.56,14.73,10.86,51200.0,,
"May 7, 1999",14.58,14.73,14.56,14.73,10.86,51200.0,,
"May 6, 1999",14.59,14.66,14.41,14.41,10.62,24000.0,,
"May 5, 1999",14.89,14.89,14.5,14.73,10.86,99400.0,,
"May 4, 1999",15.2,15.22,14.77,14.86,10.96,382800.0,,
"May 3, 1999",14.7,15.05,14.7,15.03,11.08,181200.0,,
"Apr 30, 1999",14.86,14.89,14.23,14.67,10.82,74600.0,,
"Apr 29, 1999",14.94,15.05,14.66,14.72,10.85,35800.0,,
"Apr 28, 1999",15.2,15.3,15.06,15.06,11.11,12000.0,,
"Apr 27, 1999",15.17,15.19,15.06,15.12,11.15,8200.0,,
"Apr 26, 1999",15.23,15.25,15.08,15.08,11.12,188800.0,,
"Apr 23, 1999",15.06,15.2,15.06,15.17,11.19,4000.0,,
"Apr 22, 1999",15.05,15.16,14.94,15.01,11.07,71400.0,,
"Apr 21, 1999",14.81,14.97,14.73,14.97,11.04,90200.0,,
"Apr 20, 1999",14.63,14.78,14.58,14.72,10.85,31200.0,,
"Apr 19, 1999",15.09,15.28,14.48,14.53,10.71,74800.0,,
"Apr 16, 1999",14.81,14.88,14.7,14.86,10.96,23200.0,,
"Apr 15, 1999",14.94,14.97,14.59,14.81,10.92,71600.0,,
"Apr 14, 1999",15.19,15.22,14.84,14.84,10.94,99400.0,,
"Apr 13, 1999",15.31,15.33,15.11,15.19,11.2,65400.0,,
"Apr 12, 1999",14.91,15.33,14.91,15.27,11.26,42200.0,,
"Apr 9, 1999",14.94,15.16,14.94,15.14,11.16,145800.0,,
"Apr 8, 1999",14.72,15.0,14.72,15.0,11.06,41600.0,,
"Apr 7, 1999",14.66,14.7,14.63,14.67,10.82,27200.0,,
"Apr 6, 1999",14.52,14.64,14.47,14.55,10.73,21800.0,,
"Apr 5, 1999",14.38,14.52,14.33,14.47,10.67,19200.0,,
"Apr 1, 1999",14.38,14.38,14.2,14.28,10.53,8200.0,,
"Mar 31, 1999",14.59,14.61,14.3,14.3,10.54,48800.0,,
"Mar 30, 1999",14.44,14.55,14.39,14.52,10.7,72600.0,,
"Mar 29, 1999",14.4,14.5,14.37,14.5,10.69,10200.0,,
"Mar 26, 1999",14.22,14.28,14.09,14.16,10.44,12600.0,,
"Mar 25, 1999",14.05,14.25,13.97,14.25,10.51,20400.0,,
"Mar 24, 1999",14.0,14.0,13.8,13.83,10.2,25800.0,,
"Mar 23, 1999",14.27,14.27,13.91,13.94,10.28,19600.0,,
"Mar 22, 1999",14.5,14.5,14.31,14.38,10.6,37200.0,,
"Mar 19, 1999",,,,,,,Dividend,0.016
"Mar 19, 1999",14.73,14.73,14.53,14.53,10.71,26200.0,,
"Mar 18, 1999",14.41,14.75,14.41,14.75,10.86,14000.0,,
"Mar 17, 1999",14.55,14.55,14.36,14.5,10.68,13400.0,,
"Mar 16, 1999",14.73,14.73,14.5,14.56,10.73,12400.0,,
"Mar 15, 1999",14.59,14.65,14.5,14.64,10.78,14200.0,,
"Mar 12, 1999",14.7,14.78,14.25,14.61,10.76,27400.0,,
"Mar 11, 1999",14.5,14.63,14.46,14.55,10.71,26200.0,,
"Mar 10, 1999",14.44,14.46,14.36,14.39,10.6,11200.0,,
"Mar 9, 1999",14.36,14.52,14.32,14.43,10.63,24200.0,,
"Mar 8, 1999",14.44,14.44,14.2,14.39,10.6,24600.0,,
"Mar 5, 1999",14.22,14.42,14.22,14.33,10.55,49600.0,,
"Mar 4, 1999",13.92,13.95,13.78,13.91,10.24,10800.0,,
"Mar 3, 1999",13.7,13.73,13.62,13.62,10.03,2000.0,,
"Mar 2, 1999",13.69,13.85,13.69,13.69,10.08,36200.0,,
"Mar 1, 1999",13.61,13.66,13.53,13.66,10.06,17200.0,,
"Feb 26, 1999",13.52,13.7,13.52,13.65,10.05,17000.0,,
"Feb 25, 1999",13.66,13.67,13.33,13.53,9.97,38200.0,,
"Feb 24, 1999",13.95,14.05,13.69,13.69,10.08,18000.0,,
"Feb 23, 1999",13.94,13.95,13.75,13.86,10.21,13600.0,,
"Feb 22, 1999",13.63,13.93,13.63,13.93,10.26,28000.0,,
"Feb 19, 1999",13.53,13.59,13.49,13.59,10.01,1800.0,,
"Feb 18, 1999",13.5,13.52,13.38,13.52,9.95,7000.0,,
"Feb 17, 1999",13.58,13.77,13.5,13.5,9.94,29400.0,,
"Feb 16, 1999",13.49,13.63,13.48,13.55,9.98,18600.0,,
"Feb 12, 1999",13.44,13.45,13.29,13.38,9.85,11600.0,,
"Feb 11, 1999",13.27,13.63,13.23,13.62,10.03,24400.0,,
"Feb 10, 1999",13.17,13.27,13.11,13.19,9.71,18400.0,,
"Feb 9, 1999",13.44,13.45,13.19,13.19,9.71,18800.0,,
"Feb 8, 1999",13.51,13.61,13.34,13.61,10.02,16400.0,,
"Feb 5, 1999",13.59,13.68,13.39,13.39,9.86,11600.0,,
"Feb 4, 1999",13.9,13.91,13.72,13.73,10.12,39000.0,,
"Feb 3, 1999",13.56,13.83,13.55,13.81,10.17,46200.0,,
"Feb 2, 1999",13.66,13.66,13.47,13.59,10.01,41800.0,,
"Jan 29, 1999",13.69,13.78,13.59,13.73,10.12,13600.0,,
"Jan 28, 1999",13.53,13.64,13.53,13.64,10.05,8600.0,,
"Jan 27, 1999",13.53,13.56,13.5,13.5,9.94,3800.0,,
"Jan 26, 1999",13.28,13.52,13.24,13.52,9.95,7400.0,,
"Jan 25, 1999",13.17,13.23,13.11,13.2,9.72,16200.0,,
"Jan 22, 1999",12.97,13.27,12.94,13.23,9.75,24600.0,,
"Jan 21, 1999",13.27,13.28,13.14,13.17,9.7,63000.0,,
"Jan 20, 1999",13.27,13.42,13.21,13.3,9.79,7000.0,,
"Jan 19, 1999",13.23,13.29,13.08,13.08,9.63,8200.0,,
"Jan 15, 1999",13.09,13.1,13.02,13.09,9.64,69600.0,,
"Jan 14, 1999",13.09,13.16,12.86,12.92,9.52,73200.0,,
"Jan 13, 1999",12.84,13.22,12.84,13.22,9.74,6800.0,,
"Jan 12, 1999",13.3,13.34,13.14,13.16,9.69,6600.0,,
"Jan 11, 1999",13.63,13.64,13.4,13.51,9.95,126200.0,,
"Jan 8, 1999",13.64,13.7,13.55,13.58,10.0,37200.0,,
"Jan 7, 1999",13.52,13.66,13.5,13.56,9.99,27400.0,,
"Jan 6, 1999",13.36,13.58,13.36,13.58,10.0,16200.0,,
"Jan 5, 1999",13.06,13.2,13.06,13.2,9.72,2600.0,,
"Jan 4, 1999",13.08,13.27,12.95,12.98,9.56,10400.0,,
"Dec 31, 1998",13.08,13.13,13.06,13.06,9.62,64800.0,,
"Dec 30, 1998",13.18,13.2,13.08,13.08,9.63,63400.0,,
"Dec 29, 1998",12.95,13.19,12.95,13.19,9.71,2200.0,,
"Dec 28, 1998",12.96,12.97,12.91,12.91,9.51,17200.0,,
"Dec 24, 1998",12.97,13.02,12.91,13.02,9.59,3200.0,,
"Dec 23, 1998",12.75,12.88,12.73,12.79,9.42,24000.0,,
"Dec 22, 1998",12.66,12.73,12.66,12.73,9.38,7400.0,,
